layer,source,target,weight,lag,directed,rub
comovement,ГО Агидель,МР Баймакский,0.2795,0,False,
comovement,ГО Агидель,МР Балтачевский,0.4958,0,False,
comovement,ГО Агидель,МР Бижбулякский,0.3775,0,False,
comovement,ГО Агидель,МР Благоварский,0.264,0,False,
comovement,ГО Агидель,МР Кугарчинский,0.4298,0,False,
comovement,ГО Агидель,МР Нуримановский,0.478,0,False,
comovement,ГО Агидель,МР Татышлинский,0.4834,0,False,
comovement,ГО Агидель,МР Хайбуллинский,0.2361,0,False,
comovement,ГО Агидель,МР Шаранский,0.2265,0,False,
comovement,ГО Кумертау,ГО Нефтекамск,0.8859,0,False,
comovement,ГО Кумертау,ГО Октябрьский,0.8508,0,False,
comovement,ГО Кумертау,ГО Салават,0.835,0,False,
comovement,ГО Кумертау,ГО Стерлитамак,0.8157,0,False,
comovement,ГО Кумертау,ГО Уфа,0.8888,0,False,
comovement,ГО Кумертау,МР Белебеевский,0.9134,0,False,
comovement,ГО Кумертау,МР Белорецкий,0.524,0,False,
comovement,ГО Кумертау,МР Ишимбайский,0.7147,0,False,
comovement,ГО Кумертау,МР Мелеузовский,0.743,0,False,
comovement,ГО Кумертау,МР Стерлитамакский,0.8094,0,False,
comovement,ГО Кумертау,МР Туймазинский,0.7426,0,False,
comovement,ГО Кумертау,МР Уфимский,0.6531,0,False,
comovement,ГО Кумертау,МР Учалинский,0.6802,0,False,
comovement,ГО Нефтекамск,ГО Октябрьский,0.9457,0,False,
comovement,ГО Нефтекамск,ГО Салават,0.9448,0,False,
comovement,ГО Нефтекамск,ГО Сибай,0.5857,0,False,
comovement,ГО Нефтекамск,ГО Стерлитамак,1.0,0,False,
comovement,ГО Нефтекамск,ГО Уфа,0.9845,0,False,
comovement,ГО Нефтекамск,МР Аургазинский,0.31,0,False,
comovement,ГО Нефтекамск,МР Белебеевский,0.8281,0,False,
comovement,ГО Нефтекамск,МР Бирский,0.6976,0,False,
comovement,ГО Нефтекамск,МР Дюртюлинский,0.4254,0,False,
comovement,ГО Нефтекамск,МР Ишимбайский,0.8443,0,False,
comovement,ГО Нефтекамск,МР Мелеузовский,0.8142,0,False,
comovement,ГО Нефтекамск,МР Стерлитамакский,0.8179,0,False,
comovement,ГО Нефтекамск,МР Туймазинский,0.8882,0,False,
comovement,ГО Нефтекамск,МР Уфимский,0.7407,0,False,
comovement,ГО Нефтекамск,МР Учалинский,0.8368,0,False,
comovement,ГО Нефтекамск,МР Янаульский,0.6224,0,False,
comovement,ГО Октябрьский,ГО Салават,0.969,0,False,
comovement,ГО Октябрьский,ГО Сибай,0.6641,0,False,
comovement,ГО Октябрьский,ГО Стерлитамак,0.9757,0,False,
comovement,ГО Октябрьский,ГО Уфа,0.9837,0,False,
comovement,ГО Октябрьский,МР Аургазинский,0.3121,0,False,
comovement,ГО Октябрьский,МР Белебеевский,0.7098,0,False,
comovement,ГО Октябрьский,МР Белорецкий,0.4636,0,False,
comovement,ГО Октябрьский,МР Бирский,0.7071,0,False,
comovement,ГО Октябрьский,МР Дюртюлинский,0.5679,0,False,
comovement,ГО Октябрьский,МР Ишимбайский,0.8819,0,False,
comovement,ГО Октябрьский,МР Мелеузовский,0.7673,0,False,
comovement,ГО Октябрьский,МР Туймазинский,0.9205,0,False,
comovement,ГО Октябрьский,МР Уфимский,0.6361,0,False,
comovement,ГО Октябрьский,МР Учалинский,0.7913,0,False,
comovement,ГО Октябрьский,МР Янаульский,0.583,0,False,
comovement,ГО Салават,ГО Стерлитамак,0.914,0,False,
comovement,ГО Салават,ГО Уфа,0.9791,0,False,
comovement,ГО Салават,МР Белебеевский,0.7733,0,False,
comovement,ГО Салават,МР Белорецкий,0.4506,0,False,
comovement,ГО Салават,МР Бирский,0.7117,0,False,
comovement,ГО Салават,МР Дюртюлинский,0.4678,0,False,
comovement,ГО Салават,МР Ишимбайский,0.805,0,False,
comovement,ГО Салават,МР Миякинский,0.2884,0,False,
comovement,ГО Салават,МР Стерлитамакский,0.7126,0,False,
comovement,ГО Салават,МР Туймазинский,0.7662,0,False,
comovement,ГО Салават,МР Уфимский,0.7575,0,False,
comovement,ГО Салават,МР Янаульский,0.5258,0,False,
comovement,ГО Сибай,ГО Стерлитамак,0.5808,0,False,
comovement,ГО Сибай,МР Ишимбайский,0.605,0,False,
comovement,ГО Сибай,МР Мелеузовский,0.6174,0,False,
comovement,ГО Сибай,МР Туймазинский,0.6218,0,False,
comovement,ГО Сибай,МР Учалинский,0.7745,0,False,
comovement,ГО Сибай,МР Хайбуллинский,0.2362,0,False,
comovement,ГО Сибай,МР Янаульский,0.5851,0,False,
comovement,ГО Стерлитамак,ГО Уфа,0.96,0,False,
comovement,ГО Стерлитамак,МР Белебеевский,0.6864,0,False,
comovement,ГО Стерлитамак,МР Бирский,0.6844,0,False,
comovement,ГО Стерлитамак,МР Дюртюлинский,0.3629,0,False,
comovement,ГО Стерлитамак,МР Ишимбайский,0.8043,0,False,
comovement,ГО Стерлитамак,МР Мелеузовский,0.7436,0,False,
comovement,ГО Стерлитамак,МР Стерлитамакский,0.7219,0,False,
comovement,ГО Стерлитамак,МР Туймазинский,0.8753,0,False,
comovement,ГО Стерлитамак,МР Уфимский,0.6975,0,False,
comovement,ГО Стерлитамак,МР Учалинский,0.7585,0,False,
comovement,ГО Стерлитамак,МР Янаульский,0.5072,0,False,
comovement,ГО Уфа,МР Белебеевский,0.81,0,False,
comovement,ГО Уфа,МР Белорецкий,0.6208,0,False,
comovement,ГО Уфа,МР Бирский,0.7035,0,False,
comovement,ГО Уфа,МР Дюртюлинский,0.4253,0,False,
comovement,ГО Уфа,МР Ишимбайский,0.868,0,False,
comovement,ГО Уфа,МР Мелеузовский,0.8304,0,False,
comovement,ГО Уфа,МР Стерлитамакский,0.7265,0,False,
comovement,ГО Уфа,МР Туймазинский,0.8566,0,False,
comovement,ГО Уфа,МР Уфимский,0.8089,0,False,
comovement,ГО Уфа,МР Учалинский,0.7123,0,False,
comovement,МР Абзелиловский,МР Архангельский,0.5556,0,False,
comovement,МР Абзелиловский,МР Баймакский,0.3401,0,False,
comovement,МР Абзелиловский,МР Бакалинский,0.4104,0,False,
comovement,МР Абзелиловский,МР Белокатайский,0.4924,0,False,
comovement,МР Абзелиловский,МР Благовещенский,0.5096,0,False,
comovement,МР Абзелиловский,МР Ермекеевский,0.4462,0,False,
comovement,МР Абзелиловский,МР Зианчуринский,0.2986,0,False,
comovement,МР Абзелиловский,МР Краснокамский,0.2014,0,False,
comovement,МР Абзелиловский,МР Нуримановский,0.5091,0,False,
comovement,МР Абзелиловский,МР Федоровский,0.1837,0,False,
comovement,МР Абзелиловский,МР Чишминский,0.275,0,False,
comovement,МР Альшеевский,МР Благовещенский,0.286,0,False,
comovement,МР Альшеевский,МР Буздякский,0.2549,0,False,
comovement,МР Альшеевский,МР Давлекановский,0.64,0,False,
comovement,МР Альшеевский,МР Дуванский,0.2762,0,False,
comovement,МР Альшеевский,МР Дюртюлинский,0.3779,0,False,
comovement,МР Альшеевский,МР Кармаскалинский,0.5516,0,False,
comovement,МР Альшеевский,МР Чекмагушевский,0.3888,0,False,
comovement,МР Альшеевский,МР Чишминский,0.3842,0,False,
comovement,МР Архангельский,МР Белокатайский,0.3164,0,False,
comovement,МР Архангельский,МР Давлекановский,0.3373,0,False,
comovement,МР Архангельский,МР Илишевский,0.3528,0,False,
comovement,МР Архангельский,МР Калтасинский,0.3054,0,False,
comovement,МР Архангельский,МР Мечетлинский,0.5454,0,False,
comovement,МР Архангельский,МР Миякинский,0.3093,0,False,
comovement,МР Архангельский,МР Нуримановский,0.3673,0,False,
comovement,МР Аскинский,МР Балтачевский,0.3296,0,False,
comovement,МР Аскинский,МР Белебеевский,0.3303,0,False,
comovement,МР Аскинский,МР Бурзянский,0.3117,0,False,
comovement,МР Аскинский,МР Зилаирский,0.257,0,False,
comovement,МР Аскинский,МР Калтасинский,0.2379,0,False,
comovement,МР Аскинский,МР Караидельский,0.2883,0,False,
comovement,МР Аскинский,МР Кугарчинский,0.3138,0,False,
comovement,МР Аскинский,МР Миякинский,0.4468,0,False,
comovement,МР Аскинский,МР Салаватский,0.522,0,False,
comovement,МР Аскинский,МР Хайбуллинский,0.2194,0,False,
comovement,МР Аургазинский,МР Бакалинский,0.2203,0,False,
comovement,МР Аургазинский,МР Белебеевский,0.3807,0,False,
comovement,МР Аургазинский,МР Дюртюлинский,0.2719,0,False,
comovement,МР Аургазинский,МР Ишимбайский,0.3436,0,False,
comovement,МР Аургазинский,МР Краснокамский,0.2086,0,False,
comovement,МР Аургазинский,МР Салаватский,0.2456,0,False,
comovement,МР Аургазинский,МР Учалинский,0.3217,0,False,
comovement,МР Аургазинский,МР Янаульский,0.615,0,False,
comovement,МР Баймакский,МР Бурзянский,0.408,0,False,
comovement,МР Баймакский,МР Дуванский,0.3797,0,False,
comovement,МР Баймакский,МР Зилаирский,0.5101,0,False,
comovement,МР Баймакский,МР Иглинский,0.4856,0,False,
comovement,МР Баймакский,МР Кугарчинский,0.4545,0,False,
comovement,МР Баймакский,МР Мишкинский,0.2939,0,False,
comovement,МР Баймакский,МР Нуримановский,0.448,0,False,
comovement,МР Баймакский,МР Стерлибашевский,0.2143,0,False,
comovement,МР Бакалинский,МР Белокатайский,0.2964,0,False,
comovement,МР Бакалинский,МР Благовещенский,0.192,0,False,
comovement,МР Бакалинский,МР Ермекеевский,0.2263,0,False,
comovement,МР Бакалинский,МР Калтасинский,0.4355,0,False,
comovement,МР Бакалинский,МР Нуримановский,0.2347,0,False,
comovement,МР Бакалинский,МР Стерлибашевский,0.4023,0,False,
comovement,МР Бакалинский,МР Федоровский,0.1902,0,False,
comovement,МР Балтачевский,МР Бирский,0.3555,0,False,
comovement,МР Балтачевский,МР Зианчуринский,0.299,0,False,
comovement,МР Балтачевский,МР Караидельский,0.7462,0,False,
comovement,МР Балтачевский,МР Кигинский,0.3034,0,False,
comovement,МР Балтачевский,МР Салаватский,0.3651,0,False,
comovement,МР Балтачевский,МР Чекмагушевский,0.3139,0,False,
comovement,МР Белебеевский,МР Белорецкий,0.45,0,False,
comovement,МР Белебеевский,МР Мелеузовский,0.7405,0,False,
comovement,МР Белебеевский,МР Салаватский,0.3028,0,False,
comovement,МР Белебеевский,МР Стерлитамакский,0.7073,0,False,
comovement,МР Белебеевский,МР Уфимский,0.6655,0,False,
comovement,МР Белебеевский,МР Хайбуллинский,0.308,0,False,
comovement,МР Белокатайский,МР Благовещенский,0.2813,0,False,
comovement,МР Белокатайский,МР Давлекановский,0.3406,0,False,
comovement,МР Белокатайский,МР Дуванский,0.4214,0,False,
comovement,МР Белокатайский,МР Зианчуринский,0.2659,0,False,
comovement,МР Белокатайский,МР Кигинский,0.251,0,False,
comovement,МР Белокатайский,МР Федоровский,0.6387,0,False,
comovement,МР Белокатайский,МР Чекмагушевский,0.2697,0,False,
comovement,МР Белорецкий,МР Бурзянский,0.412,0,False,
comovement,МР Белорецкий,МР Иглинский,0.417,0,False,
comovement,МР Белорецкий,МР Ишимбайский,0.6132,0,False,
comovement,МР Белорецкий,МР Туймазинский,0.4876,0,False,
comovement,МР Белорецкий,МР Уфимский,0.5517,0,False,
comovement,МР Бижбулякский,МР Благоварский,0.4715,0,False,
comovement,МР Бижбулякский,МР Бураевский,0.3115,0,False,
comovement,МР Бижбулякский,МР Бурзянский,0.2851,0,False,
comovement,МР Бижбулякский,МР Гафурийский,0.2481,0,False,
comovement,МР Бижбулякский,МР Кугарчинский,0.2608,0,False,
comovement,МР Бижбулякский,МР Кушнаренковский,0.4552,0,False,
comovement,МР Бижбулякский,МР Мечетлинский,0.2685,0,False,
comovement,МР Бижбулякский,МР Стерлибашевский,0.2499,0,False,
comovement,МР Бижбулякский,МР Татышлинский,0.3521,0,False,
comovement,МР Бирский,МР Илишевский,0.2762,0,False,
comovement,МР Бирский,МР Мелеузовский,0.8885,0,False,
comovement,МР Бирский,МР Стерлитамакский,0.7501,0,False,
comovement,МР Бирский,МР Туймазинский,0.6886,0,False,
comovement,МР Бирский,МР Уфимский,0.6018,0,False,
comovement,МР Благоварский,МР Буздякский,0.4634,0,False,
comovement,МР Благоварский,МР Дуванский,0.434,0,False,
comovement,МР Благоварский,МР Кармаскалинский,0.5475,0,False,
comovement,МР Благоварский,МР Краснокамский,0.3385,0,False,
comovement,МР Благоварский,МР Кушнаренковский,0.4436,0,False,
comovement,МР Благоварский,МР Мишкинский,0.5938,0,False,
comovement,МР Благовещенский,МР Давлекановский,0.3532,0,False,
comovement,МР Благовещенский,МР Иглинский,0.4172,0,False,
comovement,МР Благовещенский,МР Кармаскалинский,0.4146,0,False,
comovement,МР Благовещенский,МР Краснокамский,0.5322,0,False,
comovement,МР Благовещенский,МР Чишминский,0.5962,0,False,
comovement,МР Буздякский,МР Бураевский,0.6868,0,False,
comovement,МР Буздякский,МР Ермекеевский,0.3383,0,False,
comovement,МР Буздякский,МР Караидельский,0.3613,0,False,
comovement,МР Буздякский,МР Кигинский,0.5243,0,False,
comovement,МР Буздякский,МР Краснокамский,0.2914,0,False,
comovement,МР Буздякский,МР Мишкинский,0.2645,0,False,
comovement,МР Буздякский,МР Шаранский,0.2317,0,False,
comovement,МР Бураевский,МР Ермекеевский,0.2437,0,False,
comovement,МР Бураевский,МР Краснокамский,0.3139,0,False,
comovement,МР Бураевский,МР Кушнаренковский,0.3346,0,False,
comovement,МР Бураевский,МР Мишкинский,0.3216,0,False,
comovement,МР Бураевский,МР Нуримановский,0.3758,0,False,
comovement,МР Бураевский,МР Федоровский,0.1956,0,False,
comovement,МР Бураевский,МР Шаранский,0.2862,0,False,
comovement,МР Бурзянский,МР Зилаирский,0.7983,0,False,
comovement,МР Бурзянский,МР Иглинский,0.4657,0,False,
comovement,МР Бурзянский,МР Мишкинский,0.4192,0,False,
comovement,МР Бурзянский,МР Миякинский,0.3205,0,False,
comovement,МР Бурзянский,МР Салаватский,0.3038,0,False,
comovement,МР Бурзянский,МР Татышлинский,0.6762,0,False,
comovement,МР Гафурийский,МР Иглинский,0.3847,0,False,
comovement,МР Гафурийский,МР Кармаскалинский,0.2709,0,False,
comovement,МР Гафурийский,МР Кушнаренковский,0.4341,0,False,
comovement,МР Гафурийский,МР Мишкинский,0.3779,0,False,
comovement,МР Гафурийский,МР Стерлибашевский,0.2625,0,False,
comovement,МР Гафурийский,МР Федоровский,0.4175,0,False,
comovement,МР Гафурийский,МР Янаульский,0.2152,0,False,
comovement,МР Давлекановский,МР Зианчуринский,0.3214,0,False,
comovement,МР Давлекановский,МР Кармаскалинский,0.3369,0,False,
comovement,МР Давлекановский,МР Краснокамский,0.3006,0,False,
comovement,МР Давлекановский,МР Кушнаренковский,0.3778,0,False,
comovement,МР Давлекановский,МР Чекмагушевский,0.4092,0,False,
comovement,МР Дуванский,МР Зианчуринский,0.2689,0,False,
comovement,МР Дуванский,МР Караидельский,0.315,0,False,
comovement,МР Дуванский,МР Кигинский,0.4198,0,False,
comovement,МР Дуванский,МР Кушнаренковский,0.3208,0,False,
comovement,МР Дуванский,МР Мечетлинский,0.4752,0,False,
comovement,МР Дуванский,МР Чекмагушевский,0.323,0,False,
comovement,МР Дуванский,МР Чишминский,0.512,0,False,
comovement,МР Дюртюлинский,МР Ишимбайский,0.5062,0,False,
comovement,МР Дюртюлинский,МР Миякинский,0.2375,0,False,
comovement,МР Дюртюлинский,МР Туймазинский,0.5756,0,False,
comovement,МР Ермекеевский,МР Зианчуринский,0.2286,0,False,
comovement,МР Ермекеевский,МР Краснокамский,0.3463,0,False,
comovement,МР Ермекеевский,МР Кушнаренковский,0.2998,0,False,
comovement,МР Ермекеевский,МР Нуримановский,0.249,0,False,
comovement,МР Ермекеевский,МР Стерлибашевский,0.2142,0,False,
comovement,МР Ермекеевский,МР Шаранский,0.3034,0,False,
comovement,МР Зианчуринский,МР Кугарчинский,0.3405,0,False,
comovement,МР Зианчуринский,МР Мечетлинский,0.518,0,False,
comovement,МР Зианчуринский,МР Нуримановский,0.4214,0,False,
comovement,МР Зилаирский,МР Иглинский,0.6236,0,False,
comovement,МР Зилаирский,МР Илишевский,0.2216,0,False,
comovement,МР Зилаирский,МР Кармаскалинский,0.4063,0,False,
comovement,МР Зилаирский,МР Кугарчинский,0.3068,0,False,
comovement,МР Зилаирский,МР Мишкинский,0.3669,0,False,
comovement,МР Зилаирский,МР Миякинский,0.3901,0,False,
comovement,МР Зилаирский,МР Татышлинский,0.5052,0,False,
comovement,МР Иглинский,МР Кармаскалинский,0.4716,0,False,
comovement,МР Иглинский,МР Татышлинский,0.302,0,False,
comovement,МР Иглинский,МР Уфимский,0.563,0,False,
comovement,МР Илишевский,МР Мечетлинский,0.2508,0,False,
comovement,МР Илишевский,МР Мишкинский,0.2988,0,False,
comovement,МР Илишевский,МР Салаватский,0.1857,0,False,
comovement,МР Илишевский,МР Татышлинский,0.5418,0,False,
comovement,МР Илишевский,МР Чекмагушевский,0.2386,0,False,
comovement,МР Ишимбайский,МР Туймазинский,0.7424,0,False,
comovement,МР Ишимбайский,МР Учалинский,0.6671,0,False,
comovement,МР Ишимбайский,МР Янаульский,0.6263,0,False,
comovement,МР Калтасинский,МР Кугарчинский,0.3958,0,False,
comovement,МР Калтасинский,МР Миякинский,0.3059,0,False,
comovement,МР Калтасинский,МР Татышлинский,0.2976,0,False,
comovement,МР Калтасинский,МР Хайбуллинский,0.2522,0,False,
comovement,МР Калтасинский,МР Шаранский,0.2339,0,False,
comovement,МР Караидельский,МР Кугарчинский,0.3361,0,False,
comovement,МР Караидельский,МР Мечетлинский,0.2264,0,False,
comovement,МР Караидельский,МР Чекмагушевский,0.4799,0,False,
comovement,МР Караидельский,МР Чишминский,0.3367,0,False,
comovement,МР Кармаскалинский,МР Татышлинский,0.3375,0,False,
comovement,МР Кармаскалинский,МР Чекмагушевский,0.436,0,False,
comovement,МР Кармаскалинский,МР Чишминский,0.3875,0,False,
comovement,МР Кигинский,МР Мечетлинский,0.3786,0,False,
comovement,МР Кигинский,МР Салаватский,0.3149,0,False,
comovement,МР Кигинский,МР Чекмагушевский,0.3168,0,False,
comovement,МР Кигинский,МР Чишминский,0.2681,0,False,
comovement,МР Кугарчинский,МР Мечетлинский,0.3943,0,False,
comovement,МР Кугарчинский,МР Нуримановский,0.4437,0,False,
comovement,МР Кугарчинский,МР Хайбуллинский,0.3857,0,False,
comovement,МР Кушнаренковский,МР Мечетлинский,0.4322,0,False,
comovement,МР Кушнаренковский,МР Мишкинский,0.2976,0,False,
comovement,МР Кушнаренковский,МР Стерлибашевский,0.3075,0,False,
comovement,МР Кушнаренковский,МР Федоровский,0.3814,0,False,
comovement,МР Кушнаренковский,МР Шаранский,0.4011,0,False,
comovement,МР Мелеузовский,МР Стерлитамакский,0.8539,0,False,
comovement,МР Мелеузовский,МР Туймазинский,0.8331,0,False,
comovement,МР Мелеузовский,МР Учалинский,0.7911,0,False,
comovement,МР Мечетлинский,МР Нуримановский,0.2779,0,False,
comovement,МР Мечетлинский,МР Салаватский,0.2335,0,False,
comovement,МР Мечетлинский,МР Татышлинский,0.3031,0,False,
comovement,МР Мечетлинский,МР Чишминский,0.4846,0,False,
comovement,МР Миякинский,МР Чекмагушевский,0.2769,0,False,
comovement,МР Салаватский,МР Чекмагушевский,0.2686,0,False,
comovement,МР Стерлибашевский,МР Федоровский,0.1732,0,False,
comovement,МР Стерлибашевский,МР Хайбуллинский,0.432,0,False,
comovement,МР Стерлибашевский,МР Шаранский,0.28,0,False,
comovement,МР Татышлинский,МР Хайбуллинский,0.2507,0,False,
comovement,МР Туймазинский,МР Учалинский,0.8539,0,False,
comovement,МР Учалинский,МР Шаранский,0.2278,0,False,
comovement,МР Учалинский,МР Янаульский,0.6542,0,False,
comovement,МР Федоровский,МР Чекмагушевский,0.2046,0,False,
comovement,МР Чекмагушевский,МР Чишминский,0.5744,0,False,
lead_lag,МР Альшеевский,ГО Агидель,0.7329,2,True,
lead_lag,МР Белокатайский,ГО Агидель,0.6045,1,True,
lead_lag,МР Зилаирский,ГО Агидель,0.6866,2,True,
lead_lag,МР Кармаскалинский,ГО Агидель,1.0,2,True,
lead_lag,ГО Агидель,МР Миякинский,0.6363,1,True,
lead_lag,ГО Агидель,МР Татышлинский,0.7811,2,True,
lead_lag,МР Федоровский,ГО Агидель,0.8827,1,True,
lead_lag,МР Шаранский,ГО Агидель,0.8636,3,True,
lead_lag,МР Баймакский,ГО Кумертау,0.5793,3,True,
lead_lag,ГО Кумертау,МР Бакалинский,0.5524,3,True,
lead_lag,МР Дуванский,ГО Кумертау,0.5502,1,True,
lead_lag,ГО Кумертау,МР Дюртюлинский,0.7438,2,True,
lead_lag,МР Ишимбайский,ГО Кумертау,0.5383,2,True,
lead_lag,ГО Кумертау,МР Мечетлинский,0.5711,1,True,
lead_lag,ГО Кумертау,МР Стерлибашевский,0.6814,3,True,
lead_lag,ГО Кумертау,МР Чишминский,0.6719,1,True,
lead_lag,МР Аскинский,ГО Нефтекамск,0.6158,2,True,
lead_lag,МР Буздякский,ГО Нефтекамск,0.6176,3,True,
lead_lag,МР Гафурийский,ГО Нефтекамск,0.5448,3,True,
lead_lag,МР Дуванский,ГО Нефтекамск,0.6428,1,True,
lead_lag,МР Калтасинский,ГО Нефтекамск,0.5767,2,True,
lead_lag,ГО Нефтекамск,МР Мечетлинский,0.6224,1,True,
lead_lag,ГО Нефтекамск,МР Стерлибашевский,0.6464,3,True,
lead_lag,ГО Нефтекамск,МР Чишминский,0.7876,1,True,
lead_lag,МР Аскинский,ГО Октябрьский,0.7487,2,True,
lead_lag,МР Баймакский,ГО Октябрьский,0.7187,3,True,
lead_lag,МР Благоварский,ГО Октябрьский,0.5517,3,True,
lead_lag,МР Буздякский,ГО Октябрьский,0.6689,3,True,
lead_lag,МР Гафурийский,ГО Октябрьский,0.6072,3,True,
lead_lag,ГО Октябрьский,МР Кушнаренковский,0.5844,1,True,
lead_lag,ГО Октябрьский,МР Мечетлинский,0.602,1,True,
lead_lag,ГО Октябрьский,МР Чишминский,0.7333,1,True,
lead_lag,МР Аскинский,ГО Салават,0.8163,2,True,
lead_lag,МР Баймакский,ГО Салават,0.7315,3,True,
lead_lag,ГО Салават,МР Дуванский,0.5517,3,True,
lead_lag,МР Иглинский,ГО Салават,0.595,3,True,
lead_lag,МР Калтасинский,ГО Салават,0.5583,2,True,
lead_lag,ГО Салават,МР Кушнаренковский,0.7076,1,True,
lead_lag,ГО Салават,МР Нуримановский,0.6314,3,True,
lead_lag,ГО Салават,МР Хайбуллинский,0.5402,2,True,
lead_lag,ГО Салават,МР Чишминский,0.7354,1,True,
lead_lag,ГО Сибай,МР Абзелиловский,0.6831,1,True,
lead_lag,ГО Сибай,МР Аургазинский,0.5932,2,True,
lead_lag,МР Белебеевский,ГО Сибай,0.5699,2,True,
lead_lag,ГО Сибай,МР Бураевский,0.667,3,True,
lead_lag,ГО Сибай,МР Мечетлинский,0.5976,1,True,
lead_lag,ГО Сибай,МР Нуримановский,0.682,3,True,
lead_lag,ГО Сибай,МР Салаватский,0.5996,2,True,
lead_lag,ГО Сибай,МР Стерлибашевский,0.7294,3,True,
lead_lag,МР Шаранский,ГО Сибай,0.6995,3,True,
lead_lag,МР Аскинский,ГО Стерлитамак,0.761,2,True,
lead_lag,МР Баймакский,ГО Стерлитамак,0.5541,3,True,
lead_lag,МР Буздякский,ГО Стерлитамак,0.6761,3,True,
lead_lag,МР Дуванский,ГО Стерлитамак,0.5224,1,True,
lead_lag,ГО Стерлитамак,МР Дюртюлинский,0.5075,2,True,
lead_lag,ГО Стерлитамак,МР Иглинский,0.5893,1,True,
lead_lag,ГО Стерлитамак,МР Мечетлинский,0.5324,1,True,
lead_lag,ГО Стерлитамак,МР Чишминский,0.7388,1,True,
lead_lag,МР Аскинский,ГО Уфа,0.6339,2,True,
lead_lag,МР Баймакский,ГО Уфа,0.6025,3,True,
lead_lag,МР Благоварский,ГО Уфа,0.5659,3,True,
lead_lag,МР Гафурийский,ГО Уфа,0.5388,3,True,
lead_lag,МР Дуванский,ГО Уфа,0.5584,1,True,
lead_lag,МР Иглинский,ГО Уфа,0.5477,3,True,
lead_lag,ГО Уфа,МР Мечетлинский,0.5751,1,True,
lead_lag,ГО Уфа,МР Чишминский,0.8277,1,True,
lead_lag,МР Абзелиловский,МР Архангельский,0.8722,3,True,
lead_lag,МР Благовещенский,МР Абзелиловский,0.8926,3,True,
lead_lag,МР Абзелиловский,МР Буздякский,0.611,2,True,
lead_lag,МР Абзелиловский,МР Бураевский,0.6262,2,True,
lead_lag,МР Абзелиловский,МР Илишевский,0.5308,3,True,
lead_lag,МР Абзелиловский,МР Миякинский,0.5593,3,True,
lead_lag,МР Абзелиловский,МР Салаватский,0.6931,1,True,
lead_lag,МР Альшеевский,МР Балтачевский,0.6472,2,True,
lead_lag,МР Альшеевский,МР Буздякский,0.773,3,True,
lead_lag,МР Альшеевский,МР Гафурийский,0.6196,1,True,
lead_lag,МР Зианчуринский,МР Альшеевский,0.721,3,True,
lead_lag,МР Альшеевский,МР Кигинский,0.6091,3,True,
lead_lag,МР Кугарчинский,МР Альшеевский,0.6884,3,True,
lead_lag,МР Мелеузовский,МР Альшеевский,0.4968,2,True,
lead_lag,МР Мечетлинский,МР Альшеевский,0.8382,3,True,
lead_lag,МР Альшеевский,МР Мишкинский,0.7388,3,True,
lead_lag,МР Салаватский,МР Альшеевский,0.667,2,True,
lead_lag,МР Альшеевский,МР Федоровский,0.643,1,True,
lead_lag,МР Чишминский,МР Альшеевский,0.6616,3,True,
lead_lag,МР Янаульский,МР Альшеевский,0.6318,2,True,
lead_lag,МР Благовещенский,МР Архангельский,0.5882,3,True,
lead_lag,МР Буздякский,МР Архангельский,0.6698,1,True,
lead_lag,МР Бураевский,МР Архангельский,0.6169,1,True,
lead_lag,МР Архангельский,МР Гафурийский,0.5846,1,True,
lead_lag,МР Архангельский,МР Зилаирский,0.5972,3,True,
lead_lag,МР Архангельский,МР Краснокамский,0.5614,2,True,
lead_lag,МР Мишкинский,МР Архангельский,0.6052,1,True,
lead_lag,МР Чишминский,МР Архангельский,0.6111,3,True,
lead_lag,МР Аскинский,МР Гафурийский,0.6198,3,True,
lead_lag,МР Аскинский,МР Дуванский,0.7065,3,True,
lead_lag,МР Ермекеевский,МР Аскинский,0.7286,1,True,
lead_lag,МР Аскинский,МР Уфимский,0.6851,2,True,
lead_lag,МР Аскинский,МР Чишминский,0.6925,3,True,
lead_lag,МР Аургазинский,МР Бижбулякский,0.5982,1,True,
lead_lag,МР Илишевский,МР Аургазинский,0.5882,1,True,
lead_lag,МР Кигинский,МР Аургазинский,0.8786,1,True,
lead_lag,МР Аургазинский,МР Кушнаренковский,0.7191,1,True,
lead_lag,МР Мечетлинский,МР Аургазинский,0.5933,1,True,
lead_lag,МР Миякинский,МР Аургазинский,0.5987,2,True,
lead_lag,МР Аургазинский,МР Нуримановский,0.6957,1,True,
lead_lag,МР Баймакский,МР Гафурийский,0.5852,2,True,
lead_lag,МР Баймакский,МР Дюртюлинский,0.7304,3,True,
lead_lag,МР Краснокамский,МР Баймакский,0.5646,3,True,
lead_lag,МР Баймакский,МР Салаватский,0.6515,1,True,
lead_lag,МР Баймакский,МР Стерлитамакский,0.5309,3,True,
lead_lag,МР Баймакский,МР Уфимский,0.5252,3,True,
lead_lag,МР Бакалинский,МР Балтачевский,0.5639,1,True,
lead_lag,МР Бакалинский,МР Илишевский,0.6114,3,True,
lead_lag,МР Бакалинский,МР Ишимбайский,0.528,2,True,
lead_lag,МР Кигинский,МР Бакалинский,0.7137,2,True,
lead_lag,МР Бакалинский,МР Мечетлинский,0.6045,3,True,
lead_lag,МР Бакалинский,МР Мишкинский,0.8584,2,True,
lead_lag,МР Миякинский,МР Бакалинский,0.6727,2,True,
lead_lag,МР Благоварский,МР Балтачевский,0.7275,2,True,
lead_lag,МР Калтасинский,МР Балтачевский,0.6102,1,True,
lead_lag,МР Кармаскалинский,МР Балтачевский,0.7108,2,True,
lead_lag,МР Балтачевский,МР Кугарчинский,0.6572,2,True,
lead_lag,МР Мишкинский,МР Балтачевский,0.6096,2,True,
lead_lag,МР Балтачевский,МР Хайбуллинский,0.7137,2,True,
lead_lag,МР Чекмагушевский,МР Балтачевский,0.6785,2,True,
lead_lag,МР Белебеевский,МР Бураевский,0.5541,1,True,
lead_lag,МР Белебеевский,МР Гафурийский,0.5575,3,True,
lead_lag,МР Белебеевский,МР Дюртюлинский,0.8335,2,True,
lead_lag,МР Калтасинский,МР Белебеевский,0.6531,2,True,
lead_lag,МР Белебеевский,МР Кушнаренковский,0.5662,1,True,
lead_lag,МР Белебеевский,МР Стерлибашевский,0.707,3,True,
lead_lag,МР Белебеевский,МР Федоровский,0.6062,3,True,
lead_lag,МР Бирский,МР Белокатайский,0.7187,3,True,
lead_lag,МР Зилаирский,МР Белокатайский,0.6126,1,True,
lead_lag,МР Кармаскалинский,МР Белокатайский,0.6968,1,True,
lead_lag,МР Белокатайский,МР Краснокамский,0.7951,2,True,
lead_lag,МР Мелеузовский,МР Белокатайский,0.6075,3,True,
lead_lag,МР Стерлитамакский,МР Белокатайский,0.6115,3,True,
lead_lag,МР Белокатайский,МР Татышлинский,0.6013,1,True,
lead_lag,МР Шаранский,МР Белокатайский,0.6809,2,True,
lead_lag,МР Давлекановский,МР Белорецкий,0.5952,1,True,
lead_lag,МР Дуванский,МР Белорецкий,0.6477,1,True,
lead_lag,МР Белорецкий,МР Дюртюлинский,0.6589,2,True,
lead_lag,МР Белорецкий,МР Караидельский,0.5477,1,True,
lead_lag,МР Мечетлинский,МР Белорецкий,0.5378,1,True,
lead_lag,МР Белорецкий,МР Миякинский,0.594,3,True,
lead_lag,МР Белорецкий,МР Туймазинский,0.5491,2,True,
lead_lag,МР Чишминский,МР Белорецкий,0.5987,1,True,
lead_lag,МР Бураевский,МР Бижбулякский,0.6066,3,True,
lead_lag,МР Бижбулякский,МР Ермекеевский,0.5636,3,True,
lead_lag,МР Илишевский,МР Бижбулякский,0.7035,2,True,
lead_lag,МР Бижбулякский,МР Краснокамский,0.6059,3,True,
lead_lag,МР Бижбулякский,МР Нуримановский,0.5593,1,True,
lead_lag,МР Стерлитамакский,МР Бижбулякский,0.5878,1,True,
lead_lag,МР Федоровский,МР Бижбулякский,0.7612,1,True,
lead_lag,МР Бирский,МР Благовещенский,0.5686,2,True,
lead_lag,МР Зианчуринский,МР Бирский,0.6374,3,True,
lead_lag,МР Бирский,МР Иглинский,0.5659,1,True,
lead_lag,МР Бирский,МР Кармаскалинский,0.5969,2,True,
lead_lag,МР Мечетлинский,МР Бирский,0.6472,3,True,
lead_lag,МР Нуримановский,МР Бирский,0.4711,1,True,
lead_lag,МР Бирский,МР Хайбуллинский,0.574,2,True,
lead_lag,МР Благоварский,МР Дуванский,0.7127,2,True,
lead_lag,МР Благоварский,МР Ермекеевский,0.7582,3,True,
lead_lag,МР Благоварский,МР Ишимбайский,0.7022,3,True,
lead_lag,МР Благоварский,МР Караидельский,0.7965,2,True,
lead_lag,МР Благоварский,МР Краснокамский,0.567,3,True,
lead_lag,МР Миякинский,МР Благоварский,0.739,1,True,
lead_lag,МР Стерлибашевский,МР Благоварский,0.6874,2,True,
lead_lag,МР Стерлитамакский,МР Благоварский,0.5403,1,True,
lead_lag,МР Благоварский,МР Туймазинский,0.6988,3,True,
lead_lag,МР Благоварский,МР Чекмагушевский,0.6068,2,True,
lead_lag,МР Благовещенский,МР Буздякский,0.6298,2,True,
lead_lag,МР Благовещенский,МР Бураевский,0.6107,2,True,
lead_lag,МР Иглинский,МР Благовещенский,0.6029,1,True,
lead_lag,МР Мелеузовский,МР Благовещенский,0.4906,2,True,
lead_lag,МР Стерлитамакский,МР Благовещенский,0.5748,2,True,
lead_lag,МР Благовещенский,МР Уфимский,0.6775,1,True,
lead_lag,МР Буздякский,МР Бурзянский,0.5966,1,True,
lead_lag,МР Буздякский,МР Ишимбайский,0.7086,3,True,
lead_lag,МР Буздякский,МР Миякинский,0.6575,1,True,
lead_lag,МР Буздякский,МР Туймазинский,0.6998,3,True,
lead_lag,МР Мишкинский,МР Бураевский,0.6983,3,True,
lead_lag,МР Стерлитамакский,МР Бураевский,0.4987,1,True,
lead_lag,МР Бураевский,МР Федоровский,0.782,2,True,
lead_lag,МР Давлекановский,МР Бурзянский,0.6795,1,True,
lead_lag,МР Ермекеевский,МР Бурзянский,0.6641,3,True,
lead_lag,МР Зианчуринский,МР Бурзянский,0.6822,1,True,
lead_lag,МР Стерлибашевский,МР Бурзянский,0.6268,2,True,
lead_lag,МР Бурзянский,МР Татышлинский,0.619,2,True,
lead_lag,МР Бурзянский,МР Федоровский,0.6375,3,True,
lead_lag,МР Бурзянский,МР Шаранский,0.5421,1,True,
lead_lag,МР Дюртюлинский,МР Гафурийский,0.6721,1,True,
lead_lag,МР Гафурийский,МР Ишимбайский,0.835,3,True,
lead_lag,МР Гафурийский,МР Краснокамский,0.565,1,True,
lead_lag,МР Мелеузовский,МР Гафурийский,0.5218,3,True,
lead_lag,МР Нуримановский,МР Гафурийский,0.55,2,True,
lead_lag,МР Салаватский,МР Гафурийский,0.8773,3,True,
lead_lag,МР Гафурийский,МР Учалинский,0.5801,3,True,
lead_lag,МР Караидельский,МР Давлекановский,0.7203,3,True,
lead_lag,МР Давлекановский,МР Кармаскалинский,0.6498,3,True,
lead_lag,МР Мечетлинский,МР Давлекановский,0.8818,3,True,
lead_lag,МР Давлекановский,МР Татышлинский,0.5619,3,True,
lead_lag,МР Давлекановский,МР Уфимский,0.5267,1,True,
lead_lag,МР Учалинский,МР Давлекановский,0.5911,2,True,
lead_lag,МР Чекмагушевский,МР Давлекановский,0.6418,3,True,
lead_lag,МР Чишминский,МР Давлекановский,0.794,3,True,
lead_lag,МР Янаульский,МР Давлекановский,0.7379,2,True,
lead_lag,МР Дуванский,МР Дюртюлинский,0.6745,3,True,
lead_lag,МР Дуванский,МР Ишимбайский,0.7559,1,True,
lead_lag,МР Дуванский,МР Туймазинский,0.6712,1,True,
lead_lag,МР Дуванский,МР Уфимский,0.5518,1,True,
lead_lag,МР Дуванский,МР Учалинский,0.7932,1,True,
lead_lag,МР Дуванский,МР Чишминский,0.7261,2,True,
lead_lag,МР Дуванский,МР Янаульский,0.6965,1,True,
lead_lag,МР Дюртюлинский,МР Зианчуринский,0.5732,2,True,
lead_lag,МР Иглинский,МР Дюртюлинский,0.6085,3,True,
lead_lag,МР Ишимбайский,МР Дюртюлинский,0.6948,2,True,
lead_lag,МР Дюртюлинский,МР Стерлибашевский,0.7046,1,True,
lead_lag,МР Чишминский,МР Дюртюлинский,0.7209,3,True,
lead_lag,МР Ермекеевский,МР Зилаирский,0.6246,3,True,
lead_lag,МР Ермекеевский,МР Илишевский,0.7529,3,True,
lead_lag,МР Ермекеевский,МР Кушнаренковский,0.7035,2,True,
lead_lag,МР Ермекеевский,МР Миякинский,0.6325,3,True,
lead_lag,МР Ермекеевский,МР Татышлинский,0.6099,3,True,
lead_lag,МР Чекмагушевский,МР Ермекеевский,0.7568,1,True,
lead_lag,МР Ермекеевский,МР Шаранский,0.6366,2,True,
lead_lag,МР Зианчуринский,МР Иглинский,0.5594,1,True,
lead_lag,МР Кигинский,МР Зианчуринский,0.6305,2,True,
lead_lag,МР Зианчуринский,МР Мелеузовский,0.5229,1,True,
lead_lag,МР Миякинский,МР Зианчуринский,0.7248,3,True,
lead_lag,МР Зианчуринский,МР Салаватский,0.6386,1,True,
lead_lag,МР Зианчуринский,МР Шаранский,0.6914,2,True,
lead_lag,МР Зилаирский,МР Краснокамский,0.6398,3,True,
lead_lag,МР Стерлибашевский,МР Зилаирский,0.6998,2,True,
lead_lag,МР Туймазинский,МР Зилаирский,0.5849,1,True,
lead_lag,МР Зилаирский,МР Федоровский,0.7338,1,True,
lead_lag,МР Шаранский,МР Зилаирский,0.6806,1,True,
lead_lag,МР Иглинский,МР Ишимбайский,0.6376,3,True,
lead_lag,МР Мелеузовский,МР Иглинский,0.5159,2,True,
lead_lag,МР Иглинский,МР Миякинский,0.6461,3,True,
lead_lag,МР Калтасинский,МР Илишевский,0.5778,3,True,
lead_lag,МР Караидельский,МР Илишевский,0.5691,2,True,
lead_lag,МР Илишевский,МР Нуримановский,0.6459,3,True,
lead_lag,МР Илишевский,МР Стерлитамакский,0.4951,1,True,
lead_lag,МР Илишевский,МР Федоровский,0.5694,1,True,
lead_lag,МР Калтасинский,МР Ишимбайский,0.6765,2,True,
lead_lag,МР Ишимбайский,МР Кугарчинский,0.5649,3,True,
lead_lag,МР Ишимбайский,МР Мечетлинский,0.7434,1,True,
lead_lag,МР Мишкинский,МР Ишимбайский,0.6185,3,True,
lead_lag,МР Ишимбайский,МР Туймазинский,0.7313,2,True,
lead_lag,МР Ишимбайский,МР Чишминский,0.807,1,True,
lead_lag,МР Калтасинский,МР Караидельский,0.5812,3,True,
lead_lag,МР Калтасинский,МР Кугарчинский,0.6778,3,True,
lead_lag,МР Калтасинский,МР Кушнаренковский,0.6215,3,True,
lead_lag,МР Мишкинский,МР Калтасинский,0.7652,1,True,
lead_lag,МР Стерлибашевский,МР Калтасинский,0.6693,3,True,
lead_lag,МР Федоровский,МР Калтасинский,0.637,3,True,
lead_lag,МР Кармаскалинский,МР Караидельский,0.5928,2,True,
lead_lag,МР Стерлибашевский,МР Караидельский,0.5929,1,True,
lead_lag,МР Чекмагушевский,МР Караидельский,0.581,2,True,
lead_lag,МР Чишминский,МР Караидельский,0.6627,2,True,
lead_lag,МР Мелеузовский,МР Кармаскалинский,0.5212,2,True,
lead_lag,МР Кармаскалинский,МР Татышлинский,0.5837,2,True,
lead_lag,МР Уфимский,МР Кармаскалинский,0.6647,2,True,
lead_lag,МР Учалинский,МР Кармаскалинский,0.5877,2,True,
lead_lag,МР Кармаскалинский,МР Федоровский,0.6017,1,True,
lead_lag,МР Янаульский,МР Кармаскалинский,0.7966,2,True,
lead_lag,МР Кугарчинский,МР Кигинский,0.7752,1,True,
lead_lag,МР Кигинский,МР Мечетлинский,0.6271,2,True,
lead_lag,МР Кигинский,МР Туймазинский,0.5849,3,True,
lead_lag,МР Кигинский,МР Янаульский,0.6692,1,True,
lead_lag,МР Кугарчинский,МР Краснокамский,0.5567,3,True,
lead_lag,МР Татышлинский,МР Краснокамский,0.6873,1,True,
lead_lag,МР Кугарчинский,МР Стерлибашевский,0.5939,2,True,
lead_lag,МР Кугарчинский,МР Чекмагушевский,0.6372,1,True,
lead_lag,МР Миякинский,МР Кушнаренковский,0.8267,1,True,
lead_lag,МР Нуримановский,МР Кушнаренковский,0.5631,2,True,
lead_lag,МР Салаватский,МР Кушнаренковский,0.6949,3,True,
lead_lag,МР Кушнаренковский,МР Туймазинский,0.7032,3,True,
lead_lag,МР Кушнаренковский,МР Федоровский,0.7026,2,True,
lead_lag,МР Кушнаренковский,МР Хайбуллинский,0.5092,3,True,
lead_lag,МР Шаранский,МР Кушнаренковский,0.797,2,True,
lead_lag,МР Мелеузовский,МР Янаульский,0.516,3,True,
lead_lag,МР Мечетлинский,МР Туймазинский,0.6651,1,True,
lead_lag,МР Мечетлинский,МР Учалинский,0.6118,1,True,
lead_lag,МР Мечетлинский,МР Янаульский,0.8656,1,True,
lead_lag,МР Стерлибашевский,МР Мишкинский,0.7853,2,True,
lead_lag,МР Нуримановский,МР Федоровский,0.6284,2,True,
lead_lag,МР Салаватский,МР Шаранский,0.8076,1,True,
lead_lag,МР Учалинский,МР Стерлибашевский,0.7062,3,True,
lead_lag,МР Хайбуллинский,МР Стерлибашевский,0.7313,3,True,
lead_lag,МР Чекмагушевский,МР Стерлибашевский,0.6201,1,True,
lead_lag,МР Янаульский,МР Стерлибашевский,0.9609,3,True,
lead_lag,МР Стерлитамакский,МР Хайбуллинский,0.5303,2,True,
lead_lag,МР Федоровский,МР Татышлинский,0.7408,1,True,
lead_lag,МР Туймазинский,МР Чишминский,0.7713,1,True,
lead_lag,МР Хайбуллинский,МР Уфимский,0.5034,3,True,
lead_lag,МР Уфимский,МР Чишминский,0.8598,1,True,
lead_lag,МР Учалинский,МР Чишминский,0.6946,1,True,
lead_lag,МР Шаранский,МР Учалинский,0.5728,3,True,
lead_lag,МР Федоровский,МР Хайбуллинский,0.528,3,True,
lead_lag,МР Шаранский,МР Федоровский,0.6676,2,True,
lead_lag,МР Шаранский,МР Хайбуллинский,0.6112,3,True,
lead_lag,МР Янаульский,МР Чекмагушевский,0.5873,2,True,
dtw,ГО Агидель,МР Абзелиловский,0.7749,0,False,
dtw,ГО Агидель,МР Альшеевский,0.8471,0,False,
dtw,ГО Агидель,МР Аургазинский,0.9463,0,False,
dtw,ГО Агидель,МР Бакалинский,0.8345,0,False,
dtw,ГО Агидель,МР Бижбулякский,0.7537,0,False,
dtw,ГО Агидель,МР Буздякский,0.903,0,False,
dtw,ГО Агидель,МР Бураевский,0.8344,0,False,
dtw,ГО Агидель,МР Гафурийский,0.8265,0,False,
dtw,ГО Агидель,МР Ермекеевский,0.7001,0,False,
dtw,ГО Агидель,МР Калтасинский,0.8945,0,False,
dtw,ГО Агидель,МР Кушнаренковский,0.9346,0,False,
dtw,ГО Агидель,МР Миякинский,0.7504,0,False,
dtw,ГО Агидель,МР Стерлибашевский,0.8959,0,False,
dtw,ГО Агидель,МР Федоровский,0.8813,0,False,
dtw,ГО Агидель,МР Чекмагушевский,0.9254,0,False,
dtw,ГО Агидель,МР Шаранский,0.8168,0,False,
dtw,ГО Кумертау,ГО Нефтекамск,0.9541,0,False,
dtw,ГО Кумертау,ГО Октябрьский,0.9904,0,False,
dtw,ГО Кумертау,ГО Салават,0.9638,0,False,
dtw,ГО Кумертау,ГО Сибай,0.9772,0,False,
dtw,ГО Кумертау,ГО Стерлитамак,0.9572,0,False,
dtw,ГО Кумертау,ГО Уфа,0.9686,0,False,
dtw,ГО Кумертау,МР Белебеевский,0.9824,0,False,
dtw,ГО Кумертау,МР Белорецкий,0.9472,0,False,
dtw,ГО Кумертау,МР Бирский,0.981,0,False,
dtw,ГО Кумертау,МР Дюртюлинский,0.8907,0,False,
dtw,ГО Кумертау,МР Иглинский,0.9195,0,False,
dtw,ГО Кумертау,МР Ишимбайский,0.9215,0,False,
dtw,ГО Кумертау,МР Мелеузовский,0.9815,0,False,
dtw,ГО Кумертау,МР Стерлитамакский,0.8386,0,False,
dtw,ГО Кумертау,МР Туймазинский,0.9548,0,False,
dtw,ГО Кумертау,МР Чишминский,0.9083,0,False,
dtw,ГО Нефтекамск,ГО Октябрьский,0.9585,0,False,
dtw,ГО Нефтекамск,ГО Салават,0.9338,0,False,
dtw,ГО Нефтекамск,ГО Стерлитамак,0.9923,0,False,
dtw,ГО Нефтекамск,ГО Уфа,0.9729,0,False,
dtw,ГО Нефтекамск,МР Дюртюлинский,0.8991,0,False,
dtw,ГО Нефтекамск,МР Ишимбайский,0.9075,0,False,
dtw,ГО Нефтекамск,МР Мелеузовский,0.9622,0,False,
dtw,ГО Нефтекамск,МР Мечетлинский,0.7414,0,False,
dtw,ГО Нефтекамск,МР Салаватский,0.8221,0,False,
dtw,ГО Нефтекамск,МР Стерлитамакский,0.853,0,False,
dtw,ГО Нефтекамск,МР Туймазинский,1.0,0,False,
dtw,ГО Нефтекамск,МР Уфимский,0.9389,0,False,
dtw,ГО Нефтекамск,МР Учалинский,0.926,0,False,
dtw,ГО Октябрьский,ГО Салават,0.9684,0,False,
dtw,ГО Октябрьский,ГО Сибай,0.9488,0,False,
dtw,ГО Октябрьский,ГО Уфа,0.9941,0,False,
dtw,ГО Октябрьский,МР Белебеевский,0.9744,0,False,
dtw,ГО Октябрьский,МР Дюртюлинский,0.9211,0,False,
dtw,ГО Октябрьский,МР Ишимбайский,0.9666,0,False,
dtw,ГО Октябрьский,МР Мелеузовский,0.9647,0,False,
dtw,ГО Октябрьский,МР Мечетлинский,0.7017,0,False,
dtw,ГО Октябрьский,МР Салаватский,0.7631,0,False,
dtw,ГО Октябрьский,МР Стерлитамакский,0.8081,0,False,
dtw,ГО Октябрьский,МР Туймазинский,0.9618,0,False,
dtw,ГО Октябрьский,МР Учалинский,0.9192,0,False,
dtw,ГО Октябрьский,МР Янаульский,0.6246,0,False,
dtw,ГО Салават,ГО Сибай,0.9234,0,False,
dtw,ГО Салават,ГО Стерлитамак,0.9265,0,False,
dtw,ГО Салават,ГО Уфа,0.9623,0,False,
dtw,ГО Салават,МР Белебеевский,0.9337,0,False,
dtw,ГО Салават,МР Ишимбайский,0.9381,0,False,
dtw,ГО Салават,МР Янаульский,0.6443,0,False,
dtw,ГО Сибай,ГО Уфа,0.9519,0,False,
dtw,ГО Сибай,МР Белорецкий,0.9462,0,False,
dtw,ГО Сибай,МР Бирский,0.9731,0,False,
dtw,ГО Сибай,МР Благовещенский,0.9264,0,False,
dtw,ГО Сибай,МР Зилаирский,0.8347,0,False,
dtw,ГО Сибай,МР Иглинский,0.9487,0,False,
dtw,ГО Сибай,МР Мелеузовский,0.9615,0,False,
dtw,ГО Сибай,МР Стерлитамакский,0.7933,0,False,
dtw,ГО Сибай,МР Уфимский,0.9603,0,False,
dtw,ГО Сибай,МР Учалинский,0.96,0,False,
dtw,ГО Сибай,МР Хайбуллинский,0.8593,0,False,
dtw,ГО Сибай,МР Чишминский,0.9689,0,False,
dtw,ГО Сибай,МР Янаульский,0.6151,0,False,
dtw,ГО Стерлитамак,ГО Уфа,0.9523,0,False,
dtw,ГО Стерлитамак,МР Белорецкий,0.9607,0,False,
dtw,ГО Стерлитамак,МР Бирский,0.9448,0,False,
dtw,ГО Стерлитамак,МР Благовещенский,0.8993,0,False,
dtw,ГО Стерлитамак,МР Зилаирский,0.8542,0,False,
dtw,ГО Стерлитамак,МР Иглинский,0.9218,0,False,
dtw,ГО Стерлитамак,МР Ишимбайский,0.9006,0,False,
dtw,ГО Стерлитамак,МР Мелеузовский,0.9784,0,False,
dtw,ГО Стерлитамак,МР Мечетлинский,0.7071,0,False,
dtw,ГО Стерлитамак,МР Салаватский,0.8478,0,False,
dtw,ГО Стерлитамак,МР Стерлитамакский,0.8155,0,False,
dtw,ГО Стерлитамак,МР Туймазинский,0.9918,0,False,
dtw,ГО Стерлитамак,МР Уфимский,0.9885,0,False,
dtw,ГО Стерлитамак,МР Учалинский,0.9206,0,False,
dtw,ГО Стерлитамак,МР Хайбуллинский,0.8116,0,False,
dtw,ГО Стерлитамак,МР Чишминский,0.901,0,False,
dtw,ГО Уфа,МР Белебеевский,0.9962,0,False,
dtw,ГО Уфа,МР Белорецкий,0.9489,0,False,
dtw,ГО Уфа,МР Дюртюлинский,0.9646,0,False,
dtw,ГО Уфа,МР Ишимбайский,0.9425,0,False,
dtw,ГО Уфа,МР Мелеузовский,0.9736,0,False,
dtw,ГО Уфа,МР Туймазинский,0.9666,0,False,
dtw,ГО Уфа,МР Уфимский,0.96,0,False,
dtw,ГО Уфа,МР Учалинский,0.9335,0,False,
dtw,МР Абзелиловский,МР Бакалинский,0.8193,0,False,
dtw,МР Абзелиловский,МР Благоварский,0.7323,0,False,
dtw,МР Абзелиловский,МР Давлекановский,0.6448,0,False,
dtw,МР Абзелиловский,МР Ермекеевский,0.7925,0,False,
dtw,МР Абзелиловский,МР Калтасинский,0.8858,0,False,
dtw,МР Абзелиловский,МР Кармаскалинский,0.7016,0,False,
dtw,МР Абзелиловский,МР Кигинский,0.5706,0,False,
dtw,МР Абзелиловский,МР Миякинский,0.7888,0,False,
dtw,МР Абзелиловский,МР Стерлибашевский,0.8523,0,False,
dtw,МР Абзелиловский,МР Чекмагушевский,0.8163,0,False,
dtw,МР Абзелиловский,МР Шаранский,0.7788,0,False,
dtw,МР Альшеевский,МР Аургазинский,0.8889,0,False,
dtw,МР Альшеевский,МР Буздякский,0.8337,0,False,
dtw,МР Альшеевский,МР Бураевский,0.9049,0,False,
dtw,МР Альшеевский,МР Гафурийский,0.8884,0,False,
dtw,МР Альшеевский,МР Калтасинский,0.84,0,False,
dtw,МР Альшеевский,МР Караидельский,0.8475,0,False,
dtw,МР Альшеевский,МР Кушнаренковский,0.8681,0,False,
dtw,МР Альшеевский,МР Чекмагушевский,0.8726,0,False,
dtw,МР Альшеевский,МР Шаранский,0.8233,0,False,
dtw,МР Архангельский,МР Бакалинский,0.823,0,False,
dtw,МР Архангельский,МР Балтачевский,0.6756,0,False,
dtw,МР Архангельский,МР Благоварский,0.8059,0,False,
dtw,МР Архангельский,МР Ермекеевский,0.8115,0,False,
dtw,МР Архангельский,МР Илишевский,0.819,0,False,
dtw,МР Архангельский,МР Кармаскалинский,0.6261,0,False,
dtw,МР Архангельский,МР Кигинский,0.654,0,False,
dtw,МР Архангельский,МР Мишкинский,0.695,0,False,
dtw,МР Архангельский,МР Миякинский,0.7793,0,False,
dtw,МР Архангельский,МР Нуримановский,0.7496,0,False,
dtw,МР Аскинский,МР Баймакский,0.7887,0,False,
dtw,МР Аскинский,МР Буздякский,0.5679,0,False,
dtw,МР Аскинский,МР Дуванский,0.6086,0,False,
dtw,МР Аскинский,МР Зианчуринский,0.6253,0,False,
dtw,МР Аскинский,МР Илишевский,0.6479,0,False,
dtw,МР Аскинский,МР Караидельский,0.5696,0,False,
dtw,МР Аскинский,МР Мишкинский,0.6356,0,False,
dtw,МР Аскинский,МР Нуримановский,0.5653,0,False,
dtw,МР Аургазинский,МР Бижбулякский,0.7765,0,False,
dtw,МР Аургазинский,МР Буздякский,0.8802,0,False,
dtw,МР Аургазинский,МР Бураевский,0.8309,0,False,
dtw,МР Аургазинский,МР Гафурийский,0.9219,0,False,
dtw,МР Аургазинский,МР Караидельский,0.8271,0,False,
dtw,МР Аургазинский,МР Кушнаренковский,0.9544,0,False,
dtw,МР Аургазинский,МР Стерлибашевский,0.8213,0,False,
dtw,МР Аургазинский,МР Федоровский,0.8518,0,False,
dtw,МР Аургазинский,МР Чекмагушевский,0.93,0,False,
dtw,МР Аургазинский,МР Шаранский,0.8269,0,False,
dtw,МР Баймакский,МР Гафурийский,0.6069,0,False,
dtw,МР Баймакский,МР Дуванский,0.7177,0,False,
dtw,МР Баймакский,МР Зианчуринский,0.5768,0,False,
dtw,МР Баймакский,МР Илишевский,0.6016,0,False,
dtw,МР Баймакский,МР Кугарчинский,0.5786,0,False,
dtw,МР Баймакский,МР Мечетлинский,0.5977,0,False,
dtw,МР Баймакский,МР Мишкинский,0.6693,0,False,
dtw,МР Бакалинский,МР Благоварский,0.8793,0,False,
dtw,МР Бакалинский,МР Ермекеевский,0.6945,0,False,
dtw,МР Бакалинский,МР Калтасинский,0.8708,0,False,
dtw,МР Бакалинский,МР Кушнаренковский,0.8103,0,False,
dtw,МР Бакалинский,МР Мишкинский,0.6949,0,False,
dtw,МР Бакалинский,МР Миякинский,0.8441,0,False,
dtw,МР Бакалинский,МР Чекмагушевский,0.7871,0,False,
dtw,МР Балтачевский,МР Бижбулякский,0.7095,0,False,
dtw,МР Балтачевский,МР Бурзянский,0.6003,0,False,
dtw,МР Балтачевский,МР Зианчуринский,0.703,0,False,
dtw,МР Балтачевский,МР Илишевский,0.6381,0,False,
dtw,МР Балтачевский,МР Караидельский,0.6941,0,False,
dtw,МР Балтачевский,МР Кугарчинский,0.6796,0,False,
dtw,МР Балтачевский,МР Кушнаренковский,0.6635,0,False,
dtw,МР Балтачевский,МР Нуримановский,0.6966,0,False,
dtw,МР Белебеевский,МР Белорецкий,0.9505,0,False,
dtw,МР Белебеевский,МР Бурзянский,0.6606,0,False,
dtw,МР Белебеевский,МР Дюртюлинский,0.967,0,False,
dtw,МР Белебеевский,МР Ишимбайский,0.9367,0,False,
dtw,МР Белебеевский,МР Мелеузовский,0.9596,0,False,
dtw,МР Белокатайский,МР Бурзянский,0.6428,0,False,
dtw,МР Белокатайский,МР Давлекановский,0.6152,0,False,
dtw,МР Белокатайский,МР Кармаскалинский,0.5479,0,False,
dtw,МР Белокатайский,МР Краснокамский,0.5348,0,False,
dtw,МР Белокатайский,МР Нуримановский,0.5663,0,False,
dtw,МР Белокатайский,МР Стерлитамакский,0.5629,0,False,
dtw,МР Белокатайский,МР Татышлинский,0.6453,0,False,
dtw,МР Белокатайский,МР Хайбуллинский,0.5893,0,False,
dtw,МР Белокатайский,МР Чишминский,0.5741,0,False,
dtw,МР Белокатайский,МР Янаульский,0.5851,0,False,
dtw,МР Белорецкий,МР Бирский,0.9422,0,False,
dtw,МР Белорецкий,МР Благовещенский,0.9255,0,False,
dtw,МР Белорецкий,МР Зилаирский,0.8387,0,False,
dtw,МР Белорецкий,МР Мелеузовский,0.9694,0,False,
dtw,МР Белорецкий,МР Уфимский,0.9553,0,False,
dtw,МР Белорецкий,МР Чишминский,0.9049,0,False,
dtw,МР Бижбулякский,МР Бураевский,0.8214,0,False,
dtw,МР Бижбулякский,МР Гафурийский,0.7524,0,False,
dtw,МР Бижбулякский,МР Зианчуринский,0.6495,0,False,
dtw,МР Бижбулякский,МР Илишевский,0.7584,0,False,
dtw,МР Бижбулякский,МР Кугарчинский,0.8625,0,False,
dtw,МР Бижбулякский,МР Федоровский,0.8326,0,False,
dtw,МР Бижбулякский,МР Чекмагушевский,0.7299,0,False,
dtw,МР Бирский,МР Благовещенский,0.8861,0,False,
dtw,МР Бирский,МР Дуванский,0.5057,0,False,
dtw,МР Бирский,МР Зилаирский,0.8172,0,False,
dtw,МР Бирский,МР Иглинский,0.9461,0,False,
dtw,МР Бирский,МР Мелеузовский,0.989,0,False,
dtw,МР Бирский,МР Салаватский,0.75,0,False,
dtw,МР Бирский,МР Стерлитамакский,0.8424,0,False,
dtw,МР Бирский,МР Туймазинский,0.9383,0,False,
dtw,МР Бирский,МР Уфимский,0.9469,0,False,
dtw,МР Бирский,МР Хайбуллинский,0.8585,0,False,
dtw,МР Благоварский,МР Калтасинский,0.7686,0,False,
dtw,МР Благоварский,МР Мишкинский,0.7257,0,False,
dtw,МР Благоварский,МР Миякинский,0.8647,0,False,
dtw,МР Благоварский,МР Нуримановский,0.7824,0,False,
dtw,МР Благоварский,МР Стерлибашевский,0.7779,0,False,
dtw,МР Благовещенский,МР Зилаирский,0.915,0,False,
dtw,МР Благовещенский,МР Иглинский,0.8869,0,False,
dtw,МР Благовещенский,МР Татышлинский,0.5862,0,False,
dtw,МР Благовещенский,МР Уфимский,0.9393,0,False,
dtw,МР Благовещенский,МР Хайбуллинский,0.8459,0,False,
dtw,МР Благовещенский,МР Чишминский,0.9517,0,False,
dtw,МР Буздякский,МР Гафурийский,0.8038,0,False,
dtw,МР Буздякский,МР Караидельский,0.815,0,False,
dtw,МР Буздякский,МР Кигинский,0.5798,0,False,
dtw,МР Буздякский,МР Кушнаренковский,0.9229,0,False,
dtw,МР Буздякский,МР Нуримановский,0.7467,0,False,
dtw,МР Буздякский,МР Стерлибашевский,0.8437,0,False,
dtw,МР Буздякский,МР Федоровский,0.9158,0,False,
dtw,МР Буздякский,МР Чекмагушевский,0.8777,0,False,
dtw,МР Бураевский,МР Гафурийский,0.803,0,False,
dtw,МР Бураевский,МР Давлекановский,0.6262,0,False,
dtw,МР Бураевский,МР Кушнаренковский,0.801,0,False,
dtw,МР Бураевский,МР Федоровский,0.808,0,False,
dtw,МР Бураевский,МР Чекмагушевский,0.851,0,False,
dtw,МР Бурзянский,МР Дюртюлинский,0.7474,0,False,
dtw,МР Бурзянский,МР Ишимбайский,0.602,0,False,
dtw,МР Бурзянский,МР Кигинский,0.5985,0,False,
dtw,МР Бурзянский,МР Мечетлинский,0.6488,0,False,
dtw,МР Бурзянский,МР Хайбуллинский,0.645,0,False,
dtw,МР Гафурийский,МР Караидельский,0.8304,0,False,
dtw,МР Гафурийский,МР Кугарчинский,0.7178,0,False,
dtw,МР Гафурийский,МР Кушнаренковский,0.907,0,False,
dtw,МР Гафурийский,МР Федоровский,0.8313,0,False,
dtw,МР Гафурийский,МР Шаранский,0.7927,0,False,
dtw,МР Давлекановский,МР Ермекеевский,0.645,0,False,
dtw,МР Давлекановский,МР Калтасинский,0.6199,0,False,
dtw,МР Давлекановский,МР Кармаскалинский,0.6438,0,False,
dtw,МР Давлекановский,МР Краснокамский,0.5759,0,False,
dtw,МР Давлекановский,МР Стерлибашевский,0.6244,0,False,
dtw,МР Давлекановский,МР Чекмагушевский,0.6475,0,False,
dtw,МР Давлекановский,МР Шаранский,0.6791,0,False,
dtw,МР Давлекановский,МР Янаульский,0.6076,0,False,
dtw,МР Дуванский,МР Зилаирский,0.5258,0,False,
dtw,МР Дуванский,МР Мечетлинский,0.5987,0,False,
dtw,МР Дуванский,МР Хайбуллинский,0.5488,0,False,
dtw,МР Дуванский,МР Чишминский,0.5098,0,False,
dtw,МР Дуванский,МР Янаульский,0.5343,0,False,
dtw,МР Дюртюлинский,МР Ишимбайский,0.9283,0,False,
dtw,МР Дюртюлинский,МР Уфимский,0.9017,0,False,
dtw,МР Дюртюлинский,МР Учалинский,0.9031,0,False,
dtw,МР Ермекеевский,МР Илишевский,0.7214,0,False,
dtw,МР Ермекеевский,МР Калтасинский,0.7531,0,False,
dtw,МР Ермекеевский,МР Кармаскалинский,0.5592,0,False,
dtw,МР Ермекеевский,МР Кигинский,0.6314,0,False,
dtw,МР Ермекеевский,МР Краснокамский,0.5352,0,False,
dtw,МР Ермекеевский,МР Мишкинский,0.6953,0,False,
dtw,МР Ермекеевский,МР Миякинский,0.6813,0,False,
dtw,МР Ермекеевский,МР Нуримановский,0.6969,0,False,
dtw,МР Зианчуринский,МР Илишевский,0.6814,0,False,
dtw,МР Зианчуринский,МР Караидельский,0.6923,0,False,
dtw,МР Зианчуринский,МР Кигинский,0.5931,0,False,
dtw,МР Зианчуринский,МР Кугарчинский,0.7142,0,False,
dtw,МР Зианчуринский,МР Мечетлинский,0.7035,0,False,
dtw,МР Зилаирский,МР Салаватский,0.8054,0,False,
dtw,МР Зилаирский,МР Татышлинский,0.6635,0,False,
dtw,МР Зилаирский,МР Уфимский,0.8378,0,False,
dtw,МР Зилаирский,МР Хайбуллинский,0.865,0,False,
dtw,МР Зилаирский,МР Чишминский,0.8361,0,False,
dtw,МР Иглинский,МР Мелеузовский,0.9313,0,False,
dtw,МР Иглинский,МР Мечетлинский,0.698,0,False,
dtw,МР Иглинский,МР Туймазинский,0.9298,0,False,
dtw,МР Иглинский,МР Уфимский,0.9899,0,False,
dtw,МР Иглинский,МР Хайбуллинский,0.8236,0,False,
dtw,МР Иглинский,МР Чишминский,0.9312,0,False,
dtw,МР Илишевский,МР Караидельский,0.688,0,False,
dtw,МР Илишевский,МР Кигинский,0.583,0,False,
dtw,МР Илишевский,МР Кугарчинский,0.7038,0,False,
dtw,МР Илишевский,МР Мишкинский,0.7238,0,False,
dtw,МР Илишевский,МР Нуримановский,0.8271,0,False,
dtw,МР Илишевский,МР Федоровский,0.8358,0,False,
dtw,МР Ишимбайский,МР Янаульский,0.6459,0,False,
dtw,МР Калтасинский,МР Кармаскалинский,0.6184,0,False,
dtw,МР Калтасинский,МР Кушнаренковский,0.8738,0,False,
dtw,МР Калтасинский,МР Миякинский,0.8272,0,False,
dtw,МР Калтасинский,МР Нуримановский,0.7339,0,False,
dtw,МР Калтасинский,МР Стерлибашевский,0.9028,0,False,
dtw,МР Калтасинский,МР Чекмагушевский,0.884,0,False,
dtw,МР Калтасинский,МР Шаранский,0.7977,0,False,
dtw,МР Караидельский,МР Кугарчинский,0.8244,0,False,
dtw,МР Караидельский,МР Кушнаренковский,0.8158,0,False,
dtw,МР Караидельский,МР Федоровский,0.8073,0,False,
dtw,МР Караидельский,МР Чекмагушевский,0.7845,0,False,
dtw,МР Кармаскалинский,МР Миякинский,0.6415,0,False,
dtw,МР Кармаскалинский,МР Янаульский,0.6533,0,False,
dtw,МР Кигинский,МР Нуримановский,0.6594,0,False,
dtw,МР Краснокамский,МР Мечетлинский,0.4831,0,False,
dtw,МР Краснокамский,МР Стерлитамакский,0.6977,0,False,
dtw,МР Краснокамский,МР Татышлинский,0.5293,0,False,
dtw,МР Краснокамский,МР Хайбуллинский,0.4817,0,False,
dtw,МР Краснокамский,МР Янаульский,0.5992,0,False,
dtw,МР Кугарчинский,МР Кушнаренковский,0.6937,0,False,
dtw,МР Кугарчинский,МР Федоровский,0.7363,0,False,
dtw,МР Кугарчинский,МР Шаранский,0.6933,0,False,
dtw,МР Кушнаренковский,МР Нуримановский,0.7364,0,False,
dtw,МР Кушнаренковский,МР Стерлибашевский,0.8502,0,False,
dtw,МР Кушнаренковский,МР Федоровский,0.8684,0,False,
dtw,МР Кушнаренковский,МР Чекмагушевский,0.9016,0,False,
dtw,МР Кушнаренковский,МР Шаранский,0.8129,0,False,
dtw,МР Мелеузовский,МР Стерлитамакский,0.8359,0,False,
dtw,МР Мелеузовский,МР Туймазинский,0.9982,0,False,
dtw,МР Мелеузовский,МР Уфимский,0.955,0,False,
dtw,МР Мелеузовский,МР Учалинский,0.9337,0,False,
dtw,МР Мелеузовский,МР Хайбуллинский,0.844,0,False,
dtw,МР Мечетлинский,МР Салаватский,0.7945,0,False,
dtw,МР Мечетлинский,МР Туймазинский,0.8093,0,False,
dtw,МР Мечетлинский,МР Хайбуллинский,0.696,0,False,
dtw,МР Мишкинский,МР Нуримановский,0.66,0,False,
dtw,МР Миякинский,МР Стерлибашевский,0.8173,0,False,
dtw,МР Нуримановский,МР Стерлибашевский,0.7827,0,False,
dtw,МР Нуримановский,МР Федоровский,0.7744,0,False,
dtw,МР Салаватский,МР Татышлинский,0.5652,0,False,
dtw,МР Салаватский,МР Туймазинский,0.8176,0,False,
dtw,МР Салаватский,МР Хайбуллинский,0.7609,0,False,
dtw,МР Стерлибашевский,МР Чекмагушевский,0.8996,0,False,
dtw,МР Стерлитамакский,МР Татышлинский,0.5719,0,False,
dtw,МР Стерлитамакский,МР Туймазинский,0.7938,0,False,
dtw,МР Татышлинский,МР Учалинский,0.567,0,False,
dtw,МР Татышлинский,МР Хайбуллинский,0.6511,0,False,
dtw,МР Татышлинский,МР Чишминский,0.5708,0,False,
dtw,МР Туймазинский,МР Уфимский,0.9562,0,False,
dtw,МР Туймазинский,МР Учалинский,0.9354,0,False,
dtw,МР Туймазинский,МР Хайбуллинский,0.8166,0,False,
dtw,МР Уфимский,МР Учалинский,0.9369,0,False,
dtw,МР Уфимский,МР Чишминский,0.9708,0,False,
dtw,МР Учалинский,МР Чишминский,0.9131,0,False,
dtw,МР Учалинский,МР Янаульский,0.5988,0,False,
dtw,МР Федоровский,МР Чекмагушевский,0.8475,0,False,
dtw,МР Федоровский,МР Шаранский,0.8197,0,False,
dtw,МР Чекмагушевский,МР Шаранский,0.8649,0,False,
distance,ГО Агидель,ГО Нефтекамск,0.9789,0,False,
distance,ГО Агидель,МР Бураевский,0.7758,0,False,
distance,ГО Агидель,МР Дюртюлинский,0.8741,0,False,
distance,ГО Агидель,МР Илишевский,0.7631,0,False,
distance,ГО Агидель,МР Калтасинский,0.9211,0,False,
distance,ГО Агидель,МР Краснокамский,0.9702,0,False,
distance,ГО Агидель,МР Чекмагушевский,0.742,0,False,
distance,ГО Агидель,МР Янаульский,0.8966,0,False,
distance,ГО Кумертау,ГО Салават,0.9203,0,False,
distance,ГО Кумертау,ГО Стерлитамак,0.8445,0,False,
distance,ГО Кумертау,МР Зианчуринский,0.8066,0,False,
distance,ГО Кумертау,МР Ишимбайский,0.8843,0,False,
distance,ГО Кумертау,МР Кугарчинский,0.9332,0,False,
distance,ГО Кумертау,МР Куюргазинский,0.9985,0,False,
distance,ГО Кумертау,МР Мелеузовский,0.9882,0,False,
distance,ГО Кумертау,МР Стерлибашевский,0.8534,0,False,
distance,ГО Кумертау,МР Федоровский,0.9166,0,False,
distance,ГО Нефтекамск,МР Бураевский,0.8694,0,False,
distance,ГО Нефтекамск,МР Дюртюлинский,0.8934,0,False,
distance,ГО Нефтекамск,МР Илишевский,0.7874,0,False,
distance,ГО Нефтекамск,МР Калтасинский,0.9755,0,False,
distance,ГО Нефтекамск,МР Краснокамский,0.9992,0,False,
distance,ГО Нефтекамск,МР Татышлинский,0.8296,0,False,
distance,ГО Нефтекамск,МР Янаульский,0.9637,0,False,
distance,ГО Октябрьский,МР Бакалинский,0.8699,0,False,
distance,ГО Октябрьский,МР Белебеевский,0.9138,0,False,
distance,ГО Октябрьский,МР Бижбулякский,0.785,0,False,
distance,ГО Октябрьский,МР Буздякский,0.9029,0,False,
distance,ГО Октябрьский,МР Ермекеевский,0.9462,0,False,
distance,ГО Октябрьский,МР Туймазинский,0.9937,0,False,
distance,ГО Октябрьский,МР Чекмагушевский,0.8185,0,False,
distance,ГО Октябрьский,МР Шаранский,0.9571,0,False,
distance,ГО Салават,ГО Стерлитамак,0.9849,0,False,
distance,ГО Салават,МР Аургазинский,0.9186,0,False,
distance,ГО Салават,МР Гафурийский,0.8826,0,False,
distance,ГО Салават,МР Ишимбайский,0.9961,0,False,
distance,ГО Салават,МР Кугарчинский,0.8263,0,False,
distance,ГО Салават,МР Куюргазинский,0.9092,0,False,
distance,ГО Салават,МР Мелеузовский,0.9679,0,False,
distance,ГО Салават,МР Стерлибашевский,0.9301,0,False,
distance,ГО Салават,МР Стерлитамакский,0.9849,0,False,
distance,ГО Салават,МР Федоровский,0.9358,0,False,
distance,ГО Сибай,МР Абзелиловский,0.9026,0,False,
distance,ГО Сибай,МР Баймакский,0.9802,0,False,
distance,ГО Сибай,МР Белорецкий,0.6706,0,False,
distance,ГО Сибай,МР Бурзянский,0.7232,0,False,
distance,ГО Сибай,МР Зианчуринский,0.6177,0,False,
distance,ГО Сибай,МР Зилаирский,0.8326,0,False,
distance,ГО Сибай,МР Учалинский,0.4954,0,False,
distance,ГО Сибай,МР Хайбуллинский,0.8442,0,False,
distance,ГО Стерлитамак,МР Альшеевский,0.8852,0,False,
distance,ГО Стерлитамак,МР Архангельский,0.8077,0,False,
distance,ГО Стерлитамак,МР Аургазинский,0.9714,0,False,
distance,ГО Стерлитамак,МР Белорецкий,0.491,0,False,
distance,ГО Стерлитамак,МР Гафурийский,0.9454,0,False,
distance,ГО Стерлитамак,МР Ишимбайский,0.9857,0,False,
distance,ГО Стерлитамак,МР Мелеузовский,0.9119,0,False,
distance,ГО Стерлитамак,МР Миякинский,0.8659,0,False,
distance,ГО Стерлитамак,МР Стерлибашевский,0.9543,0,False,
distance,ГО Стерлитамак,МР Стерлитамакский,1.0,0,False,
distance,ГО Стерлитамак,МР Федоровский,0.9141,0,False,
distance,ГО Уфа,МР Архангельский,0.8952,0,False,
distance,ГО Уфа,МР Аургазинский,0.9059,0,False,
distance,ГО Уфа,МР Благоварский,0.9278,0,False,
distance,ГО Уфа,МР Благовещенский,0.9679,0,False,
distance,ГО Уфа,МР Давлекановский,0.8629,0,False,
distance,ГО Уфа,МР Иглинский,0.9782,0,False,
distance,ГО Уфа,МР Кармаскалинский,0.9616,0,False,
distance,ГО Уфа,МР Кушнаренковский,0.9369,0,False,
distance,ГО Уфа,МР Нуримановский,0.8964,0,False,
distance,ГО Уфа,МР Салаватский,0.6423,0,False,
distance,ГО Уфа,МР Уфимский,1.0,0,False,
distance,ГО Уфа,МР Чишминский,0.9611,0,False,
distance,МР Абзелиловский,МР Баймакский,0.8557,0,False,
distance,МР Абзелиловский,МР Белорецкий,0.8664,0,False,
distance,МР Абзелиловский,МР Бурзянский,0.8193,0,False,
distance,МР Абзелиловский,МР Зилаирский,0.6167,0,False,
distance,МР Абзелиловский,МР Кугарчинский,0.4793,0,False,
distance,МР Абзелиловский,МР Учалинский,0.6878,0,False,
distance,МР Абзелиловский,МР Хайбуллинский,0.5862,0,False,
distance,МР Альшеевский,МР Аургазинский,0.9048,0,False,
distance,МР Альшеевский,МР Белебеевский,0.9111,0,False,
distance,МР Альшеевский,МР Бижбулякский,0.8973,0,False,
distance,МР Альшеевский,МР Благоварский,0.8719,0,False,
distance,МР Альшеевский,МР Буздякский,0.9174,0,False,
distance,МР Альшеевский,МР Давлекановский,0.9903,0,False,
distance,МР Альшеевский,МР Ермекеевский,0.831,0,False,
distance,МР Альшеевский,МР Миякинский,0.9233,0,False,
distance,МР Альшеевский,МР Чишминский,0.9348,0,False,
distance,МР Архангельский,МР Аургазинский,0.8669,0,False,
distance,МР Архангельский,МР Белорецкий,0.6687,0,False,
distance,МР Архангельский,МР Гафурийский,0.9115,0,False,
distance,МР Архангельский,МР Иглинский,0.8077,0,False,
distance,МР Архангельский,МР Кармаскалинский,0.9716,0,False,
distance,МР Архангельский,МР Уфимский,0.8952,0,False,
distance,МР Архангельский,МР Учалинский,0.3893,0,False,
distance,МР Архангельский,МР Чишминский,0.823,0,False,
distance,МР Аскинский,МР Балтачевский,0.9624,0,False,
distance,МР Аскинский,МР Белокатайский,0.4146,0,False,
distance,МР Аскинский,МР Бирский,0.821,0,False,
distance,МР Аскинский,МР Бураевский,0.8802,0,False,
distance,МР Аскинский,МР Дуванский,0.521,0,False,
distance,МР Аскинский,МР Караидельский,0.9356,0,False,
distance,МР Аскинский,МР Кигинский,0.5528,0,False,
distance,МР Аскинский,МР Мечетлинский,0.6078,0,False,
distance,МР Аскинский,МР Мишкинский,0.9068,0,False,
distance,МР Аскинский,МР Нуримановский,0.7307,0,False,
distance,МР Аскинский,МР Татышлинский,0.9328,0,False,
distance,МР Аскинский,МР Янаульский,0.7743,0,False,
distance,МР Аургазинский,МР Гафурийский,0.9571,0,False,
distance,МР Аургазинский,МР Давлекановский,0.9412,0,False,
distance,МР Аургазинский,МР Ишимбайский,0.9301,0,False,
distance,МР Аургазинский,МР Кармаскалинский,0.9571,0,False,
distance,МР Аургазинский,МР Стерлитамакский,0.9714,0,False,
distance,МР Аургазинский,МР Уфимский,0.9059,0,False,
distance,МР Баймакский,МР Белорецкий,0.6042,0,False,
distance,МР Баймакский,МР Бурзянский,0.8299,0,False,
distance,МР Баймакский,МР Зианчуринский,0.7225,0,False,
distance,МР Баймакский,МР Зилаирский,0.9117,0,False,
distance,МР Баймакский,МР Кугарчинский,0.5178,0,False,
distance,МР Баймакский,МР Учалинский,0.3838,0,False,
distance,МР Баймакский,МР Хайбуллинский,0.8897,0,False,
distance,МР Бакалинский,МР Буздякский,0.8271,0,False,
distance,МР Бакалинский,МР Дюртюлинский,0.8669,0,False,
distance,МР Бакалинский,МР Илишевский,0.9583,0,False,
distance,МР Бакалинский,МР Кушнаренковский,0.8331,0,False,
distance,МР Бакалинский,МР Туймазинский,0.9172,0,False,
distance,МР Бакалинский,МР Чекмагушевский,0.9457,0,False,
distance,МР Бакалинский,МР Шаранский,0.9403,0,False,
distance,МР Балтачевский,МР Бирский,0.8957,0,False,
distance,МР Балтачевский,МР Бураевский,0.9697,0,False,
distance,МР Балтачевский,МР Калтасинский,0.8598,0,False,
distance,МР Балтачевский,МР Караидельский,0.8285,0,False,
distance,МР Балтачевский,МР Мишкинский,0.8568,0,False,
distance,МР Балтачевский,МР Татышлинский,0.98,0,False,
distance,МР Балтачевский,МР Янаульский,0.8629,0,False,
distance,МР Белебеевский,МР Бижбулякский,0.9493,0,False,
distance,МР Белебеевский,МР Буздякский,0.9303,0,False,
distance,МР Белебеевский,МР Ермекеевский,0.9844,0,False,
distance,МР Белебеевский,МР Миякинский,0.9004,0,False,
distance,МР Белебеевский,МР Туймазинский,0.935,0,False,
distance,МР Белебеевский,МР Шаранский,0.8729,0,False,
distance,МР Белокатайский,МР Дуванский,0.8604,0,False,
distance,МР Белокатайский,МР Иглинский,0.4146,0,False,
distance,МР Белокатайский,МР Караидельский,0.6177,0,False,
distance,МР Белокатайский,МР Кигинский,0.9679,0,False,
distance,МР Белокатайский,МР Мечетлинский,0.9398,0,False,
distance,МР Белокатайский,МР Мишкинский,0.3899,0,False,
distance,МР Белокатайский,МР Салаватский,0.8583,0,False,
distance,МР Белорецкий,МР Бурзянский,0.768,0,False,
distance,МР Белорецкий,МР Кармаскалинский,0.5259,0,False,
distance,МР Белорецкий,МР Учалинский,0.8927,0,False,
distance,МР Белорецкий,МР Хайбуллинский,0.337,0,False,
distance,МР Бижбулякский,МР Давлекановский,0.8437,0,False,
distance,МР Бижбулякский,МР Ермекеевский,0.9361,0,False,
distance,МР Бижбулякский,МР Миякинский,0.9733,0,False,
distance,МР Бижбулякский,МР Стерлибашевский,0.8876,0,False,
distance,МР Бижбулякский,МР Туймазинский,0.7898,0,False,
distance,МР Бижбулякский,МР Федоровский,0.7982,0,False,
distance,МР Бирский,МР Благовещенский,0.9474,0,False,
distance,МР Бирский,МР Бураевский,0.9551,0,False,
distance,МР Бирский,МР Дюртюлинский,0.953,0,False,
distance,МР Бирский,МР Илишевский,0.8619,0,False,
distance,МР Бирский,МР Калтасинский,0.8329,0,False,
distance,МР Бирский,МР Караидельский,0.8372,0,False,
distance,МР Бирский,МР Кушнаренковский,0.9514,0,False,
distance,МР Бирский,МР Мечетлинский,0.4699,0,False,
distance,МР Бирский,МР Мишкинский,0.9774,0,False,
distance,МР Бирский,МР Татышлинский,0.8069,0,False,
distance,МР Бирский,МР Чекмагушевский,0.8763,0,False,
distance,МР Бирский,МР Янаульский,0.8185,0,False,
distance,МР Благоварский,МР Буздякский,0.9391,0,False,
distance,МР Благоварский,МР Давлекановский,0.9164,0,False,
distance,МР Благоварский,МР Иглинский,0.841,0,False,
distance,МР Благоварский,МР Кушнаренковский,0.917,0,False,
distance,МР Благоварский,МР Туймазинский,0.8117,0,False,
distance,МР Благоварский,МР Уфимский,0.9278,0,False,
distance,МР Благоварский,МР Чекмагушевский,0.8684,0,False,
distance,МР Благоварский,МР Чишминский,0.9877,0,False,
distance,МР Благовещенский,МР Иглинский,0.953,0,False,
distance,МР Благовещенский,МР Кармаскалинский,0.8702,0,False,
distance,МР Благовещенский,МР Кушнаренковский,0.9092,0,False,
distance,МР Благовещенский,МР Мишкинский,0.8814,0,False,
distance,МР Благовещенский,МР Нуримановский,0.8508,0,False,
distance,МР Благовещенский,МР Уфимский,0.9679,0,False,
distance,МР Благовещенский,МР Чишминский,0.8829,0,False,
distance,МР Буздякский,МР Давлекановский,0.9385,0,False,
distance,МР Буздякский,МР Ермекеевский,0.8626,0,False,
distance,МР Буздякский,МР Илишевский,0.8426,0,False,
distance,МР Буздякский,МР Туймазинский,0.9294,0,False,
distance,МР Буздякский,МР Чекмагушевский,0.9339,0,False,
distance,МР Буздякский,МР Чишминский,0.9077,0,False,
distance,МР Буздякский,МР Шаранский,0.936,0,False,
distance,МР Бураевский,МР Дюртюлинский,0.9299,0,False,
distance,МР Бураевский,МР Илишевский,0.8367,0,False,
distance,МР Бураевский,МР Калтасинский,0.954,0,False,
distance,МР Бураевский,МР Краснокамский,0.8557,0,False,
distance,МР Бураевский,МР Мишкинский,0.9268,0,False,
distance,МР Бураевский,МР Татышлинский,0.9117,0,False,
distance,МР Бураевский,МР Янаульский,0.9452,0,False,
distance,МР Бурзянский,МР Зианчуринский,0.6557,0,False,
distance,МР Бурзянский,МР Зилаирский,0.7638,0,False,
distance,МР Бурзянский,МР Кугарчинский,0.8445,0,False,
distance,МР Бурзянский,МР Мелеузовский,0.6393,0,False,
distance,МР Бурзянский,МР Учалинский,0.485,0,False,
distance,МР Бурзянский,МР Хайбуллинский,0.5528,0,False,
distance,МР Гафурийский,МР Ишимбайский,0.9178,0,False,
distance,МР Гафурийский,МР Кармаскалинский,0.9087,0,False,
distance,МР Гафурийский,МР Стерлибашевский,0.8174,0,False,
distance,МР Гафурийский,МР Стерлитамакский,0.9454,0,False,
distance,МР Давлекановский,МР Миякинский,0.8749,0,False,
distance,МР Давлекановский,МР Уфимский,0.8629,0,False,
distance,МР Давлекановский,МР Чишминский,0.9665,0,False,
distance,МР Дуванский,МР Иглинский,0.5737,0,False,
distance,МР Дуванский,МР Караидельский,0.7279,0,False,
distance,МР Дуванский,МР Кигинский,0.958,0,False,
distance,МР Дуванский,МР Мечетлинский,0.8778,0,False,
distance,МР Дуванский,МР Мишкинский,0.4942,0,False,
distance,МР Дуванский,МР Салаватский,0.9672,0,False,
distance,МР Дюртюлинский,МР Илишевский,0.971,0,False,
distance,МР Дюртюлинский,МР Краснокамский,0.8761,0,False,
distance,МР Дюртюлинский,МР Кушнаренковский,0.9483,0,False,
distance,МР Дюртюлинский,МР Мишкинский,0.8749,0,False,
distance,МР Дюртюлинский,МР Чекмагушевский,0.9671,0,False,
distance,МР Ермекеевский,МР Миякинский,0.8372,0,False,
distance,МР Ермекеевский,МР Туймазинский,0.9318,0,False,
distance,МР Ермекеевский,МР Шаранский,0.8604,0,False,
distance,МР Зианчуринский,МР Зилаирский,0.9229,0,False,
distance,МР Зианчуринский,МР Кугарчинский,0.9435,0,False,
distance,МР Зианчуринский,МР Куюргазинский,0.8342,0,False,
distance,МР Зианчуринский,МР Мелеузовский,0.7827,0,False,
distance,МР Зианчуринский,МР Хайбуллинский,0.6419,0,False,
distance,МР Зилаирский,МР Кугарчинский,0.7598,0,False,
distance,МР Зилаирский,МР Куюргазинский,0.6118,0,False,
distance,МР Зилаирский,МР Хайбуллинский,0.8526,0,False,
distance,МР Иглинский,МР Кармаскалинский,0.8982,0,False,
distance,МР Иглинский,МР Кигинский,0.5502,0,False,
distance,МР Иглинский,МР Кушнаренковский,0.8659,0,False,
distance,МР Иглинский,МР Нуримановский,0.9651,0,False,
distance,МР Иглинский,МР Салаватский,0.7285,0,False,
distance,МР Иглинский,МР Уфимский,0.9782,0,False,
distance,МР Иглинский,МР Чишминский,0.8922,0,False,
distance,МР Илишевский,МР Краснокамский,0.7659,0,False,
distance,МР Илишевский,МР Кушнаренковский,0.8883,0,False,
distance,МР Илишевский,МР Чекмагушевский,0.9617,0,False,
distance,МР Илишевский,МР Шаранский,0.8977,0,False,
distance,МР Ишимбайский,МР Кугарчинский,0.7794,0,False,
distance,МР Ишимбайский,МР Куюргазинский,0.8714,0,False,
distance,МР Ишимбайский,МР Мелеузовский,0.9428,0,False,
distance,МР Ишимбайский,МР Стерлибашевский,0.9245,0,False,
distance,МР Ишимбайский,МР Стерлитамакский,0.9857,0,False,
distance,МР Ишимбайский,МР Федоровский,0.9029,0,False,
distance,МР Калтасинский,МР Краснокамский,0.9689,0,False,
distance,МР Калтасинский,МР Татышлинский,0.8763,0,False,
distance,МР Калтасинский,МР Янаульский,0.954,0,False,
distance,МР Караидельский,МР Кигинский,0.7583,0,False,
distance,МР Караидельский,МР Мечетлинский,0.808,0,False,
distance,МР Караидельский,МР Мишкинский,0.9192,0,False,
distance,МР Караидельский,МР Нуримановский,0.7491,0,False,
distance,МР Караидельский,МР Салаватский,0.6884,0,False,
distance,МР Караидельский,МР Татышлинский,0.7773,0,False,
distance,МР Кармаскалинский,МР Нуримановский,0.7737,0,False,
distance,МР Кармаскалинский,МР Уфимский,0.9616,0,False,
distance,МР Кармаскалинский,МР Чишминский,0.9164,0,False,
distance,МР Кигинский,МР Мечетлинский,0.9105,0,False,
distance,МР Кигинский,МР Мишкинский,0.5255,0,False,
distance,МР Кигинский,МР Салаватский,0.9568,0,False,
distance,МР Кигинский,МР Учалинский,0.446,0,False,
distance,МР Краснокамский,МР Татышлинский,0.8145,0,False,
distance,МР Краснокамский,МР Янаульский,0.9557,0,False,
distance,МР Кугарчинский,МР Куюргазинский,0.9229,0,False,
distance,МР Кугарчинский,МР Мелеузовский,0.9358,0,False,
distance,МР Кугарчинский,МР Федоровский,0.7892,0,False,
distance,МР Кугарчинский,МР Хайбуллинский,0.4396,0,False,
distance,МР Кушнаренковский,МР Мишкинский,0.8724,0,False,
distance,МР Кушнаренковский,МР Уфимский,0.9369,0,False,
distance,МР Кушнаренковский,МР Чекмагушевский,0.9642,0,False,
distance,МР Кушнаренковский,МР Чишминский,0.9333,0,False,
distance,МР Куюргазинский,МР Мелеузовский,0.9834,0,False,
distance,МР Куюргазинский,МР Стерлибашевский,0.8331,0,False,
distance,МР Куюргазинский,МР Федоровский,0.9002,0,False,
distance,МР Мелеузовский,МР Стерлибашевский,0.8959,0,False,
distance,МР Мелеузовский,МР Стерлитамакский,0.9119,0,False,
distance,МР Мелеузовский,МР Федоровский,0.9483,0,False,
distance,МР Мечетлинский,МР Мишкинский,0.5803,0,False,
distance,МР Мечетлинский,МР Салаватский,0.8463,0,False,
distance,МР Мишкинский,МР Нуримановский,0.7871,0,False,
distance,МР Миякинский,МР Стерлибашевский,0.9677,0,False,
distance,МР Миякинский,МР Стерлитамакский,0.8659,0,False,
distance,МР Миякинский,МР Федоровский,0.9081,0,False,
distance,МР Нуримановский,МР Уфимский,0.8964,0,False,
distance,МР Нуримановский,МР Чишминский,0.7659,0,False,
distance,МР Салаватский,МР Уфимский,0.6423,0,False,
distance,МР Салаватский,МР Учалинский,0.346,0,False,
distance,МР Стерлибашевский,МР Стерлитамакский,0.9543,0,False,
distance,МР Стерлибашевский,МР Федоровский,0.983,0,False,
distance,МР Стерлитамакский,МР Федоровский,0.9141,0,False,
distance,МР Татышлинский,МР Янаульский,0.9428,0,False,
distance,МР Туймазинский,МР Чекмагушевский,0.8732,0,False,
distance,МР Туймазинский,МР Шаранский,0.9832,0,False,
distance,МР Уфимский,МР Чишминский,0.9611,0,False,
distance,МР Чекмагушевский,МР Шаранский,0.9449,0,False,
procurement_flow,ГО Агидель,ГО Нефтекамск,0.9171,0,False,
procurement_flow,ГО Агидель,ГО Октябрьский,0.6545,0,False,
procurement_flow,ГО Агидель,ГО Стерлитамак,0.5235,0,False,
procurement_flow,ГО Агидель,ГО Уфа,0.7686,0,False,
procurement_flow,ГО Агидель,МР Благоварский,0.5207,0,False,
procurement_flow,ГО Агидель,МР Калтасинский,0.5603,0,False,
procurement_flow,ГО Агидель,МР Краснокамский,0.6467,0,False,
procurement_flow,ГО Агидель,МР Чекмагушевский,0.802,0,False,
procurement_flow,ГО Агидель,МР Янаульский,0.5267,0,False,
procurement_flow,ГО Кумертау,ГО Салават,0.6689,0,False,
procurement_flow,ГО Кумертау,ГО Уфа,0.793,0,False,
procurement_flow,ГО Кумертау,МР Аургазинский,0.3885,0,False,
procurement_flow,ГО Кумертау,МР Бирский,0.9192,0,False,
procurement_flow,ГО Кумертау,МР Бурзянский,0.3237,0,False,
procurement_flow,ГО Кумертау,МР Гафурийский,0.4989,0,False,
procurement_flow,ГО Кумертау,МР Зианчуринский,0.6967,0,False,
procurement_flow,ГО Кумертау,МР Кугарчинский,0.7472,0,False,
procurement_flow,ГО Кумертау,МР Куюргазинский,0.9317,0,False,
procurement_flow,ГО Кумертау,МР Мелеузовский,0.7081,0,False,
procurement_flow,ГО Кумертау,МР Миякинский,0.5568,0,False,
procurement_flow,ГО Кумертау,МР Стерлибашевский,0.2805,0,False,
procurement_flow,ГО Кумертау,МР Учалинский,0.5879,0,False,
procurement_flow,ГО Межгорье,ГО Стерлитамак,0.36,0,False,
procurement_flow,ГО Межгорье,ГО Уфа,0.6381,0,False,
procurement_flow,ГО Межгорье,МР Белорецкий,0.7681,0,False,
procurement_flow,ГО Межгорье,МР Благоварский,0.8132,0,False,
procurement_flow,ГО Межгорье,МР Благовещенский,0.4071,0,False,
procurement_flow,ГО Межгорье,МР Иглинский,0.3659,0,False,
procurement_flow,ГО Межгорье,МР Кармаскалинский,0.6819,0,False,
procurement_flow,ГО Межгорье,МР Учалинский,0.7189,0,False,
procurement_flow,ГО Нефтекамск,ГО Уфа,0.975,0,False,
procurement_flow,ГО Нефтекамск,МР Аскинский,0.4672,0,False,
procurement_flow,ГО Нефтекамск,МР Балтачевский,0.5481,0,False,
procurement_flow,ГО Нефтекамск,МР Бижбулякский,0.5054,0,False,
procurement_flow,ГО Нефтекамск,МР Бураевский,0.5962,0,False,
procurement_flow,ГО Нефтекамск,МР Гафурийский,0.49,0,False,
procurement_flow,ГО Нефтекамск,МР Дуванский,0.7256,0,False,
procurement_flow,ГО Нефтекамск,МР Иглинский,0.5725,0,False,
procurement_flow,ГО Нефтекамск,МР Ишимбайский,0.6704,0,False,
procurement_flow,ГО Нефтекамск,МР Калтасинский,0.6544,0,False,
procurement_flow,ГО Нефтекамск,МР Караидельский,0.4319,0,False,
procurement_flow,ГО Нефтекамск,МР Краснокамский,0.8427,0,False,
procurement_flow,ГО Нефтекамск,МР Куюргазинский,0.5606,0,False,
procurement_flow,ГО Нефтекамск,МР Нуримановский,0.3435,0,False,
procurement_flow,ГО Нефтекамск,МР Татышлинский,0.5211,0,False,
procurement_flow,ГО Нефтекамск,МР Чишминский,0.6905,0,False,
procurement_flow,ГО Нефтекамск,МР Янаульский,0.7005,0,False,
procurement_flow,ГО Октябрьский,ГО Уфа,0.8094,0,False,
procurement_flow,ГО Октябрьский,МР Абзелиловский,0.7365,0,False,
procurement_flow,ГО Октябрьский,МР Аскинский,0.3707,0,False,
procurement_flow,ГО Октябрьский,МР Бакалинский,0.4911,0,False,
procurement_flow,ГО Октябрьский,МР Белебеевский,0.6974,0,False,
procurement_flow,ГО Октябрьский,МР Бирский,0.602,0,False,
procurement_flow,ГО Октябрьский,МР Благовещенский,0.4965,0,False,
procurement_flow,ГО Октябрьский,МР Буздякский,0.5197,0,False,
procurement_flow,ГО Октябрьский,МР Гафурийский,0.4938,0,False,
procurement_flow,ГО Октябрьский,МР Ермекеевский,0.6583,0,False,
procurement_flow,ГО Октябрьский,МР Иглинский,0.5916,0,False,
procurement_flow,ГО Октябрьский,МР Илишевский,0.6865,0,False,
procurement_flow,ГО Октябрьский,МР Кармаскалинский,0.6889,0,False,
procurement_flow,ГО Октябрьский,МР Кушнаренковский,0.3982,0,False,
procurement_flow,ГО Октябрьский,МР Туймазинский,0.9152,0,False,
procurement_flow,ГО Октябрьский,МР Уфимский,0.5644,0,False,
procurement_flow,ГО Октябрьский,МР Хайбуллинский,0.5142,0,False,
procurement_flow,ГО Октябрьский,МР Шаранский,0.6013,0,False,
procurement_flow,ГО Салават,ГО Стерлитамак,0.7178,0,False,
procurement_flow,ГО Салават,ГО Уфа,0.8946,0,False,
procurement_flow,ГО Салават,МР Альшеевский,0.5967,0,False,
procurement_flow,ГО Салават,МР Аургазинский,0.6814,0,False,
procurement_flow,ГО Салават,МР Зилаирский,0.5663,0,False,
procurement_flow,ГО Салават,МР Ишимбайский,0.8092,0,False,
procurement_flow,ГО Салават,МР Караидельский,0.6982,0,False,
procurement_flow,ГО Салават,МР Мелеузовский,0.6974,0,False,
procurement_flow,ГО Салават,МР Миякинский,0.6345,0,False,
procurement_flow,ГО Салават,МР Стерлибашевский,0.8059,0,False,
procurement_flow,ГО Салават,МР Стерлитамакский,0.5147,0,False,
procurement_flow,ГО Салават,МР Уфимский,0.513,0,False,
procurement_flow,ГО Салават,МР Федоровский,0.8231,0,False,
procurement_flow,ГО Салават,МР Хайбуллинский,0.4876,0,False,
procurement_flow,ГО Сибай,ГО Уфа,0.8159,0,False,
procurement_flow,ГО Сибай,МР Абзелиловский,0.7037,0,False,
procurement_flow,ГО Сибай,МР Баймакский,0.9323,0,False,
procurement_flow,ГО Сибай,МР Бурзянский,0.7958,0,False,
procurement_flow,ГО Сибай,МР Зианчуринский,0.5483,0,False,
procurement_flow,ГО Сибай,МР Зилаирский,0.6618,0,False,
procurement_flow,ГО Сибай,МР Иглинский,0.6064,0,False,
procurement_flow,ГО Сибай,МР Нуримановский,0.3792,0,False,
procurement_flow,ГО Сибай,МР Хайбуллинский,0.7438,0,False,
procurement_flow,ГО Стерлитамак,ГО Уфа,1.0,0,False,
procurement_flow,ГО Стерлитамак,МР Альшеевский,0.671,0,False,
procurement_flow,ГО Стерлитамак,МР Аургазинский,0.5853,0,False,
procurement_flow,ГО Стерлитамак,МР Бакалинский,0.6363,0,False,
procurement_flow,ГО Стерлитамак,МР Бирский,0.5281,0,False,
procurement_flow,ГО Стерлитамак,МР Гафурийский,0.7491,0,False,
procurement_flow,ГО Стерлитамак,МР Давлекановский,0.4726,0,False,
procurement_flow,ГО Стерлитамак,МР Ишимбайский,0.7418,0,False,
procurement_flow,ГО Стерлитамак,МР Куюргазинский,0.5532,0,False,
procurement_flow,ГО Стерлитамак,МР Мелеузовский,0.6288,0,False,
procurement_flow,ГО Стерлитамак,МР Салаватский,0.4385,0,False,
procurement_flow,ГО Стерлитамак,МР Стерлибашевский,0.5625,0,False,
procurement_flow,ГО Стерлитамак,МР Стерлитамакский,0.8638,0,False,
procurement_flow,ГО Стерлитамак,МР Федоровский,0.4866,0,False,
procurement_flow,ГО Уфа,МР Абзелиловский,0.7676,0,False,
procurement_flow,ГО Уфа,МР Альшеевский,0.7432,0,False,
procurement_flow,ГО Уфа,МР Архангельский,0.6711,0,False,
procurement_flow,ГО Уфа,МР Аскинский,0.7588,0,False,
procurement_flow,ГО Уфа,МР Аургазинский,0.791,0,False,
procurement_flow,ГО Уфа,МР Баймакский,0.7948,0,False,
procurement_flow,ГО Уфа,МР Бакалинский,0.7073,0,False,
procurement_flow,ГО Уфа,МР Балтачевский,0.6465,0,False,
procurement_flow,ГО Уфа,МР Белебеевский,0.7838,0,False,
procurement_flow,ГО Уфа,МР Белокатайский,0.6741,0,False,
procurement_flow,ГО Уфа,МР Белорецкий,0.8228,0,False,
procurement_flow,ГО Уфа,МР Бижбулякский,0.7319,0,False,
procurement_flow,ГО Уфа,МР Бирский,0.8751,0,False,
procurement_flow,ГО Уфа,МР Благоварский,0.8013,0,False,
procurement_flow,ГО Уфа,МР Благовещенский,0.7968,0,False,
procurement_flow,ГО Уфа,МР Буздякский,0.7028,0,False,
procurement_flow,ГО Уфа,МР Бураевский,0.7209,0,False,
procurement_flow,ГО Уфа,МР Бурзянский,0.6167,0,False,
procurement_flow,ГО Уфа,МР Гафурийский,0.8382,0,False,
procurement_flow,ГО Уфа,МР Давлекановский,0.8384,0,False,
procurement_flow,ГО Уфа,МР Дуванский,0.8527,0,False,
procurement_flow,ГО Уфа,МР Дюртюлинский,0.8239,0,False,
procurement_flow,ГО Уфа,МР Ермекеевский,0.6648,0,False,
procurement_flow,ГО Уфа,МР Зианчуринский,0.7627,0,False,
procurement_flow,ГО Уфа,МР Зилаирский,0.5676,0,False,
procurement_flow,ГО Уфа,МР Иглинский,0.8857,0,False,
procurement_flow,ГО Уфа,МР Илишевский,0.7172,0,False,
procurement_flow,ГО Уфа,МР Ишимбайский,0.8302,0,False,
procurement_flow,ГО Уфа,МР Калтасинский,0.7815,0,False,
procurement_flow,ГО Уфа,МР Караидельский,0.7801,0,False,
procurement_flow,ГО Уфа,МР Кармаскалинский,0.8124,0,False,
procurement_flow,ГО Уфа,МР Кигинский,0.6769,0,False,
procurement_flow,ГО Уфа,МР Краснокамский,0.632,0,False,
procurement_flow,ГО Уфа,МР Кугарчинский,0.7272,0,False,
procurement_flow,ГО Уфа,МР Кушнаренковский,0.729,0,False,
procurement_flow,ГО Уфа,МР Куюргазинский,0.6534,0,False,
procurement_flow,ГО Уфа,МР Мелеузовский,0.7956,0,False,
procurement_flow,ГО Уфа,МР Мечетлинский,0.7208,0,False,
procurement_flow,ГО Уфа,МР Мишкинский,0.6992,0,False,
procurement_flow,ГО Уфа,МР Миякинский,0.7255,0,False,
procurement_flow,ГО Уфа,МР Нуримановский,0.7403,0,False,
procurement_flow,ГО Уфа,МР Салаватский,0.7651,0,False,
procurement_flow,ГО Уфа,МР Стерлибашевский,0.746,0,False,
procurement_flow,ГО Уфа,МР Стерлитамакский,0.6806,0,False,
procurement_flow,ГО Уфа,МР Татышлинский,0.7724,0,False,
procurement_flow,ГО Уфа,МР Туймазинский,0.8239,0,False,
procurement_flow,ГО Уфа,МР Уфимский,0.9508,0,False,
procurement_flow,ГО Уфа,МР Учалинский,0.7656,0,False,
procurement_flow,ГО Уфа,МР Федоровский,0.5882,0,False,
procurement_flow,ГО Уфа,МР Хайбуллинский,0.7405,0,False,
procurement_flow,ГО Уфа,МР Чекмагушевский,0.7588,0,False,
procurement_flow,ГО Уфа,МР Чишминский,0.7638,0,False,
procurement_flow,ГО Уфа,МР Шаранский,0.7061,0,False,
procurement_flow,ГО Уфа,МР Янаульский,0.7588,0,False,
procurement_flow,МР Абзелиловский,МР Баймакский,0.6244,0,False,
procurement_flow,МР Абзелиловский,МР Белорецкий,0.7644,0,False,
procurement_flow,МР Абзелиловский,МР Благовещенский,0.8333,0,False,
procurement_flow,МР Абзелиловский,МР Бурзянский,0.4809,0,False,
procurement_flow,МР Абзелиловский,МР Ермекеевский,0.3453,0,False,
procurement_flow,МР Абзелиловский,МР Иглинский,0.5012,0,False,
procurement_flow,МР Абзелиловский,МР Учалинский,0.4846,0,False,
procurement_flow,МР Альшеевский,МР Белебеевский,0.7838,0,False,
procurement_flow,МР Альшеевский,МР Белорецкий,0.6632,0,False,
procurement_flow,МР Альшеевский,МР Давлекановский,0.7259,0,False,
procurement_flow,МР Альшеевский,МР Кармаскалинский,0.4849,0,False,
procurement_flow,МР Альшеевский,МР Туймазинский,0.5192,0,False,
procurement_flow,МР Архангельский,МР Аургазинский,0.395,0,False,
procurement_flow,МР Архангельский,МР Баймакский,0.5658,0,False,
procurement_flow,МР Архангельский,МР Белорецкий,0.4108,0,False,
procurement_flow,МР Архангельский,МР Гафурийский,0.3597,0,False,
procurement_flow,МР Архангельский,МР Иглинский,0.4173,0,False,
procurement_flow,МР Архангельский,МР Кармаскалинский,0.8223,0,False,
procurement_flow,МР Архангельский,МР Чишминский,0.7746,0,False,
procurement_flow,МР Аскинский,МР Балтачевский,0.9495,0,False,
procurement_flow,МР Аскинский,МР Бирский,0.2811,0,False,
procurement_flow,МР Аскинский,МР Караидельский,0.6038,0,False,
procurement_flow,МР Аскинский,МР Стерлитамакский,0.3427,0,False,
procurement_flow,МР Аскинский,МР Татышлинский,0.7543,0,False,
procurement_flow,МР Аургазинский,МР Ишимбайский,0.5552,0,False,
procurement_flow,МР Аургазинский,МР Федоровский,0.4959,0,False,
procurement_flow,МР Аургазинский,МР Чишминский,0.7607,0,False,
procurement_flow,МР Баймакский,МР Бурзянский,0.5862,0,False,
procurement_flow,МР Баймакский,МР Зилаирский,0.7105,0,False,
procurement_flow,МР Баймакский,МР Мечетлинский,0.342,0,False,
procurement_flow,МР Баймакский,МР Учалинский,0.4989,0,False,
procurement_flow,МР Баймакский,МР Хайбуллинский,0.7672,0,False,
procurement_flow,МР Бакалинский,МР Белебеевский,0.5624,0,False,
procurement_flow,МР Бакалинский,МР Илишевский,0.6529,0,False,
procurement_flow,МР Бакалинский,МР Стерлибашевский,0.5854,0,False,
procurement_flow,МР Бакалинский,МР Туймазинский,0.679,0,False,
procurement_flow,МР Бакалинский,МР Чекмагушевский,0.6804,0,False,
procurement_flow,МР Бакалинский,МР Шаранский,0.4907,0,False,
procurement_flow,МР Балтачевский,МР Бирский,0.4591,0,False,
procurement_flow,МР Балтачевский,МР Бураевский,0.398,0,False,
procurement_flow,МР Балтачевский,МР Кармаскалинский,0.6044,0,False,
procurement_flow,МР Балтачевский,МР Мишкинский,0.6129,0,False,
procurement_flow,МР Балтачевский,МР Миякинский,0.4393,0,False,
procurement_flow,МР Балтачевский,МР Татышлинский,0.7252,0,False,
procurement_flow,МР Белебеевский,МР Бижбулякский,0.6802,0,False,
procurement_flow,МР Белебеевский,МР Буздякский,0.6579,0,False,
procurement_flow,МР Белебеевский,МР Гафурийский,0.4936,0,False,
procurement_flow,МР Белебеевский,МР Давлекановский,0.5182,0,False,
procurement_flow,МР Белебеевский,МР Ермекеевский,0.8885,0,False,
procurement_flow,МР Белебеевский,МР Зилаирский,0.5895,0,False,
procurement_flow,МР Белебеевский,МР Мишкинский,0.7156,0,False,
procurement_flow,МР Белебеевский,МР Миякинский,0.7359,0,False,
procurement_flow,МР Белебеевский,МР Туймазинский,0.7247,0,False,
procurement_flow,МР Белебеевский,МР Чишминский,0.6993,0,False,
procurement_flow,МР Белокатайский,МР Благоварский,0.6058,0,False,
procurement_flow,МР Белокатайский,МР Дуванский,0.6545,0,False,
procurement_flow,МР Белокатайский,МР Кигинский,0.8175,0,False,
procurement_flow,МР Белокатайский,МР Мечетлинский,0.6624,0,False,
procurement_flow,МР Белокатайский,МР Мишкинский,0.6065,0,False,
procurement_flow,МР Белокатайский,МР Салаватский,0.5536,0,False,
procurement_flow,МР Белокатайский,МР Шаранский,0.5139,0,False,
procurement_flow,МР Белорецкий,МР Бурзянский,0.5378,0,False,
procurement_flow,МР Белорецкий,МР Дюртюлинский,0.4552,0,False,
procurement_flow,МР Белорецкий,МР Ермекеевский,0.3898,0,False,
procurement_flow,МР Белорецкий,МР Зианчуринский,0.6169,0,False,
procurement_flow,МР Белорецкий,МР Зилаирский,0.47,0,False,
procurement_flow,МР Белорецкий,МР Калтасинский,0.4383,0,False,
procurement_flow,МР Белорецкий,МР Салаватский,0.7174,0,False,
procurement_flow,МР Белорецкий,МР Стерлибашевский,0.2972,0,False,
procurement_flow,МР Белорецкий,МР Учалинский,0.6872,0,False,
procurement_flow,МР Белорецкий,МР Чишминский,0.7289,0,False,
procurement_flow,МР Бижбулякский,МР Ермекеевский,0.6416,0,False,
procurement_flow,МР Бижбулякский,МР Миякинский,0.5348,0,False,
procurement_flow,МР Бижбулякский,МР Туймазинский,0.3922,0,False,
procurement_flow,МР Бижбулякский,МР Уфимский,0.5143,0,False,
procurement_flow,МР Бижбулякский,МР Учалинский,0.6281,0,False,
procurement_flow,МР Бирский,МР Благовещенский,0.6413,0,False,
procurement_flow,МР Бирский,МР Бураевский,0.5511,0,False,
procurement_flow,МР Бирский,МР Илишевский,0.8109,0,False,
procurement_flow,МР Бирский,МР Мишкинский,0.7848,0,False,
procurement_flow,МР Благоварский,МР Буздякский,0.6779,0,False,
procurement_flow,МР Благоварский,МР Иглинский,0.4841,0,False,
procurement_flow,МР Благоварский,МР Миякинский,0.4974,0,False,
procurement_flow,МР Благоварский,МР Чишминский,0.6499,0,False,
procurement_flow,МР Благовещенский,МР Миякинский,0.4146,0,False,
procurement_flow,МР Благовещенский,МР Нуримановский,0.6329,0,False,
procurement_flow,МР Благовещенский,МР Уфимский,0.5255,0,False,
procurement_flow,МР Благовещенский,МР Шаранский,0.8715,0,False,
procurement_flow,МР Буздякский,МР Бураевский,0.4828,0,False,
procurement_flow,МР Буздякский,МР Гафурийский,0.513,0,False,
procurement_flow,МР Буздякский,МР Миякинский,0.5787,0,False,
procurement_flow,МР Буздякский,МР Туймазинский,0.632,0,False,
procurement_flow,МР Буздякский,МР Янаульский,0.5424,0,False,
procurement_flow,МР Бураевский,МР Дюртюлинский,0.4541,0,False,
procurement_flow,МР Бураевский,МР Калтасинский,0.6064,0,False,
procurement_flow,МР Бураевский,МР Янаульский,0.4496,0,False,
procurement_flow,МР Бурзянский,МР Давлекановский,0.4347,0,False,
procurement_flow,МР Бурзянский,МР Учалинский,0.4061,0,False,
procurement_flow,МР Гафурийский,МР Дуванский,0.3601,0,False,
procurement_flow,МР Гафурийский,МР Стерлитамакский,0.5,0,False,
procurement_flow,МР Давлекановский,МР Иглинский,0.6468,0,False,
procurement_flow,МР Давлекановский,МР Караидельский,0.7073,0,False,
procurement_flow,МР Давлекановский,МР Кармаскалинский,0.4828,0,False,
procurement_flow,МР Давлекановский,МР Кугарчинский,0.4619,0,False,
procurement_flow,МР Давлекановский,МР Чишминский,0.6677,0,False,
procurement_flow,МР Дуванский,МР Кигинский,0.7861,0,False,
procurement_flow,МР Дуванский,МР Мечетлинский,0.8769,0,False,
procurement_flow,МР Дуванский,МР Салаватский,0.5664,0,False,
procurement_flow,МР Дуванский,МР Чишминский,0.4497,0,False,
procurement_flow,МР Дюртюлинский,МР Илишевский,0.733,0,False,
procurement_flow,МР Дюртюлинский,МР Кармаскалинский,0.5711,0,False,
procurement_flow,МР Дюртюлинский,МР Краснокамский,0.4954,0,False,
procurement_flow,МР Дюртюлинский,МР Татышлинский,0.3692,0,False,
procurement_flow,МР Дюртюлинский,МР Туймазинский,0.6391,0,False,
procurement_flow,МР Дюртюлинский,МР Уфимский,0.5221,0,False,
procurement_flow,МР Дюртюлинский,МР Чекмагушевский,0.5262,0,False,
procurement_flow,МР Ермекеевский,МР Ишимбайский,0.3598,0,False,
procurement_flow,МР Ермекеевский,МР Туймазинский,0.4158,0,False,
procurement_flow,МР Зианчуринский,МР Кугарчинский,0.5242,0,False,
procurement_flow,МР Зианчуринский,МР Мелеузовский,0.5746,0,False,
procurement_flow,МР Зианчуринский,МР Стерлитамакский,0.5919,0,False,
procurement_flow,МР Зианчуринский,МР Учалинский,0.5231,0,False,
procurement_flow,МР Зианчуринский,МР Федоровский,0.516,0,False,
procurement_flow,МР Зианчуринский,МР Хайбуллинский,0.6313,0,False,
procurement_flow,МР Зилаирский,МР Стерлитамакский,0.6124,0,False,
procurement_flow,МР Зилаирский,МР Хайбуллинский,0.7373,0,False,
procurement_flow,МР Иглинский,МР Кармаскалинский,0.5324,0,False,
procurement_flow,МР Иглинский,МР Краснокамский,0.4925,0,False,
procurement_flow,МР Иглинский,МР Кушнаренковский,0.4205,0,False,
procurement_flow,МР Иглинский,МР Мелеузовский,0.7596,0,False,
procurement_flow,МР Иглинский,МР Нуримановский,0.4949,0,False,
procurement_flow,МР Иглинский,МР Уфимский,0.8302,0,False,
procurement_flow,МР Иглинский,МР Чишминский,0.8391,0,False,
procurement_flow,МР Илишевский,МР Краснокамский,0.6101,0,False,
procurement_flow,МР Илишевский,МР Кушнаренковский,0.5588,0,False,
procurement_flow,МР Илишевский,МР Учалинский,0.546,0,False,
procurement_flow,МР Илишевский,МР Чекмагушевский,0.4769,0,False,
procurement_flow,МР Илишевский,МР Шаранский,0.8446,0,False,
procurement_flow,МР Ишимбайский,МР Кигинский,0.2703,0,False,
procurement_flow,МР Ишимбайский,МР Кугарчинский,0.6887,0,False,
procurement_flow,МР Ишимбайский,МР Куюргазинский,0.5973,0,False,
procurement_flow,МР Ишимбайский,МР Мелеузовский,0.7373,0,False,
procurement_flow,МР Ишимбайский,МР Стерлибашевский,0.2747,0,False,
procurement_flow,МР Ишимбайский,МР Стерлитамакский,0.7297,0,False,
procurement_flow,МР Ишимбайский,МР Учалинский,0.5021,0,False,
procurement_flow,МР Ишимбайский,МР Янаульский,0.5892,0,False,
procurement_flow,МР Калтасинский,МР Кушнаренковский,0.4481,0,False,
procurement_flow,МР Калтасинский,МР Мишкинский,0.7123,0,False,
procurement_flow,МР Калтасинский,МР Татышлинский,0.4467,0,False,
procurement_flow,МР Караидельский,МР Мишкинский,0.5951,0,False,
procurement_flow,МР Караидельский,МР Нуримановский,0.4666,0,False,
procurement_flow,МР Караидельский,МР Шаранский,0.5948,0,False,
procurement_flow,МР Кармаскалинский,МР Кигинский,0.4626,0,False,
procurement_flow,МР Кармаскалинский,МР Миякинский,0.5651,0,False,
procurement_flow,МР Кармаскалинский,МР Чекмагушевский,0.4607,0,False,
procurement_flow,МР Кигинский,МР Мечетлинский,0.521,0,False,
procurement_flow,МР Кигинский,МР Салаватский,0.4558,0,False,
procurement_flow,МР Кигинский,МР Чишминский,0.4802,0,False,
procurement_flow,МР Краснокамский,МР Хайбуллинский,0.5871,0,False,
procurement_flow,МР Краснокамский,МР Янаульский,0.6875,0,False,
procurement_flow,МР Кугарчинский,МР Мелеузовский,0.7865,0,False,
procurement_flow,МР Кугарчинский,МР Федоровский,0.5265,0,False,
procurement_flow,МР Кугарчинский,МР Чекмагушевский,0.4051,0,False,
procurement_flow,МР Кушнаренковский,МР Миякинский,0.6144,0,False,
procurement_flow,МР Кушнаренковский,МР Уфимский,0.7708,0,False,
procurement_flow,МР Кушнаренковский,МР Чекмагушевский,0.6031,0,False,
procurement_flow,МР Куюргазинский,МР Мелеузовский,0.5796,0,False,
procurement_flow,МР Куюргазинский,МР Стерлитамакский,0.4823,0,False,
procurement_flow,МР Куюргазинский,МР Чишминский,0.8397,0,False,
procurement_flow,МР Мелеузовский,МР Татышлинский,0.3268,0,False,
procurement_flow,МР Мелеузовский,МР Федоровский,0.6415,0,False,
procurement_flow,МР Мечетлинский,МР Салаватский,0.4605,0,False,
procurement_flow,МР Мечетлинский,МР Уфимский,0.4216,0,False,
procurement_flow,МР Мечетлинский,МР Чишминский,0.3965,0,False,
procurement_flow,МР Мишкинский,МР Миякинский,0.5675,0,False,
procurement_flow,МР Миякинский,МР Федоровский,0.5176,0,False,
procurement_flow,МР Нуримановский,МР Уфимский,0.3416,0,False,
procurement_flow,МР Нуримановский,МР Чишминский,0.4273,0,False,
procurement_flow,МР Салаватский,МР Учалинский,0.4973,0,False,
procurement_flow,МР Стерлибашевский,МР Стерлитамакский,0.606,0,False,
procurement_flow,МР Стерлитамакский,МР Чишминский,0.7779,0,False,
procurement_flow,МР Татышлинский,МР Янаульский,0.8198,0,False,
procurement_flow,МР Туймазинский,МР Шаранский,0.637,0,False,
procurement_flow,МР Федоровский,МР Янаульский,0.4602,0,False,
attr,ГО Агидель,ГО Кумертау,0.7753,0,False,
attr,ГО Агидель,ГО Нефтекамск,0.7273,0,False,
attr,ГО Агидель,МР Давлекановский,0.6972,0,False,
attr,ГО Агидель,МР Илишевский,0.7161,0,False,
attr,ГО Агидель,МР Ишимбайский,0.747,0,False,
attr,ГО Агидель,МР Калтасинский,0.7951,0,False,
attr,ГО Агидель,МР Куюргазинский,0.7459,0,False,
attr,ГО Агидель,МР Чишминский,0.73,0,False,
attr,ГО Кумертау,ГО Нефтекамск,0.9672,0,False,
attr,ГО Кумертау,ГО Октябрьский,0.948,0,False,
attr,ГО Кумертау,ГО Салават,0.9587,0,False,
attr,ГО Кумертау,ГО Сибай,0.9351,0,False,
attr,ГО Кумертау,ГО Стерлитамак,0.9399,0,False,
attr,ГО Кумертау,ГО Уфа,0.8413,0,False,
attr,ГО Кумертау,МР Белебеевский,0.8713,0,False,
attr,ГО Кумертау,МР Белорецкий,0.7279,0,False,
attr,ГО Кумертау,МР Благовещенский,0.7295,0,False,
attr,ГО Кумертау,МР Ишимбайский,0.8564,0,False,
attr,ГО Кумертау,МР Учалинский,0.7702,0,False,
attr,ГО Межгорье,ГО Сибай,0.7257,0,False,
attr,ГО Межгорье,МР Альшеевский,0.682,0,False,
attr,ГО Межгорье,МР Благоварский,0.6956,0,False,
attr,ГО Межгорье,МР Бураевский,0.7824,0,False,
attr,ГО Межгорье,МР Бурзянский,0.7345,0,False,
attr,ГО Межгорье,МР Зилаирский,0.7902,0,False,
attr,ГО Межгорье,МР Мелеузовский,0.7846,0,False,
attr,ГО Межгорье,МР Уфимский,0.7218,0,False,
attr,ГО Межгорье,МР Хайбуллинский,0.7827,0,False,
attr,ГО Нефтекамск,ГО Октябрьский,1.0,0,False,
attr,ГО Нефтекамск,ГО Салават,0.9418,0,False,
attr,ГО Нефтекамск,ГО Сибай,0.9214,0,False,
attr,ГО Нефтекамск,ГО Стерлитамак,0.9941,0,False,
attr,ГО Нефтекамск,ГО Уфа,0.9243,0,False,
attr,ГО Нефтекамск,МР Белебеевский,0.7948,0,False,
attr,ГО Нефтекамск,МР Бирский,0.8875,0,False,
attr,ГО Нефтекамск,МР Благовещенский,0.7466,0,False,
attr,ГО Нефтекамск,МР Дуванский,0.6986,0,False,
attr,ГО Нефтекамск,МР Дюртюлинский,0.7981,0,False,
attr,ГО Нефтекамск,МР Ишимбайский,0.8721,0,False,
attr,ГО Нефтекамск,МР Туймазинский,0.8985,0,False,
attr,ГО Нефтекамск,МР Уфимский,0.7497,0,False,
attr,ГО Нефтекамск,МР Чишминский,0.8038,0,False,
attr,ГО Октябрьский,ГО Салават,0.9761,0,False,
attr,ГО Октябрьский,ГО Сибай,0.9178,0,False,
attr,ГО Октябрьский,ГО Стерлитамак,0.979,0,False,
attr,ГО Октябрьский,ГО Уфа,0.96,0,False,
attr,ГО Октябрьский,МР Белебеевский,0.8135,0,False,
attr,ГО Октябрьский,МР Белорецкий,0.7656,0,False,
attr,ГО Октябрьский,МР Бирский,0.8237,0,False,
attr,ГО Октябрьский,МР Стерлитамакский,0.6973,0,False,
attr,ГО Октябрьский,МР Туймазинский,0.9134,0,False,
attr,ГО Октябрьский,МР Уфимский,0.8161,0,False,
attr,ГО Октябрьский,МР Учалинский,0.82,0,False,
attr,ГО Салават,ГО Сибай,0.8879,0,False,
attr,ГО Салават,ГО Стерлитамак,0.8874,0,False,
attr,ГО Салават,ГО Уфа,0.8506,0,False,
attr,ГО Салават,МР Белебеевский,0.9105,0,False,
attr,ГО Салават,МР Белорецкий,0.7311,0,False,
attr,ГО Салават,МР Бирский,0.81,0,False,
attr,ГО Салават,МР Благовещенский,0.8026,0,False,
attr,ГО Салават,МР Давлекановский,0.686,0,False,
attr,ГО Салават,МР Дюртюлинский,0.8381,0,False,
attr,ГО Салават,МР Ишимбайский,0.8412,0,False,
attr,ГО Салават,МР Краснокамский,0.7491,0,False,
attr,ГО Салават,МР Туймазинский,0.9024,0,False,
attr,ГО Салават,МР Уфимский,0.7448,0,False,
attr,ГО Салават,МР Учалинский,0.7963,0,False,
attr,ГО Салават,МР Янаульский,0.7596,0,False,
attr,ГО Сибай,ГО Стерлитамак,0.9101,0,False,
attr,ГО Сибай,ГО Уфа,0.8074,0,False,
attr,ГО Сибай,МР Белорецкий,0.7504,0,False,
attr,ГО Сибай,МР Бирский,0.8138,0,False,
attr,ГО Сибай,МР Дуванский,0.6942,0,False,
attr,ГО Сибай,МР Ишимбайский,0.7982,0,False,
attr,ГО Сибай,МР Мелеузовский,0.7167,0,False,
attr,ГО Сибай,МР Хайбуллинский,0.6732,0,False,
attr,ГО Стерлитамак,ГО Уфа,0.9427,0,False,
attr,ГО Стерлитамак,МР Белорецкий,0.7877,0,False,
attr,ГО Стерлитамак,МР Бирский,0.8288,0,False,
attr,ГО Стерлитамак,МР Бураевский,0.6424,0,False,
attr,ГО Стерлитамак,МР Дуванский,0.718,0,False,
attr,ГО Стерлитамак,МР Ишимбайский,0.8145,0,False,
attr,ГО Стерлитамак,МР Мелеузовский,0.7187,0,False,
attr,ГО Стерлитамак,МР Туймазинский,0.8805,0,False,
attr,ГО Стерлитамак,МР Уфимский,0.7784,0,False,
attr,ГО Уфа,МР Илишевский,0.7286,0,False,
attr,ГО Уфа,МР Мелеузовский,0.7898,0,False,
attr,ГО Уфа,МР Стерлитамакский,0.7561,0,False,
attr,ГО Уфа,МР Туймазинский,0.9011,0,False,
attr,ГО Уфа,МР Уфимский,0.8438,0,False,
attr,ГО Уфа,МР Учалинский,0.8366,0,False,
attr,ГО Уфа,МР Чишминский,0.756,0,False,
attr,МР Абзелиловский,МР Баймакский,0.781,0,False,
attr,МР Абзелиловский,МР Бурзянский,0.7809,0,False,
attr,МР Абзелиловский,МР Гафурийский,0.7095,0,False,
attr,МР Абзелиловский,МР Дуванский,0.6758,0,False,
attr,МР Абзелиловский,МР Зианчуринский,0.8034,0,False,
attr,МР Абзелиловский,МР Кармаскалинский,0.6792,0,False,
attr,МР Абзелиловский,МР Кигинский,0.6499,0,False,
attr,МР Абзелиловский,МР Салаватский,0.7389,0,False,
attr,МР Альшеевский,МР Бакалинский,0.8112,0,False,
attr,МР Альшеевский,МР Белебеевский,0.73,0,False,
attr,МР Альшеевский,МР Белорецкий,0.7002,0,False,
attr,МР Альшеевский,МР Буздякский,0.6906,0,False,
attr,МР Альшеевский,МР Краснокамский,0.7518,0,False,
attr,МР Альшеевский,МР Кугарчинский,0.684,0,False,
attr,МР Альшеевский,МР Учалинский,0.6719,0,False,
attr,МР Архангельский,МР Бакалинский,0.6801,0,False,
attr,МР Архангельский,МР Белокатайский,0.7307,0,False,
attr,МР Архангельский,МР Давлекановский,0.6899,0,False,
attr,МР Архангельский,МР Иглинский,0.6679,0,False,
attr,МР Архангельский,МР Караидельский,0.738,0,False,
attr,МР Архангельский,МР Кармаскалинский,0.7067,0,False,
attr,МР Архангельский,МР Кигинский,0.8219,0,False,
attr,МР Архангельский,МР Кушнаренковский,0.7156,0,False,
attr,МР Архангельский,МР Куюргазинский,0.748,0,False,
attr,МР Архангельский,МР Мечетлинский,0.6755,0,False,
attr,МР Архангельский,МР Мишкинский,0.784,0,False,
attr,МР Архангельский,МР Нуримановский,0.9337,0,False,
attr,МР Архангельский,МР Салаватский,0.7527,0,False,
attr,МР Аскинский,МР Балтачевский,0.8523,0,False,
attr,МР Аскинский,МР Бижбулякский,0.696,0,False,
attr,МР Аскинский,МР Бураевский,0.6312,0,False,
attr,МР Аскинский,МР Гафурийский,0.7625,0,False,
attr,МР Аскинский,МР Калтасинский,0.655,0,False,
attr,МР Аскинский,МР Караидельский,0.8991,0,False,
attr,МР Аскинский,МР Мишкинский,0.7236,0,False,
attr,МР Аскинский,МР Салаватский,0.7685,0,False,
attr,МР Аскинский,МР Стерлибашевский,0.7367,0,False,
attr,МР Аскинский,МР Татышлинский,0.7369,0,False,
attr,МР Аскинский,МР Шаранский,0.741,0,False,
attr,МР Аургазинский,МР Бижбулякский,0.7309,0,False,
attr,МР Аургазинский,МР Благоварский,0.7634,0,False,
attr,МР Аургазинский,МР Буздякский,0.7291,0,False,
attr,МР Аургазинский,МР Ермекеевский,0.8571,0,False,
attr,МР Аургазинский,МР Илишевский,0.6903,0,False,
attr,МР Аургазинский,МР Калтасинский,0.6714,0,False,
attr,МР Аургазинский,МР Миякинский,0.8751,0,False,
attr,МР Аургазинский,МР Стерлибашевский,0.7987,0,False,
attr,МР Аургазинский,МР Татышлинский,0.6529,0,False,
attr,МР Аургазинский,МР Чекмагушевский,0.9212,0,False,
attr,МР Баймакский,МР Бирский,0.7213,0,False,
attr,МР Баймакский,МР Бурзянский,0.7649,0,False,
attr,МР Баймакский,МР Дуванский,0.6913,0,False,
attr,МР Баймакский,МР Дюртюлинский,0.6946,0,False,
attr,МР Баймакский,МР Кигинский,0.7163,0,False,
attr,МР Баймакский,МР Кугарчинский,0.7455,0,False,
attr,МР Баймакский,МР Мечетлинский,0.6416,0,False,
attr,МР Баймакский,МР Салаватский,0.7132,0,False,
attr,МР Бакалинский,МР Буздякский,0.7713,0,False,
attr,МР Бакалинский,МР Зилаирский,0.7076,0,False,
attr,МР Бакалинский,МР Кигинский,0.7745,0,False,
attr,МР Бакалинский,МР Мишкинский,0.7009,0,False,
attr,МР Бакалинский,МР Нуримановский,0.7222,0,False,
attr,МР Бакалинский,МР Федоровский,0.7137,0,False,
attr,МР Балтачевский,МР Бижбулякский,0.7899,0,False,
attr,МР Балтачевский,МР Буздякский,0.6813,0,False,
attr,МР Балтачевский,МР Караидельский,0.6971,0,False,
attr,МР Балтачевский,МР Стерлибашевский,0.6691,0,False,
attr,МР Балтачевский,МР Татышлинский,0.6654,0,False,
attr,МР Балтачевский,МР Чекмагушевский,0.6679,0,False,
attr,МР Балтачевский,МР Шаранский,0.6936,0,False,
attr,МР Белебеевский,МР Благовещенский,0.8084,0,False,
attr,МР Белебеевский,МР Буздякский,0.6936,0,False,
attr,МР Белебеевский,МР Давлекановский,0.6937,0,False,
attr,МР Белебеевский,МР Дюртюлинский,0.8093,0,False,
attr,МР Белебеевский,МР Илишевский,0.685,0,False,
attr,МР Белебеевский,МР Ишимбайский,0.8564,0,False,
attr,МР Белебеевский,МР Краснокамский,0.7924,0,False,
attr,МР Белебеевский,МР Туймазинский,0.9066,0,False,
attr,МР Белебеевский,МР Янаульский,0.7459,0,False,
attr,МР Белокатайский,МР Дуванский,0.6628,0,False,
attr,МР Белокатайский,МР Зилаирский,0.6905,0,False,
attr,МР Белокатайский,МР Караидельский,0.6609,0,False,
attr,МР Белокатайский,МР Кигинский,0.7074,0,False,
attr,МР Белокатайский,МР Кугарчинский,0.6785,0,False,
attr,МР Белокатайский,МР Мечетлинский,0.7747,0,False,
attr,МР Белокатайский,МР Стерлибашевский,0.6906,0,False,
attr,МР Белорецкий,МР Бураевский,0.6317,0,False,
attr,МР Белорецкий,МР Дуванский,0.72,0,False,
attr,МР Белорецкий,МР Салаватский,0.6967,0,False,
attr,МР Белорецкий,МР Татышлинский,0.7113,0,False,
attr,МР Белорецкий,МР Учалинский,0.8526,0,False,
attr,МР Белорецкий,МР Хайбуллинский,0.7543,0,False,
attr,МР Бижбулякский,МР Ермекеевский,0.8382,0,False,
attr,МР Бижбулякский,МР Мишкинский,0.6966,0,False,
attr,МР Бижбулякский,МР Стерлибашевский,0.8559,0,False,
attr,МР Бижбулякский,МР Татышлинский,0.6608,0,False,
attr,МР Бижбулякский,МР Федоровский,0.7457,0,False,
attr,МР Бижбулякский,МР Чекмагушевский,0.6992,0,False,
attr,МР Бижбулякский,МР Шаранский,0.6744,0,False,
attr,МР Бирский,МР Дуванский,0.7128,0,False,
attr,МР Бирский,МР Дюртюлинский,0.8068,0,False,
attr,МР Бирский,МР Иглинский,0.754,0,False,
attr,МР Бирский,МР Ишимбайский,0.7969,0,False,
attr,МР Бирский,МР Чишминский,0.8308,0,False,
attr,МР Благоварский,МР Буздякский,0.7673,0,False,
attr,МР Благоварский,МР Ермекеевский,0.8641,0,False,
attr,МР Благоварский,МР Кармаскалинский,0.7565,0,False,
attr,МР Благоварский,МР Кушнаренковский,0.6945,0,False,
attr,МР Благоварский,МР Куюргазинский,0.7431,0,False,
attr,МР Благоварский,МР Миякинский,0.7676,0,False,
attr,МР Благоварский,МР Стерлитамакский,0.7055,0,False,
attr,МР Благоварский,МР Чекмагушевский,0.8438,0,False,
attr,МР Благовещенский,МР Давлекановский,0.7041,0,False,
attr,МР Благовещенский,МР Дюртюлинский,0.8857,0,False,
attr,МР Благовещенский,МР Иглинский,0.6585,0,False,
attr,МР Благовещенский,МР Ишимбайский,0.8522,0,False,
attr,МР Благовещенский,МР Краснокамский,0.7207,0,False,
attr,МР Благовещенский,МР Туймазинский,0.7473,0,False,
attr,МР Благовещенский,МР Чишминский,0.7452,0,False,
attr,МР Благовещенский,МР Янаульский,0.7112,0,False,
attr,МР Буздякский,МР Ермекеевский,0.7049,0,False,
attr,МР Буздякский,МР Илишевский,0.7241,0,False,
attr,МР Буздякский,МР Чекмагушевский,0.8962,0,False,
attr,МР Бураевский,МР Бурзянский,0.6448,0,False,
attr,МР Бураевский,МР Зилаирский,0.7332,0,False,
attr,МР Бураевский,МР Татышлинский,0.7702,0,False,
attr,МР Бураевский,МР Хайбуллинский,0.8402,0,False,
attr,МР Бурзянский,МР Гафурийский,0.8716,0,False,
attr,МР Бурзянский,МР Зианчуринский,0.9304,0,False,
attr,МР Бурзянский,МР Зилаирский,0.8937,0,False,
attr,МР Бурзянский,МР Кугарчинский,0.8106,0,False,
attr,МР Бурзянский,МР Хайбуллинский,0.7454,0,False,
attr,МР Гафурийский,МР Зианчуринский,0.8828,0,False,
attr,МР Гафурийский,МР Зилаирский,0.767,0,False,
attr,МР Гафурийский,МР Кигинский,0.7182,0,False,
attr,МР Гафурийский,МР Кугарчинский,0.8538,0,False,
attr,МР Гафурийский,МР Миякинский,0.7122,0,False,
attr,МР Гафурийский,МР Стерлибашевский,0.7193,0,False,
attr,МР Гафурийский,МР Шаранский,0.6778,0,False,
attr,МР Давлекановский,МР Иглинский,0.6718,0,False,
attr,МР Давлекановский,МР Кармаскалинский,0.7258,0,False,
attr,МР Давлекановский,МР Куюргазинский,0.73,0,False,
attr,МР Давлекановский,МР Нуримановский,0.7314,0,False,
attr,МР Дуванский,МР Мелеузовский,0.6996,0,False,
attr,МР Дуванский,МР Учалинский,0.7032,0,False,
attr,МР Дюртюлинский,МР Ишимбайский,0.7945,0,False,
attr,МР Дюртюлинский,МР Краснокамский,0.7015,0,False,
attr,МР Дюртюлинский,МР Туймазинский,0.8416,0,False,
attr,МР Дюртюлинский,МР Чекмагушевский,0.7764,0,False,
attr,МР Дюртюлинский,МР Янаульский,0.7633,0,False,
attr,МР Ермекеевский,МР Кушнаренковский,0.6808,0,False,
attr,МР Ермекеевский,МР Куюргазинский,0.7489,0,False,
attr,МР Ермекеевский,МР Миякинский,0.8556,0,False,
attr,МР Ермекеевский,МР Стерлибашевский,0.7972,0,False,
attr,МР Ермекеевский,МР Федоровский,0.843,0,False,
attr,МР Ермекеевский,МР Чекмагушевский,0.7615,0,False,
attr,МР Ермекеевский,МР Шаранский,0.7104,0,False,
attr,МР Зианчуринский,МР Зилаирский,0.8786,0,False,
attr,МР Зианчуринский,МР Караидельский,0.6914,0,False,
attr,МР Зианчуринский,МР Кугарчинский,0.8605,0,False,
attr,МР Зианчуринский,МР Мелеузовский,0.7526,0,False,
attr,МР Зианчуринский,МР Миякинский,0.7268,0,False,
attr,МР Зианчуринский,МР Хайбуллинский,0.7004,0,False,
attr,МР Зилаирский,МР Кугарчинский,0.8062,0,False,
attr,МР Зилаирский,МР Федоровский,0.7505,0,False,
attr,МР Зилаирский,МР Хайбуллинский,0.7745,0,False,
attr,МР Иглинский,МР Кармаскалинский,0.7881,0,False,
attr,МР Иглинский,МР Стерлитамакский,0.6702,0,False,
attr,МР Иглинский,МР Уфимский,0.8029,0,False,
attr,МР Иглинский,МР Чишминский,0.8223,0,False,
attr,МР Илишевский,МР Калтасинский,0.691,0,False,
attr,МР Илишевский,МР Туймазинский,0.714,0,False,
attr,МР Илишевский,МР Чишминский,0.7649,0,False,
attr,МР Ишимбайский,МР Туймазинский,0.8279,0,False,
attr,МР Ишимбайский,МР Чишминский,0.7725,0,False,
attr,МР Калтасинский,МР Кушнаренковский,0.71,0,False,
attr,МР Калтасинский,МР Куюргазинский,0.7471,0,False,
attr,МР Калтасинский,МР Нуримановский,0.7046,0,False,
attr,МР Калтасинский,МР Шаранский,0.6968,0,False,
attr,МР Караидельский,МР Мишкинский,0.7041,0,False,
attr,МР Караидельский,МР Нуримановский,0.7616,0,False,
attr,МР Караидельский,МР Салаватский,0.8254,0,False,
attr,МР Караидельский,МР Стерлибашевский,0.6975,0,False,
attr,МР Кармаскалинский,МР Куюргазинский,0.7568,0,False,
attr,МР Кармаскалинский,МР Стерлитамакский,0.7343,0,False,
attr,МР Кармаскалинский,МР Уфимский,0.7146,0,False,
attr,МР Кармаскалинский,МР Чишминский,0.7242,0,False,
attr,МР Кигинский,МР Кугарчинский,0.8348,0,False,
attr,МР Кигинский,МР Кушнаренковский,0.693,0,False,
attr,МР Кигинский,МР Мечетлинский,0.7478,0,False,
attr,МР Кигинский,МР Мишкинский,0.7703,0,False,
attr,МР Кигинский,МР Салаватский,0.7199,0,False,
attr,МР Краснокамский,МР Куюргазинский,0.6881,0,False,
attr,МР Краснокамский,МР Чекмагушевский,0.6852,0,False,
attr,МР Краснокамский,МР Янаульский,0.7585,0,False,
attr,МР Кугарчинский,МР Мечетлинский,0.6396,0,False,
attr,МР Кугарчинский,МР Миякинский,0.7343,0,False,
attr,МР Кугарчинский,МР Стерлибашевский,0.7103,0,False,
attr,МР Кушнаренковский,МР Мечетлинский,0.7132,0,False,
attr,МР Кушнаренковский,МР Нуримановский,0.744,0,False,
attr,МР Кушнаренковский,МР Федоровский,0.7165,0,False,
attr,МР Куюргазинский,МР Нуримановский,0.7161,0,False,
attr,МР Куюргазинский,МР Шаранский,0.6739,0,False,
attr,МР Куюргазинский,МР Янаульский,0.7113,0,False,
attr,МР Мелеузовский,МР Уфимский,0.7282,0,False,
attr,МР Мелеузовский,МР Учалинский,0.7725,0,False,
attr,МР Мечетлинский,МР Федоровский,0.6473,0,False,
attr,МР Мечетлинский,МР Янаульский,0.6322,0,False,
attr,МР Мишкинский,МР Нуримановский,0.757,0,False,
attr,МР Мишкинский,МР Салаватский,0.7632,0,False,
attr,МР Мишкинский,МР Стерлибашевский,0.7095,0,False,
attr,МР Мишкинский,МР Федоровский,0.7188,0,False,
attr,МР Мишкинский,МР Шаранский,0.7529,0,False,
attr,МР Миякинский,МР Стерлибашевский,0.8568,0,False,
attr,МР Миякинский,МР Чекмагушевский,0.8299,0,False,
attr,МР Нуримановский,МР Федоровский,0.7439,0,False,
attr,МР Стерлибашевский,МР Федоровский,0.7717,0,False,
attr,МР Стерлитамакский,МР Туймазинский,0.7023,0,False,
attr,МР Стерлитамакский,МР Уфимский,0.9071,0,False,
attr,МР Стерлитамакский,МР Чекмагушевский,0.703,0,False,
attr,МР Стерлитамакский,МР Чишминский,0.7542,0,False,
attr,МР Татышлинский,МР Учалинский,0.6971,0,False,
attr,МР Татышлинский,МР Хайбуллинский,0.6511,0,False,
attr,МР Туймазинский,МР Учалинский,0.794,0,False,
attr,МР Туймазинский,МР Чишминский,0.8154,0,False,
attr,МР Туймазинский,МР Янаульский,0.8268,0,False,
attr,МР Учалинский,МР Хайбуллинский,0.7244,0,False,
attr,МР Учалинский,МР Янаульский,0.8138,0,False,
fused,ГО Агидель,ГО Кумертау,0.3995,0,False,
fused,ГО Агидель,ГО Нефтекамск,0.5894,0,False,
fused,ГО Агидель,МР Давлекановский,0.3592,0,False,
fused,ГО Агидель,МР Илишевский,0.369,0,False,
fused,ГО Агидель,МР Ишимбайский,0.3849,0,False,
fused,ГО Агидель,МР Калтасинский,0.6194,0,False,
fused,ГО Агидель,МР Куюргазинский,0.3843,0,False,
fused,ГО Агидель,МР Чишминский,0.3761,0,False,
fused,ГО Кумертау,ГО Нефтекамск,0.7635,0,False,
fused,ГО Кумертау,ГО Октябрьский,0.7496,0,False,
fused,ГО Кумертау,ГО Салават,0.9062,0,False,
fused,ГО Кумертау,ГО Сибай,0.5676,0,False,
fused,ГО Кумертау,ГО Стерлитамак,0.7353,0,False,
fused,ГО Кумертау,ГО Уфа,0.8862,0,False,
fused,ГО Кумертау,МР Белебеевский,0.7222,0,False,
fused,ГО Кумертау,МР Белорецкий,0.5655,0,False,
fused,ГО Кумертау,МР Ишимбайский,0.7001,0,False,
fused,ГО Кумертау,МР Мелеузовский,0.4041,0,False,
fused,ГО Кумертау,МР Учалинский,0.6738,0,False,
fused,ГО Межгорье,ГО Сибай,0.3739,0,False,
fused,ГО Межгорье,МР Альшеевский,0.3514,0,False,
fused,ГО Межгорье,МР Благоварский,0.5488,0,False,
fused,ГО Межгорье,МР Бураевский,0.4031,0,False,
fused,ГО Межгорье,МР Бурзянский,0.3785,0,False,
fused,ГО Межгорье,МР Зилаирский,0.4071,0,False,
fused,ГО Межгорье,МР Мелеузовский,0.4043,0,False,
fused,ГО Межгорье,МР Уфимский,0.3719,0,False,
fused,ГО Межгорье,МР Хайбуллинский,0.4033,0,False,
fused,ГО Нефтекамск,ГО Октябрьский,0.7931,0,False,
fused,ГО Нефтекамск,ГО Салават,0.7607,0,False,
fused,ГО Нефтекамск,ГО Сибай,0.5947,0,False,
fused,ГО Нефтекамск,ГО Стерлитамак,0.8041,0,False,
fused,ГО Нефтекамск,ГО Уфа,0.9915,0,False,
fused,ГО Нефтекамск,МР Белебеевский,0.5791,0,False,
fused,ГО Нефтекамск,МР Бирский,0.6001,0,False,
fused,ГО Нефтекамск,МР Дуванский,0.5674,0,False,
fused,ГО Нефтекамск,МР Дюртюлинский,0.5773,0,False,
fused,ГО Нефтекамск,МР Ишимбайский,0.8589,0,False,
fused,ГО Нефтекамск,МР Туймазинский,0.7327,0,False,
fused,ГО Нефтекамск,МР Уфимский,0.6204,0,False,
fused,ГО Нефтекамск,МР Чишминский,0.6218,0,False,
fused,ГО Октябрьский,ГО Салават,0.7864,0,False,
fused,ГО Октябрьский,ГО Сибай,0.6922,0,False,
fused,ГО Октябрьский,ГО Стерлитамак,0.7043,0,False,
fused,ГО Октябрьский,ГО Уфа,0.9728,0,False,
fused,ГО Октябрьский,МР Белебеевский,0.8133,0,False,
fused,ГО Октябрьский,МР Белорецкий,0.4894,0,False,
fused,ГО Октябрьский,МР Бирский,0.7101,0,False,
fused,ГО Октябрьский,МР Стерлитамакский,0.4302,0,False,
fused,ГО Октябрьский,МР Туймазинский,0.9578,0,False,
fused,ГО Октябрьский,МР Уфимский,0.6829,0,False,
fused,ГО Октябрьский,МР Учалинский,0.6652,0,False,
fused,ГО Салават,ГО Сибай,0.5385,0,False,
fused,ГО Салават,ГО Стерлитамак,0.8938,0,False,
fused,ГО Салават,ГО Уфа,0.9327,0,False,
fused,ГО Салават,МР Белебеевский,0.7095,0,False,
fused,ГО Салават,МР Белорецкий,0.469,0,False,
fused,ГО Салават,МР Бирский,0.5631,0,False,
fused,ГО Салават,МР Благовещенский,0.4135,0,False,
fused,ГО Салават,МР Дюртюлинский,0.5276,0,False,
fused,ГО Салават,МР Ишимбайский,0.87,0,False,
fused,ГО Салават,МР Краснокамский,0.386,0,False,
fused,ГО Салават,МР Туймазинский,0.6219,0,False,
fused,ГО Салават,МР Уфимский,0.659,0,False,
fused,ГО Салават,МР Учалинский,0.4103,0,False,
fused,ГО Салават,МР Янаульский,0.5556,0,False,
fused,ГО Сибай,ГО Стерлитамак,0.5879,0,False,
fused,ГО Сибай,ГО Уфа,0.6905,0,False,
fused,ГО Сибай,МР Белорецкий,0.4697,0,False,
fused,ГО Сибай,МР Бирский,0.5047,0,False,
fused,ГО Сибай,МР Ишимбайский,0.5352,0,False,
fused,ГО Сибай,МР Мелеузовский,0.5801,0,False,
fused,ГО Сибай,МР Хайбуллинский,0.6448,0,False,
fused,ГО Стерлитамак,ГО Уфа,1.0,0,False,
fused,ГО Стерлитамак,МР Белорецкий,0.4902,0,False,
fused,ГО Стерлитамак,МР Бирский,0.7737,0,False,
fused,ГО Стерлитамак,МР Бураевский,0.331,0,False,
fused,ГО Стерлитамак,МР Дуванский,0.4005,0,False,
fused,ГО Стерлитамак,МР Ишимбайский,0.8371,0,False,
fused,ГО Стерлитамак,МР Мелеузовский,0.7557,0,False,
fused,ГО Стерлитамак,МР Стерлитамакский,0.4216,0,False,
fused,ГО Стерлитамак,МР Туймазинский,0.72,0,False,
fused,ГО Стерлитамак,МР Уфимский,0.6307,0,False,
fused,ГО Уфа,МР Илишевский,0.5433,0,False,
fused,ГО Уфа,МР Мелеузовский,0.8487,0,False,
fused,ГО Уфа,МР Стерлитамакский,0.6977,0,False,
fused,ГО Уфа,МР Туймазинский,0.9174,0,False,
fused,ГО Уфа,МР Уфимский,0.9072,0,False,
fused,ГО Уфа,МР Учалинский,0.8381,0,False,
fused,ГО Уфа,МР Чишминский,0.6168,0,False,
fused,МР Абзелиловский,МР Баймакский,0.6182,0,False,
fused,МР Абзелиловский,МР Благовещенский,0.3517,0,False,
fused,МР Абзелиловский,МР Бурзянский,0.5149,0,False,
fused,МР Абзелиловский,МР Гафурийский,0.3656,0,False,
fused,МР Абзелиловский,МР Зианчуринский,0.4751,0,False,
fused,МР Абзелиловский,МР Кармаскалинский,0.4116,0,False,
fused,МР Абзелиловский,МР Кигинский,0.385,0,False,
fused,МР Абзелиловский,МР Салаватский,0.4213,0,False,
fused,МР Альшеевский,МР Бакалинский,0.418,0,False,
fused,МР Альшеевский,МР Белебеевский,0.5596,0,False,
fused,МР Альшеевский,МР Белорецкий,0.516,0,False,
fused,МР Альшеевский,МР Буздякский,0.5264,0,False,
fused,МР Альшеевский,МР Краснокамский,0.3874,0,False,
fused,МР Альшеевский,МР Кугарчинский,0.3927,0,False,
fused,МР Альшеевский,МР Учалинский,0.3462,0,False,
fused,МР Архангельский,МР Бакалинский,0.4227,0,False,
fused,МР Архангельский,МР Белокатайский,0.4413,0,False,
fused,МР Архангельский,МР Давлекановский,0.4245,0,False,
fused,МР Архангельский,МР Иглинский,0.4418,0,False,
fused,МР Архангельский,МР Караидельский,0.3802,0,False,
fused,МР Архангельский,МР Кармаскалинский,0.6115,0,False,
fused,МР Архангельский,МР Кигинский,0.4809,0,False,
fused,МР Архангельский,МР Кушнаренковский,0.3687,0,False,
fused,МР Архангельский,МР Куюргазинский,0.3854,0,False,
fused,МР Архангельский,МР Мечетлинский,0.4598,0,False,
fused,МР Архангельский,МР Мишкинский,0.5004,0,False,
fused,МР Архангельский,МР Нуримановский,0.6221,0,False,
fused,МР Архангельский,МР Салаватский,0.3878,0,False,
fused,МР Аскинский,МР Балтачевский,0.7289,0,False,
fused,МР Аскинский,МР Бураевский,0.3252,0,False,
fused,МР Аскинский,МР Гафурийский,0.4291,0,False,
fused,МР Аскинский,МР Калтасинский,0.3862,0,False,
fused,МР Аскинский,МР Караидельский,0.7136,0,False,
fused,МР Аскинский,МР Мишкинский,0.4286,0,False,
fused,МР Аскинский,МР Салаватский,0.5029,0,False,
fused,МР Аскинский,МР Татышлинский,0.5563,0,False,
fused,МР Аскинский,МР Шаранский,0.3818,0,False,
fused,МР Аургазинский,МР Бижбулякский,0.4798,0,False,
fused,МР Аургазинский,МР Благоварский,0.3933,0,False,
fused,МР Аургазинский,МР Буздякский,0.4529,0,False,
fused,МР Аургазинский,МР Ермекеевский,0.4416,0,False,
fused,МР Аургазинский,МР Илишевский,0.3901,0,False,
fused,МР Аургазинский,МР Калтасинский,0.3459,0,False,
fused,МР Аургазинский,МР Миякинский,0.4859,0,False,
fused,МР Аургазинский,МР Стерлибашевский,0.4836,0,False,
fused,МР Аургазинский,МР Татышлинский,0.3364,0,False,
fused,МР Аургазинский,МР Чекмагушевский,0.5563,0,False,
fused,МР Баймакский,МР Бирский,0.3716,0,False,
fused,МР Баймакский,МР Бурзянский,0.6149,0,False,
fused,МР Баймакский,МР Дуванский,0.497,0,False,
fused,МР Баймакский,МР Дюртюлинский,0.4006,0,False,
fused,МР Баймакский,МР Кугарчинский,0.528,0,False,
fused,МР Баймакский,МР Мечетлинский,0.4631,0,False,
fused,МР Баймакский,МР Салаватский,0.4056,0,False,
fused,МР Бакалинский,МР Буздякский,0.3974,0,False,
fused,МР Бакалинский,МР Зилаирский,0.3646,0,False,
fused,МР Бакалинский,МР Кигинский,0.4408,0,False,
fused,МР Бакалинский,МР Мишкинский,0.4724,0,False,
fused,МР Бакалинский,МР Нуримановский,0.4202,0,False,
fused,МР Бакалинский,МР Федоровский,0.4067,0,False,
fused,МР Балтачевский,МР Бижбулякский,0.4693,0,False,
fused,МР Балтачевский,МР Буздякский,0.3511,0,False,
fused,МР Балтачевский,МР Караидельский,0.573,0,False,
fused,МР Балтачевский,МР Стерлибашевский,0.3448,0,False,
fused,МР Балтачевский,МР Татышлинский,0.5126,0,False,
fused,МР Балтачевский,МР Чекмагушевский,0.4482,0,False,
fused,МР Балтачевский,МР Шаранский,0.3574,0,False,
fused,МР Белебеевский,МР Благовещенский,0.4165,0,False,
fused,МР Белебеевский,МР Буздякский,0.5114,0,False,
fused,МР Белебеевский,МР Давлекановский,0.4788,0,False,
fused,МР Белебеевский,МР Дюртюлинский,0.5507,0,False,
fused,МР Белебеевский,МР Илишевский,0.3529,0,False,
fused,МР Белебеевский,МР Ишимбайский,0.5235,0,False,
fused,МР Белебеевский,МР Краснокамский,0.4083,0,False,
fused,МР Белебеевский,МР Туймазинский,0.6368,0,False,
fused,МР Белебеевский,МР Янаульский,0.3843,0,False,
fused,МР Белокатайский,МР Дуванский,0.581,0,False,
fused,МР Белокатайский,МР Зилаирский,0.3916,0,False,
fused,МР Белокатайский,МР Караидельский,0.3406,0,False,
fused,МР Белокатайский,МР Кигинский,0.6073,0,False,
fused,МР Белокатайский,МР Кугарчинский,0.3496,0,False,
fused,МР Белокатайский,МР Мечетлинский,0.5542,0,False,
fused,МР Белокатайский,МР Стерлибашевский,0.3558,0,False,
fused,МР Белорецкий,МР Бураевский,0.3255,0,False,
fused,МР Белорецкий,МР Дуванский,0.4089,0,False,
fused,МР Белорецкий,МР Салаватский,0.5269,0,False,
fused,МР Белорецкий,МР Татышлинский,0.3665,0,False,
fused,МР Белорецкий,МР Учалинский,0.6001,0,False,
fused,МР Белорецкий,МР Хайбуллинский,0.3887,0,False,
fused,МР Бижбулякский,МР Ермекеевский,0.615,0,False,
fused,МР Бижбулякский,МР Мишкинский,0.3589,0,False,
fused,МР Бижбулякский,МР Стерлибашевский,0.4922,0,False,
fused,МР Бижбулякский,МР Татышлинский,0.4126,0,False,
fused,МР Бижбулякский,МР Федоровский,0.5018,0,False,
fused,МР Бижбулякский,МР Чекмагушевский,0.4243,0,False,
fused,МР Бижбулякский,МР Шаранский,0.3475,0,False,
fused,МР Бирский,МР Дуванский,0.4116,0,False,
fused,МР Бирский,МР Дюртюлинский,0.4157,0,False,
fused,МР Бирский,МР Иглинский,0.5047,0,False,
fused,МР Бирский,МР Чишминский,0.4281,0,False,
fused,МР Благоварский,МР Буздякский,0.6489,0,False,
fused,МР Благоварский,МР Ермекеевский,0.4896,0,False,
fused,МР Благоварский,МР Кармаскалинский,0.5019,0,False,
fused,МР Благоварский,МР Кушнаренковский,0.4487,0,False,
fused,МР Благоварский,МР Куюргазинский,0.3829,0,False,
fused,МР Благоварский,МР Миякинский,0.6311,0,False,
fused,МР Благоварский,МР Стерлитамакский,0.3951,0,False,
fused,МР Благоварский,МР Чекмагушевский,0.4703,0,False,
fused,МР Благовещенский,МР Давлекановский,0.4352,0,False,
fused,МР Благовещенский,МР Дюртюлинский,0.4564,0,False,
fused,МР Благовещенский,МР Иглинский,0.5379,0,False,
fused,МР Благовещенский,МР Ишимбайский,0.4391,0,False,
fused,МР Благовещенский,МР Краснокамский,0.4803,0,False,
fused,МР Благовещенский,МР Чишминский,0.5896,0,False,
fused,МР Буздякский,МР Ермекеевский,0.4325,0,False,
fused,МР Буздякский,МР Илишевский,0.3731,0,False,
fused,МР Буздякский,МР Чекмагушевский,0.5388,0,False,
fused,МР Бураевский,МР Бурзянский,0.3322,0,False,
fused,МР Бураевский,МР Зилаирский,0.3778,0,False,
fused,МР Бураевский,МР Татышлинский,0.3969,0,False,
fused,МР Бураевский,МР Хайбуллинский,0.4329,0,False,
fused,МР Бурзянский,МР Гафурийский,0.4491,0,False,
fused,МР Бурзянский,МР Зианчуринский,0.5193,0,False,
fused,МР Бурзянский,МР Зилаирский,0.624,0,False,
fused,МР Бурзянский,МР Кугарчинский,0.4176,0,False,
fused,МР Бурзянский,МР Хайбуллинский,0.4407,0,False,
fused,МР Гафурийский,МР Зианчуринский,0.4549,0,False,
fused,МР Гафурийский,МР Зилаирский,0.3952,0,False,
fused,МР Гафурийский,МР Кигинский,0.37,0,False,
fused,МР Гафурийский,МР Кугарчинский,0.5029,0,False,
fused,МР Гафурийский,МР Миякинский,0.367,0,False,
fused,МР Гафурийский,МР Стерлибашевский,0.4244,0,False,
fused,МР Гафурийский,МР Шаранский,0.4188,0,False,
fused,МР Давлекановский,МР Иглинский,0.4975,0,False,
fused,МР Давлекановский,МР Кармаскалинский,0.6505,0,False,
fused,МР Давлекановский,МР Куюргазинский,0.3761,0,False,
fused,МР Давлекановский,МР Нуримановский,0.3769,0,False,
fused,МР Дуванский,МР Мелеузовский,0.3605,0,False,
fused,МР Дуванский,МР Мечетлинский,0.3551,0,False,
fused,МР Дуванский,МР Учалинский,0.4087,0,False,
fused,МР Дюртюлинский,МР Ишимбайский,0.6352,0,False,
fused,МР Дюртюлинский,МР Краснокамский,0.4774,0,False,
fused,МР Дюртюлинский,МР Туймазинский,0.7011,0,False,
fused,МР Дюртюлинский,МР Чекмагушевский,0.5232,0,False,
fused,МР Дюртюлинский,МР Янаульский,0.3933,0,False,
fused,МР Ермекеевский,МР Кушнаренковский,0.4533,0,False,
fused,МР Ермекеевский,МР Куюргазинский,0.3859,0,False,
fused,МР Ермекеевский,МР Миякинский,0.5377,0,False,
fused,МР Ермекеевский,МР Стерлибашевский,0.4546,0,False,
fused,МР Ермекеевский,МР Федоровский,0.4344,0,False,
fused,МР Ермекеевский,МР Чекмагушевский,0.4366,0,False,
fused,МР Ермекеевский,МР Шаранский,0.4654,0,False,
fused,МР Зианчуринский,МР Зилаирский,0.4527,0,False,
fused,МР Зианчуринский,МР Караидельский,0.417,0,False,
fused,МР Зианчуринский,МР Кугарчинский,0.6985,0,False,
fused,МР Зианчуринский,МР Мелеузовский,0.5528,0,False,
fused,МР Зианчуринский,МР Миякинский,0.4169,0,False,
fused,МР Зианчуринский,МР Хайбуллинский,0.5086,0,False,
fused,МР Зилаирский,МР Кугарчинский,0.4782,0,False,
fused,МР Зилаирский,МР Федоровский,0.4296,0,False,
fused,МР Зилаирский,МР Хайбуллинский,0.6476,0,False,
fused,МР Иглинский,МР Кармаскалинский,0.6273,0,False,
fused,МР Иглинский,МР Стерлитамакский,0.3453,0,False,
fused,МР Иглинский,МР Уфимский,0.8102,0,False,
fused,МР Иглинский,МР Чишминский,0.7018,0,False,
fused,МР Илишевский,МР Калтасинский,0.3899,0,False,
fused,МР Илишевский,МР Туймазинский,0.3679,0,False,
fused,МР Илишевский,МР Чишминский,0.3941,0,False,
fused,МР Ишимбайский,МР Туймазинский,0.6214,0,False,
fused,МР Ишимбайский,МР Чишминский,0.4453,0,False,
fused,МР Калтасинский,МР Кушнаренковский,0.5838,0,False,
fused,МР Калтасинский,МР Куюргазинский,0.385,0,False,
fused,МР Калтасинский,МР Нуримановский,0.4275,0,False,
fused,МР Калтасинский,МР Шаранский,0.4769,0,False,
fused,МР Караидельский,МР Мишкинский,0.5021,0,False,
fused,МР Караидельский,МР Нуримановский,0.5016,0,False,
fused,МР Караидельский,МР Салаватский,0.4253,0,False,
fused,МР Караидельский,МР Стерлибашевский,0.3941,0,False,
fused,МР Кармаскалинский,МР Куюргазинский,0.3899,0,False,
fused,МР Кармаскалинский,МР Стерлитамакский,0.3783,0,False,
fused,МР Кармаскалинский,МР Уфимский,0.4071,0,False,
fused,МР Кармаскалинский,МР Чишминский,0.4525,0,False,
fused,МР Кигинский,МР Кугарчинский,0.4755,0,False,
fused,МР Кигинский,МР Кушнаренковский,0.3571,0,False,
fused,МР Кигинский,МР Мечетлинский,0.6215,0,False,
fused,МР Кигинский,МР Мишкинский,0.3969,0,False,
fused,МР Кигинский,МР Салаватский,0.5421,0,False,
fused,МР Краснокамский,МР Куюргазинский,0.3545,0,False,
fused,МР Краснокамский,МР Чекмагушевский,0.3531,0,False,
fused,МР Краснокамский,МР Янаульский,0.6044,0,False,
fused,МР Кугарчинский,МР Мечетлинский,0.4103,0,False,
fused,МР Кугарчинский,МР Миякинский,0.3783,0,False,
fused,МР Кугарчинский,МР Стерлибашевский,0.4007,0,False,
fused,МР Кушнаренковский,МР Мечетлинский,0.456,0,False,
fused,МР Кушнаренковский,МР Нуримановский,0.4809,0,False,
fused,МР Кушнаренковский,МР Федоровский,0.5646,0,False,
fused,МР Куюргазинский,МР Нуримановский,0.369,0,False,
fused,МР Куюргазинский,МР Шаранский,0.3472,0,False,
fused,МР Куюргазинский,МР Янаульский,0.3665,0,False,
fused,МР Мелеузовский,МР Уфимский,0.459,0,False,
fused,МР Мелеузовский,МР Учалинский,0.642,0,False,
fused,МР Мечетлинский,МР Янаульский,0.3764,0,False,
fused,МР Мишкинский,МР Нуримановский,0.448,0,False,
fused,МР Мишкинский,МР Салаватский,0.3932,0,False,
fused,МР Мишкинский,МР Стерлибашевский,0.4115,0,False,
fused,МР Мишкинский,МР Федоровский,0.3704,0,False,
fused,МР Мишкинский,МР Шаранский,0.3879,0,False,
fused,МР Миякинский,МР Стерлибашевский,0.5132,0,False,
fused,МР Миякинский,МР Чекмагушевский,0.4843,0,False,
fused,МР Нуримановский,МР Федоровский,0.4881,0,False,
fused,МР Стерлибашевский,МР Федоровский,0.4331,0,False,
fused,МР Стерлитамакский,МР Туймазинский,0.4315,0,False,
fused,МР Стерлитамакский,МР Уфимский,0.4674,0,False,
fused,МР Стерлитамакский,МР Чишминский,0.5707,0,False,
fused,МР Татышлинский,МР Учалинский,0.4089,0,False,
fused,МР Татышлинский,МР Хайбуллинский,0.444,0,False,
fused,МР Туймазинский,МР Учалинский,0.6661,0,False,
fused,МР Туймазинский,МР Чишминский,0.4653,0,False,
fused,МР Туймазинский,МР Янаульский,0.426,0,False,
fused,МР Учалинский,МР Янаульский,0.6059,0,False,
flow_rub,ГО Агидель,ГО Кумертау,,0,True,7565633.399999999
flow_rub,ГО Агидель,ГО Межгорье,,0,True,2902660.8499999996
flow_rub,ГО Агидель,ГО Нефтекамск,,0,True,633404958.84
flow_rub,ГО Агидель,ГО Октябрьский,,0,True,14366135.48
flow_rub,ГО Агидель,ГО Салават,,0,True,3969988.69
flow_rub,ГО Агидель,ГО Сибай,,0,True,2016596.5
flow_rub,ГО Агидель,ГО Стерлитамак,,0,True,74467637.13
flow_rub,ГО Агидель,ГО Уфа,,0,True,186553288.02999997
flow_rub,ГО Агидель,МР Абзелиловский,,0,True,1392776.5
flow_rub,ГО Агидель,МР Альшеевский,,0,True,10413066.08
flow_rub,ГО Агидель,МР Архангельский,,0,True,705884.86
flow_rub,ГО Агидель,МР Аскинский,,0,True,1905181.99
flow_rub,ГО Агидель,МР Аургазинский,,0,True,1840555.0
flow_rub,ГО Агидель,МР Баймакский,,0,True,2112252.2199999997
flow_rub,ГО Агидель,МР Бакалинский,,0,True,2641484.95
flow_rub,ГО Агидель,МР Балтачевский,,0,True,820968.8
flow_rub,ГО Агидель,МР Белебеевский,,0,True,7338556.210000001
flow_rub,ГО Агидель,МР Белокатайский,,0,True,2573197.34
flow_rub,ГО Агидель,МР Белорецкий,,0,True,9528374.42
flow_rub,ГО Агидель,МР Бижбулякский,,0,True,3317347.15
flow_rub,ГО Агидель,МР Бирский,,0,True,26124942.0
flow_rub,ГО Агидель,МР Благоварский,,0,True,18684535.59
flow_rub,ГО Агидель,МР Благовещенский,,0,True,1977563.72
flow_rub,ГО Агидель,МР Буздякский,,0,True,4816594.83
flow_rub,ГО Агидель,МР Бураевский,,0,True,7274639.319999999
flow_rub,ГО Агидель,МР Бурзянский,,0,True,506219.1
flow_rub,ГО Агидель,МР Гафурийский,,0,True,3136629.1500000004
flow_rub,ГО Агидель,МР Давлекановский,,0,True,9390157.870000001
flow_rub,ГО Агидель,МР Дуванский,,0,True,4455748.4399999995
flow_rub,ГО Агидель,МР Дюртюлинский,,0,True,793792.7999999999
flow_rub,ГО Агидель,МР Ермекеевский,,0,True,1323361.86
flow_rub,ГО Агидель,МР Зианчуринский,,0,True,82370.0
flow_rub,ГО Агидель,МР Зилаирский,,0,True,120469.0
flow_rub,ГО Агидель,МР Иглинский,,0,True,9643168.19
flow_rub,ГО Агидель,МР Илишевский,,0,True,422031.80000000005
flow_rub,ГО Агидель,МР Ишимбайский,,0,True,6794441.22
flow_rub,ГО Агидель,МР Калтасинский,,0,True,36486749.04
flow_rub,ГО Агидель,МР Караидельский,,0,True,524894.0
flow_rub,ГО Агидель,МР Кармаскалинский,,0,True,5864061.25
flow_rub,ГО Агидель,МР Кигинский,,0,True,2702610.5999999996
flow_rub,ГО Агидель,МР Краснокамский,,0,True,32611858.7
flow_rub,ГО Агидель,МР Кугарчинский,,0,True,1279914.6
flow_rub,ГО Агидель,МР Кушнаренковский,,0,True,1645645.4
flow_rub,ГО Агидель,МР Мелеузовский,,0,True,807447.5
flow_rub,ГО Агидель,МР Мечетлинский,,0,True,3775245.54
flow_rub,ГО Агидель,МР Мишкинский,,0,True,1491800.8
flow_rub,ГО Агидель,МР Миякинский,,0,True,5690620.35
flow_rub,ГО Агидель,МР Нуримановский,,0,True,479429.60000000003
flow_rub,ГО Агидель,МР Салаватский,,0,True,5961336.0
flow_rub,ГО Агидель,МР Стерлибашевский,,0,True,3265853.1799999997
flow_rub,ГО Агидель,МР Стерлитамакский,,0,True,18250035.71
flow_rub,ГО Агидель,МР Татышлинский,,0,True,4563.44
flow_rub,ГО Агидель,МР Туймазинский,,0,True,14141559.5
flow_rub,ГО Агидель,МР Уфимский,,0,True,50165.52
flow_rub,ГО Агидель,МР Учалинский,,0,True,9409003.36
flow_rub,ГО Агидель,МР Федоровский,,0,True,168376.5
flow_rub,ГО Агидель,МР Хайбуллинский,,0,True,2585030.5
flow_rub,ГО Агидель,МР Чекмагушевский,,0,True,136611130.82
flow_rub,ГО Агидель,МР Шаранский,,0,True,1999670.73
flow_rub,ГО Агидель,МР Янаульский,,0,True,31759979.400000002
flow_rub,ГО Кумертау,ГО Межгорье,,0,True,734831.7
flow_rub,ГО Кумертау,ГО Нефтекамск,,0,True,2183272.99
flow_rub,ГО Кумертау,ГО Октябрьский,,0,True,1914136.8
flow_rub,ГО Кумертау,ГО Салават,,0,True,38178000.42
flow_rub,ГО Кумертау,ГО Сибай,,0,True,7533237.0
flow_rub,ГО Кумертау,ГО Стерлитамак,,0,True,7619274.84
flow_rub,ГО Кумертау,ГО Уфа,,0,True,43424092.13
flow_rub,ГО Кумертау,МР Абзелиловский,,0,True,91520.0
flow_rub,ГО Кумертау,МР Альшеевский,,0,True,954335.0
flow_rub,ГО Кумертау,МР Аургазинский,,0,True,6714025.569999999
flow_rub,ГО Кумертау,МР Белебеевский,,0,True,84374.0
flow_rub,ГО Кумертау,МР Белокатайский,,0,True,160550.0
flow_rub,ГО Кумертау,МР Белорецкий,,0,True,2591670.0
flow_rub,ГО Кумертау,МР Бирский,,0,True,1323290.0
flow_rub,ГО Кумертау,МР Благоварский,,0,True,6011096.8
flow_rub,ГО Кумертау,МР Благовещенский,,0,True,1286870.48
flow_rub,ГО Кумертау,МР Буздякский,,0,True,479345.0
flow_rub,ГО Кумертау,МР Бураевский,,0,True,7515.8
flow_rub,ГО Кумертау,МР Бурзянский,,0,True,1646675.25
flow_rub,ГО Кумертау,МР Гафурийский,,0,True,2059480.0
flow_rub,ГО Кумертау,МР Давлекановский,,0,True,571520.0
flow_rub,ГО Кумертау,МР Дюртюлинский,,0,True,2047627.33
flow_rub,ГО Кумертау,МР Зианчуринский,,0,True,28949514.1
flow_rub,ГО Кумертау,МР Иглинский,,0,True,3634336.09
flow_rub,ГО Кумертау,МР Ишимбайский,,0,True,3726127.03
flow_rub,ГО Кумертау,МР Калтасинский,,0,True,128309.0
flow_rub,ГО Кумертау,МР Кармаскалинский,,0,True,126980.0
flow_rub,ГО Кумертау,МР Краснокамский,,0,True,1325957.6
flow_rub,ГО Кумертау,МР Кугарчинский,,0,True,38002925.79
flow_rub,ГО Кумертау,МР Кушнаренковский,,0,True,320000.0
flow_rub,ГО Кумертау,МР Куюргазинский,,0,True,46730340.37
flow_rub,ГО Кумертау,МР Мелеузовский,,0,True,43983754.27
flow_rub,ГО Кумертау,МР Мечетлинский,,0,True,1252623.84
flow_rub,ГО Кумертау,МР Миякинский,,0,True,3694825.17
flow_rub,ГО Кумертау,МР Стерлибашевский,,0,True,372931.29000000004
flow_rub,ГО Кумертау,МР Стерлитамакский,,0,True,1233113.8
flow_rub,ГО Кумертау,МР Татышлинский,,0,True,40610.0
flow_rub,ГО Кумертау,МР Туймазинский,,0,True,1875090.9
flow_rub,ГО Кумертау,МР Учалинский,,0,True,4672906.0
flow_rub,ГО Кумертау,МР Федоровский,,0,True,3728206.75
flow_rub,ГО Кумертау,МР Хайбуллинский,,0,True,204180.0
flow_rub,ГО Кумертау,МР Чекмагушевский,,0,True,324880.0
flow_rub,ГО Кумертау,МР Чишминский,,0,True,1309000.0
flow_rub,ГО Кумертау,МР Янаульский,,0,True,104900.0
flow_rub,ГО Межгорье,ГО Стерлитамак,,0,True,3358234.68
flow_rub,ГО Межгорье,ГО Уфа,,0,True,3124195.1900000004
flow_rub,ГО Межгорье,МР Белорецкий,,0,True,717246.5700000001
flow_rub,ГО Межгорье,МР Благоварский,,0,True,16737151.21
flow_rub,ГО Межгорье,МР Учалинский,,0,True,2353243.2
flow_rub,ГО Нефтекамск,ГО Агидель,,0,True,34551953.86
flow_rub,ГО Нефтекамск,ГО Кумертау,,0,True,20994314.45
flow_rub,ГО Нефтекамск,ГО Октябрьский,,0,True,24257073.83
flow_rub,ГО Нефтекамск,ГО Салават,,0,True,15645571.95
flow_rub,ГО Нефтекамск,ГО Сибай,,0,True,10775486.43
flow_rub,ГО Нефтекамск,ГО Стерлитамак,,0,True,55626394.269999996
flow_rub,ГО Нефтекамск,ГО Уфа,,0,True,689493011.29
flow_rub,ГО Нефтекамск,МР Абзелиловский,,0,True,870045.8
flow_rub,ГО Нефтекамск,МР Альшеевский,,0,True,4785218.15
flow_rub,ГО Нефтекамск,МР Архангельский,,0,True,1947954.5999999999
flow_rub,ГО Нефтекамск,МР Аскинский,,0,True,16337793.41
flow_rub,ГО Нефтекамск,МР Аургазинский,,0,True,8127173.8
flow_rub,ГО Нефтекамск,МР Баймакский,,0,True,5135288.65
flow_rub,ГО Нефтекамск,МР Бакалинский,,0,True,4387808.68
flow_rub,ГО Нефтекамск,МР Балтачевский,,0,True,18772633.810000002
flow_rub,ГО Нефтекамск,МР Белебеевский,,0,True,29881221.150000002
flow_rub,ГО Нефтекамск,МР Белокатайский,,0,True,1298183.46
flow_rub,ГО Нефтекамск,МР Белорецкий,,0,True,13845858.59
flow_rub,ГО Нефтекамск,МР Бижбулякский,,0,True,3405024.98
flow_rub,ГО Нефтекамск,МР Бирский,,0,True,11255699.18
flow_rub,ГО Нефтекамск,МР Благоварский,,0,True,634863.9
flow_rub,ГО Нефтекамск,МР Благовещенский,,0,True,6294600.760000001
flow_rub,ГО Нефтекамск,МР Буздякский,,0,True,2324365.65
flow_rub,ГО Нефтекамск,МР Бураевский,,0,True,33943300.14
flow_rub,ГО Нефтекамск,МР Бурзянский,,0,True,25304.0
flow_rub,ГО Нефтекамск,МР Гафурийский,,0,True,5787170.91
flow_rub,ГО Нефтекамск,МР Давлекановский,,0,True,1804137.0999999999
flow_rub,ГО Нефтекамск,МР Дуванский,,0,True,116049348.75000001
flow_rub,ГО Нефтекамск,МР Дюртюлинский,,0,True,15629596.459999999
flow_rub,ГО Нефтекамск,МР Ермекеевский,,0,True,100186.0
flow_rub,ГО Нефтекамск,МР Зианчуринский,,0,True,5968252.0
flow_rub,ГО Нефтекамск,МР Зилаирский,,0,True,1002659.15
flow_rub,ГО Нефтекамск,МР Иглинский,,0,True,18464625.75
flow_rub,ГО Нефтекамск,МР Илишевский,,0,True,23800130.78
flow_rub,ГО Нефтекамск,МР Ишимбайский,,0,True,111103081.55
flow_rub,ГО Нефтекамск,МР Калтасинский,,0,True,75004724.62
flow_rub,ГО Нефтекамск,МР Караидельский,,0,True,18783132.56
flow_rub,ГО Нефтекамск,МР Кармаскалинский,,0,True,3720692.06
flow_rub,ГО Нефтекамск,МР Кигинский,,0,True,849722.0800000001
flow_rub,ГО Нефтекамск,МР Краснокамский,,0,True,150613911.3
flow_rub,ГО Нефтекамск,МР Кугарчинский,,0,True,634522.6
flow_rub,ГО Нефтекамск,МР Кушнаренковский,,0,True,2198597.77
flow_rub,ГО Нефтекамск,МР Куюргазинский,,0,True,31537081.39
flow_rub,ГО Нефтекамск,МР Мелеузовский,,0,True,10108648.780000001
flow_rub,ГО Нефтекамск,МР Мечетлинский,,0,True,4355442.09
flow_rub,ГО Нефтекамск,МР Мишкинский,,0,True,485552.7
flow_rub,ГО Нефтекамск,МР Миякинский,,0,True,7666685.34
flow_rub,ГО Нефтекамск,МР Нуримановский,,0,True,7209297.93
flow_rub,ГО Нефтекамск,МР Салаватский,,0,True,3025280.21
flow_rub,ГО Нефтекамск,МР Стерлибашевский,,0,True,3635242.67
flow_rub,ГО Нефтекамск,МР Татышлинский,,0,True,24639614.55
flow_rub,ГО Нефтекамск,МР Туймазинский,,0,True,40428063.29
flow_rub,ГО Нефтекамск,МР Уфимский,,0,True,3832940.0
flow_rub,ГО Нефтекамск,МР Учалинский,,0,True,10618390.07
flow_rub,ГО Нефтекамск,МР Хайбуллинский,,0,True,258900.0
flow_rub,ГО Нефтекамск,МР Чекмагушевский,,0,True,5357470.279999999
flow_rub,ГО Нефтекамск,МР Чишминский,,0,True,119201093.47
flow_rub,ГО Нефтекамск,МР Шаранский,,0,True,749566.0
flow_rub,ГО Нефтекамск,МР Янаульский,,0,True,116335900.02
flow_rub,ГО Октябрьский,ГО Агидель,,0,True,14776735.17
flow_rub,ГО Октябрьский,ГО Кумертау,,0,True,423510.35
flow_rub,ГО Октябрьский,ГО Межгорье,,0,True,246226.59
flow_rub,ГО Октябрьский,ГО Нефтекамск,,0,True,1558125.72
flow_rub,ГО Октябрьский,ГО Салават,,0,True,333764.41000000003
flow_rub,ГО Октябрьский,ГО Сибай,,0,True,469364.75
flow_rub,ГО Октябрьский,ГО Стерлитамак,,0,True,811977.49
flow_rub,ГО Октябрьский,ГО Уфа,,0,True,44697136.26
flow_rub,ГО Октябрьский,МР Абзелиловский,,0,True,51395714.49000001
flow_rub,ГО Октябрьский,МР Альшеевский,,0,True,3692267.8600000003
flow_rub,ГО Октябрьский,МР Аскинский,,0,True,4136597.9299999997
flow_rub,ГО Октябрьский,МР Аургазинский,,0,True,233349.51
flow_rub,ГО Октябрьский,МР Бакалинский,,0,True,8056609.649999999
flow_rub,ГО Октябрьский,МР Балтачевский,,0,True,7106.42
flow_rub,ГО Октябрьский,МР Белебеевский,,0,True,40048568.93
flow_rub,ГО Октябрьский,МР Белокатайский,,0,True,403651.4
flow_rub,ГО Октябрьский,МР Белорецкий,,0,True,616173.72
flow_rub,ГО Октябрьский,МР Бижбулякский,,0,True,488464.77999999997
flow_rub,ГО Октябрьский,МР Бирский,,0,True,32558004.61
flow_rub,ГО Октябрьский,МР Благоварский,,0,True,779980.5
flow_rub,ГО Октябрьский,МР Благовещенский,,0,True,5319751.36
flow_rub,ГО Октябрьский,МР Буздякский,,0,True,3642185.2800000003
flow_rub,ГО Октябрьский,МР Гафурийский,,0,True,1810851.0
flow_rub,ГО Октябрьский,МР Давлекановский,,0,True,591173.3400000001
flow_rub,ГО Октябрьский,МР Дуванский,,0,True,452502.32
flow_rub,ГО Октябрьский,МР Дюртюлинский,,0,True,1786095.7200000002
flow_rub,ГО Октябрьский,МР Ермекеевский,,0,True,17556510.86
flow_rub,ГО Октябрьский,МР Иглинский,,0,True,12688653.18
flow_rub,ГО Октябрьский,МР Ишимбайский,,0,True,51931.5
flow_rub,ГО Октябрьский,МР Калтасинский,,0,True,147007.8
flow_rub,ГО Октябрьский,МР Кармаскалинский,,0,True,26612938.5
flow_rub,ГО Октябрьский,МР Кигинский,,0,True,385191.28
flow_rub,ГО Октябрьский,МР Краснокамский,,0,True,1299079.6
flow_rub,ГО Октябрьский,МР Кушнаренковский,,0,True,4237530.47
flow_rub,ГО Октябрьский,МР Куюргазинский,,0,True,310758.0
flow_rub,ГО Октябрьский,МР Мелеузовский,,0,True,946530.42
flow_rub,ГО Октябрьский,МР Мечетлинский,,0,True,69090.0
flow_rub,ГО Октябрьский,МР Миякинский,,0,True,9557222.060000002
flow_rub,ГО Октябрьский,МР Нуримановский,,0,True,145600.0
flow_rub,ГО Октябрьский,МР Салаватский,,0,True,78960.0
flow_rub,ГО Октябрьский,МР Стерлибашевский,,0,True,4583.5
flow_rub,ГО Октябрьский,МР Татышлинский,,0,True,2000267.44
flow_rub,ГО Октябрьский,МР Туймазинский,,0,True,41807421.4
flow_rub,ГО Октябрьский,МР Учалинский,,0,True,8548352.45
flow_rub,ГО Октябрьский,МР Федоровский,,0,True,2269373.96
flow_rub,ГО Октябрьский,МР Хайбуллинский,,0,True,9430716.59
flow_rub,ГО Октябрьский,МР Чекмагушевский,,0,True,1243658.93
flow_rub,ГО Октябрьский,МР Чишминский,,0,True,1481556.4700000002
flow_rub,ГО Октябрьский,МР Шаранский,,0,True,20822704.87
flow_rub,ГО Октябрьский,МР Янаульский,,0,True,1850228.4
flow_rub,ГО Салават,ГО Кумертау,,0,True,26409132.85
flow_rub,ГО Салават,ГО Нефтекамск,,0,True,1117481.36
flow_rub,ГО Салават,ГО Октябрьский,,0,True,1601300.0
flow_rub,ГО Салават,ГО Стерлитамак,,0,True,30320964.2
flow_rub,ГО Салават,ГО Уфа,,0,True,102009671.42999999
flow_rub,ГО Салават,МР Аургазинский,,0,True,746250.0
flow_rub,ГО Салават,МР Белебеевский,,0,True,830000.0
flow_rub,ГО Салават,МР Белорецкий,,0,True,2608413.77
flow_rub,ГО Салават,МР Бирский,,0,True,10855665.43
flow_rub,ГО Салават,МР Благовещенский,,0,True,766510.31
flow_rub,ГО Салават,МР Буздякский,,0,True,675675.12
flow_rub,ГО Салават,МР Гафурийский,,0,True,69500.56999999999
flow_rub,ГО Салават,МР Дуванский,,0,True,377338.17
flow_rub,ГО Салават,МР Дюртюлинский,,0,True,508400.0
flow_rub,ГО Салават,МР Зианчуринский,,0,True,1039669.0399999999
flow_rub,ГО Салават,МР Зилаирский,,0,True,8788000.0
flow_rub,ГО Салават,МР Иглинский,,0,True,594000.0
flow_rub,ГО Салават,МР Ишимбайский,,0,True,105390677.47999999
flow_rub,ГО Салават,МР Кармаскалинский,,0,True,45000.0
flow_rub,ГО Салават,МР Кугарчинский,,0,True,1000000.0
flow_rub,ГО Салават,МР Мелеузовский,,0,True,56326338.83
flow_rub,ГО Салават,МР Миякинский,,0,True,931600.0
flow_rub,ГО Салават,МР Стерлибашевский,,0,True,19715168.52
flow_rub,ГО Салават,МР Стерлитамакский,,0,True,4248079.82
flow_rub,ГО Салават,МР Туймазинский,,0,True,1384220.0
flow_rub,ГО Салават,МР Уфимский,,0,True,10137467.860000001
flow_rub,ГО Салават,МР Учалинский,,0,True,13474750.0
flow_rub,ГО Салават,МР Федоровский,,0,True,60024617.18
flow_rub,ГО Салават,МР Хайбуллинский,,0,True,8833138.71
flow_rub,ГО Салават,МР Янаульский,,0,True,2347046.33
flow_rub,ГО Сибай,ГО Агидель,,0,True,5684400.0
flow_rub,ГО Сибай,ГО Межгорье,,0,True,123848.1
flow_rub,ГО Сибай,ГО Уфа,,0,True,18670233.26
flow_rub,ГО Сибай,МР Архангельский,,0,True,2130000.0
flow_rub,ГО Сибай,МР Баймакский,,0,True,213252284.02
flow_rub,ГО Сибай,МР Белорецкий,,0,True,2510295.35
flow_rub,ГО Сибай,МР Бурзянский,,0,True,38226446.1
flow_rub,ГО Сибай,МР Зианчуринский,,0,True,2949169.48
flow_rub,ГО Сибай,МР Зилаирский,,0,True,9299642.42
flow_rub,ГО Сибай,МР Кугарчинский,,0,True,1223096.93
flow_rub,ГО Сибай,МР Мелеузовский,,0,True,2244355.07
flow_rub,ГО Сибай,МР Мишкинский,,0,True,5201648.55
flow_rub,ГО Сибай,МР Нуримановский,,0,True,3779435.0999999996
flow_rub,ГО Сибай,МР Учалинский,,0,True,450613.92
flow_rub,ГО Сибай,МР Хайбуллинский,,0,True,19046426.87
flow_rub,ГО Стерлитамак,ГО Кумертау,,0,True,38427221.84
flow_rub,ГО Стерлитамак,ГО Межгорье,,0,True,645492.6
flow_rub,ГО Стерлитамак,ГО Нефтекамск,,0,True,1906609.8399999999
flow_rub,ГО Стерлитамак,ГО Октябрьский,,0,True,39400256.11
flow_rub,ГО Стерлитамак,ГО Салават,,0,True,166216647.84
flow_rub,ГО Стерлитамак,ГО Сибай,,0,True,4833560.1
flow_rub,ГО Стерлитамак,ГО Уфа,,0,True,612992665.87
flow_rub,ГО Стерлитамак,МР Абзелиловский,,0,True,4351719.8
flow_rub,ГО Стерлитамак,МР Альшеевский,,0,True,67347076.8
flow_rub,ГО Стерлитамак,МР Архангельский,,0,True,1685824.3599999999
flow_rub,ГО Стерлитамак,МР Аскинский,,0,True,2667947.93
flow_rub,ГО Стерлитамак,МР Аургазинский,,0,True,34175293.92
flow_rub,ГО Стерлитамак,МР Баймакский,,0,True,4752110.69
flow_rub,ГО Стерлитамак,МР Бакалинский,,0,True,988471.65
flow_rub,ГО Стерлитамак,МР Балтачевский,,0,True,1023572.1
flow_rub,ГО Стерлитамак,МР Белебеевский,,0,True,4032259.81
flow_rub,ГО Стерлитамак,МР Белокатайский,,0,True,8049323.029999999
flow_rub,ГО Стерлитамак,МР Белорецкий,,0,True,17227525.46
flow_rub,ГО Стерлитамак,МР Бижбулякский,,0,True,1240667.19
flow_rub,ГО Стерлитамак,МР Бирский,,0,True,953158.31
flow_rub,ГО Стерлитамак,МР Благоварский,,0,True,4746097.3
flow_rub,ГО Стерлитамак,МР Благовещенский,,0,True,4479800.53
flow_rub,ГО Стерлитамак,МР Буздякский,,0,True,1017335.86
flow_rub,ГО Стерлитамак,МР Бураевский,,0,True,4293686.01
flow_rub,ГО Стерлитамак,МР Бурзянский,,0,True,1086500.0
flow_rub,ГО Стерлитамак,МР Гафурийский,,0,True,82219130.58
flow_rub,ГО Стерлитамак,МР Давлекановский,,0,True,8879077.54
flow_rub,ГО Стерлитамак,МР Дуванский,,0,True,3045021.45
flow_rub,ГО Стерлитамак,МР Дюртюлинский,,0,True,873135.0
flow_rub,ГО Стерлитамак,МР Ермекеевский,,0,True,250875.0
flow_rub,ГО Стерлитамак,МР Зианчуринский,,0,True,10568882.92
flow_rub,ГО Стерлитамак,МР Зилаирский,,0,True,182275.0
flow_rub,ГО Стерлитамак,МР Иглинский,,0,True,3724275.7
flow_rub,ГО Стерлитамак,МР Ишимбайский,,0,True,119209776.4
flow_rub,ГО Стерлитамак,МР Кармаскалинский,,0,True,929747.9
flow_rub,ГО Стерлитамак,МР Кугарчинский,,0,True,7047818.4
flow_rub,ГО Стерлитамак,МР Кушнаренковский,,0,True,730699.97
flow_rub,ГО Стерлитамак,МР Куюргазинский,,0,True,3579665.61
flow_rub,ГО Стерлитамак,МР Мелеузовский,,0,True,67429596.32
flow_rub,ГО Стерлитамак,МР Мишкинский,,0,True,828000.0
flow_rub,ГО Стерлитамак,МР Миякинский,,0,True,3540539.9299999997
flow_rub,ГО Стерлитамак,МР Нуримановский,,0,True,4885791.1
flow_rub,ГО Стерлитамак,МР Салаватский,,0,True,138000.0
flow_rub,ГО Стерлитамак,МР Стерлибашевский,,0,True,20550224.369999997
flow_rub,ГО Стерлитамак,МР Стерлитамакский,,0,True,176755215.26
flow_rub,ГО Стерлитамак,МР Татышлинский,,0,True,1232052.35
flow_rub,ГО Стерлитамак,МР Туймазинский,,0,True,6838693.02
flow_rub,ГО Стерлитамак,МР Уфимский,,0,True,6294658.4
flow_rub,ГО Стерлитамак,МР Учалинский,,0,True,2781822.7
flow_rub,ГО Стерлитамак,МР Федоровский,,0,True,12536462.33
flow_rub,ГО Стерлитамак,МР Хайбуллинский,,0,True,2724113.26
flow_rub,ГО Стерлитамак,МР Чекмагушевский,,0,True,889213.5
flow_rub,ГО Стерлитамак,МР Чишминский,,0,True,295406.4
flow_rub,ГО Стерлитамак,МР Шаранский,,0,True,776757.15
flow_rub,ГО Стерлитамак,МР Янаульский,,0,True,254400.0
flow_rub,ГО Уфа,ГО Агидель,,0,True,147013795.45000002
flow_rub,ГО Уфа,ГО Кумертау,,0,True,976192171.73
flow_rub,ГО Уфа,ГО Межгорье,,0,True,129000599.27000001
flow_rub,ГО Уфа,ГО Нефтекамск,,0,True,2965677154.04
flow_rub,ГО Уфа,ГО Октябрьский,,0,True,1146569045.32
flow_rub,ГО Уфа,ГО Салават,,0,True,2523831210.35
flow_rub,ГО Уфа,ГО Сибай,,0,True,1311530611.32
flow_rub,ГО Уфа,ГО Стерлитамак,,0,True,5009816031.95
flow_rub,ГО Уфа,МР Абзелиловский,,0,True,493995916.38
flow_rub,ГО Уфа,МР Альшеевский,,0,True,445437089.88
flow_rub,ГО Уфа,МР Архангельский,,0,True,301876831.76
flow_rub,ГО Уфа,МР Аскинский,,0,True,453404359.86
flow_rub,ГО Уфа,МР Аургазинский,,0,True,1030782141.41
flow_rub,ГО Уфа,МР Баймакский,,0,True,1183231670.83
flow_rub,ГО Уфа,МР Бакалинский,,0,True,256897675.41
flow_rub,ГО Уфа,МР Балтачевский,,0,True,204356875.05
flow_rub,ГО Уфа,МР Белебеевский,,0,True,719548320.9300001
flow_rub,ГО Уфа,МР Белокатайский,,0,True,219363704.54
flow_rub,ГО Уфа,МР Белорецкий,,0,True,1548565903.41
flow_rub,ГО Уфа,МР Бижбулякский,,0,True,291154153.76
flow_rub,ГО Уфа,МР Бирский,,0,True,1142290975.87
flow_rub,ГО Уфа,МР Благоварский,,0,True,249051330.94
flow_rub,ГО Уфа,МР Благовещенский,,0,True,906781404.25
flow_rub,ГО Уфа,МР Буздякский,,0,True,223874491.95999998
flow_rub,ГО Уфа,МР Бураевский,,0,True,251870405.37
flow_rub,ГО Уфа,МР Бурзянский,,0,True,143129980.62
flow_rub,ГО Уфа,МР Гафурийский,,0,True,432563846.65999997
flow_rub,ГО Уфа,МР Давлекановский,,0,True,619768939.99
flow_rub,ГО Уфа,МР Дуванский,,0,True,535371543.0
flow_rub,ГО Уфа,МР Дюртюлинский,,0,True,1385001977.15
flow_rub,ГО Уфа,МР Ермекеевский,,0,True,173783994.23
flow_rub,ГО Уфа,МР Зианчуринский,,0,True,308507665.01
flow_rub,ГО Уфа,МР Зилаирский,,0,True,87094085.54
flow_rub,ГО Уфа,МР Иглинский,,0,True,1121680976.71
flow_rub,ГО Уфа,МР Илишевский,,0,True,438307315.36
flow_rub,ГО Уфа,МР Ишимбайский,,0,True,1605532345.02
flow_rub,ГО Уфа,МР Калтасинский,,0,True,720943391.71
flow_rub,ГО Уфа,МР Караидельский,,0,True,765461713.6199999
flow_rub,ГО Уфа,МР Кармаскалинский,,0,True,631730934.12
flow_rub,ГО Уфа,МР Кигинский,,0,True,270469749.32
flow_rub,ГО Уфа,МР Краснокамский,,0,True,258068533.53
flow_rub,ГО Уфа,МР Кугарчинский,,0,True,499909335.57
flow_rub,ГО Уфа,МР Кушнаренковский,,0,True,223333148.78
flow_rub,ГО Уфа,МР Куюргазинский,,0,True,210484541.12
flow_rub,ГО Уфа,МР Мелеузовский,,0,True,1179311974.5
flow_rub,ГО Уфа,МР Мечетлинский,,0,True,221715776.07
flow_rub,ГО Уфа,МР Мишкинский,,0,True,450201652.94
flow_rub,ГО Уфа,МР Миякинский,,0,True,282970596.64
flow_rub,ГО Уфа,МР Нуримановский,,0,True,381283363.59
flow_rub,ГО Уфа,МР Салаватский,,0,True,574504712.51
flow_rub,ГО Уфа,МР Стерлибашевский,,0,True,477927398.19
flow_rub,ГО Уфа,МР Стерлитамакский,,0,True,380085745.17
flow_rub,ГО Уфа,МР Татышлинский,,0,True,881852311.38
flow_rub,ГО Уфа,МР Туймазинский,,0,True,1484817338.58
flow_rub,ГО Уфа,МР Уфимский,,0,True,659369393.6800001
flow_rub,ГО Уфа,МР Учалинский,,0,True,777331566.42
flow_rub,ГО Уфа,МР Федоровский,,0,True,130813155.21
flow_rub,ГО Уфа,МР Хайбуллинский,,0,True,301881319.37
flow_rub,ГО Уфа,МР Чекмагушевский,,0,True,347141223.52000004
flow_rub,ГО Уфа,МР Чишминский,,0,True,863719579.37
flow_rub,ГО Уфа,МР Шаранский,,0,True,427492122.65
flow_rub,ГО Уфа,МР Янаульский,,0,True,759016204.07
flow_rub,МР Абзелиловский,ГО Нефтекамск,,0,True,985500.0
flow_rub,МР Абзелиловский,ГО Салават,,0,True,462000.0
flow_rub,МР Абзелиловский,ГО Сибай,,0,True,47585787.07
flow_rub,МР Абзелиловский,ГО Стерлитамак,,0,True,424000.0
flow_rub,МР Абзелиловский,ГО Уфа,,0,True,31902941.78
flow_rub,МР Абзелиловский,МР Архангельский,,0,True,1080000.0
flow_rub,МР Абзелиловский,МР Аскинский,,0,True,518320.0
flow_rub,МР Абзелиловский,МР Баймакский,,0,True,28526534.92
flow_rub,МР Абзелиловский,МР Белебеевский,,0,True,430993.92
flow_rub,МР Абзелиловский,МР Белорецкий,,0,True,75723295.08
flow_rub,МР Абзелиловский,МР Бурзянский,,0,True,781962.14
flow_rub,МР Абзелиловский,МР Дуванский,,0,True,1680448.32
flow_rub,МР Абзелиловский,МР Дюртюлинский,,0,True,3842962.0
flow_rub,МР Абзелиловский,МР Ермекеевский,,0,True,1733600.0
flow_rub,МР Абзелиловский,МР Мелеузовский,,0,True,1305228.58
flow_rub,МР Абзелиловский,МР Стерлибашевский,,0,True,457415.89
flow_rub,МР Абзелиловский,МР Татышлинский,,0,True,336272.0
flow_rub,МР Абзелиловский,МР Уфимский,,0,True,1021055.91
flow_rub,МР Абзелиловский,МР Учалинский,,0,True,9085671.530000001
flow_rub,МР Абзелиловский,МР Янаульский,,0,True,27500.0
flow_rub,МР Альшеевский,ГО Кумертау,,0,True,1057152.0
flow_rub,МР Альшеевский,ГО Нефтекамск,,0,True,2877522.9
flow_rub,МР Альшеевский,ГО Салават,,0,True,19156164.0
flow_rub,МР Альшеевский,ГО Стерлитамак,,0,True,2771947.44
flow_rub,МР Альшеевский,ГО Уфа,,0,True,14908653.59
flow_rub,МР Альшеевский,МР Аургазинский,,0,True,183160.0
flow_rub,МР Альшеевский,МР Белебеевский,,0,True,8722132.68
flow_rub,МР Альшеевский,МР Белорецкий,,0,True,94367.3
flow_rub,МР Альшеевский,МР Благоварский,,0,True,2930155.54
flow_rub,МР Альшеевский,МР Гафурийский,,0,True,47000.0
flow_rub,МР Альшеевский,МР Давлекановский,,0,True,4488176.63
flow_rub,МР Альшеевский,МР Дюртюлинский,,0,True,122771.14
flow_rub,МР Альшеевский,МР Ермекеевский,,0,True,367638.57
flow_rub,МР Альшеевский,МР Зианчуринский,,0,True,2484686.4000000004
flow_rub,МР Альшеевский,МР Иглинский,,0,True,33045.75
flow_rub,МР Альшеевский,МР Ишимбайский,,0,True,389000.0
flow_rub,МР Альшеевский,МР Кармаскалинский,,0,True,1000000.0
flow_rub,МР Альшеевский,МР Кигинский,,0,True,43200.0
flow_rub,МР Альшеевский,МР Краснокамский,,0,True,172014.58
flow_rub,МР Альшеевский,МР Кушнаренковский,,0,True,523600.0
flow_rub,МР Альшеевский,МР Миякинский,,0,True,1227202.6
flow_rub,МР Альшеевский,МР Салаватский,,0,True,585187.55
flow_rub,МР Альшеевский,МР Стерлибашевский,,0,True,10948.98
flow_rub,МР Альшеевский,МР Туймазинский,,0,True,162864.0
flow_rub,МР Альшеевский,МР Федоровский,,0,True,186609.53
flow_rub,МР Альшеевский,МР Чишминский,,0,True,1955520.6
flow_rub,МР Альшеевский,МР Янаульский,,0,True,12880.0
flow_rub,МР Архангельский,ГО Салават,,0,True,157822.59
flow_rub,МР Архангельский,ГО Уфа,,0,True,227365.29
flow_rub,МР Архангельский,МР Аургазинский,,0,True,2159014.56
flow_rub,МР Архангельский,МР Белорецкий,,0,True,1732875.74
flow_rub,МР Архангельский,МР Кармаскалинский,,0,True,25291982.99
flow_rub,МР Архангельский,МР Туймазинский,,0,True,936660.29
flow_rub,МР Архангельский,МР Уфимский,,0,True,4061.3
flow_rub,МР Аскинский,ГО Нефтекамск,,0,True,1040810.0
flow_rub,МР Аскинский,ГО Салават,,0,True,1052628.72
flow_rub,МР Аскинский,ГО Стерлитамак,,0,True,51870.0
flow_rub,МР Аскинский,ГО Уфа,,0,True,14732314.62
flow_rub,МР Аскинский,МР Балтачевский,,0,True,59877784.85
flow_rub,МР Аскинский,МР Бижбулякский,,0,True,738559.9800000001
flow_rub,МР Аскинский,МР Бирский,,0,True,16071.33
flow_rub,МР Аскинский,МР Бураевский,,0,True,137616.0
flow_rub,МР Аскинский,МР Гафурийский,,0,True,173300.0
flow_rub,МР Аскинский,МР Давлекановский,,0,True,639408.42
flow_rub,МР Аскинский,МР Дуванский,,0,True,98400.0
flow_rub,МР Аскинский,МР Дюртюлинский,,0,True,423582.48
flow_rub,МР Аскинский,МР Ишимбайский,,0,True,598500.0
flow_rub,МР Аскинский,МР Караидельский,,0,True,401815.98
flow_rub,МР Аскинский,МР Мелеузовский,,0,True,1430734.8199999998
flow_rub,МР Аскинский,МР Мишкинский,,0,True,139669.0
flow_rub,МР Аскинский,МР Стерлитамакский,,0,True,1932663.75
flow_rub,МР Аскинский,МР Татышлинский,,0,True,636954.36
flow_rub,МР Аскинский,МР Федоровский,,0,True,30969.23
flow_rub,МР Аургазинский,ГО Нефтекамск,,0,True,1702263.53
flow_rub,МР Аургазинский,ГО Салават,,0,True,28418227.63
flow_rub,МР Аургазинский,ГО Стерлитамак,,0,True,8045350.629999999
flow_rub,МР Аургазинский,ГО Уфа,,0,True,5412684.449999999
flow_rub,МР Аургазинский,МР Альшеевский,,0,True,671927.5700000001
flow_rub,МР Аургазинский,МР Бакалинский,,0,True,214522.0
flow_rub,МР Аургазинский,МР Бижбулякский,,0,True,63292.75
flow_rub,МР Аургазинский,МР Бирский,,0,True,1024912.75
flow_rub,МР Аургазинский,МР Благовещенский,,0,True,640660.86
flow_rub,МР Аургазинский,МР Бурзянский,,0,True,109002.13
flow_rub,МР Аургазинский,МР Гафурийский,,0,True,191756.54
flow_rub,МР Аургазинский,МР Дюртюлинский,,0,True,846690.0
flow_rub,МР Аургазинский,МР Илишевский,,0,True,39300.0
flow_rub,МР Аургазинский,МР Калтасинский,,0,True,4560.0
flow_rub,МР Аургазинский,МР Краснокамский,,0,True,10456.0
flow_rub,МР Аургазинский,МР Кугарчинский,,0,True,522803.44
flow_rub,МР Аургазинский,МР Стерлитамакский,,0,True,414014.0
flow_rub,МР Аургазинский,МР Татышлинский,,0,True,5230.0
flow_rub,МР Аургазинский,МР Федоровский,,0,True,2304225.0
flow_rub,МР Аургазинский,МР Янаульский,,0,True,6825.0
flow_rub,МР Баймакский,ГО Кумертау,,0,True,20830.0
flow_rub,МР Баймакский,ГО Нефтекамск,,0,True,7499.09
flow_rub,МР Баймакский,ГО Октябрьский,,0,True,76706.26
flow_rub,МР Баймакский,ГО Салават,,0,True,228000.0
flow_rub,МР Баймакский,ГО Сибай,,0,True,20322018.479999997
flow_rub,МР Баймакский,ГО Стерлитамак,,0,True,75294.0
flow_rub,МР Баймакский,ГО Уфа,,0,True,5123487.19
flow_rub,МР Баймакский,МР Абзелиловский,,0,True,609533.33
flow_rub,МР Баймакский,МР Архангельский,,0,True,5990000.0
flow_rub,МР Баймакский,МР Белорецкий,,0,True,3191486.41
flow_rub,МР Баймакский,МР Благоварский,,0,True,2293248.69
flow_rub,МР Баймакский,МР Дуванский,,0,True,947144.0
flow_rub,МР Баймакский,МР Зианчуринский,,0,True,1210943.7
flow_rub,МР Баймакский,МР Зилаирский,,0,True,7011268.13
flow_rub,МР Баймакский,МР Кармаскалинский,,0,True,26568.0
flow_rub,МР Баймакский,МР Кигинский,,0,True,540708.0
flow_rub,МР Баймакский,МР Кугарчинский,,0,True,950000.0
flow_rub,МР Баймакский,МР Мелеузовский,,0,True,1704781.36
flow_rub,МР Баймакский,МР Мечетлинский,,0,True,1120910.5
flow_rub,МР Баймакский,МР Миякинский,,0,True,1022203.01
flow_rub,МР Баймакский,МР Стерлибашевский,,0,True,8776.0
flow_rub,МР Баймакский,МР Стерлитамакский,,0,True,500000.0
flow_rub,МР Баймакский,МР Туймазинский,,0,True,236312.5
flow_rub,МР Баймакский,МР Учалинский,,0,True,2116666.5
flow_rub,МР Баймакский,МР Хайбуллинский,,0,True,18240580.86
flow_rub,МР Бакалинский,ГО Нефтекамск,,0,True,209350.0
flow_rub,МР Бакалинский,ГО Октябрьский,,0,True,276311.51
flow_rub,МР Бакалинский,ГО Стерлитамак,,0,True,29043013.55
flow_rub,МР Бакалинский,ГО Уфа,,0,True,10707729.78
flow_rub,МР Бакалинский,МР Бирский,,0,True,2075070.4
flow_rub,МР Бакалинский,МР Илишевский,,0,True,80505.4
flow_rub,МР Бакалинский,МР Стерлибашевский,,0,True,6490000.0
flow_rub,МР Бакалинский,МР Туймазинский,,0,True,76124.68
flow_rub,МР Бакалинский,МР Янаульский,,0,True,170146.6
flow_rub,МР Балтачевский,ГО Агидель,,0,True,95000.0
flow_rub,МР Балтачевский,ГО Нефтекамск,,0,True,2781458.5700000003
flow_rub,МР Балтачевский,ГО Октябрьский,,0,True,155241.6
flow_rub,МР Балтачевский,ГО Уфа,,0,True,1674794.0899999999
flow_rub,МР Балтачевский,МР Аскинский,,0,True,3802465.69
flow_rub,МР Балтачевский,МР Белебеевский,,0,True,565983.68
flow_rub,МР Балтачевский,МР Бирский,,0,True,2570608.96
flow_rub,МР Балтачевский,МР Бураевский,,0,True,1345650.09
flow_rub,МР Балтачевский,МР Илишевский,,0,True,612449.5
flow_rub,МР Балтачевский,МР Караидельский,,0,True,1289990.0
flow_rub,МР Балтачевский,МР Кармаскалинский,,0,True,77397.74
flow_rub,МР Балтачевский,МР Кугарчинский,,0,True,60000.0
flow_rub,МР Балтачевский,МР Мишкинский,,0,True,7935177.779999999
flow_rub,МР Балтачевский,МР Татышлинский,,0,True,20033078.0
flow_rub,МР Балтачевский,МР Уфимский,,0,True,44408.82
flow_rub,МР Балтачевский,МР Янаульский,,0,True,1143157.31
flow_rub,МР Белебеевский,ГО Кумертау,,0,True,101750.0
flow_rub,МР Белебеевский,ГО Нефтекамск,,0,True,88330.0
flow_rub,МР Белебеевский,ГО Октябрьский,,0,True,13165192.7
flow_rub,МР Белебеевский,ГО Салават,,0,True,2874473.84
flow_rub,МР Белебеевский,ГО Стерлитамак,,0,True,1094572.25
flow_rub,МР Белебеевский,ГО Уфа,,0,True,42790874.17
flow_rub,МР Белебеевский,МР Альшеевский,,0,True,59282890.6
flow_rub,МР Белебеевский,МР Аургазинский,,0,True,378774.75
flow_rub,МР Белебеевский,МР Баймакский,,0,True,79333.0
flow_rub,МР Белебеевский,МР Бакалинский,,0,True,13983356.43
flow_rub,МР Белебеевский,МР Белокатайский,,0,True,200333.0
flow_rub,МР Белебеевский,МР Белорецкий,,0,True,1748095.0
flow_rub,МР Белебеевский,МР Бижбулякский,,0,True,28824315.159999996
flow_rub,МР Белебеевский,МР Бирский,,0,True,2640260.92
flow_rub,МР Белебеевский,МР Благоварский,,0,True,289940.0
flow_rub,МР Белебеевский,МР Благовещенский,,0,True,565180.62
flow_rub,МР Белебеевский,МР Буздякский,,0,True,18113468.98
flow_rub,МР Белебеевский,МР Гафурийский,,0,True,5841040.64
flow_rub,МР Белебеевский,МР Давлекановский,,0,True,14167053.89
flow_rub,МР Белебеевский,МР Дюртюлинский,,0,True,2403300.3
flow_rub,МР Белебеевский,МР Ермекеевский,,0,True,28146560.599999998
flow_rub,МР Белебеевский,МР Зианчуринский,,0,True,1217105.95
flow_rub,МР Белебеевский,МР Зилаирский,,0,True,9948439.22
flow_rub,МР Белебеевский,МР Иглинский,,0,True,13702595.73
flow_rub,МР Белебеевский,МР Илишевский,,0,True,480116.74
flow_rub,МР Белебеевский,МР Ишимбайский,,0,True,2408318.5
flow_rub,МР Белебеевский,МР Кушнаренковский,,0,True,298944.06
flow_rub,МР Белебеевский,МР Мишкинский,,0,True,49549002.22
flow_rub,МР Белебеевский,МР Миякинский,,0,True,43636111.83
flow_rub,МР Белебеевский,МР Нуримановский,,0,True,749600.0
flow_rub,МР Белебеевский,МР Салаватский,,0,True,269640.0
flow_rub,МР Белебеевский,МР Стерлитамакский,,0,True,3874874.84
flow_rub,МР Белебеевский,МР Туймазинский,,0,True,21200523.47
flow_rub,МР Белебеевский,МР Чекмагушевский,,0,True,472307.11
flow_rub,МР Белебеевский,МР Чишминский,,0,True,60124736.0
flow_rub,МР Белебеевский,МР Шаранский,,0,True,2146726.62
flow_rub,МР Белокатайский,ГО Уфа,,0,True,3073122.6900000004
flow_rub,МР Белокатайский,МР Белорецкий,,0,True,7612071.0
flow_rub,МР Белокатайский,МР Благоварский,,0,True,7560832.97
flow_rub,МР Белокатайский,МР Дуванский,,0,True,10459942.73
flow_rub,МР Белокатайский,МР Кигинский,,0,True,17362841.48
flow_rub,МР Белокатайский,МР Мелеузовский,,0,True,6912672.91
flow_rub,МР Белокатайский,МР Мечетлинский,,0,True,75240.0
flow_rub,МР Белокатайский,МР Мишкинский,,0,True,10069596.0
flow_rub,МР Белокатайский,МР Миякинский,,0,True,2097586.12
flow_rub,МР Белокатайский,МР Салаватский,,0,True,1729684.11
flow_rub,МР Белокатайский,МР Учалинский,,0,True,2303333.12
flow_rub,МР Белокатайский,МР Шаранский,,0,True,5246287.890000001
flow_rub,МР Белорецкий,ГО Межгорье,,0,True,16157502.129999999
flow_rub,МР Белорецкий,ГО Нефтекамск,,0,True,488160.0
flow_rub,МР Белорецкий,ГО Октябрьский,,0,True,1611000.0
flow_rub,МР Белорецкий,ГО Салават,,0,True,4879000.0
flow_rub,МР Белорецкий,ГО Сибай,,0,True,4741118.41
flow_rub,МР Белорецкий,ГО Уфа,,0,True,10685783.959999999
flow_rub,МР Белорецкий,МР Абзелиловский,,0,True,1456053.1
flow_rub,МР Белорецкий,МР Альшеевский,,0,True,16479172.81
flow_rub,МР Белорецкий,МР Архангельский,,0,True,1030000.02
flow_rub,МР Белорецкий,МР Баймакский,,0,True,2518476.66
flow_rub,МР Белорецкий,МР Белебеевский,,0,True,25564.0
flow_rub,МР Белорецкий,МР Бурзянский,,0,True,110722.44
flow_rub,МР Белорецкий,МР Дюртюлинский,,0,True,47815.0
flow_rub,МР Белорецкий,МР Ермекеевский,,0,True,1579109.14
flow_rub,МР Белорецкий,МР Зианчуринский,,0,True,2215115.6500000004
flow_rub,МР Белорецкий,МР Зилаирский,,0,True,2050844.26
flow_rub,МР Белорецкий,МР Илишевский,,0,True,1350000.0
flow_rub,МР Белорецкий,МР Краснокамский,,0,True,144000.0
flow_rub,МР Белорецкий,МР Стерлибашевский,,0,True,1244966.68
flow_rub,МР Белорецкий,МР Стерлитамакский,,0,True,300000.0
flow_rub,МР Белорецкий,МР Туймазинский,,0,True,821057.45
flow_rub,МР Белорецкий,МР Уфимский,,0,True,231556.98
flow_rub,МР Белорецкий,МР Учалинский,,0,True,18956380.259999998
flow_rub,МР Белорецкий,МР Федоровский,,0,True,1608000.0
flow_rub,МР Белорецкий,МР Чекмагушевский,,0,True,1864320.3
flow_rub,МР Белорецкий,МР Чишминский,,0,True,271200.04
flow_rub,МР Бижбулякский,ГО Кумертау,,0,True,742291.99
flow_rub,МР Бижбулякский,ГО Межгорье,,0,True,49800.0
flow_rub,МР Бижбулякский,ГО Нефтекамск,,0,True,8555574.21
flow_rub,МР Бижбулякский,ГО Октябрьский,,0,True,1076874.35
flow_rub,МР Бижбулякский,ГО Салават,,0,True,186829.0
flow_rub,МР Бижбулякский,ГО Сибай,,0,True,25000.0
flow_rub,МР Бижбулякский,ГО Стерлитамак,,0,True,4382341.54
flow_rub,МР Бижбулякский,ГО Уфа,,0,True,12768011.85
flow_rub,МР Бижбулякский,МР Архангельский,,0,True,95002.01999999999
flow_rub,МР Бижбулякский,МР Аургазинский,,0,True,125000.0
flow_rub,МР Бижбулякский,МР Баймакский,,0,True,112988.0
flow_rub,МР Бижбулякский,МР Бакалинский,,0,True,145433.4
flow_rub,МР Бижбулякский,МР Балтачевский,,0,True,126526.9
flow_rub,МР Бижбулякский,МР Белебеевский,,0,True,439625.11
flow_rub,МР Бижбулякский,МР Белокатайский,,0,True,3503.36
flow_rub,МР Бижбулякский,МР Белорецкий,,0,True,419919.19
flow_rub,МР Бижбулякский,МР Бирский,,0,True,290063.35
flow_rub,МР Бижбулякский,МР Благоварский,,0,True,111507.0
flow_rub,МР Бижбулякский,МР Благовещенский,,0,True,506286.72
flow_rub,МР Бижбулякский,МР Бураевский,,0,True,167580.0
flow_rub,МР Бижбулякский,МР Давлекановский,,0,True,1660210.76
flow_rub,МР Бижбулякский,МР Дуванский,,0,True,1095357.6
flow_rub,МР Бижбулякский,МР Дюртюлинский,,0,True,905922.0
flow_rub,МР Бижбулякский,МР Зилаирский,,0,True,67455.5
flow_rub,МР Бижбулякский,МР Иглинский,,0,True,184462.3
flow_rub,МР Бижбулякский,МР Ишимбайский,,0,True,182874.5
flow_rub,МР Бижбулякский,МР Караидельский,,0,True,30000.0
flow_rub,МР Бижбулякский,МР Кармаскалинский,,0,True,12151.3
flow_rub,МР Бижбулякский,МР Кушнаренковский,,0,True,35000.0
flow_rub,МР Бижбулякский,МР Мелеузовский,,0,True,48358.7
flow_rub,МР Бижбулякский,МР Мечетлинский,,0,True,190905.2
flow_rub,МР Бижбулякский,МР Миякинский,,0,True,4056309.18
flow_rub,МР Бижбулякский,МР Нуримановский,,0,True,25839.2
flow_rub,МР Бижбулякский,МР Салаватский,,0,True,375771.0
flow_rub,МР Бижбулякский,МР Стерлибашевский,,0,True,357789.7
flow_rub,МР Бижбулякский,МР Туймазинский,,0,True,1370398.0
flow_rub,МР Бижбулякский,МР Уфимский,,0,True,4733000.0
flow_rub,МР Бижбулякский,МР Учалинский,,0,True,11653014.36
flow_rub,МР Бижбулякский,МР Федоровский,,0,True,21750.0
flow_rub,МР Бижбулякский,МР Чишминский,,0,True,380842.69
flow_rub,МР Бижбулякский,МР Шаранский,,0,True,20825.2
flow_rub,МР Бижбулякский,МР Янаульский,,0,True,228578.5
flow_rub,МР Бирский,ГО Кумертау,,0,True,401507702.62
flow_rub,МР Бирский,ГО Межгорье,,0,True,449820.0
flow_rub,МР Бирский,ГО Нефтекамск,,0,True,4368283.05
flow_rub,МР Бирский,ГО Салават,,0,True,3705698.06
flow_rub,МР Бирский,ГО Стерлитамак,,0,True,59922734.85
flow_rub,МР Бирский,ГО Уфа,,0,True,201992043.3
flow_rub,МР Бирский,МР Альшеевский,,0,True,959448.62
flow_rub,МР Бирский,МР Аскинский,,0,True,3226800.4499999997
flow_rub,МР Бирский,МР Аургазинский,,0,True,2829305.31
flow_rub,МР Бирский,МР Бакалинский,,0,True,625534.0800000001
flow_rub,МР Бирский,МР Балтачевский,,0,True,3526571.8400000003
flow_rub,МР Бирский,МР Белокатайский,,0,True,2174941.9299999997
flow_rub,МР Бирский,МР Белорецкий,,0,True,329175.0
flow_rub,МР Бирский,МР Бижбулякский,,0,True,1621264.1
flow_rub,МР Бирский,МР Благоварский,,0,True,279249.92
flow_rub,МР Бирский,МР Благовещенский,,0,True,12642154.34
flow_rub,МР Бирский,МР Бураевский,,0,True,7565791.93
flow_rub,МР Бирский,МР Гафурийский,,0,True,192000.0
flow_rub,МР Бирский,МР Дуванский,,0,True,499290.0
flow_rub,МР Бирский,МР Дюртюлинский,,0,True,1816081.56
flow_rub,МР Бирский,МР Ермекеевский,,0,True,1343165.28
flow_rub,МР Бирский,МР Зианчуринский,,0,True,446893.11
flow_rub,МР Бирский,МР Иглинский,,0,True,449668.75
flow_rub,МР Бирский,МР Илишевский,,0,True,4799890.43
flow_rub,МР Бирский,МР Ишимбайский,,0,True,664717.2
flow_rub,МР Бирский,МР Караидельский,,0,True,5467782.61
flow_rub,МР Бирский,МР Краснокамский,,0,True,1466045.74
flow_rub,МР Бирский,МР Кушнаренковский,,0,True,1341218.1
flow_rub,МР Бирский,МР Мишкинский,,0,True,106062320.75
flow_rub,МР Бирский,МР Салаватский,,0,True,3319590.15
flow_rub,МР Бирский,МР Стерлибашевский,,0,True,117200.0
flow_rub,МР Бирский,МР Татышлинский,,0,True,5825075.18
flow_rub,МР Бирский,МР Туймазинский,,0,True,39453.0
flow_rub,МР Бирский,МР Уфимский,,0,True,728945.63
flow_rub,МР Бирский,МР Федоровский,,0,True,1302000.3900000001
flow_rub,МР Бирский,МР Чекмагушевский,,0,True,135817.5
flow_rub,МР Бирский,МР Шаранский,,0,True,927895.8
flow_rub,МР Бирский,МР Янаульский,,0,True,1072182.32
flow_rub,МР Благоварский,ГО Кумертау,,0,True,438533.85
flow_rub,МР Благоварский,ГО Салават,,0,True,111358.0
flow_rub,МР Благоварский,ГО Сибай,,0,True,410165.67
flow_rub,МР Благоварский,ГО Стерлитамак,,0,True,82434.97
flow_rub,МР Благоварский,ГО Уфа,,0,True,44255486.699999996
flow_rub,МР Благоварский,МР Альшеевский,,0,True,266566.7
flow_rub,МР Благоварский,МР Архангельский,,0,True,466939.9
flow_rub,МР Благоварский,МР Аургазинский,,0,True,262448.52
flow_rub,МР Благоварский,МР Белебеевский,,0,True,1726876.79
flow_rub,МР Благоварский,МР Благовещенский,,0,True,566012.22
flow_rub,МР Благоварский,МР Гафурийский,,0,True,678882.25
flow_rub,МР Благоварский,МР Туймазинский,,0,True,1896624.05
flow_rub,МР Благоварский,МР Федоровский,,0,True,80518.57
flow_rub,МР Благоварский,МР Чишминский,,0,True,5019381.59
flow_rub,МР Благовещенский,ГО Межгорье,,0,True,1817103.8499999999
flow_rub,МР Благовещенский,ГО Октябрьский,,0,True,6498744.81
flow_rub,МР Благовещенский,ГО Сибай,,0,True,897750.0
flow_rub,МР Благовещенский,ГО Стерлитамак,,0,True,96801.0
flow_rub,МР Благовещенский,ГО Уфа,,0,True,17445337.75
flow_rub,МР Благовещенский,МР Абзелиловский,,0,True,55541731.07
flow_rub,МР Благовещенский,МР Архангельский,,0,True,195032.0
flow_rub,МР Благовещенский,МР Аургазинский,,0,True,795531.9199999999
flow_rub,МР Благовещенский,МР Бакалинский,,0,True,2033239.0
flow_rub,МР Благовещенский,МР Белокатайский,,0,True,347110.7
flow_rub,МР Благовещенский,МР Бирский,,0,True,18784437.0
flow_rub,МР Благовещенский,МР Благоварский,,0,True,2525916.0
flow_rub,МР Благовещенский,МР Иглинский,,0,True,3683359.4699999997
flow_rub,МР Благовещенский,МР Ишимбайский,,0,True,2065125.1600000001
flow_rub,МР Благовещенский,МР Караидельский,,0,True,2796928.21
flow_rub,МР Благовещенский,МР Мелеузовский,,0,True,142320.0
flow_rub,МР Благовещенский,МР Мечетлинский,,0,True,1426964.04
flow_rub,МР Благовещенский,МР Нуримановский,,0,True,12744576.0
flow_rub,МР Благовещенский,МР Федоровский,,0,True,187144.11
flow_rub,МР Буздякский,ГО Нефтекамск,,0,True,539666.7
flow_rub,МР Буздякский,ГО Октябрьский,,0,True,3689955.2199999997
flow_rub,МР Буздякский,ГО Сибай,,0,True,114900.0
flow_rub,МР Буздякский,ГО Уфа,,0,True,9288095.030000001
flow_rub,МР Буздякский,МР Альшеевский,,0,True,1523340.0
flow_rub,МР Буздякский,МР Белебеевский,,0,True,2781151.48
flow_rub,МР Буздякский,МР Белокатайский,,0,True,663136.25
flow_rub,МР Буздякский,МР Бирский,,0,True,981174.48
flow_rub,МР Буздякский,МР Благоварский,,0,True,8046041.369999999
flow_rub,МР Буздякский,МР Давлекановский,,0,True,587144.0
flow_rub,МР Буздякский,МР Дюртюлинский,,0,True,26900.0
flow_rub,МР Буздякский,МР Ермекеевский,,0,True,750649.76
flow_rub,МР Буздякский,МР Иглинский,,0,True,114352.56
flow_rub,МР Буздякский,МР Ишимбайский,,0,True,362274.17
flow_rub,МР Буздякский,МР Кармаскалинский,,0,True,161499.85
flow_rub,МР Буздякский,МР Кигинский,,0,True,196940.0
flow_rub,МР Буздякский,МР Кугарчинский,,0,True,121560.0
flow_rub,МР Буздякский,МР Мечетлинский,,0,True,542729.15
flow_rub,МР Буздякский,МР Татышлинский,,0,True,71899.66
flow_rub,МР Буздякский,МР Туймазинский,,0,True,2500334.5
flow_rub,МР Буздякский,МР Учалинский,,0,True,256960.38
flow_rub,МР Буздякский,МР Федоровский,,0,True,386206.0
flow_rub,МР Буздякский,МР Хайбуллинский,,0,True,86491.0
flow_rub,МР Буздякский,МР Янаульский,,0,True,5471497.049999999
flow_rub,МР Бураевский,ГО Агидель,,0,True,580880.0
flow_rub,МР Бураевский,ГО Кумертау,,0,True,1528397.44
flow_rub,МР Бураевский,ГО Нефтекамск,,0,True,29400.0
flow_rub,МР Бураевский,ГО Уфа,,0,True,5994693.15
flow_rub,МР Бураевский,МР Альшеевский,,0,True,67431.28
flow_rub,МР Бураевский,МР Архангельский,,0,True,188541.82
flow_rub,МР Бураевский,МР Бакалинский,,0,True,849660.0
flow_rub,МР Бураевский,МР Балтачевский,,0,True,799680.0
flow_rub,МР Бураевский,МР Бирский,,0,True,2170668.32
flow_rub,МР Бураевский,МР Благоварский,,0,True,123521.75
flow_rub,МР Бураевский,МР Буздякский,,0,True,1202035.37
flow_rub,МР Бураевский,МР Кармаскалинский,,0,True,284407.29000000004
flow_rub,МР Бураевский,МР Татышлинский,,0,True,1624.1399999999999
flow_rub,МР Бураевский,МР Чишминский,,0,True,931305.15
flow_rub,МР Бураевский,МР Янаульский,,0,True,460845.0
flow_rub,МР Бурзянский,ГО Уфа,,0,True,301489.07
flow_rub,МР Бурзянский,МР Абзелиловский,,0,True,1891412.5
flow_rub,МР Бурзянский,МР Баймакский,,0,True,5840693.0
flow_rub,МР Бурзянский,МР Белорецкий,,0,True,4842415.87
flow_rub,МР Бурзянский,МР Зилаирский,,0,True,357611.0
flow_rub,МР Бурзянский,МР Уфимский,,0,True,90100.19
flow_rub,МР Бурзянский,МР Учалинский,,0,True,1403436.78
flow_rub,МР Гафурийский,ГО Кумертау,,0,True,15086825.26
flow_rub,МР Гафурийский,ГО Нефтекамск,,0,True,19980223.69
flow_rub,МР Гафурийский,ГО Октябрьский,,0,True,15310000.59
flow_rub,МР Гафурийский,ГО Салават,,0,True,10527502.280000001
flow_rub,МР Гафурийский,ГО Сибай,,0,True,5649518.640000001
flow_rub,МР Гафурийский,ГО Стерлитамак,,0,True,40659440.43
flow_rub,МР Гафурийский,ГО Уфа,,0,True,146866995.26999998
flow_rub,МР Гафурийский,МР Абзелиловский,,0,True,430943.6
flow_rub,МР Гафурийский,МР Альшеевский,,0,True,632817.97
flow_rub,МР Гафурийский,МР Архангельский,,0,True,3722046.8
flow_rub,МР Гафурийский,МР Аскинский,,0,True,1597730.87
flow_rub,МР Гафурийский,МР Аургазинский,,0,True,4149292.12
flow_rub,МР Гафурийский,МР Баймакский,,0,True,2610174.17
flow_rub,МР Гафурийский,МР Бакалинский,,0,True,3344768.06
flow_rub,МР Гафурийский,МР Балтачевский,,0,True,1377580.0
flow_rub,МР Гафурийский,МР Белебеевский,,0,True,6428704.05
flow_rub,МР Гафурийский,МР Белокатайский,,0,True,402344.76
flow_rub,МР Гафурийский,МР Белорецкий,,0,True,18739774.740000002
flow_rub,МР Гафурийский,МР Бижбулякский,,0,True,3966544.6999999997
flow_rub,МР Гафурийский,МР Бирский,,0,True,3788108.0900000003
flow_rub,МР Гафурийский,МР Благоварский,,0,True,6552671.64
flow_rub,МР Гафурийский,МР Благовещенский,,0,True,5626270.16
flow_rub,МР Гафурийский,МР Буздякский,,0,True,9191234.84
flow_rub,МР Гафурийский,МР Бураевский,,0,True,1818287.23
flow_rub,МР Гафурийский,МР Бурзянский,,0,True,43920.0
flow_rub,МР Гафурийский,МР Давлекановский,,0,True,1897032.2
flow_rub,МР Гафурийский,МР Дуванский,,0,True,4868317.67
flow_rub,МР Гафурийский,МР Дюртюлинский,,0,True,10818859.11
flow_rub,МР Гафурийский,МР Ермекеевский,,0,True,481247.5
flow_rub,МР Гафурийский,МР Зианчуринский,,0,True,1655877.0
flow_rub,МР Гафурийский,МР Зилаирский,,0,True,296825.57999999996
flow_rub,МР Гафурийский,МР Иглинский,,0,True,3030840.14
flow_rub,МР Гафурийский,МР Илишевский,,0,True,2115108.8
flow_rub,МР Гафурийский,МР Ишимбайский,,0,True,6808075.6
flow_rub,МР Гафурийский,МР Калтасинский,,0,True,1092742.0
flow_rub,МР Гафурийский,МР Караидельский,,0,True,728482.41
flow_rub,МР Гафурийский,МР Кармаскалинский,,0,True,2590533.82
flow_rub,МР Гафурийский,МР Кигинский,,0,True,50039.28
flow_rub,МР Гафурийский,МР Краснокамский,,0,True,580336.5
flow_rub,МР Гафурийский,МР Кугарчинский,,0,True,1572282.0
flow_rub,МР Гафурийский,МР Кушнаренковский,,0,True,1879289.1
flow_rub,МР Гафурийский,МР Куюргазинский,,0,True,1000000.0
flow_rub,МР Гафурийский,МР Мелеузовский,,0,True,11352733.100000001
flow_rub,МР Гафурийский,МР Мечетлинский,,0,True,1125810.0
flow_rub,МР Гафурийский,МР Мишкинский,,0,True,889458.44
flow_rub,МР Гафурийский,МР Миякинский,,0,True,2740289.64
flow_rub,МР Гафурийский,МР Нуримановский,,0,True,746401.2
flow_rub,МР Гафурийский,МР Салаватский,,0,True,1870578.0
flow_rub,МР Гафурийский,МР Стерлибашевский,,0,True,1517561.94
flow_rub,МР Гафурийский,МР Стерлитамакский,,0,True,1284779.37
flow_rub,МР Гафурийский,МР Татышлинский,,0,True,1873656.95
flow_rub,МР Гафурийский,МР Туймазинский,,0,True,13722318.850000001
flow_rub,МР Гафурийский,МР Учалинский,,0,True,9064515.379999999
flow_rub,МР Гафурийский,МР Федоровский,,0,True,76854.14
flow_rub,МР Гафурийский,МР Хайбуллинский,,0,True,1576000.0
flow_rub,МР Гафурийский,МР Чекмагушевский,,0,True,632321.6
flow_rub,МР Гафурийский,МР Чишминский,,0,True,8392646.04
flow_rub,МР Гафурийский,МР Шаранский,,0,True,1649515.13
flow_rub,МР Гафурийский,МР Янаульский,,0,True,4789836.4
flow_rub,МР Давлекановский,ГО Кумертау,,0,True,3897477.06
flow_rub,МР Давлекановский,ГО Нефтекамск,,0,True,8132225.470000001
flow_rub,МР Давлекановский,ГО Октябрьский,,0,True,1758992.0
flow_rub,МР Давлекановский,ГО Салават,,0,True,21682737.939999998
flow_rub,МР Давлекановский,ГО Сибай,,0,True,5251405.0
flow_rub,МР Давлекановский,ГО Стерлитамак,,0,True,17711178.78
flow_rub,МР Давлекановский,ГО Уфа,,0,True,125602711.34
flow_rub,МР Давлекановский,МР Абзелиловский,,0,True,2360880.0
flow_rub,МР Давлекановский,МР Альшеевский,,0,True,45539419.93
flow_rub,МР Давлекановский,МР Архангельский,,0,True,915000.0
flow_rub,МР Давлекановский,МР Аскинский,,0,True,2208742.06
flow_rub,МР Давлекановский,МР Аургазинский,,0,True,1407775.5
flow_rub,МР Давлекановский,МР Баймакский,,0,True,6667813.0
flow_rub,МР Давлекановский,МР Бакалинский,,0,True,22383.33
flow_rub,МР Давлекановский,МР Балтачевский,,0,True,245310.0
flow_rub,МР Давлекановский,МР Белебеевский,,0,True,886875.29
flow_rub,МР Давлекановский,МР Белокатайский,,0,True,1213484.98
flow_rub,МР Давлекановский,МР Белорецкий,,0,True,11841294.75
flow_rub,МР Давлекановский,МР Бижбулякский,,0,True,439278.0
flow_rub,МР Давлекановский,МР Бирский,,0,True,12477376.37
flow_rub,МР Давлекановский,МР Благоварский,,0,True,660978.23
flow_rub,МР Давлекановский,МР Благовещенский,,0,True,8526492.34
flow_rub,МР Давлекановский,МР Буздякский,,0,True,1437184.74
flow_rub,МР Давлекановский,МР Бурзянский,,0,True,4574448.0
flow_rub,МР Давлекановский,МР Гафурийский,,0,True,1101483.52
flow_rub,МР Давлекановский,МР Дуванский,,0,True,4514880.1899999995
flow_rub,МР Давлекановский,МР Дюртюлинский,,0,True,9553008.71
flow_rub,МР Давлекановский,МР Зианчуринский,,0,True,580000.0
flow_rub,МР Давлекановский,МР Зилаирский,,0,True,362412.4
flow_rub,МР Давлекановский,МР Иглинский,,0,True,44646472.43
flow_rub,МР Давлекановский,МР Илишевский,,0,True,344538.0
flow_rub,МР Давлекановский,МР Ишимбайский,,0,True,4413654.0
flow_rub,МР Давлекановский,МР Караидельский,,0,True,57821263.18
flow_rub,МР Давлекановский,МР Кармаскалинский,,0,True,4160170.19
flow_rub,МР Давлекановский,МР Кигинский,,0,True,1428853.0
flow_rub,МР Давлекановский,МР Краснокамский,,0,True,100000.0
flow_rub,МР Давлекановский,МР Кугарчинский,,0,True,9805140.65
flow_rub,МР Давлекановский,МР Кушнаренковский,,0,True,1458788.8
flow_rub,МР Давлекановский,МР Мелеузовский,,0,True,2667710.34
flow_rub,МР Давлекановский,МР Мечетлинский,,0,True,2248188.8
flow_rub,МР Давлекановский,МР Мишкинский,,0,True,8617323.76
flow_rub,МР Давлекановский,МР Миякинский,,0,True,1193837.0
flow_rub,МР Давлекановский,МР Салаватский,,0,True,2049782.27
flow_rub,МР Давлекановский,МР Стерлибашевский,,0,True,1158745.0
flow_rub,МР Давлекановский,МР Татышлинский,,0,True,2645383.05
flow_rub,МР Давлекановский,МР Туймазинский,,0,True,302485.0
flow_rub,МР Давлекановский,МР Уфимский,,0,True,2010558.79
flow_rub,МР Давлекановский,МР Учалинский,,0,True,7030221.7
flow_rub,МР Давлекановский,МР Федоровский,,0,True,130000.0
flow_rub,МР Давлекановский,МР Хайбуллинский,,0,True,2629672.4
flow_rub,МР Давлекановский,МР Чекмагушевский,,0,True,2229711.52
flow_rub,МР Давлекановский,МР Чишминский,,0,True,50078466.6
flow_rub,МР Давлекановский,МР Шаранский,,0,True,100000.0
flow_rub,МР Давлекановский,МР Янаульский,,0,True,280410.0
flow_rub,МР Дуванский,ГО Салават,,0,True,2664000.0
flow_rub,МР Дуванский,ГО Стерлитамак,,0,True,3105539.0
flow_rub,МР Дуванский,ГО Уфа,,0,True,109735966.62
flow_rub,МР Дуванский,МР Белокатайский,,0,True,3773949.24
flow_rub,МР Дуванский,МР Бирский,,0,True,4197860.1
flow_rub,МР Дуванский,МР Ишимбайский,,0,True,948703.15
flow_rub,МР Дуванский,МР Кигинский,,0,True,10554963.79
flow_rub,МР Дуванский,МР Мечетлинский,,0,True,54596881.36
flow_rub,МР Дуванский,МР Салаватский,,0,True,7889960.13
flow_rub,МР Дюртюлинский,ГО Агидель,,0,True,435355.0
flow_rub,МР Дюртюлинский,ГО Кумертау,,0,True,686178.0
flow_rub,МР Дюртюлинский,ГО Межгорье,,0,True,450080.73
flow_rub,МР Дюртюлинский,ГО Нефтекамск,,0,True,3651497.8099999996
flow_rub,МР Дюртюлинский,ГО Салават,,0,True,88696.6
flow_rub,МР Дюртюлинский,ГО Стерлитамак,,0,True,4311125.199999999
flow_rub,МР Дюртюлинский,ГО Уфа,,0,True,10584846.22
flow_rub,МР Дюртюлинский,МР Альшеевский,,0,True,720000.0
flow_rub,МР Дюртюлинский,МР Аскинский,,0,True,242299.8
flow_rub,МР Дюртюлинский,МР Аургазинский,,0,True,930000.0
flow_rub,МР Дюртюлинский,МР Баймакский,,0,True,2846000.0
flow_rub,МР Дюртюлинский,МР Бакалинский,,0,True,274421.0
flow_rub,МР Дюртюлинский,МР Балтачевский,,0,True,291533.59
flow_rub,МР Дюртюлинский,МР Белебеевский,,0,True,598760.24
flow_rub,МР Дюртюлинский,МР Белорецкий,,0,True,6599066.890000001
flow_rub,МР Дюртюлинский,МР Бирский,,0,True,1824342.96
flow_rub,МР Дюртюлинский,МР Благоварский,,0,True,1065883.75
flow_rub,МР Дюртюлинский,МР Буздякский,,0,True,469332.0
flow_rub,МР Дюртюлинский,МР Бураевский,,0,True,2657229.04
flow_rub,МР Дюртюлинский,МР Ермекеевский,,0,True,645000.0
flow_rub,МР Дюртюлинский,МР Зианчуринский,,0,True,1026975.09
flow_rub,МР Дюртюлинский,МР Иглинский,,0,True,120000.0
flow_rub,МР Дюртюлинский,МР Илишевский,,0,True,18880000.0
flow_rub,МР Дюртюлинский,МР Ишимбайский,,0,True,130700.0
flow_rub,МР Дюртюлинский,МР Караидельский,,0,True,2912982.71
flow_rub,МР Дюртюлинский,МР Кармаскалинский,,0,True,1066714.28
flow_rub,МР Дюртюлинский,МР Краснокамский,,0,True,4387931.609999999
flow_rub,МР Дюртюлинский,МР Кугарчинский,,0,True,1099586.8
flow_rub,МР Дюртюлинский,МР Кушнаренковский,,0,True,1150000.0
flow_rub,МР Дюртюлинский,МР Мелеузовский,,0,True,1703888.12
flow_rub,МР Дюртюлинский,МР Мишкинский,,0,True,48000.0
flow_rub,МР Дюртюлинский,МР Нуримановский,,0,True,249966.43
flow_rub,МР Дюртюлинский,МР Стерлибашевский,,0,True,872444.86
flow_rub,МР Дюртюлинский,МР Стерлитамакский,,0,True,240000.0
flow_rub,МР Дюртюлинский,МР Татышлинский,,0,True,2589655.98
flow_rub,МР Дюртюлинский,МР Федоровский,,0,True,1155000.0
flow_rub,МР Дюртюлинский,МР Хайбуллинский,,0,True,765526.0
flow_rub,МР Дюртюлинский,МР Чекмагушевский,,0,True,4080990.11
flow_rub,МР Дюртюлинский,МР Чишминский,,0,True,946870.65
flow_rub,МР Дюртюлинский,МР Янаульский,,0,True,3953595.1900000004
flow_rub,МР Ермекеевский,ГО Октябрьский,,0,True,1588856.3699999999
flow_rub,МР Ермекеевский,ГО Салават,,0,True,1336164.16
flow_rub,МР Ермекеевский,ГО Стерлитамак,,0,True,2099160.0
flow_rub,МР Ермекеевский,ГО Уфа,,0,True,6795649.41
flow_rub,МР Ермекеевский,МР Белебеевский,,0,True,49097952.79
flow_rub,МР Ермекеевский,МР Бижбулякский,,0,True,8931961.05
flow_rub,МР Ермекеевский,МР Иглинский,,0,True,25470.0
flow_rub,МР Ермекеевский,МР Туймазинский,,0,True,25462.79
flow_rub,МР Зианчуринский,ГО Кумертау,,0,True,549900.0
flow_rub,МР Зианчуринский,ГО Сибай,,0,True,7527429.75
flow_rub,МР Зианчуринский,ГО Стерлитамак,,0,True,1751000.0
flow_rub,МР Зианчуринский,ГО Уфа,,0,True,26997267.03
flow_rub,МР Зианчуринский,МР Баймакский,,0,True,1497125.2
flow_rub,МР Зианчуринский,МР Белокатайский,,0,True,840577.83
flow_rub,МР Зианчуринский,МР Белорецкий,,0,True,13753248.45
flow_rub,МР Зианчуринский,МР Дуванский,,0,True,1863543.6
flow_rub,МР Зианчуринский,МР Илишевский,,0,True,307487.22
flow_rub,МР Зианчуринский,МР Мелеузовский,,0,True,5684510.4399999995
flow_rub,МР Зианчуринский,МР Учалинский,,0,True,6825648.03
flow_rub,МР Зианчуринский,МР Федоровский,,0,True,3192841.44
flow_rub,МР Зианчуринский,МР Хайбуллинский,,0,True,99999.0
flow_rub,МР Зилаирский,ГО Сибай,,0,True,3749012.8
flow_rub,МР Зилаирский,ГО Стерлитамак,,0,True,6000000.0
flow_rub,МР Зилаирский,ГО Уфа,,0,True,5018.8
flow_rub,МР Зилаирский,МР Баймакский,,0,True,2968372.86
flow_rub,МР Зилаирский,МР Стерлитамакский,,0,True,6149160.0
flow_rub,МР Зилаирский,МР Уфимский,,0,True,66346.23
flow_rub,МР Зилаирский,МР Федоровский,,0,True,526801.04
flow_rub,МР Зилаирский,МР Хайбуллинский,,0,True,2937881.06
flow_rub,МР Иглинский,ГО Агидель,,0,True,310696.91000000003
flow_rub,МР Иглинский,ГО Кумертау,,0,True,4755246.92
flow_rub,МР Иглинский,ГО Межгорье,,0,True,4052148.9
flow_rub,МР Иглинский,ГО Нефтекамск,,0,True,54893475.4
flow_rub,МР Иглинский,ГО Октябрьский,,0,True,35987732.730000004
flow_rub,МР Иглинский,ГО Салават,,0,True,46105893.79000001
flow_rub,МР Иглинский,ГО Сибай,,0,True,59718215.5
flow_rub,МР Иглинский,ГО Стерлитамак,,0,True,86226175.32
flow_rub,МР Иглинский,ГО Уфа,,0,True,305337582.04
flow_rub,МР Иглинский,МР Абзелиловский,,0,True,19386041.0
flow_rub,МР Иглинский,МР Альшеевский,,0,True,8098977.26
flow_rub,МР Иглинский,МР Архангельский,,0,True,8988957.68
flow_rub,МР Иглинский,МР Аскинский,,0,True,659198.5
flow_rub,МР Иглинский,МР Аургазинский,,0,True,6703657.890000001
flow_rub,МР Иглинский,МР Баймакский,,0,True,20822197.33
flow_rub,МР Иглинский,МР Бакалинский,,0,True,9360012.2
flow_rub,МР Иглинский,МР Балтачевский,,0,True,443616.14
flow_rub,МР Иглинский,МР Белебеевский,,0,True,13247653.65
flow_rub,МР Иглинский,МР Белокатайский,,0,True,304700.0
flow_rub,МР Иглинский,МР Белорецкий,,0,True,7247562.75
flow_rub,МР Иглинский,МР Бижбулякский,,0,True,5366699.5
flow_rub,МР Иглинский,МР Бирский,,0,True,3330439.48
flow_rub,МР Иглинский,МР Благоварский,,0,True,13234488.879999999
flow_rub,МР Иглинский,МР Благовещенский,,0,True,5282093.109999999
flow_rub,МР Иглинский,МР Буздякский,,0,True,5263180.73
flow_rub,МР Иглинский,МР Бураевский,,0,True,2068956.8
flow_rub,МР Иглинский,МР Бурзянский,,0,True,253807.1
flow_rub,МР Иглинский,МР Гафурийский,,0,True,7063161.6
flow_rub,МР Иглинский,МР Давлекановский,,0,True,10766478.34
flow_rub,МР Иглинский,МР Дуванский,,0,True,2894880.68
flow_rub,МР Иглинский,МР Дюртюлинский,,0,True,19398108.81
flow_rub,МР Иглинский,МР Ермекеевский,,0,True,2935897.84
flow_rub,МР Иглинский,МР Зилаирский,,0,True,252573.83
flow_rub,МР Иглинский,МР Илишевский,,0,True,7247448.100000001
flow_rub,МР Иглинский,МР Ишимбайский,,0,True,25762655.95
flow_rub,МР Иглинский,МР Калтасинский,,0,True,4288224.99
flow_rub,МР Иглинский,МР Караидельский,,0,True,62000.0
flow_rub,МР Иглинский,МР Кармаскалинский,,0,True,25509224.56
flow_rub,МР Иглинский,МР Краснокамский,,0,True,16368419.870000001
flow_rub,МР Иглинский,МР Кугарчинский,,0,True,347078.24
flow_rub,МР Иглинский,МР Кушнаренковский,,0,True,3861623.48
flow_rub,МР Иглинский,МР Мелеузовский,,0,True,154801746.27
flow_rub,МР Иглинский,МР Мечетлинский,,0,True,411514.12
flow_rub,МР Иглинский,МР Мишкинский,,0,True,339711.6
flow_rub,МР Иглинский,МР Миякинский,,0,True,7016528.49
flow_rub,МР Иглинский,МР Нуримановский,,0,True,6424104.88
flow_rub,МР Иглинский,МР Салаватский,,0,True,2160595.2
flow_rub,МР Иглинский,МР Стерлибашевский,,0,True,2654211.04
flow_rub,МР Иглинский,МР Стерлитамакский,,0,True,454400.0
flow_rub,МР Иглинский,МР Татышлинский,,0,True,5798636.77
flow_rub,МР Иглинский,МР Туймазинский,,0,True,26668899.96
flow_rub,МР Иглинский,МР Уфимский,,0,True,2555885.78
flow_rub,МР Иглинский,МР Учалинский,,0,True,12765215.04
flow_rub,МР Иглинский,МР Федоровский,,0,True,616109.0
flow_rub,МР Иглинский,МР Хайбуллинский,,0,True,3960624.6
flow_rub,МР Иглинский,МР Чекмагушевский,,0,True,4681451.33
flow_rub,МР Иглинский,МР Чишминский,,0,True,26561527.69
flow_rub,МР Иглинский,МР Шаранский,,0,True,4234773.74
flow_rub,МР Иглинский,МР Янаульский,,0,True,9550245.7
flow_rub,МР Илишевский,ГО Агидель,,0,True,3976232.2800000003
flow_rub,МР Илишевский,ГО Нефтекамск,,0,True,1022230.02
flow_rub,МР Илишевский,ГО Октябрьский,,0,True,65709712.06
flow_rub,МР Илишевский,ГО Салават,,0,True,5376138.0
flow_rub,МР Илишевский,ГО Стерлитамак,,0,True,12084588.879999999
flow_rub,МР Илишевский,ГО Уфа,,0,True,2156522.15
flow_rub,МР Илишевский,МР Бакалинский,,0,True,24777608.04
flow_rub,МР Илишевский,МР Бирский,,0,True,127457955.33
flow_rub,МР Илишевский,МР Буздякский,,0,True,7968874.42
flow_rub,МР Илишевский,МР Давлекановский,,0,True,848583.76
flow_rub,МР Илишевский,МР Дюртюлинский,,0,True,6553724.57
flow_rub,МР Илишевский,МР Краснокамский,,0,True,21884497.39
flow_rub,МР Илишевский,МР Кушнаренковский,,0,True,13257036.49
flow_rub,МР Илишевский,МР Туймазинский,,0,True,3696010.62
flow_rub,МР Илишевский,МР Учалинский,,0,True,19818244.82
flow_rub,МР Илишевский,МР Чекмагушевский,,0,True,9343388.260000002
flow_rub,МР Илишевский,МР Шаранский,,0,True,106050517.17
flow_rub,МР Ишимбайский,ГО Агидель,,0,True,1840192.7999999998
flow_rub,МР Ишимбайский,ГО Кумертау,,0,True,24122178.87
flow_rub,МР Ишимбайский,ГО Межгорье,,0,True,718975.32
flow_rub,МР Ишимбайский,ГО Нефтекамск,,0,True,20086002.61
flow_rub,МР Ишимбайский,ГО Октябрьский,,0,True,699470.51
flow_rub,МР Ишимбайский,ГО Салават,,0,True,81217493.09
flow_rub,МР Ишимбайский,ГО Сибай,,0,True,16271440.89
flow_rub,МР Ишимбайский,ГО Стерлитамак,,0,True,77590608.69
flow_rub,МР Ишимбайский,ГО Уфа,,0,True,37415413.91
flow_rub,МР Ишимбайский,МР Абзелиловский,,0,True,396790.19999999995
flow_rub,МР Ишимбайский,МР Альшеевский,,0,True,1050515.93
flow_rub,МР Ишимбайский,МР Архангельский,,0,True,149028.41
flow_rub,МР Ишимбайский,МР Аскинский,,0,True,546648.6499999999
flow_rub,МР Ишимбайский,МР Аургазинский,,0,True,28038063.57
flow_rub,МР Ишимбайский,МР Баймакский,,0,True,13942031.03
flow_rub,МР Ишимбайский,МР Балтачевский,,0,True,808980.6200000001
flow_rub,МР Ишимбайский,МР Белебеевский,,0,True,1083716.87
flow_rub,МР Ишимбайский,МР Белокатайский,,0,True,139186.88999999998
flow_rub,МР Ишимбайский,МР Белорецкий,,0,True,28457860.060000002
flow_rub,МР Ишимбайский,МР Бирский,,0,True,9715674.38
flow_rub,МР Ишимбайский,МР Благоварский,,0,True,228163.6
flow_rub,МР Ишимбайский,МР Благовещенский,,0,True,6759453.66
flow_rub,МР Ишимбайский,МР Буздякский,,0,True,578259.51
flow_rub,МР Ишимбайский,МР Бураевский,,0,True,1175124.27
flow_rub,МР Ишимбайский,МР Бурзянский,,0,True,2202292.3100000005
flow_rub,МР Ишимбайский,МР Гафурийский,,0,True,5022849.33
flow_rub,МР Ишимбайский,МР Давлекановский,,0,True,300990.73
flow_rub,МР Ишимбайский,МР Дюртюлинский,,0,True,1983376.65
flow_rub,МР Ишимбайский,МР Ермекеевский,,0,True,3243294.36
flow_rub,МР Ишимбайский,МР Зианчуринский,,0,True,4035197.02
flow_rub,МР Ишимбайский,МР Зилаирский,,0,True,233798.75
flow_rub,МР Ишимбайский,МР Иглинский,,0,True,1375400.0
flow_rub,МР Ишимбайский,МР Караидельский,,0,True,222461.37
flow_rub,МР Ишимбайский,МР Кармаскалинский,,0,True,1639035.9
flow_rub,МР Ишимбайский,МР Кигинский,,0,True,1940000.0
flow_rub,МР Ишимбайский,МР Краснокамский,,0,True,152882.16999999998
flow_rub,МР Ишимбайский,МР Кугарчинский,,0,True,41649490.62
flow_rub,МР Ишимбайский,МР Кушнаренковский,,0,True,1158581.1400000001
flow_rub,МР Ишимбайский,МР Куюргазинский,,0,True,18589638.5
flow_rub,МР Ишимбайский,МР Мелеузовский,,0,True,37183499.82
flow_rub,МР Ишимбайский,МР Мишкинский,,0,True,522306.02
flow_rub,МР Ишимбайский,МР Миякинский,,0,True,177291.54
flow_rub,МР Ишимбайский,МР Нуримановский,,0,True,1387872.0
flow_rub,МР Ишимбайский,МР Стерлибашевский,,0,True,2657865.09
flow_rub,МР Ишимбайский,МР Стерлитамакский,,0,True,47751759.97
flow_rub,МР Ишимбайский,МР Татышлинский,,0,True,4077563.4000000004
flow_rub,МР Ишимбайский,МР Туймазинский,,0,True,124044.18
flow_rub,МР Ишимбайский,МР Уфимский,,0,True,1650148.8599999999
flow_rub,МР Ишимбайский,МР Учалинский,,0,True,17217459.83
flow_rub,МР Ишимбайский,МР Федоровский,,0,True,1249468.4
flow_rub,МР Ишимбайский,МР Хайбуллинский,,0,True,2873127.24
flow_rub,МР Ишимбайский,МР Чишминский,,0,True,1182599.0899999999
flow_rub,МР Ишимбайский,МР Янаульский,,0,True,30964832.82
flow_rub,МР Калтасинский,ГО Кумертау,,0,True,41000.0
flow_rub,МР Калтасинский,ГО Нефтекамск,,0,True,1251228.17
flow_rub,МР Калтасинский,ГО Уфа,,0,True,7933271.9799999995
flow_rub,МР Калтасинский,МР Альшеевский,,0,True,53959.77
flow_rub,МР Калтасинский,МР Аскинский,,0,True,839342.28
flow_rub,МР Калтасинский,МР Белорецкий,,0,True,3644839.67
flow_rub,МР Калтасинский,МР Бирский,,0,True,28000.0
flow_rub,МР Калтасинский,МР Бураевский,,0,True,4470970.22
flow_rub,МР Калтасинский,МР Дюртюлинский,,0,True,1578997.02
flow_rub,МР Калтасинский,МР Иглинский,,0,True,1968592.41
flow_rub,МР Калтасинский,МР Кушнаренковский,,0,True,1673775.0
flow_rub,МР Калтасинский,МР Мишкинский,,0,True,1187870.3299999998
flow_rub,МР Калтасинский,МР Миякинский,,0,True,10229.0
flow_rub,МР Калтасинский,МР Татышлинский,,0,True,2726187.25
flow_rub,МР Калтасинский,МР Туймазинский,,0,True,2121128.74
flow_rub,МР Калтасинский,МР Учалинский,,0,True,30985.74
flow_rub,МР Калтасинский,МР Чишминский,,0,True,1134317.5
flow_rub,МР Калтасинский,МР Янаульский,,0,True,641644.5
flow_rub,МР Караидельский,ГО Салават,,0,True,37145800.0
flow_rub,МР Караидельский,ГО Стерлитамак,,0,True,30744.46
flow_rub,МР Караидельский,ГО Уфа,,0,True,8308316.07
flow_rub,МР Караидельский,МР Архангельский,,0,True,745200.0
flow_rub,МР Караидельский,МР Аскинский,,0,True,8127595.4399999995
flow_rub,МР Караидельский,МР Белорецкий,,0,True,445714.5
flow_rub,МР Караидельский,МР Бирский,,0,True,172085.6
flow_rub,МР Караидельский,МР Бурзянский,,0,True,131092.5
flow_rub,МР Караидельский,МР Зилаирский,,0,True,1053857.54
flow_rub,МР Караидельский,МР Иглинский,,0,True,658698.31
flow_rub,МР Караидельский,МР Мишкинский,,0,True,5480834.58
flow_rub,МР Караидельский,МР Нуримановский,,0,True,3058626.45
flow_rub,МР Караидельский,МР Татышлинский,,0,True,5087.95
flow_rub,МР Караидельский,МР Уфимский,,0,True,1487513.77
flow_rub,МР Караидельский,МР Учалинский,,0,True,312601.99
flow_rub,МР Кармаскалинский,ГО Агидель,,0,True,105000.0
flow_rub,МР Кармаскалинский,ГО Кумертау,,0,True,1364314.0
flow_rub,МР Кармаскалинский,ГО Межгорье,,0,True,15249468.72
flow_rub,МР Кармаскалинский,ГО Нефтекамск,,0,True,1234352.04
flow_rub,МР Кармаскалинский,ГО Октябрьский,,0,True,17249831.84
flow_rub,МР Кармаскалинский,ГО Салават,,0,True,3604357.1
flow_rub,МР Кармаскалинский,ГО Стерлитамак,,0,True,6791166.99
flow_rub,МР Кармаскалинский,ГО Уфа,,0,True,58611101.97
flow_rub,МР Кармаскалинский,МР Альшеевский,,0,True,6548742.43
flow_rub,МР Кармаскалинский,МР Архангельский,,0,True,2769167.34
flow_rub,МР Кармаскалинский,МР Аскинский,,0,True,154391.78999999998
flow_rub,МР Кармаскалинский,МР Аургазинский,,0,True,4443365.01
flow_rub,МР Кармаскалинский,МР Бакалинский,,0,True,4452955.5
flow_rub,МР Кармаскалинский,МР Балтачевский,,0,True,12280391.07
flow_rub,МР Кармаскалинский,МР Бирский,,0,True,2250626.0
flow_rub,МР Кармаскалинский,МР Благоварский,,0,True,3002764.34
flow_rub,МР Кармаскалинский,МР Благовещенский,,0,True,926628.15
flow_rub,МР Кармаскалинский,МР Буздякский,,0,True,3877188.3600000003
flow_rub,МР Кармаскалинский,МР Гафурийский,,0,True,4562318.41
flow_rub,МР Кармаскалинский,МР Давлекановский,,0,True,5500276.800000001
flow_rub,МР Кармаскалинский,МР Дюртюлинский,,0,True,19653668.799999997
flow_rub,МР Кармаскалинский,МР Илишевский,,0,True,6628273.12
flow_rub,МР Кармаскалинский,МР Ишимбайский,,0,True,5099886.26
flow_rub,МР Кармаскалинский,МР Калтасинский,,0,True,1967526.13
flow_rub,МР Кармаскалинский,МР Краснокамский,,0,True,4433186.05
flow_rub,МР Кармаскалинский,МР Кушнаренковский,,0,True,2811038.5199999996
flow_rub,МР Кармаскалинский,МР Мелеузовский,,0,True,12319320.89
flow_rub,МР Кармаскалинский,МР Мишкинский,,0,True,150653.76
flow_rub,МР Кармаскалинский,МР Миякинский,,0,True,10750364.05
flow_rub,МР Кармаскалинский,МР Нуримановский,,0,True,11667.5
flow_rub,МР Кармаскалинский,МР Салаватский,,0,True,2973408.4
flow_rub,МР Кармаскалинский,МР Стерлибашевский,,0,True,213923.59999999998
flow_rub,МР Кармаскалинский,МР Туймазинский,,0,True,50170.0
flow_rub,МР Кармаскалинский,МР Чекмагушевский,,0,True,6290802.82
flow_rub,МР Кармаскалинский,МР Чишминский,,0,True,11994362.32
flow_rub,МР Кармаскалинский,МР Шаранский,,0,True,80403.65000000001
flow_rub,МР Кармаскалинский,МР Янаульский,,0,True,3905637.34
flow_rub,МР Кигинский,ГО Уфа,,0,True,590204.8400000001
flow_rub,МР Кигинский,МР Белокатайский,,0,True,5078380.48
flow_rub,МР Кигинский,МР Дуванский,,0,True,13860837.55
flow_rub,МР Кигинский,МР Кармаскалинский,,0,True,2438329.08
flow_rub,МР Кигинский,МР Мечетлинский,,0,True,2310000.0
flow_rub,МР Кигинский,МР Салаватский,,0,True,2131189.0
flow_rub,МР Краснокамский,ГО Агидель,,0,True,1908756.93
flow_rub,МР Краснокамский,ГО Нефтекамск,,0,True,22454777.14
flow_rub,МР Краснокамский,ГО Уфа,,0,True,587895.71
flow_rub,МР Краснокамский,МР Дюртюлинский,,0,True,976138.69
flow_rub,МР Краснокамский,МР Иглинский,,0,True,110838.0
flow_rub,МР Краснокамский,МР Илишевский,,0,True,105728.0
flow_rub,МР Краснокамский,МР Калтасинский,,0,True,32000.0
flow_rub,МР Краснокамский,МР Хайбуллинский,,0,True,5127378.3100000005
flow_rub,МР Краснокамский,МР Чекмагушевский,,0,True,37760.0
flow_rub,МР Краснокамский,МР Янаульский,,0,True,13279394.58
flow_rub,МР Кугарчинский,ГО Кумертау,,0,True,8163314.970000001
flow_rub,МР Кугарчинский,ГО Салават,,0,True,2062200.0
flow_rub,МР Кугарчинский,ГО Уфа,,0,True,1862317.55
flow_rub,МР Кугарчинский,МР Альшеевский,,0,True,426000.0
flow_rub,МР Кугарчинский,МР Архангельский,,0,True,96213.36
flow_rub,МР Кугарчинский,МР Белорецкий,,0,True,329840.0
flow_rub,МР Кугарчинский,МР Благовещенский,,0,True,344214.67
flow_rub,МР Кугарчинский,МР Дуванский,,0,True,89790.0
flow_rub,МР Кугарчинский,МР Зианчуринский,,0,True,4248028.91
flow_rub,МР Кугарчинский,МР Ишимбайский,,0,True,2640736.5
flow_rub,МР Кугарчинский,МР Мелеузовский,,0,True,40928768.15
flow_rub,МР Кугарчинский,МР Миякинский,,0,True,787146.84
flow_rub,МР Кугарчинский,МР Салаватский,,0,True,320326.03
flow_rub,МР Кугарчинский,МР Стерлибашевский,,0,True,328910.29
flow_rub,МР Кугарчинский,МР Учалинский,,0,True,780917.3899999999
flow_rub,МР Кугарчинский,МР Чекмагушевский,,0,True,2184398.0
flow_rub,МР Кугарчинский,МР Янаульский,,0,True,747369.1
flow_rub,МР Кушнаренковский,ГО Сибай,,0,True,1313876.6800000002
flow_rub,МР Кушнаренковский,ГО Уфа,,0,True,14149669.270000001
flow_rub,МР Кушнаренковский,МР Бирский,,0,True,944767.82
flow_rub,МР Кушнаренковский,МР Дюртюлинский,,0,True,1577.36
flow_rub,МР Кушнаренковский,МР Иглинский,,0,True,1567610.96
flow_rub,МР Кушнаренковский,МР Ишимбайский,,0,True,1640000.0
flow_rub,МР Кушнаренковский,МР Салаватский,,0,True,508844.29
flow_rub,МР Кушнаренковский,МР Стерлибашевский,,0,True,402375.0
flow_rub,МР Кушнаренковский,МР Туймазинский,,0,True,1773240.35
flow_rub,МР Кушнаренковский,МР Чекмагушевский,,0,True,5208702.63
flow_rub,МР Куюргазинский,ГО Агидель,,0,True,600000.0
flow_rub,МР Куюргазинский,ГО Кумертау,,0,True,146710060.67
flow_rub,МР Куюргазинский,ГО Салават,,0,True,149740.0
flow_rub,МР Куюргазинский,ГО Стерлитамак,,0,True,31423861.81
flow_rub,МР Куюргазинский,ГО Уфа,,0,True,13574673.079999998
flow_rub,МР Куюргазинский,МР Альшеевский,,0,True,45000.0
flow_rub,МР Куюргазинский,МР Баймакский,,0,True,4849471.36
flow_rub,МР Куюргазинский,МР Бурзянский,,0,True,1295600.0
flow_rub,МР Куюргазинский,МР Зианчуринский,,0,True,810561.13
flow_rub,МР Куюргазинский,МР Ишимбайский,,0,True,4299403.390000001
flow_rub,МР Куюргазинский,МР Краснокамский,,0,True,37620.0
flow_rub,МР Куюргазинский,МР Кугарчинский,,0,True,272110.0
flow_rub,МР Куюргазинский,МР Мелеузовский,,0,True,672469.22
flow_rub,МР Куюргазинский,МР Миякинский,,0,True,1281449.92
flow_rub,МР Куюргазинский,МР Стерлитамакский,,0,True,8358873.3100000005
flow_rub,МР Куюргазинский,МР Чишминский,,0,True,9140257.56
flow_rub,МР Мелеузовский,ГО Кумертау,,0,True,12902128.26
flow_rub,МР Мелеузовский,ГО Нефтекамск,,0,True,2745715.55
flow_rub,МР Мелеузовский,ГО Салават,,0,True,11916112.53
flow_rub,МР Мелеузовский,ГО Сибай,,0,True,115356.8
flow_rub,МР Мелеузовский,ГО Стерлитамак,,0,True,9732755.2
flow_rub,МР Мелеузовский,ГО Уфа,,0,True,12352917.79
flow_rub,МР Мелеузовский,МР Абзелиловский,,0,True,1191061.0
flow_rub,МР Мелеузовский,МР Альшеевский,,0,True,264000.0
flow_rub,МР Мелеузовский,МР Архангельский,,0,True,622550.0
flow_rub,МР Мелеузовский,МР Аскинский,,0,True,62416.55
flow_rub,МР Мелеузовский,МР Баймакский,,0,True,6820069.27
flow_rub,МР Мелеузовский,МР Балтачевский,,0,True,159000.0
flow_rub,МР Мелеузовский,МР Белебеевский,,0,True,20072.72
flow_rub,МР Мелеузовский,МР Бирский,,0,True,1531170.0
flow_rub,МР Мелеузовский,МР Благоварский,,0,True,230552.59999999998
flow_rub,МР Мелеузовский,МР Гафурийский,,0,True,180000.0
flow_rub,МР Мелеузовский,МР Давлекановский,,0,True,652915.0
flow_rub,МР Мелеузовский,МР Дюртюлинский,,0,True,2201400.0
flow_rub,МР Мелеузовский,МР Зианчуринский,,0,True,4893721.96
flow_rub,МР Мелеузовский,МР Зилаирский,,0,True,1634449.71
flow_rub,МР Мелеузовский,МР Иглинский,,0,True,4073873.28
flow_rub,МР Мелеузовский,МР Ишимбайский,,0,True,36816685.34
flow_rub,МР Мелеузовский,МР Калтасинский,,0,True,766321.0
flow_rub,МР Мелеузовский,МР Караидельский,,0,True,2032752.3399999999
flow_rub,МР Мелеузовский,МР Кармаскалинский,,0,True,438797.04000000004
flow_rub,МР Мелеузовский,МР Кугарчинский,,0,True,4957446.34
flow_rub,МР Мелеузовский,МР Куюргазинский,,0,True,9657700.790000001
flow_rub,МР Мелеузовский,МР Мишкинский,,0,True,1993904.08
flow_rub,МР Мелеузовский,МР Миякинский,,0,True,1145391.6600000001
flow_rub,МР Мелеузовский,МР Салаватский,,0,True,122104.76
flow_rub,МР Мелеузовский,МР Стерлибашевский,,0,True,728226.65
flow_rub,МР Мелеузовский,МР Стерлитамакский,,0,True,1202633.59
flow_rub,МР Мелеузовский,МР Татышлинский,,0,True,2600000.0
flow_rub,МР Мелеузовский,МР Туймазинский,,0,True,1086755.0
flow_rub,МР Мелеузовский,МР Учалинский,,0,True,226000.0
flow_rub,МР Мелеузовский,МР Федоровский,,0,True,7708238.38
flow_rub,МР Мелеузовский,МР Хайбуллинский,,0,True,121000.0
flow_rub,МР Мелеузовский,МР Чишминский,,0,True,1730793.0
flow_rub,МР Мечетлинский,ГО Салават,,0,True,570000.0
flow_rub,МР Мечетлинский,ГО Уфа,,0,True,9604298.17
flow_rub,МР Мечетлинский,МР Аургазинский,,0,True,7670.0
flow_rub,МР Мечетлинский,МР Белокатайский,,0,True,4596027.48
flow_rub,МР Мечетлинский,МР Дуванский,,0,True,3942535.7
flow_rub,МР Мечетлинский,МР Кигинский,,0,True,704942.01
flow_rub,МР Мечетлинский,МР Кугарчинский,,0,True,43944.0
flow_rub,МР Мечетлинский,МР Мелеузовский,,0,True,283950.5
flow_rub,МР Мечетлинский,МР Уфимский,,0,True,1300200.0
flow_rub,МР Мишкинский,ГО Уфа,,0,True,556345.5900000001
flow_rub,МР Мишкинский,МР Бирский,,0,True,25307.21
flow_rub,МР Мишкинский,МР Дюртюлинский,,0,True,218557.34
flow_rub,МР Мишкинский,МР Калтасинский,,0,True,6723720.0
flow_rub,МР Мишкинский,МР Караидельский,,0,True,1313292.0
flow_rub,МР Мишкинский,МР Татышлинский,,0,True,92085.51000000001
flow_rub,МР Миякинский,ГО Кумертау,,0,True,10133649.0
flow_rub,МР Миякинский,ГО Салават,,0,True,33501000.0
flow_rub,МР Миякинский,ГО Сибай,,0,True,249340.0
flow_rub,МР Миякинский,ГО Стерлитамак,,0,True,130753.73
flow_rub,МР Миякинский,ГО Уфа,,0,True,20786947.55
flow_rub,МР Миякинский,МР Альшеевский,,0,True,2778930.0
flow_rub,МР Миякинский,МР Балтачевский,,0,True,2901899.33
flow_rub,МР Миякинский,МР Благоварский,,0,True,4714663.0
flow_rub,МР Миякинский,МР Благовещенский,,0,True,4615685.609999999
flow_rub,МР Миякинский,МР Буздякский,,0,True,7459398.59
flow_rub,МР Миякинский,МР Давлекановский,,0,True,1909215.0
flow_rub,МР Миякинский,МР Зианчуринский,,0,True,1657811.64
flow_rub,МР Миякинский,МР Иглинский,,0,True,6346626.0
flow_rub,МР Миякинский,МР Кушнаренковский,,0,True,10004660.77
flow_rub,МР Миякинский,МР Мишкинский,,0,True,9892858.940000001
flow_rub,МР Миякинский,МР Стерлитамакский,,0,True,2537488.74
flow_rub,МР Нуримановский,ГО Уфа,,0,True,2551208.62
flow_rub,МР Нуримановский,МР Белебеевский,,0,True,24520.93
flow_rub,МР Нуримановский,МР Белорецкий,,0,True,48750.0
flow_rub,МР Нуримановский,МР Благоварский,,0,True,156087.2
flow_rub,МР Нуримановский,МР Благовещенский,,0,True,541230.9
flow_rub,МР Нуримановский,МР Иглинский,,0,True,1024590.0
flow_rub,МР Салаватский,ГО Салават,,0,True,597921.04
flow_rub,МР Салаватский,ГО Сибай,,0,True,2487434.5
flow_rub,МР Салаватский,ГО Стерлитамак,,0,True,9683627.96
flow_rub,МР Салаватский,ГО Уфа,,0,True,8891658.3
flow_rub,МР Салаватский,МР Белокатайский,,0,True,3282455.52
flow_rub,МР Салаватский,МР Белорецкий,,0,True,35080141.54
flow_rub,МР Салаватский,МР Дуванский,,0,True,2821427.0999999996
flow_rub,МР Салаватский,МР Ишимбайский,,0,True,1394303.81
flow_rub,МР Салаватский,МР Кигинский,,0,True,32886.84
flow_rub,МР Салаватский,МР Мелеузовский,,0,True,32994.0
flow_rub,МР Салаватский,МР Мечетлинский,,0,True,2585173.28
flow_rub,МР Салаватский,МР Учалинский,,0,True,5884244.0
flow_rub,МР Салаватский,МР Хайбуллинский,,0,True,164000.0
flow_rub,МР Салаватский,МР Янаульский,,0,True,138052.02
flow_rub,МР Стерлибашевский,ГО Кумертау,,0,True,1899695.95
flow_rub,МР Стерлибашевский,ГО Салават,,0,True,65356200.13
flow_rub,МР Стерлибашевский,ГО Стерлитамак,,0,True,8580868.45
flow_rub,МР Стерлибашевский,ГО Уфа,,0,True,9197300.39
flow_rub,МР Стерлибашевский,МР Аургазинский,,0,True,441521.97
flow_rub,МР Стерлибашевский,МР Гафурийский,,0,True,427890.49
flow_rub,МР Стерлибашевский,МР Зианчуринский,,0,True,320000.0
flow_rub,МР Стерлибашевский,МР Ишимбайский,,0,True,763301.0800000001
flow_rub,МР Стерлибашевский,МР Стерлитамакский,,0,True,1947586.57
flow_rub,МР Стерлибашевский,МР Федоровский,,0,True,180000.0
flow_rub,МР Стерлитамакский,ГО Агидель,,0,True,190000.0
flow_rub,МР Стерлитамакский,ГО Межгорье,,0,True,38370.8
flow_rub,МР Стерлитамакский,ГО Нефтекамск,,0,True,3860984.58
flow_rub,МР Стерлитамакский,ГО Октябрьский,,0,True,93378.0
flow_rub,МР Стерлитамакский,ГО Салават,,0,True,14539163.8
flow_rub,МР Стерлитамакский,ГО Сибай,,0,True,2359000.0
flow_rub,МР Стерлитамакский,ГО Стерлитамак,,0,True,82789593.3
flow_rub,МР Стерлитамакский,ГО Уфа,,0,True,8126024.0600000005
flow_rub,МР Стерлитамакский,МР Абзелиловский,,0,True,1925654.11
flow_rub,МР Стерлитамакский,МР Альшеевский,,0,True,1849573.7
flow_rub,МР Стерлитамакский,МР Архангельский,,0,True,147643.2
flow_rub,МР Стерлитамакский,МР Аскинский,,0,True,27912.0
flow_rub,МР Стерлитамакский,МР Аургазинский,,0,True,5167188.18
flow_rub,МР Стерлитамакский,МР Баймакский,,0,True,4150901.4
flow_rub,МР Стерлитамакский,МР Бакалинский,,0,True,282689.52
flow_rub,МР Стерлитамакский,МР Балтачевский,,0,True,7564.0
flow_rub,МР Стерлитамакский,МР Белебеевский,,0,True,47570.0
flow_rub,МР Стерлитамакский,МР Белокатайский,,0,True,38682.0
flow_rub,МР Стерлитамакский,МР Белорецкий,,0,True,4520285.59
flow_rub,МР Стерлитамакский,МР Бижбулякский,,0,True,13915.85
flow_rub,МР Стерлитамакский,МР Бирский,,0,True,2056731.75
flow_rub,МР Стерлитамакский,МР Благоварский,,0,True,159181.18
flow_rub,МР Стерлитамакский,МР Буздякский,,0,True,38250.0
flow_rub,МР Стерлитамакский,МР Бураевский,,0,True,19800.0
flow_rub,МР Стерлитамакский,МР Гафурийский,,0,True,6963161.87
flow_rub,МР Стерлитамакский,МР Давлекановский,,0,True,2677178.0
flow_rub,МР Стерлитамакский,МР Дуванский,,0,True,7368.0
flow_rub,МР Стерлитамакский,МР Дюртюлинский,,0,True,183950.0
flow_rub,МР Стерлитамакский,МР Ермекеевский,,0,True,1504.95
flow_rub,МР Стерлитамакский,МР Зианчуринский,,0,True,12063574.75
flow_rub,МР Стерлитамакский,МР Иглинский,,0,True,745980.7
flow_rub,МР Стерлитамакский,МР Илишевский,,0,True,984736.79
flow_rub,МР Стерлитамакский,МР Ишимбайский,,0,True,19174750.22
flow_rub,МР Стерлитамакский,МР Калтасинский,,0,True,223210.0
flow_rub,МР Стерлитамакский,МР Караидельский,,0,True,1551900.0
flow_rub,МР Стерлитамакский,МР Кармаскалинский,,0,True,1494919.6
flow_rub,МР Стерлитамакский,МР Кугарчинский,,0,True,137000.0
flow_rub,МР Стерлитамакский,МР Мелеузовский,,0,True,8600859.48
flow_rub,МР Стерлитамакский,МР Мечетлинский,,0,True,109203.08
flow_rub,МР Стерлитамакский,МР Мишкинский,,0,True,208200.0
flow_rub,МР Стерлитамакский,МР Миякинский,,0,True,1708770.0
flow_rub,МР Стерлитамакский,МР Нуримановский,,0,True,855086.0
flow_rub,МР Стерлитамакский,МР Стерлибашевский,,0,True,12816389.3
flow_rub,МР Стерлитамакский,МР Туймазинский,,0,True,1763007.5699999998
flow_rub,МР Стерлитамакский,МР Учалинский,,0,True,1374623.0
flow_rub,МР Стерлитамакский,МР Федоровский,,0,True,2409824.3
flow_rub,МР Стерлитамакский,МР Хайбуллинский,,0,True,238074.66
flow_rub,МР Стерлитамакский,МР Чишминский,,0,True,3042950.59
flow_rub,МР Стерлитамакский,МР Шаранский,,0,True,378164.2
flow_rub,МР Татышлинский,ГО Нефтекамск,,0,True,2131349.2
flow_rub,МР Татышлинский,ГО Уфа,,0,True,482696.69000000006
flow_rub,МР Татышлинский,МР Аскинский,,0,True,11024473.55
flow_rub,МР Татышлинский,МР Балтачевский,,0,True,237917.75
flow_rub,МР Татышлинский,МР Янаульский,,0,True,4058101.44
flow_rub,МР Туймазинский,ГО Кумертау,,0,True,355373.02
flow_rub,МР Туймазинский,ГО Нефтекамск,,0,True,3826099.8
flow_rub,МР Туймазинский,ГО Октябрьский,,0,True,279931556.61
flow_rub,МР Туймазинский,ГО Салават,,0,True,2027950.1
flow_rub,МР Туймазинский,ГО Сибай,,0,True,2502325.0
flow_rub,МР Туймазинский,ГО Стерлитамак,,0,True,26440349.46
flow_rub,МР Туймазинский,ГО Уфа,,0,True,19843327.35
flow_rub,МР Туймазинский,МР Альшеевский,,0,True,16683857.14
flow_rub,МР Туймазинский,МР Архангельский,,0,True,105454.12
flow_rub,МР Туймазинский,МР Аскинский,,0,True,2509006.61
flow_rub,МР Туймазинский,МР Аургазинский,,0,True,102834.29000000001
flow_rub,МР Туймазинский,МР Баймакский,,0,True,1437860.38
flow_rub,МР Туймазинский,МР Бакалинский,,0,True,34608658.51
flow_rub,МР Туймазинский,МР Балтачевский,,0,True,91962.52
flow_rub,МР Туймазинский,МР Белебеевский,,0,True,55383218.55
flow_rub,МР Туймазинский,МР Белорецкий,,0,True,3127119.88
flow_rub,МР Туймазинский,МР Бижбулякский,,0,True,2901610.69
flow_rub,МР Туймазинский,МР Бирский,,0,True,7235345.43
flow_rub,МР Туймазинский,МР Благоварский,,0,True,1164798.2
flow_rub,МР Туймазинский,МР Благовещенский,,0,True,783167.41
flow_rub,МР Туймазинский,МР Буздякский,,0,True,19012305.2
flow_rub,МР Туймазинский,МР Бураевский,,0,True,77934.98000000001
flow_rub,МР Туймазинский,МР Бурзянский,,0,True,35644.68
flow_rub,МР Туймазинский,МР Гафурийский,,0,True,162636.0
flow_rub,МР Туймазинский,МР Давлекановский,,0,True,3324583.57
flow_rub,МР Туймазинский,МР Дюртюлинский,,0,True,54820261.919999994
flow_rub,МР Туймазинский,МР Ермекеевский,,0,True,4867198.11
flow_rub,МР Туймазинский,МР Зианчуринский,,0,True,613563.24
flow_rub,МР Туймазинский,МР Иглинский,,0,True,630536.3300000001
flow_rub,МР Туймазинский,МР Илишевский,,0,True,7411986.91
flow_rub,МР Туймазинский,МР Ишимбайский,,0,True,3851993.79
flow_rub,МР Туймазинский,МР Калтасинский,,0,True,68886.23000000001
flow_rub,МР Туймазинский,МР Кармаскалинский,,0,True,1912726.6199999999
flow_rub,МР Туймазинский,МР Кигинский,,0,True,272621.11
flow_rub,МР Туймазинский,МР Краснокамский,,0,True,2876979.7399999998
flow_rub,МР Туймазинский,МР Кугарчинский,,0,True,57399.5
flow_rub,МР Туймазинский,МР Мелеузовский,,0,True,6480399.95
flow_rub,МР Туймазинский,МР Мишкинский,,0,True,256045.39
flow_rub,МР Туймазинский,МР Миякинский,,0,True,1318309.82
flow_rub,МР Туймазинский,МР Нуримановский,,0,True,1596437.49
flow_rub,МР Туймазинский,МР Стерлибашевский,,0,True,69621.07
flow_rub,МР Туймазинский,МР Стерлитамакский,,0,True,775662.0
flow_rub,МР Туймазинский,МР Татышлинский,,0,True,165744.03
flow_rub,МР Туймазинский,МР Уфимский,,0,True,783330.79
flow_rub,МР Туймазинский,МР Учалинский,,0,True,1068246.26
flow_rub,МР Туймазинский,МР Федоровский,,0,True,596874.91
flow_rub,МР Туймазинский,МР Чекмагушевский,,0,True,5321329.52
flow_rub,МР Туймазинский,МР Чишминский,,0,True,405096.0
flow_rub,МР Туймазинский,МР Шаранский,,0,True,26945729.72
flow_rub,МР Туймазинский,МР Янаульский,,0,True,1117406.76
flow_rub,МР Уфимский,ГО Кумертау,,0,True,14711313.37
flow_rub,МР Уфимский,ГО Межгорье,,0,True,1261510.6
flow_rub,МР Уфимский,ГО Нефтекамск,,0,True,15065228.36
flow_rub,МР Уфимский,ГО Октябрьский,,0,True,55157428.06
flow_rub,МР Уфимский,ГО Салават,,0,True,15140276.6
flow_rub,МР Уфимский,ГО Стерлитамак,,0,True,14294254.79
flow_rub,МР Уфимский,ГО Уфа,,0,True,697057139.91
flow_rub,МР Уфимский,МР Абзелиловский,,0,True,1602458.32
flow_rub,МР Уфимский,МР Альшеевский,,0,True,6187117.35
flow_rub,МР Уфимский,МР Архангельский,,0,True,5030283.9
flow_rub,МР Уфимский,МР Аскинский,,0,True,284147.41
flow_rub,МР Уфимский,МР Аургазинский,,0,True,736459.88
flow_rub,МР Уфимский,МР Бакалинский,,0,True,2167188.25
flow_rub,МР Уфимский,МР Балтачевский,,0,True,805213.2
flow_rub,МР Уфимский,МР Белебеевский,,0,True,23713179.74
flow_rub,МР Уфимский,МР Белорецкий,,0,True,9869291.71
flow_rub,МР Уфимский,МР Бирский,,0,True,18041462.61
flow_rub,МР Уфимский,МР Благоварский,,0,True,1269466.2
flow_rub,МР Уфимский,МР Благовещенский,,0,True,33993946.84
flow_rub,МР Уфимский,МР Буздякский,,0,True,3512875.8
flow_rub,МР Уфимский,МР Бураевский,,0,True,2458250.64
flow_rub,МР Уфимский,МР Гафурийский,,0,True,1013925.0
flow_rub,МР Уфимский,МР Давлекановский,,0,True,2847933.2
flow_rub,МР Уфимский,МР Дюртюлинский,,0,True,40053379.07
flow_rub,МР Уфимский,МР Зианчуринский,,0,True,7331567.76
flow_rub,МР Уфимский,МР Иглинский,,0,True,305473706.75
flow_rub,МР Уфимский,МР Илишевский,,0,True,2429258.14
flow_rub,МР Уфимский,МР Ишимбайский,,0,True,9576400.74
flow_rub,МР Уфимский,МР Калтасинский,,0,True,3446522.01
flow_rub,МР Уфимский,МР Кармаскалинский,,0,True,379673.27
flow_rub,МР Уфимский,МР Краснокамский,,0,True,11537525.450000001
flow_rub,МР Уфимский,МР Кугарчинский,,0,True,3434304.4
flow_rub,МР Уфимский,МР Кушнаренковский,,0,True,95761792.66
flow_rub,МР Уфимский,МР Куюргазинский,,0,True,1112189.18
flow_rub,МР Уфимский,МР Мелеузовский,,0,True,377100.3
flow_rub,МР Уфимский,МР Мечетлинский,,0,True,1528016.71
flow_rub,МР Уфимский,МР Миякинский,,0,True,52423.86
flow_rub,МР Уфимский,МР Нуримановский,,0,True,6170374.96
flow_rub,МР Уфимский,МР Стерлибашевский,,0,True,217035.0
flow_rub,МР Уфимский,МР Стерлитамакский,,0,True,4698385.96
flow_rub,МР Уфимский,МР Туймазинский,,0,True,8974687.51
flow_rub,МР Уфимский,МР Учалинский,,0,True,7124037.029999999
flow_rub,МР Уфимский,МР Чекмагушевский,,0,True,2368686.71
flow_rub,МР Уфимский,МР Чишминский,,0,True,25691010.799999997
flow_rub,МР Уфимский,МР Шаранский,,0,True,1163257.76
flow_rub,МР Уфимский,МР Янаульский,,0,True,7702205.029999999
flow_rub,МР Учалинский,ГО Кумертау,,0,True,6079595.359999999
flow_rub,МР Учалинский,ГО Межгорье,,0,True,4802837.79
flow_rub,МР Учалинский,ГО Октябрьский,,0,True,452163.67
flow_rub,МР Учалинский,ГО Салават,,0,True,360500.0
flow_rub,МР Учалинский,ГО Сибай,,0,True,364990.52
flow_rub,МР Учалинский,ГО Уфа,,0,True,2454434.95
flow_rub,МР Учалинский,МР Баймакский,,0,True,2588884.0
flow_rub,МР Учалинский,МР Белорецкий,,0,True,2535667.34
flow_rub,МР Учалинский,МР Бурзянский,,0,True,16478.35
flow_rub,МР Учалинский,МР Иглинский,,0,True,1491821.55
flow_rub,МР Учалинский,МР Кугарчинский,,0,True,101700.0
flow_rub,МР Учалинский,МР Мишкинский,,0,True,78546.0
flow_rub,МР Учалинский,МР Салаватский,,0,True,698919.68
flow_rub,МР Учалинский,МР Уфимский,,0,True,1268761.23
flow_rub,МР Учалинский,МР Федоровский,,0,True,697794.08
flow_rub,МР Учалинский,МР Янаульский,,0,True,160000.0
flow_rub,МР Федоровский,ГО Октябрьский,,0,True,452354.77
flow_rub,МР Федоровский,ГО Салават,,0,True,765470.0
flow_rub,МР Федоровский,ГО Уфа,,0,True,729174.73
flow_rub,МР Федоровский,МР Ишимбайский,,0,True,260045.97
flow_rub,МР Федоровский,МР Кугарчинский,,0,True,1554225.02
flow_rub,МР Федоровский,МР Мелеузовский,,0,True,1391471.6
flow_rub,МР Федоровский,МР Миякинский,,0,True,1175480.0
flow_rub,МР Федоровский,МР Стерлибашевский,,0,True,976753.0
flow_rub,МР Федоровский,МР Янаульский,,0,True,1280000.0
flow_rub,МР Хайбуллинский,ГО Кумертау,,0,True,1466893.0
flow_rub,МР Хайбуллинский,ГО Сибай,,0,True,16912441.22
flow_rub,МР Хайбуллинский,ГО Уфа,,0,True,16739992.14
flow_rub,МР Хайбуллинский,МР Абзелиловский,,0,True,3686940.87
flow_rub,МР Хайбуллинский,МР Баймакский,,0,True,4700658.0600000005
flow_rub,МР Хайбуллинский,МР Белебеевский,,0,True,649900.0
flow_rub,МР Хайбуллинский,МР Белорецкий,,0,True,1256822.21
flow_rub,МР Хайбуллинский,МР Зианчуринский,,0,True,8358855.18
flow_rub,МР Хайбуллинский,МР Зилаирский,,0,True,6564857.0600000005
flow_rub,МР Хайбуллинский,МР Кугарчинский,,0,True,349529.93999999994
flow_rub,МР Хайбуллинский,МР Нуримановский,,0,True,388179.68
flow_rub,МР Хайбуллинский,МР Учалинский,,0,True,57500.0
flow_rub,МР Чекмагушевский,ГО Салават,,0,True,338796.3
flow_rub,МР Чекмагушевский,ГО Уфа,,0,True,15034120.93
flow_rub,МР Чекмагушевский,МР Бакалинский,,0,True,6864126.0
flow_rub,МР Чекмагушевский,МР Дюртюлинский,,0,True,1327470.6
flow_rub,МР Чекмагушевский,МР Иглинский,,0,True,324800.0
flow_rub,МР Чекмагушевский,МР Илишевский,,0,True,225074.4
flow_rub,МР Чекмагушевский,МР Туймазинский,,0,True,490000.0
flow_rub,МР Чишминский,ГО Межгорье,,0,True,621656.5700000001
flow_rub,МР Чишминский,ГО Нефтекамск,,0,True,156240.01
flow_rub,МР Чишминский,ГО Октябрьский,,0,True,972608.68
flow_rub,МР Чишминский,ГО Салават,,0,True,3770446.8400000003
flow_rub,МР Чишминский,ГО Сибай,,0,True,4769699.76
flow_rub,МР Чишминский,ГО Стерлитамак,,0,True,8876888.49
flow_rub,МР Чишминский,ГО Уфа,,0,True,14174940.34
flow_rub,МР Чишминский,МР Архангельский,,0,True,87443188.61
flow_rub,МР Чишминский,МР Аургазинский,,0,True,138864635.14
flow_rub,МР Чишминский,МР Баймакский,,0,True,11082998.75
flow_rub,МР Чишминский,МР Балтачевский,,0,True,4124888.18
flow_rub,МР Чишминский,МР Белебеевский,,0,True,105000.0
flow_rub,МР Чишминский,МР Белокатайский,,0,True,3872521.71
flow_rub,МР Чишминский,МР Белорецкий,,0,True,141159225.57
flow_rub,МР Чишминский,МР Бижбулякский,,0,True,63000.78
flow_rub,МР Чишминский,МР Благоварский,,0,True,24707141.05
flow_rub,МР Чишминский,МР Буздякский,,0,True,10490689.32
flow_rub,МР Чишминский,МР Бураевский,,0,True,2777777.0
flow_rub,МР Чишминский,МР Бурзянский,,0,True,23920.0
flow_rub,МР Чишминский,МР Гафурийский,,0,True,79000.0
flow_rub,МР Чишминский,МР Давлекановский,,0,True,2543205.25
flow_rub,МР Чишминский,МР Дуванский,,0,True,13834039.34
flow_rub,МР Чишминский,МР Дюртюлинский,,0,True,3340974.08
flow_rub,МР Чишминский,МР Зианчуринский,,0,True,860000.0
flow_rub,МР Чишминский,МР Иглинский,,0,True,240858587.67
flow_rub,МР Чишминский,МР Ишимбайский,,0,True,2815455.5900000003
flow_rub,МР Чишминский,МР Кигинский,,0,True,11231701.49
flow_rub,МР Чишминский,МР Краснокамский,,0,True,3444032.7
flow_rub,МР Чишминский,МР Кугарчинский,,0,True,430809.91000000003
flow_rub,МР Чишминский,МР Куюргазинский,,0,True,123942725.62
flow_rub,МР Чишминский,МР Мечетлинский,,0,True,6262630.98
flow_rub,МР Чишминский,МР Нуримановский,,0,True,9269838.27
flow_rub,МР Чишминский,МР Салаватский,,0,True,7120736.82
flow_rub,МР Чишминский,МР Стерлибашевский,,0,True,16164.380000000001
flow_rub,МР Чишминский,МР Стерлитамакский,,0,True,115380467.71000001
flow_rub,МР Чишминский,МР Туймазинский,,0,True,3409369.13
flow_rub,МР Чишминский,МР Уфимский,,0,True,3872387.6100000003
flow_rub,МР Чишминский,МР Учалинский,,0,True,2856614.86
flow_rub,МР Чишминский,МР Федоровский,,0,True,1655520.26
flow_rub,МР Чишминский,МР Чекмагушевский,,0,True,343209.92
flow_rub,МР Шаранский,ГО Октябрьский,,0,True,111048.93
flow_rub,МР Шаранский,ГО Салават,,0,True,247379.26
flow_rub,МР Шаранский,ГО Уфа,,0,True,2682942.11
flow_rub,МР Шаранский,МР Бакалинский,,0,True,4416406.7299999995
flow_rub,МР Шаранский,МР Благовещенский,,0,True,87127231.64
flow_rub,МР Шаранский,МР Давлекановский,,0,True,508215.15
flow_rub,МР Шаранский,МР Караидельский,,0,True,13265464.39
flow_rub,МР Шаранский,МР Кушнаренковский,,0,True,898000.0
flow_rub,МР Шаранский,МР Туймазинский,,0,True,4574447.89
flow_rub,МР Шаранский,МР Уфимский,,0,True,1200000.0
flow_rub,МР Шаранский,МР Чишминский,,0,True,545805.31
flow_rub,МР Янаульский,ГО Нефтекамск,,0,True,704376.3300000001
flow_rub,МР Янаульский,ГО Уфа,,0,True,3334324.73
flow_rub,МР Янаульский,МР Абзелиловский,,0,True,352253.55
flow_rub,МР Янаульский,МР Альшеевский,,0,True,54000.0
flow_rub,МР Янаульский,МР Баймакский,,0,True,756081.0
flow_rub,МР Янаульский,МР Бакалинский,,0,True,51057.0
flow_rub,МР Янаульский,МР Балтачевский,,0,True,122563.09
flow_rub,МР Янаульский,МР Благовещенский,,0,True,807148.45
flow_rub,МР Янаульский,МР Бураевский,,0,True,1973746.47
flow_rub,МР Янаульский,МР Давлекановский,,0,True,287530.0
flow_rub,МР Янаульский,МР Дюртюлинский,,0,True,636100.0
flow_rub,МР Янаульский,МР Зианчуринский,,0,True,317400.0
flow_rub,МР Янаульский,МР Илишевский,,0,True,374275.0
flow_rub,МР Янаульский,МР Ишимбайский,,0,True,156000.0
flow_rub,МР Янаульский,МР Караидельский,,0,True,135600.0
flow_rub,МР Янаульский,МР Краснокамский,,0,True,1900324.0
flow_rub,МР Янаульский,МР Мелеузовский,,0,True,4187693.54
flow_rub,МР Янаульский,МР Мишкинский,,0,True,20890.02
flow_rub,МР Янаульский,МР Миякинский,,0,True,130000.0
flow_rub,МР Янаульский,МР Татышлинский,,0,True,31273348.159999996
flow_rub,МР Янаульский,МР Туймазинский,,0,True,1387638.7000000002
flow_rub,МР Янаульский,МР Чишминский,,0,True,1357769.0
flow_rub,МР Янаульский,МР Шаранский,,0,True,341480.0
