run_id,scheme,i,j,p,n_joint
v5-20261009T121014Z-d833d0,node_subsample,ГО Агидель,ГО Кумертау,0.0,142
v5-20261009T121014Z-d833d0,node_subsample,ГО Агидель,ГО Нефтекамск,0.0,131
v5-20261009T121014Z-d833d0,node_subsample,ГО Агидель,ГО Октябрьский,0.0,130
v5-20261009T121014Z-d833d0,node_subsample,ГО Агидель,ГО Салават,0.0,140
v5-20261009T121014Z-d833d0,node_subsample,ГО Агидель,ГО Сибай,0.0,140
v5-20261009T121014Z-d833d0,node_subsample,ГО Агидель,ГО Стерлитамак,0.0,137
v5-20261009T121014Z-d833d0,node_subsample,ГО Агидель,ГО Уфа,0.0,140
v5-20261009T121014Z-d833d0,node_subsample,ГО Агидель,МР Абзелиловский,0.14285714285714285,133
v5-20261009T121014Z-d833d0,node_subsample,ГО Агидель,МР Альшеевский,1.0,136
v5-20261009T121014Z-d833d0,node_subsample,ГО Агидель,МР Архангельский,1.0,138
v5-20261009T121014Z-d833d0,node_subsample,ГО Агидель,МР Аскинский,0.5182481751824818,137
v5-20261009T121014Z-d833d0,node_subsample,ГО Агидель,МР Аургазинский,1.0,135
v5-20261009T121014Z-d833d0,node_subsample,ГО Агидель,МР Баймакский,0.06060606060606061,132
v5-20261009T121014Z-d833d0,node_subsample,ГО Агидель,МР Бакалинский,1.0,143
v5-20261009T121014Z-d833d0,node_subsample,ГО Агидель,МР Балтачевский,0.9765625,128
v5-20261009T121014Z-d833d0,node_subsample,ГО Агидель,МР Белебеевский,0.0,128
v5-20261009T121014Z-d833d0,node_subsample,ГО Агидель,МР Белокатайский,0.20149253731343283,134
v5-20261009T121014Z-d833d0,node_subsample,ГО Агидель,МР Белорецкий,0.0,132
v5-20261009T121014Z-d833d0,node_subsample,ГО Агидель,МР Бижбулякский,1.0,130
v5-20261009T121014Z-d833d0,node_subsample,ГО Агидель,МР Бирский,0.0,134
v5-20261009T121014Z-d833d0,node_subsample,ГО Агидель,МР Благоварский,0.9926470588235294,136
v5-20261009T121014Z-d833d0,node_subsample,ГО Агидель,МР Благовещенский,0.0,134
v5-20261009T121014Z-d833d0,node_subsample,ГО Агидель,МР Буздякский,1.0,124
v5-20261009T121014Z-d833d0,node_subsample,ГО Агидель,МР Бураевский,1.0,136
v5-20261009T121014Z-d833d0,node_subsample,ГО Агидель,МР Бурзянский,0.11278195488721804,133
v5-20261009T121014Z-d833d0,node_subsample,ГО Агидель,МР Гафурийский,0.7669172932330827,133
v5-20261009T121014Z-d833d0,node_subsample,ГО Агидель,МР Давлекановский,1.0,132
v5-20261009T121014Z-d833d0,node_subsample,ГО Агидель,МР Дуванский,0.13970588235294118,136
v5-20261009T121014Z-d833d0,node_subsample,ГО Агидель,МР Дюртюлинский,0.0,139
v5-20261009T121014Z-d833d0,node_subsample,ГО Агидель,МР Ермекеевский,1.0,133
v5-20261009T121014Z-d833d0,node_subsample,ГО Агидель,МР Зианчуринский,0.21014492753623187,138
v5-20261009T121014Z-d833d0,node_subsample,ГО Агидель,МР Зилаирский,0.1056338028169014,142
v5-20261009T121014Z-d833d0,node_subsample,ГО Агидель,МР Иглинский,0.0,126
v5-20261009T121014Z-d833d0,node_subsample,ГО Агидель,МР Илишевский,0.9692307692307692,130
v5-20261009T121014Z-d833d0,node_subsample,ГО Агидель,МР Ишимбайский,0.0,131
v5-20261009T121014Z-d833d0,node_subsample,ГО Агидель,МР Калтасинский,0.9701492537313433,134
v5-20261009T121014Z-d833d0,node_subsample,ГО Агидель,МР Караидельский,0.9191176470588235,136
v5-20261009T121014Z-d833d0,node_subsample,ГО Агидель,МР Кармаскалинский,0.971830985915493,142
v5-20261009T121014Z-d833d0,node_subsample,ГО Агидель,МР Кигинский,0.2283464566929134,127
v5-20261009T121014Z-d833d0,node_subsample,ГО Агидель,МР Краснокамский,1.0,128
v5-20261009T121014Z-d833d0,node_subsample,ГО Агидель,МР Кугарчинский,0.25,124
v5-20261009T121014Z-d833d0,node_subsample,ГО Агидель,МР Кушнаренковский,1.0,135
v5-20261009T121014Z-d833d0,node_subsample,ГО Агидель,МР Куюргазинский,0.9242424242424242,132
v5-20261009T121014Z-d833d0,node_subsample,ГО Агидель,МР Мелеузовский,0.0,130
v5-20261009T121014Z-d833d0,node_subsample,ГО Агидель,МР Мечетлинский,0.19117647058823528,136
v5-20261009T121014Z-d833d0,node_subsample,ГО Агидель,МР Мишкинский,0.9635036496350365,137
v5-20261009T121014Z-d833d0,node_subsample,ГО Агидель,МР Миякинский,1.0,131
v5-20261009T121014Z-d833d0,node_subsample,ГО Агидель,МР Нуримановский,1.0,138
v5-20261009T121014Z-d833d0,node_subsample,ГО Агидель,МР Салаватский,0.14393939393939395,132
v5-20261009T121014Z-d833d0,node_subsample,ГО Агидель,МР Стерлибашевский,1.0,123
v5-20261009T121014Z-d833d0,node_subsample,ГО Агидель,МР Стерлитамакский,0.0,140
v5-20261009T121014Z-d833d0,node_subsample,ГО Агидель,МР Татышлинский,0.26865671641791045,134
v5-20261009T121014Z-d833d0,node_subsample,ГО Агидель,МР Туймазинский,0.0,141
v5-20261009T121014Z-d833d0,node_subsample,ГО Агидель,МР Уфимский,0.0,141
v5-20261009T121014Z-d833d0,node_subsample,ГО Агидель,МР Учалинский,0.0,127
v5-20261009T121014Z-d833d0,node_subsample,ГО Агидель,МР Федоровский,1.0,136
v5-20261009T121014Z-d833d0,node_subsample,ГО Агидель,МР Хайбуллинский,0.0948905109489051,137
v5-20261009T121014Z-d833d0,node_subsample,ГО Агидель,МР Чекмагушевский,1.0,136
v5-20261009T121014Z-d833d0,node_subsample,ГО Агидель,МР Чишминский,0.0,140
v5-20261009T121014Z-d833d0,node_subsample,ГО Агидель,МР Шаранский,1.0,129
v5-20261009T121014Z-d833d0,node_subsample,ГО Агидель,МР Янаульский,0.007462686567164179,134
v5-20261009T121014Z-d833d0,node_subsample,ГО Кумертау,ГО Нефтекамск,1.0,131
v5-20261009T121014Z-d833d0,node_subsample,ГО Кумертау,ГО Октябрьский,1.0,125
v5-20261009T121014Z-d833d0,node_subsample,ГО Кумертау,ГО Салават,1.0,138
v5-20261009T121014Z-d833d0,node_subsample,ГО Кумертау,ГО Сибай,1.0,143
v5-20261009T121014Z-d833d0,node_subsample,ГО Кумертау,ГО Стерлитамак,1.0,137
v5-20261009T121014Z-d833d0,node_subsample,ГО Кумертау,ГО Уфа,1.0,143
v5-20261009T121014Z-d833d0,node_subsample,ГО Кумертау,МР Абзелиловский,0.007518796992481203,133
v5-20261009T121014Z-d833d0,node_subsample,ГО Кумертау,МР Альшеевский,0.0,136
v5-20261009T121014Z-d833d0,node_subsample,ГО Кумертау,МР Архангельский,0.0,139
v5-20261009T121014Z-d833d0,node_subsample,ГО Кумертау,МР Аскинский,0.0,132
v5-20261009T121014Z-d833d0,node_subsample,ГО Кумертау,МР Аургазинский,0.0,131
v5-20261009T121014Z-d833d0,node_subsample,ГО Кумертау,МР Баймакский,0.007518796992481203,133
v5-20261009T121014Z-d833d0,node_subsample,ГО Кумертау,МР Бакалинский,0.0,141
v5-20261009T121014Z-d833d0,node_subsample,ГО Кумертау,МР Балтачевский,0.0,129
v5-20261009T121014Z-d833d0,node_subsample,ГО Кумертау,МР Белебеевский,1.0,128
v5-20261009T121014Z-d833d0,node_subsample,ГО Кумертау,МР Белокатайский,0.0,130
v5-20261009T121014Z-d833d0,node_subsample,ГО Кумертау,МР Белорецкий,1.0,131
v5-20261009T121014Z-d833d0,node_subsample,ГО Кумертау,МР Бижбулякский,0.0,132
v5-20261009T121014Z-d833d0,node_subsample,ГО Кумертау,МР Бирский,1.0,134
v5-20261009T121014Z-d833d0,node_subsample,ГО Кумертау,МР Благоварский,0.0,134
v5-20261009T121014Z-d833d0,node_subsample,ГО Кумертау,МР Благовещенский,1.0,132
v5-20261009T121014Z-d833d0,node_subsample,ГО Кумертау,МР Буздякский,0.0,126
v5-20261009T121014Z-d833d0,node_subsample,ГО Кумертау,МР Бураевский,0.0,132
v5-20261009T121014Z-d833d0,node_subsample,ГО Кумертау,МР Бурзянский,0.007575757575757576,132
v5-20261009T121014Z-d833d0,node_subsample,ГО Кумертау,МР Гафурийский,0.0,132
v5-20261009T121014Z-d833d0,node_subsample,ГО Кумертау,МР Давлекановский,0.0,132
v5-20261009T121014Z-d833d0,node_subsample,ГО Кумертау,МР Дуванский,0.0,138
v5-20261009T121014Z-d833d0,node_subsample,ГО Кумертау,МР Дюртюлинский,1.0,137
v5-20261009T121014Z-d833d0,node_subsample,ГО Кумертау,МР Ермекеевский,0.0,135
v5-20261009T121014Z-d833d0,node_subsample,ГО Кумертау,МР Зианчуринский,0.0,134
v5-20261009T121014Z-d833d0,node_subsample,ГО Кумертау,МР Зилаирский,0.021897810218978103,137
v5-20261009T121014Z-d833d0,node_subsample,ГО Кумертау,МР Иглинский,1.0,124
v5-20261009T121014Z-d833d0,node_subsample,ГО Кумертау,МР Илишевский,0.007874015748031496,127
v5-20261009T121014Z-d833d0,node_subsample,ГО Кумертау,МР Ишимбайский,1.0,131
v5-20261009T121014Z-d833d0,node_subsample,ГО Кумертау,МР Калтасинский,0.0,129
v5-20261009T121014Z-d833d0,node_subsample,ГО Кумертау,МР Караидельский,0.0,132
v5-20261009T121014Z-d833d0,node_subsample,ГО Кумертау,МР Кармаскалинский,0.007194244604316547,139
v5-20261009T121014Z-d833d0,node_subsample,ГО Кумертау,МР Кигинский,0.0,130
v5-20261009T121014Z-d833d0,node_subsample,ГО Кумертау,МР Краснокамский,0.0,130
v5-20261009T121014Z-d833d0,node_subsample,ГО Кумертау,МР Кугарчинский,0.0,121
v5-20261009T121014Z-d833d0,node_subsample,ГО Кумертау,МР Кушнаренковский,0.0,136
v5-20261009T121014Z-d833d0,node_subsample,ГО Кумертау,МР Куюргазинский,0.0,134
v5-20261009T121014Z-d833d0,node_subsample,ГО Кумертау,МР Мелеузовский,1.0,126
v5-20261009T121014Z-d833d0,node_subsample,ГО Кумертау,МР Мечетлинский,0.0,132
v5-20261009T121014Z-d833d0,node_subsample,ГО Кумертау,МР Мишкинский,0.0,138
v5-20261009T121014Z-d833d0,node_subsample,ГО Кумертау,МР Миякинский,0.0,130
v5-20261009T121014Z-d833d0,node_subsample,ГО Кумертау,МР Нуримановский,0.0,136
v5-20261009T121014Z-d833d0,node_subsample,ГО Кумертау,МР Салаватский,0.0,130
v5-20261009T121014Z-d833d0,node_subsample,ГО Кумертау,МР Стерлибашевский,0.0,124
v5-20261009T121014Z-d833d0,node_subsample,ГО Кумертау,МР Стерлитамакский,1.0,139
v5-20261009T121014Z-d833d0,node_subsample,ГО Кумертау,МР Татышлинский,0.0,135
v5-20261009T121014Z-d833d0,node_subsample,ГО Кумертау,МР Туймазинский,1.0,137
v5-20261009T121014Z-d833d0,node_subsample,ГО Кумертау,МР Уфимский,1.0,143
v5-20261009T121014Z-d833d0,node_subsample,ГО Кумертау,МР Учалинский,1.0,132
v5-20261009T121014Z-d833d0,node_subsample,ГО Кумертау,МР Федоровский,0.0,136
v5-20261009T121014Z-d833d0,node_subsample,ГО Кумертау,МР Хайбуллинский,0.0,138
v5-20261009T121014Z-d833d0,node_subsample,ГО Кумертау,МР Чекмагушевский,0.0,135
v5-20261009T121014Z-d833d0,node_subsample,ГО Кумертау,МР Чишминский,1.0,138
v5-20261009T121014Z-d833d0,node_subsample,ГО Кумертау,МР Шаранский,0.0,130
v5-20261009T121014Z-d833d0,node_subsample,ГО Кумертау,МР Янаульский,0.9849624060150376,133
v5-20261009T121014Z-d833d0,node_subsample,ГО Нефтекамск,ГО Октябрьский,1.0,119
v5-20261009T121014Z-d833d0,node_subsample,ГО Нефтекамск,ГО Салават,1.0,130
v5-20261009T121014Z-d833d0,node_subsample,ГО Нефтекамск,ГО Сибай,1.0,134
v5-20261009T121014Z-d833d0,node_subsample,ГО Нефтекамск,ГО Стерлитамак,1.0,133
v5-20261009T121014Z-d833d0,node_subsample,ГО Нефтекамск,ГО Уфа,1.0,132
v5-20261009T121014Z-d833d0,node_subsample,ГО Нефтекамск,МР Абзелиловский,0.0,125
v5-20261009T121014Z-d833d0,node_subsample,ГО Нефтекамск,МР Альшеевский,0.0,132
v5-20261009T121014Z-d833d0,node_subsample,ГО Нефтекамск,МР Архангельский,0.0,131
v5-20261009T121014Z-d833d0,node_subsample,ГО Нефтекамск,МР Аскинский,0.0,128
v5-20261009T121014Z-d833d0,node_subsample,ГО Нефтекамск,МР Аургазинский,0.0,125
v5-20261009T121014Z-d833d0,node_subsample,ГО Нефтекамск,МР Баймакский,0.0,124
v5-20261009T121014Z-d833d0,node_subsample,ГО Нефтекамск,МР Бакалинский,0.0,133
v5-20261009T121014Z-d833d0,node_subsample,ГО Нефтекамск,МР Балтачевский,0.0,122
v5-20261009T121014Z-d833d0,node_subsample,ГО Нефтекамск,МР Белебеевский,1.0,120
v5-20261009T121014Z-d833d0,node_subsample,ГО Нефтекамск,МР Белокатайский,0.0,127
v5-20261009T121014Z-d833d0,node_subsample,ГО Нефтекамск,МР Белорецкий,1.0,127
v5-20261009T121014Z-d833d0,node_subsample,ГО Нефтекамск,МР Бижбулякский,0.0,126
v5-20261009T121014Z-d833d0,node_subsample,ГО Нефтекамск,МР Бирский,1.0,129
v5-20261009T121014Z-d833d0,node_subsample,ГО Нефтекамск,МР Благоварский,0.0,130
v5-20261009T121014Z-d833d0,node_subsample,ГО Нефтекамск,МР Благовещенский,0.9923076923076923,130
v5-20261009T121014Z-d833d0,node_subsample,ГО Нефтекамск,МР Буздякский,0.0,122
v5-20261009T121014Z-d833d0,node_subsample,ГО Нефтекамск,МР Бураевский,0.0,128
v5-20261009T121014Z-d833d0,node_subsample,ГО Нефтекамск,МР Бурзянский,0.0,127
v5-20261009T121014Z-d833d0,node_subsample,ГО Нефтекамск,МР Гафурийский,0.0,122
v5-20261009T121014Z-d833d0,node_subsample,ГО Нефтекамск,МР Давлекановский,0.0,120
v5-20261009T121014Z-d833d0,node_subsample,ГО Нефтекамск,МР Дуванский,0.0,132
v5-20261009T121014Z-d833d0,node_subsample,ГО Нефтекамск,МР Дюртюлинский,1.0,128
v5-20261009T121014Z-d833d0,node_subsample,ГО Нефтекамск,МР Ермекеевский,0.0,119
v5-20261009T121014Z-d833d0,node_subsample,ГО Нефтекамск,МР Зианчуринский,0.0,129
v5-20261009T121014Z-d833d0,node_subsample,ГО Нефтекамск,МР Зилаирский,0.022058823529411766,136
v5-20261009T121014Z-d833d0,node_subsample,ГО Нефтекамск,МР Иглинский,0.9915966386554622,119
v5-20261009T121014Z-d833d0,node_subsample,ГО Нефтекамск,МР Илишевский,0.0,128
v5-20261009T121014Z-d833d0,node_subsample,ГО Нефтекамск,МР Ишимбайский,1.0,126
v5-20261009T121014Z-d833d0,node_subsample,ГО Нефтекамск,МР Калтасинский,0.0,123
v5-20261009T121014Z-d833d0,node_subsample,ГО Нефтекамск,МР Караидельский,0.0,128
v5-20261009T121014Z-d833d0,node_subsample,ГО Нефтекамск,МР Кармаскалинский,0.0,133
v5-20261009T121014Z-d833d0,node_subsample,ГО Нефтекамск,МР Кигинский,0.0,118
v5-20261009T121014Z-d833d0,node_subsample,ГО Нефтекамск,МР Краснокамский,0.00819672131147541,122
v5-20261009T121014Z-d833d0,node_subsample,ГО Нефтекамск,МР Кугарчинский,0.0,118
v5-20261009T121014Z-d833d0,node_subsample,ГО Нефтекамск,МР Кушнаренковский,0.0,126
v5-20261009T121014Z-d833d0,node_subsample,ГО Нефтекамск,МР Куюргазинский,0.0,126
v5-20261009T121014Z-d833d0,node_subsample,ГО Нефтекамск,МР Мелеузовский,1.0,121
v5-20261009T121014Z-d833d0,node_subsample,ГО Нефтекамск,МР Мечетлинский,0.0,129
v5-20261009T121014Z-d833d0,node_subsample,ГО Нефтекамск,МР Мишкинский,0.0,127
v5-20261009T121014Z-d833d0,node_subsample,ГО Нефтекамск,МР Миякинский,0.0,128
v5-20261009T121014Z-d833d0,node_subsample,ГО Нефтекамск,МР Нуримановский,0.0,130
v5-20261009T121014Z-d833d0,node_subsample,ГО Нефтекамск,МР Салаватский,0.0,126
v5-20261009T121014Z-d833d0,node_subsample,ГО Нефтекамск,МР Стерлибашевский,0.0,121
v5-20261009T121014Z-d833d0,node_subsample,ГО Нефтекамск,МР Стерлитамакский,1.0,134
v5-20261009T121014Z-d833d0,node_subsample,ГО Нефтекамск,МР Татышлинский,0.0,129
v5-20261009T121014Z-d833d0,node_subsample,ГО Нефтекамск,МР Туймазинский,1.0,131
v5-20261009T121014Z-d833d0,node_subsample,ГО Нефтекамск,МР Уфимский,1.0,133
v5-20261009T121014Z-d833d0,node_subsample,ГО Нефтекамск,МР Учалинский,1.0,117
v5-20261009T121014Z-d833d0,node_subsample,ГО Нефтекамск,МР Федоровский,0.0,127
v5-20261009T121014Z-d833d0,node_subsample,ГО Нефтекамск,МР Хайбуллинский,0.0,132
v5-20261009T121014Z-d833d0,node_subsample,ГО Нефтекамск,МР Чекмагушевский,0.0,130
v5-20261009T121014Z-d833d0,node_subsample,ГО Нефтекамск,МР Чишминский,0.9923076923076923,130
v5-20261009T121014Z-d833d0,node_subsample,ГО Нефтекамск,МР Шаранский,0.0,121
v5-20261009T121014Z-d833d0,node_subsample,ГО Нефтекамск,МР Янаульский,0.984251968503937,127
v5-20261009T121014Z-d833d0,node_subsample,ГО Октябрьский,ГО Салават,1.0,129
v5-20261009T121014Z-d833d0,node_subsample,ГО Октябрьский,ГО Сибай,0.9921259842519685,127
v5-20261009T121014Z-d833d0,node_subsample,ГО Октябрьский,ГО Стерлитамак,1.0,128
v5-20261009T121014Z-d833d0,node_subsample,ГО Октябрьский,ГО Уфа,1.0,129
v5-20261009T121014Z-d833d0,node_subsample,ГО Октябрьский,МР Абзелиловский,0.00819672131147541,122
v5-20261009T121014Z-d833d0,node_subsample,ГО Октябрьский,МР Альшеевский,0.0,125
v5-20261009T121014Z-d833d0,node_subsample,ГО Октябрьский,МР Архангельский,0.0,127
v5-20261009T121014Z-d833d0,node_subsample,ГО Октябрьский,МР Аскинский,0.0,123
v5-20261009T121014Z-d833d0,node_subsample,ГО Октябрьский,МР Аургазинский,0.0,119
v5-20261009T121014Z-d833d0,node_subsample,ГО Октябрьский,МР Баймакский,0.008333333333333333,120
v5-20261009T121014Z-d833d0,node_subsample,ГО Октябрьский,МР Бакалинский,0.0,129
v5-20261009T121014Z-d833d0,node_subsample,ГО Октябрьский,МР Балтачевский,0.0,120
v5-20261009T121014Z-d833d0,node_subsample,ГО Октябрьский,МР Белебеевский,1.0,115
v5-20261009T121014Z-d833d0,node_subsample,ГО Октябрьский,МР Белокатайский,0.0,122
v5-20261009T121014Z-d833d0,node_subsample,ГО Октябрьский,МР Белорецкий,0.9917355371900827,121
v5-20261009T121014Z-d833d0,node_subsample,ГО Октябрьский,МР Бижбулякский,0.0,119
v5-20261009T121014Z-d833d0,node_subsample,ГО Октябрьский,МР Бирский,1.0,121
v5-20261009T121014Z-d833d0,node_subsample,ГО Октябрьский,МР Благоварский,0.0,126
v5-20261009T121014Z-d833d0,node_subsample,ГО Октябрьский,МР Благовещенский,0.9834710743801653,121
v5-20261009T121014Z-d833d0,node_subsample,ГО Октябрьский,МР Буздякский,0.0,116
v5-20261009T121014Z-d833d0,node_subsample,ГО Октябрьский,МР Бураевский,0.0,119
v5-20261009T121014Z-d833d0,node_subsample,ГО Октябрьский,МР Бурзянский,0.00847457627118644,118
v5-20261009T121014Z-d833d0,node_subsample,ГО Октябрьский,МР Гафурийский,0.0,121
v5-20261009T121014Z-d833d0,node_subsample,ГО Октябрьский,МР Давлекановский,0.0,117
v5-20261009T121014Z-d833d0,node_subsample,ГО Октябрьский,МР Дуванский,0.0,128
v5-20261009T121014Z-d833d0,node_subsample,ГО Октябрьский,МР Дюртюлинский,1.0,125
v5-20261009T121014Z-d833d0,node_subsample,ГО Октябрьский,МР Ермекеевский,0.0,117
v5-20261009T121014Z-d833d0,node_subsample,ГО Октябрьский,МР Зианчуринский,0.0,124
v5-20261009T121014Z-d833d0,node_subsample,ГО Октябрьский,МР Зилаирский,0.023255813953488372,129
v5-20261009T121014Z-d833d0,node_subsample,ГО Октябрьский,МР Иглинский,0.9912280701754386,114
v5-20261009T121014Z-d833d0,node_subsample,ГО Октябрьский,МР Илишевский,0.0,117
v5-20261009T121014Z-d833d0,node_subsample,ГО Октябрьский,МР Ишимбайский,1.0,121
v5-20261009T121014Z-d833d0,node_subsample,ГО Октябрьский,МР Калтасинский,0.0,119
v5-20261009T121014Z-d833d0,node_subsample,ГО Октябрьский,МР Караидельский,0.0,123
v5-20261009T121014Z-d833d0,node_subsample,ГО Октябрьский,МР Кармаскалинский,0.0,128
v5-20261009T121014Z-d833d0,node_subsample,ГО Октябрьский,МР Кигинский,0.0,115
v5-20261009T121014Z-d833d0,node_subsample,ГО Октябрьский,МР Краснокамский,0.0,116
v5-20261009T121014Z-d833d0,node_subsample,ГО Октябрьский,МР Кугарчинский,0.0,114
v5-20261009T121014Z-d833d0,node_subsample,ГО Октябрьский,МР Кушнаренковский,0.0,120
v5-20261009T121014Z-d833d0,node_subsample,ГО Октябрьский,МР Куюргазинский,0.0,123
v5-20261009T121014Z-d833d0,node_subsample,ГО Октябрьский,МР Мелеузовский,1.0,121
v5-20261009T121014Z-d833d0,node_subsample,ГО Октябрьский,МР Мечетлинский,0.0,121
v5-20261009T121014Z-d833d0,node_subsample,ГО Октябрьский,МР Мишкинский,0.0,125
v5-20261009T121014Z-d833d0,node_subsample,ГО Октябрьский,МР Миякинский,0.0,121
v5-20261009T121014Z-d833d0,node_subsample,ГО Октябрьский,МР Нуримановский,0.0,128
v5-20261009T121014Z-d833d0,node_subsample,ГО Октябрьский,МР Салаватский,0.0,119
v5-20261009T121014Z-d833d0,node_subsample,ГО Октябрьский,МР Стерлибашевский,0.0,115
v5-20261009T121014Z-d833d0,node_subsample,ГО Октябрьский,МР Стерлитамакский,1.0,127
v5-20261009T121014Z-d833d0,node_subsample,ГО Октябрьский,МР Татышлинский,0.0,123
v5-20261009T121014Z-d833d0,node_subsample,ГО Октябрьский,МР Туймазинский,1.0,125
v5-20261009T121014Z-d833d0,node_subsample,ГО Октябрьский,МР Уфимский,1.0,131
v5-20261009T121014Z-d833d0,node_subsample,ГО Октябрьский,МР Учалинский,1.0,117
v5-20261009T121014Z-d833d0,node_subsample,ГО Октябрьский,МР Федоровский,0.0,123
v5-20261009T121014Z-d833d0,node_subsample,ГО Октябрьский,МР Хайбуллинский,0.0,124
v5-20261009T121014Z-d833d0,node_subsample,ГО Октябрьский,МР Чекмагушевский,0.0,123
v5-20261009T121014Z-d833d0,node_subsample,ГО Октябрьский,МР Чишминский,0.9841269841269841,126
v5-20261009T121014Z-d833d0,node_subsample,ГО Октябрьский,МР Шаранский,0.0,115
v5-20261009T121014Z-d833d0,node_subsample,ГО Октябрьский,МР Янаульский,0.975609756097561,123
v5-20261009T121014Z-d833d0,node_subsample,ГО Салават,ГО Сибай,0.9929577464788732,142
v5-20261009T121014Z-d833d0,node_subsample,ГО Салават,ГО Стерлитамак,1.0,138
v5-20261009T121014Z-d833d0,node_subsample,ГО Салават,ГО Уфа,1.0,142
v5-20261009T121014Z-d833d0,node_subsample,ГО Салават,МР Абзелиловский,0.0072992700729927005,137
v5-20261009T121014Z-d833d0,node_subsample,ГО Салават,МР Альшеевский,0.0,141
v5-20261009T121014Z-d833d0,node_subsample,ГО Салават,МР Архангельский,0.0,140
v5-20261009T121014Z-d833d0,node_subsample,ГО Салават,МР Аскинский,0.0,136
v5-20261009T121014Z-d833d0,node_subsample,ГО Салават,МР Аургазинский,0.0,137
v5-20261009T121014Z-d833d0,node_subsample,ГО Салават,МР Баймакский,0.007352941176470588,136
v5-20261009T121014Z-d833d0,node_subsample,ГО Салават,МР Бакалинский,0.0,139
v5-20261009T121014Z-d833d0,node_subsample,ГО Салават,МР Балтачевский,0.0,130
v5-20261009T121014Z-d833d0,node_subsample,ГО Салават,МР Белебеевский,1.0,130
v5-20261009T121014Z-d833d0,node_subsample,ГО Салават,МР Белокатайский,0.0,136
v5-20261009T121014Z-d833d0,node_subsample,ГО Салават,МР Белорецкий,0.9925925925925926,135
v5-20261009T121014Z-d833d0,node_subsample,ГО Салават,МР Бижбулякский,0.0,131
v5-20261009T121014Z-d833d0,node_subsample,ГО Салават,МР Бирский,1.0,138
v5-20261009T121014Z-d833d0,node_subsample,ГО Салават,МР Благоварский,0.0072992700729927005,137
v5-20261009T121014Z-d833d0,node_subsample,ГО Салават,МР Благовещенский,0.9852941176470589,136
v5-20261009T121014Z-d833d0,node_subsample,ГО Салават,МР Буздякский,0.0,132
v5-20261009T121014Z-d833d0,node_subsample,ГО Салават,МР Бураевский,0.0,135
v5-20261009T121014Z-d833d0,node_subsample,ГО Салават,МР Бурзянский,0.007575757575757576,132
v5-20261009T121014Z-d833d0,node_subsample,ГО Салават,МР Гафурийский,0.0,134
v5-20261009T121014Z-d833d0,node_subsample,ГО Салават,МР Давлекановский,0.0,133
v5-20261009T121014Z-d833d0,node_subsample,ГО Салават,МР Дуванский,0.0,134
v5-20261009T121014Z-d833d0,node_subsample,ГО Салават,МР Дюртюлинский,1.0,138
v5-20261009T121014Z-d833d0,node_subsample,ГО Салават,МР Ермекеевский,0.0,133
v5-20261009T121014Z-d833d0,node_subsample,ГО Салават,МР Зианчуринский,0.0,134
v5-20261009T121014Z-d833d0,node_subsample,ГО Салават,МР Зилаирский,0.035211267605633804,142
v5-20261009T121014Z-d833d0,node_subsample,ГО Салават,МР Иглинский,0.9919354838709677,124
v5-20261009T121014Z-d833d0,node_subsample,ГО Салават,МР Илишевский,0.007575757575757576,132
v5-20261009T121014Z-d833d0,node_subsample,ГО Салават,МР Ишимбайский,1.0,129
v5-20261009T121014Z-d833d0,node_subsample,ГО Салават,МР Калтасинский,0.0,135
v5-20261009T121014Z-d833d0,node_subsample,ГО Салават,МР Караидельский,0.0,132
v5-20261009T121014Z-d833d0,node_subsample,ГО Салават,МР Кармаскалинский,0.014492753623188406,138
v5-20261009T121014Z-d833d0,node_subsample,ГО Салават,МР Кигинский,0.0,126
v5-20261009T121014Z-d833d0,node_subsample,ГО Салават,МР Краснокамский,0.0078125,128
v5-20261009T121014Z-d833d0,node_subsample,ГО Салават,МР Кугарчинский,0.0,124
v5-20261009T121014Z-d833d0,node_subsample,ГО Салават,МР Кушнаренковский,0.0,135
v5-20261009T121014Z-d833d0,node_subsample,ГО Салават,МР Куюргазинский,0.0,137
v5-20261009T121014Z-d833d0,node_subsample,ГО Салават,МР Мелеузовский,1.0,130
v5-20261009T121014Z-d833d0,node_subsample,ГО Салават,МР Мечетлинский,0.0,133
v5-20261009T121014Z-d833d0,node_subsample,ГО Салават,МР Мишкинский,0.0,136
v5-20261009T121014Z-d833d0,node_subsample,ГО Салават,МР Миякинский,0.0,135
v5-20261009T121014Z-d833d0,node_subsample,ГО Салават,МР Нуримановский,0.0,139
v5-20261009T121014Z-d833d0,node_subsample,ГО Салават,МР Салаватский,0.0,130
v5-20261009T121014Z-d833d0,node_subsample,ГО Салават,МР Стерлибашевский,0.0,127
v5-20261009T121014Z-d833d0,node_subsample,ГО Салават,МР Стерлитамакский,1.0,144
v5-20261009T121014Z-d833d0,node_subsample,ГО Салават,МР Татышлинский,0.0,134
v5-20261009T121014Z-d833d0,node_subsample,ГО Салават,МР Туймазинский,1.0,141
v5-20261009T121014Z-d833d0,node_subsample,ГО Салават,МР Уфимский,1.0,142
v5-20261009T121014Z-d833d0,node_subsample,ГО Салават,МР Учалинский,1.0,128
v5-20261009T121014Z-d833d0,node_subsample,ГО Салават,МР Федоровский,0.0,140
v5-20261009T121014Z-d833d0,node_subsample,ГО Салават,МР Хайбуллинский,0.0,139
v5-20261009T121014Z-d833d0,node_subsample,ГО Салават,МР Чекмагушевский,0.0,137
v5-20261009T121014Z-d833d0,node_subsample,ГО Салават,МР Чишминский,0.9861111111111112,144
v5-20261009T121014Z-d833d0,node_subsample,ГО Салават,МР Шаранский,0.0,130
v5-20261009T121014Z-d833d0,node_subsample,ГО Салават,МР Янаульский,0.9782608695652174,138
v5-20261009T121014Z-d833d0,node_subsample,ГО Сибай,ГО Стерлитамак,0.9929577464788732,142
v5-20261009T121014Z-d833d0,node_subsample,ГО Сибай,ГО Уфа,0.993006993006993,143
v5-20261009T121014Z-d833d0,node_subsample,ГО Сибай,МР Абзелиловский,0.014814814814814815,135
v5-20261009T121014Z-d833d0,node_subsample,ГО Сибай,МР Альшеевский,0.0,142
v5-20261009T121014Z-d833d0,node_subsample,ГО Сибай,МР Архангельский,0.0,144
v5-20261009T121014Z-d833d0,node_subsample,ГО Сибай,МР Аскинский,0.0072992700729927005,137
v5-20261009T121014Z-d833d0,node_subsample,ГО Сибай,МР Аургазинский,0.0,133
v5-20261009T121014Z-d833d0,node_subsample,ГО Сибай,МР Баймакский,0.014388489208633094,139
v5-20261009T121014Z-d833d0,node_subsample,ГО Сибай,МР Бакалинский,0.0,145
v5-20261009T121014Z-d833d0,node_subsample,ГО Сибай,МР Балтачевский,0.0,131
v5-20261009T121014Z-d833d0,node_subsample,ГО Сибай,МР Белебеевский,0.9924812030075187,133
v5-20261009T121014Z-d833d0,node_subsample,ГО Сибай,МР Белокатайский,0.0,137
v5-20261009T121014Z-d833d0,node_subsample,ГО Сибай,МР Белорецкий,1.0,137
v5-20261009T121014Z-d833d0,node_subsample,ГО Сибай,МР Бижбулякский,0.0,133
v5-20261009T121014Z-d833d0,node_subsample,ГО Сибай,МР Бирский,1.0,134
v5-20261009T121014Z-d833d0,node_subsample,ГО Сибай,МР Благоварский,0.007042253521126761,142
v5-20261009T121014Z-d833d0,node_subsample,ГО Сибай,МР Благовещенский,0.9927536231884058,138
v5-20261009T121014Z-d833d0,node_subsample,ГО Сибай,МР Буздякский,0.0,131
v5-20261009T121014Z-d833d0,node_subsample,ГО Сибай,МР Бураевский,0.0,131
v5-20261009T121014Z-d833d0,node_subsample,ГО Сибай,МР Бурзянский,0.014925373134328358,134
v5-20261009T121014Z-d833d0,node_subsample,ГО Сибай,МР Гафурийский,0.0,132
v5-20261009T121014Z-d833d0,node_subsample,ГО Сибай,МР Давлекановский,0.0,133
v5-20261009T121014Z-d833d0,node_subsample,ГО Сибай,МР Дуванский,0.0072992700729927005,137
v5-20261009T121014Z-d833d0,node_subsample,ГО Сибай,МР Дюртюлинский,1.0,141
v5-20261009T121014Z-d833d0,node_subsample,ГО Сибай,МР Ермекеевский,0.0,138
v5-20261009T121014Z-d833d0,node_subsample,ГО Сибай,МР Зианчуринский,0.007042253521126761,142
v5-20261009T121014Z-d833d0,node_subsample,ГО Сибай,МР Зилаирский,0.03496503496503497,143
v5-20261009T121014Z-d833d0,node_subsample,ГО Сибай,МР Иглинский,0.9919354838709677,124
v5-20261009T121014Z-d833d0,node_subsample,ГО Сибай,МР Илишевский,0.0,133
v5-20261009T121014Z-d833d0,node_subsample,ГО Сибай,МР Ишимбайский,0.9924242424242424,132
v5-20261009T121014Z-d833d0,node_subsample,ГО Сибай,МР Калтасинский,0.0,129
v5-20261009T121014Z-d833d0,node_subsample,ГО Сибай,МР Караидельский,0.0,139
v5-20261009T121014Z-d833d0,node_subsample,ГО Сибай,МР Кармаскалинский,0.0070921985815602835,141
v5-20261009T121014Z-d833d0,node_subsample,ГО Сибай,МР Кигинский,0.0078125,128
v5-20261009T121014Z-d833d0,node_subsample,ГО Сибай,МР Краснокамский,0.007575757575757576,132
v5-20261009T121014Z-d833d0,node_subsample,ГО Сибай,МР Кугарчинский,0.007874015748031496,127
v5-20261009T121014Z-d833d0,node_subsample,ГО Сибай,МР Кушнаренковский,0.0,140
v5-20261009T121014Z-d833d0,node_subsample,ГО Сибай,МР Куюргазинский,0.0,137
v5-20261009T121014Z-d833d0,node_subsample,ГО Сибай,МР Мелеузовский,0.9925373134328358,134
v5-20261009T121014Z-d833d0,node_subsample,ГО Сибай,МР Мечетлинский,0.007246376811594203,138
v5-20261009T121014Z-d833d0,node_subsample,ГО Сибай,МР Мишкинский,0.0,140
v5-20261009T121014Z-d833d0,node_subsample,ГО Сибай,МР Миякинский,0.0,134
v5-20261009T121014Z-d833d0,node_subsample,ГО Сибай,МР Нуримановский,0.0,141
v5-20261009T121014Z-d833d0,node_subsample,ГО Сибай,МР Салаватский,0.007575757575757576,132
v5-20261009T121014Z-d833d0,node_subsample,ГО Сибай,МР Стерлибашевский,0.0,132
v5-20261009T121014Z-d833d0,node_subsample,ГО Сибай,МР Стерлитамакский,0.9929577464788732,142
v5-20261009T121014Z-d833d0,node_subsample,ГО Сибай,МР Татышлинский,0.007194244604316547,139
v5-20261009T121014Z-d833d0,node_subsample,ГО Сибай,МР Туймазинский,0.993006993006993,143
v5-20261009T121014Z-d833d0,node_subsample,ГО Сибай,МР Уфимский,0.9930555555555556,144
v5-20261009T121014Z-d833d0,node_subsample,ГО Сибай,МР Учалинский,1.0,128
v5-20261009T121014Z-d833d0,node_subsample,ГО Сибай,МР Федоровский,0.0,138
v5-20261009T121014Z-d833d0,node_subsample,ГО Сибай,МР Хайбуллинский,0.00684931506849315,146
v5-20261009T121014Z-d833d0,node_subsample,ГО Сибай,МР Чекмагушевский,0.0,139
v5-20261009T121014Z-d833d0,node_subsample,ГО Сибай,МР Чишминский,0.9928057553956835,139
v5-20261009T121014Z-d833d0,node_subsample,ГО Сибай,МР Шаранский,0.0,131
v5-20261009T121014Z-d833d0,node_subsample,ГО Сибай,МР Янаульский,0.9703703703703703,135
v5-20261009T121014Z-d833d0,node_subsample,ГО Стерлитамак,ГО Уфа,1.0,138
v5-20261009T121014Z-d833d0,node_subsample,ГО Стерлитамак,МР Абзелиловский,0.0072992700729927005,137
v5-20261009T121014Z-d833d0,node_subsample,ГО Стерлитамак,МР Альшеевский,0.0,136
v5-20261009T121014Z-d833d0,node_subsample,ГО Стерлитамак,МР Архангельский,0.0,144
v5-20261009T121014Z-d833d0,node_subsample,ГО Стерлитамак,МР Аскинский,0.0,139
v5-20261009T121014Z-d833d0,node_subsample,ГО Стерлитамак,МР Аургазинский,0.0,129
v5-20261009T121014Z-d833d0,node_subsample,ГО Стерлитамак,МР Баймакский,0.007692307692307693,130
v5-20261009T121014Z-d833d0,node_subsample,ГО Стерлитамак,МР Бакалинский,0.0,138
v5-20261009T121014Z-d833d0,node_subsample,ГО Стерлитамак,МР Балтачевский,0.0,129
v5-20261009T121014Z-d833d0,node_subsample,ГО Стерлитамак,МР Белебеевский,1.0,125
v5-20261009T121014Z-d833d0,node_subsample,ГО Стерлитамак,МР Белокатайский,0.0,136
v5-20261009T121014Z-d833d0,node_subsample,ГО Стерлитамак,МР Белорецкий,0.9925373134328358,134
v5-20261009T121014Z-d833d0,node_subsample,ГО Стерлитамак,МР Бижбулякский,0.0,130
v5-20261009T121014Z-d833d0,node_subsample,ГО Стерлитамак,МР Бирский,1.0,132
v5-20261009T121014Z-d833d0,node_subsample,ГО Стерлитамак,МР Благоварский,0.007352941176470588,136
v5-20261009T121014Z-d833d0,node_subsample,ГО Стерлитамак,МР Благовещенский,0.9858156028368794,141
v5-20261009T121014Z-d833d0,node_subsample,ГО Стерлитамак,МР Буздякский,0.0,128
v5-20261009T121014Z-d833d0,node_subsample,ГО Стерлитамак,МР Бураевский,0.0,132
v5-20261009T121014Z-d833d0,node_subsample,ГО Стерлитамак,МР Бурзянский,0.007575757575757576,132
v5-20261009T121014Z-d833d0,node_subsample,ГО Стерлитамак,МР Гафурийский,0.0,129
v5-20261009T121014Z-d833d0,node_subsample,ГО Стерлитамак,МР Давлекановский,0.0,129
v5-20261009T121014Z-d833d0,node_subsample,ГО Стерлитамак,МР Дуванский,0.0,135
v5-20261009T121014Z-d833d0,node_subsample,ГО Стерлитамак,МР Дюртюлинский,1.0,136
v5-20261009T121014Z-d833d0,node_subsample,ГО Стерлитамак,МР Ермекеевский,0.0,126
v5-20261009T121014Z-d833d0,node_subsample,ГО Стерлитамак,МР Зианчуринский,0.0,133
v5-20261009T121014Z-d833d0,node_subsample,ГО Стерлитамак,МР Зилаирский,0.03496503496503497,143
v5-20261009T121014Z-d833d0,node_subsample,ГО Стерлитамак,МР Иглинский,0.9919354838709677,124
v5-20261009T121014Z-d833d0,node_subsample,ГО Стерлитамак,МР Илишевский,0.007352941176470588,136
v5-20261009T121014Z-d833d0,node_subsample,ГО Стерлитамак,МР Ишимбайский,1.0,132
v5-20261009T121014Z-d833d0,node_subsample,ГО Стерлитамак,МР Калтасинский,0.0,130
v5-20261009T121014Z-d833d0,node_subsample,ГО Стерлитамак,МР Караидельский,0.0,137
v5-20261009T121014Z-d833d0,node_subsample,ГО Стерлитамак,МР Кармаскалинский,0.014598540145985401,137
v5-20261009T121014Z-d833d0,node_subsample,ГО Стерлитамак,МР Кигинский,0.0,126
v5-20261009T121014Z-d833d0,node_subsample,ГО Стерлитамак,МР Краснокамский,0.008,125
v5-20261009T121014Z-d833d0,node_subsample,ГО Стерлитамак,МР Кугарчинский,0.0,121
v5-20261009T121014Z-d833d0,node_subsample,ГО Стерлитамак,МР Кушнаренковский,0.0,136
v5-20261009T121014Z-d833d0,node_subsample,ГО Стерлитамак,МР Куюргазинский,0.0,134
v5-20261009T121014Z-d833d0,node_subsample,ГО Стерлитамак,МР Мелеузовский,1.0,132
v5-20261009T121014Z-d833d0,node_subsample,ГО Стерлитамак,МР Мечетлинский,0.0,130
v5-20261009T121014Z-d833d0,node_subsample,ГО Стерлитамак,МР Мишкинский,0.0,138
v5-20261009T121014Z-d833d0,node_subsample,ГО Стерлитамак,МР Миякинский,0.0,133
v5-20261009T121014Z-d833d0,node_subsample,ГО Стерлитамак,МР Нуримановский,0.0,138
v5-20261009T121014Z-d833d0,node_subsample,ГО Стерлитамак,МР Салаватский,0.0,133
v5-20261009T121014Z-d833d0,node_subsample,ГО Стерлитамак,МР Стерлибашевский,0.0,125
v5-20261009T121014Z-d833d0,node_subsample,ГО Стерлитамак,МР Стерлитамакский,1.0,143
v5-20261009T121014Z-d833d0,node_subsample,ГО Стерлитамак,МР Татышлинский,0.0,131
v5-20261009T121014Z-d833d0,node_subsample,ГО Стерлитамак,МР Туймазинский,1.0,137
v5-20261009T121014Z-d833d0,node_subsample,ГО Стерлитамак,МР Уфимский,1.0,140
v5-20261009T121014Z-d833d0,node_subsample,ГО Стерлитамак,МР Учалинский,1.0,123
v5-20261009T121014Z-d833d0,node_subsample,ГО Стерлитамак,МР Федоровский,0.0,136
v5-20261009T121014Z-d833d0,node_subsample,ГО Стерлитамак,МР Хайбуллинский,0.0,136
v5-20261009T121014Z-d833d0,node_subsample,ГО Стерлитамак,МР Чекмагушевский,0.0,131
v5-20261009T121014Z-d833d0,node_subsample,ГО Стерлитамак,МР Чишминский,0.9850746268656716,134
v5-20261009T121014Z-d833d0,node_subsample,ГО Стерлитамак,МР Шаранский,0.0,132
v5-20261009T121014Z-d833d0,node_subsample,ГО Стерлитамак,МР Янаульский,0.9772727272727273,132
v5-20261009T121014Z-d833d0,node_subsample,ГО Уфа,МР Абзелиловский,0.007575757575757576,132
v5-20261009T121014Z-d833d0,node_subsample,ГО Уфа,МР Альшеевский,0.0,137
v5-20261009T121014Z-d833d0,node_subsample,ГО Уфа,МР Архангельский,0.0,140
v5-20261009T121014Z-d833d0,node_subsample,ГО Уфа,МР Аскинский,0.0,138
v5-20261009T121014Z-d833d0,node_subsample,ГО Уфа,МР Аургазинский,0.0,134
v5-20261009T121014Z-d833d0,node_subsample,ГО Уфа,МР Баймакский,0.0070921985815602835,141
v5-20261009T121014Z-d833d0,node_subsample,ГО Уфа,МР Бакалинский,0.0,141
v5-20261009T121014Z-d833d0,node_subsample,ГО Уфа,МР Балтачевский,0.0,133
v5-20261009T121014Z-d833d0,node_subsample,ГО Уфа,МР Белебеевский,1.0,129
v5-20261009T121014Z-d833d0,node_subsample,ГО Уфа,МР Белокатайский,0.0,138
v5-20261009T121014Z-d833d0,node_subsample,ГО Уфа,МР Белорецкий,0.9924812030075187,133
v5-20261009T121014Z-d833d0,node_subsample,ГО Уфа,МР Бижбулякский,0.0,133
v5-20261009T121014Z-d833d0,node_subsample,ГО Уфа,МР Бирский,1.0,136
v5-20261009T121014Z-d833d0,node_subsample,ГО Уфа,МР Благоварский,0.0,137
v5-20261009T121014Z-d833d0,node_subsample,ГО Уфа,МР Благовещенский,0.9856115107913669,139
v5-20261009T121014Z-d833d0,node_subsample,ГО Уфа,МР Буздякский,0.0,128
v5-20261009T121014Z-d833d0,node_subsample,ГО Уфа,МР Бураевский,0.0,135
v5-20261009T121014Z-d833d0,node_subsample,ГО Уфа,МР Бурзянский,0.007575757575757576,132
v5-20261009T121014Z-d833d0,node_subsample,ГО Уфа,МР Гафурийский,0.0,133
v5-20261009T121014Z-d833d0,node_subsample,ГО Уфа,МР Давлекановский,0.0,132
v5-20261009T121014Z-d833d0,node_subsample,ГО Уфа,МР Дуванский,0.0,136
v5-20261009T121014Z-d833d0,node_subsample,ГО Уфа,МР Дюртюлинский,1.0,136
v5-20261009T121014Z-d833d0,node_subsample,ГО Уфа,МР Ермекеевский,0.0,133
v5-20261009T121014Z-d833d0,node_subsample,ГО Уфа,МР Зианчуринский,0.0,134
v5-20261009T121014Z-d833d0,node_subsample,ГО Уфа,МР Зилаирский,0.0273972602739726,146
v5-20261009T121014Z-d833d0,node_subsample,ГО Уфа,МР Иглинский,0.991869918699187,123
v5-20261009T121014Z-d833d0,node_subsample,ГО Уфа,МР Илишевский,0.0,130
v5-20261009T121014Z-d833d0,node_subsample,ГО Уфа,МР Ишимбайский,1.0,132
v5-20261009T121014Z-d833d0,node_subsample,ГО Уфа,МР Калтасинский,0.0,132
v5-20261009T121014Z-d833d0,node_subsample,ГО Уфа,МР Караидельский,0.0,133
v5-20261009T121014Z-d833d0,node_subsample,ГО Уфа,МР Кармаскалинский,0.0,139
v5-20261009T121014Z-d833d0,node_subsample,ГО Уфа,МР Кигинский,0.0,133
v5-20261009T121014Z-d833d0,node_subsample,ГО Уфа,МР Краснокамский,0.0,132
v5-20261009T121014Z-d833d0,node_subsample,ГО Уфа,МР Кугарчинский,0.0,121
v5-20261009T121014Z-d833d0,node_subsample,ГО Уфа,МР Кушнаренковский,0.0,134
v5-20261009T121014Z-d833d0,node_subsample,ГО Уфа,МР Куюргазинский,0.0,135
v5-20261009T121014Z-d833d0,node_subsample,ГО Уфа,МР Мелеузовский,1.0,132
v5-20261009T121014Z-d833d0,node_subsample,ГО Уфа,МР Мечетлинский,0.0,135
v5-20261009T121014Z-d833d0,node_subsample,ГО Уфа,МР Мишкинский,0.0,137
v5-20261009T121014Z-d833d0,node_subsample,ГО Уфа,МР Миякинский,0.0,133
v5-20261009T121014Z-d833d0,node_subsample,ГО Уфа,МР Нуримановский,0.0,140
v5-20261009T121014Z-d833d0,node_subsample,ГО Уфа,МР Салаватский,0.0,131
v5-20261009T121014Z-d833d0,node_subsample,ГО Уфа,МР Стерлибашевский,0.0,129
v5-20261009T121014Z-d833d0,node_subsample,ГО Уфа,МР Стерлитамакский,1.0,138
v5-20261009T121014Z-d833d0,node_subsample,ГО Уфа,МР Татышлинский,0.0,133
v5-20261009T121014Z-d833d0,node_subsample,ГО Уфа,МР Туймазинский,1.0,139
v5-20261009T121014Z-d833d0,node_subsample,ГО Уфа,МР Уфимский,1.0,143
v5-20261009T121014Z-d833d0,node_subsample,ГО Уфа,МР Учалинский,1.0,128
v5-20261009T121014Z-d833d0,node_subsample,ГО Уфа,МР Федоровский,0.0,139
v5-20261009T121014Z-d833d0,node_subsample,ГО Уфа,МР Хайбуллинский,0.0,139
v5-20261009T121014Z-d833d0,node_subsample,ГО Уфа,МР Чекмагушевский,0.0,138
v5-20261009T121014Z-d833d0,node_subsample,ГО Уфа,МР Чишминский,0.9856115107913669,139
v5-20261009T121014Z-d833d0,node_subsample,ГО Уфа,МР Шаранский,0.0,127
v5-20261009T121014Z-d833d0,node_subsample,ГО Уфа,МР Янаульский,0.9777777777777777,135
v5-20261009T121014Z-d833d0,node_subsample,МР Абзелиловский,МР Альшеевский,0.14393939393939395,132
v5-20261009T121014Z-d833d0,node_subsample,МР Абзелиловский,МР Архангельский,0.1510791366906475,139
v5-20261009T121014Z-d833d0,node_subsample,МР Абзелиловский,МР Аскинский,0.5511811023622047,127
v5-20261009T121014Z-d833d0,node_subsample,МР Абзелиловский,МР Аургазинский,0.15079365079365079,126
v5-20261009T121014Z-d833d0,node_subsample,МР Абзелиловский,МР Баймакский,1.0,127
v5-20261009T121014Z-d833d0,node_subsample,МР Абзелиловский,МР Бакалинский,0.11194029850746269,134
v5-20261009T121014Z-d833d0,node_subsample,МР Абзелиловский,МР Балтачевский,0.12598425196850394,127
v5-20261009T121014Z-d833d0,node_subsample,МР Абзелиловский,МР Белебеевский,0.00819672131147541,122
v5-20261009T121014Z-d833d0,node_subsample,МР Абзелиловский,МР Белокатайский,0.937007874015748,127
v5-20261009T121014Z-d833d0,node_subsample,МР Абзелиловский,МР Белорецкий,0.015625,128
v5-20261009T121014Z-d833d0,node_subsample,МР Абзелиловский,МР Бижбулякский,0.13953488372093023,129
v5-20261009T121014Z-d833d0,node_subsample,МР Абзелиловский,МР Бирский,0.007633587786259542,131
v5-20261009T121014Z-d833d0,node_subsample,МР Абзелиловский,МР Благоварский,0.16666666666666666,132
v5-20261009T121014Z-d833d0,node_subsample,МР Абзелиловский,МР Благовещенский,0.014814814814814815,135
v5-20261009T121014Z-d833d0,node_subsample,МР Абзелиловский,МР Буздякский,0.125,128
v5-20261009T121014Z-d833d0,node_subsample,МР Абзелиловский,МР Бураевский,0.140625,128
v5-20261009T121014Z-d833d0,node_subsample,МР Абзелиловский,МР Бурзянский,0.9922480620155039,129
v5-20261009T121014Z-d833d0,node_subsample,МР Абзелиловский,МР Гафурийский,0.41732283464566927,127
v5-20261009T121014Z-d833d0,node_subsample,МР Абзелиловский,МР Давлекановский,0.176,125
v5-20261009T121014Z-d833d0,node_subsample,МР Абзелиловский,МР Дуванский,0.9844961240310077,129
v5-20261009T121014Z-d833d0,node_subsample,МР Абзелиловский,МР Дюртюлинский,0.007518796992481203,133
v5-20261009T121014Z-d833d0,node_subsample,МР Абзелиловский,МР Ермекеевский,0.13178294573643412,129
v5-20261009T121014Z-d833d0,node_subsample,МР Абзелиловский,МР Зианчуринский,0.8984375,128
v5-20261009T121014Z-d833d0,node_subsample,МР Абзелиловский,МР Зилаирский,0.9629629629629629,135
v5-20261009T121014Z-d833d0,node_subsample,МР Абзелиловский,МР Иглинский,0.00819672131147541,122
v5-20261009T121014Z-d833d0,node_subsample,МР Абзелиловский,МР Илишевский,0.1328125,128
v5-20261009T121014Z-d833d0,node_subsample,МР Абзелиловский,МР Ишимбайский,0.008333333333333333,120
v5-20261009T121014Z-d833d0,node_subsample,МР Абзелиловский,МР Калтасинский,0.1484375,128
v5-20261009T121014Z-d833d0,node_subsample,МР Абзелиловский,МР Караидельский,0.18181818181818182,132
v5-20261009T121014Z-d833d0,node_subsample,МР Абзелиловский,МР Кармаскалинский,0.15789473684210525,133
v5-20261009T121014Z-d833d0,node_subsample,МР Абзелиловский,МР Кигинский,0.9047619047619048,126
v5-20261009T121014Z-d833d0,node_subsample,МР Абзелиловский,МР Краснокамский,0.13008130081300814,123
v5-20261009T121014Z-d833d0,node_subsample,МР Абзелиловский,МР Кугарчинский,0.8717948717948718,117
v5-20261009T121014Z-d833d0,node_subsample,МР Абзелиловский,МР Кушнаренковский,0.10852713178294573,129
v5-20261009T121014Z-d833d0,node_subsample,МР Абзелиловский,МР Куюргазинский,0.1984732824427481,131
v5-20261009T121014Z-d833d0,node_subsample,МР Абзелиловский,МР Мелеузовский,0.007874015748031496,127
v5-20261009T121014Z-d833d0,node_subsample,МР Абзелиловский,МР Мечетлинский,0.9076923076923077,130
v5-20261009T121014Z-d833d0,node_subsample,МР Абзелиловский,МР Мишкинский,0.16058394160583941,137
v5-20261009T121014Z-d833d0,node_subsample,МР Абзелиловский,МР Миякинский,0.16535433070866143,127
v5-20261009T121014Z-d833d0,node_subsample,МР Абзелиловский,МР Нуримановский,0.14074074074074075,135
v5-20261009T121014Z-d833d0,node_subsample,МР Абзелиловский,МР Салаватский,0.984,125
v5-20261009T121014Z-d833d0,node_subsample,МР Абзелиловский,МР Стерлибашевский,0.1440677966101695,118
v5-20261009T121014Z-d833d0,node_subsample,МР Абзелиловский,МР Стерлитамакский,0.0,133
v5-20261009T121014Z-d833d0,node_subsample,МР Абзелиловский,МР Татышлинский,0.8527131782945736,129
v5-20261009T121014Z-d833d0,node_subsample,МР Абзелиловский,МР Туймазинский,0.007575757575757576,132
v5-20261009T121014Z-d833d0,node_subsample,МР Абзелиловский,МР Уфимский,0.007142857142857143,140
v5-20261009T121014Z-d833d0,node_subsample,МР Абзелиловский,МР Учалинский,0.008264462809917356,121
v5-20261009T121014Z-d833d0,node_subsample,МР Абзелиловский,МР Федоровский,0.13740458015267176,131
v5-20261009T121014Z-d833d0,node_subsample,МР Абзелиловский,МР Хайбуллинский,0.9924242424242424,132
v5-20261009T121014Z-d833d0,node_subsample,МР Абзелиловский,МР Чекмагушевский,0.12121212121212122,132
v5-20261009T121014Z-d833d0,node_subsample,МР Абзелиловский,МР Чишминский,0.015267175572519083,131
v5-20261009T121014Z-d833d0,node_subsample,МР Абзелиловский,МР Шаранский,0.11811023622047244,127
v5-20261009T121014Z-d833d0,node_subsample,МР Абзелиловский,МР Янаульский,0.007575757575757576,132
v5-20261009T121014Z-d833d0,node_subsample,МР Альшеевский,МР Архангельский,0.9927007299270073,137
v5-20261009T121014Z-d833d0,node_subsample,МР Альшеевский,МР Аскинский,0.5692307692307692,130
v5-20261009T121014Z-d833d0,node_subsample,МР Альшеевский,МР Аургазинский,1.0,130
v5-20261009T121014Z-d833d0,node_subsample,МР Альшеевский,МР Баймакский,0.07692307692307693,130
v5-20261009T121014Z-d833d0,node_subsample,МР Альшеевский,МР Бакалинский,1.0,139
v5-20261009T121014Z-d833d0,node_subsample,МР Альшеевский,МР Балтачевский,0.9923076923076923,130
v5-20261009T121014Z-d833d0,node_subsample,МР Альшеевский,МР Белебеевский,0.0,127
v5-20261009T121014Z-d833d0,node_subsample,МР Альшеевский,МР Белокатайский,0.18045112781954886,133
v5-20261009T121014Z-d833d0,node_subsample,МР Альшеевский,МР Белорецкий,0.0,134
v5-20261009T121014Z-d833d0,node_subsample,МР Альшеевский,МР Бижбулякский,1.0,129
v5-20261009T121014Z-d833d0,node_subsample,МР Альшеевский,МР Бирский,0.0,131
v5-20261009T121014Z-d833d0,node_subsample,МР Альшеевский,МР Благоварский,0.9851851851851852,135
v5-20261009T121014Z-d833d0,node_subsample,МР Альшеевский,МР Благовещенский,0.0,133
v5-20261009T121014Z-d833d0,node_subsample,МР Альшеевский,МР Буздякский,1.0,127
v5-20261009T121014Z-d833d0,node_subsample,МР Альшеевский,МР Бураевский,1.0,133
v5-20261009T121014Z-d833d0,node_subsample,МР Альшеевский,МР Бурзянский,0.11538461538461539,130
v5-20261009T121014Z-d833d0,node_subsample,МР Альшеевский,МР Гафурийский,0.7272727272727273,132
v5-20261009T121014Z-d833d0,node_subsample,МР Альшеевский,МР Давлекановский,1.0,132
v5-20261009T121014Z-d833d0,node_subsample,МР Альшеевский,МР Дуванский,0.12878787878787878,132
v5-20261009T121014Z-d833d0,node_subsample,МР Альшеевский,МР Дюртюлинский,0.0,135
v5-20261009T121014Z-d833d0,node_subsample,МР Альшеевский,МР Ермекеевский,1.0,128
v5-20261009T121014Z-d833d0,node_subsample,МР Альшеевский,МР Зианчуринский,0.21804511278195488,133
v5-20261009T121014Z-d833d0,node_subsample,МР Альшеевский,МР Зилаирский,0.0948905109489051,137
v5-20261009T121014Z-d833d0,node_subsample,МР Альшеевский,МР Иглинский,0.0,124
v5-20261009T121014Z-d833d0,node_subsample,МР Альшеевский,МР Илишевский,0.9850746268656716,134
v5-20261009T121014Z-d833d0,node_subsample,МР Альшеевский,МР Ишимбайский,0.0,129
v5-20261009T121014Z-d833d0,node_subsample,МР Альшеевский,МР Калтасинский,0.9769230769230769,130
v5-20261009T121014Z-d833d0,node_subsample,МР Альшеевский,МР Караидельский,0.9407407407407408,135
v5-20261009T121014Z-d833d0,node_subsample,МР Альшеевский,МР Кармаскалинский,0.9632352941176471,136
v5-20261009T121014Z-d833d0,node_subsample,МР Альшеевский,МР Кигинский,0.2222222222222222,126
v5-20261009T121014Z-d833d0,node_subsample,МР Альшеевский,МР Краснокамский,0.9922480620155039,129
v5-20261009T121014Z-d833d0,node_subsample,МР Альшеевский,МР Кугарчинский,0.2396694214876033,121
v5-20261009T121014Z-d833d0,node_subsample,МР Альшеевский,МР Кушнаренковский,1.0,135
v5-20261009T121014Z-d833d0,node_subsample,МР Альшеевский,МР Куюргазинский,0.946969696969697,132
v5-20261009T121014Z-d833d0,node_subsample,МР Альшеевский,МР Мелеузовский,0.0,129
v5-20261009T121014Z-d833d0,node_subsample,МР Альшеевский,МР Мечетлинский,0.19402985074626866,134
v5-20261009T121014Z-d833d0,node_subsample,МР Альшеевский,МР Мишкинский,0.9850746268656716,134
v5-20261009T121014Z-d833d0,node_subsample,МР Альшеевский,МР Миякинский,1.0,136
v5-20261009T121014Z-d833d0,node_subsample,МР Альшеевский,МР Нуримановский,0.9927007299270073,137
v5-20261009T121014Z-d833d0,node_subsample,МР Альшеевский,МР Салаватский,0.13385826771653545,127
v5-20261009T121014Z-d833d0,node_subsample,МР Альшеевский,МР Стерлибашевский,1.0,125
v5-20261009T121014Z-d833d0,node_subsample,МР Альшеевский,МР Стерлитамакский,0.0,139
v5-20261009T121014Z-d833d0,node_subsample,МР Альшеевский,МР Татышлинский,0.26865671641791045,134
v5-20261009T121014Z-d833d0,node_subsample,МР Альшеевский,МР Туймазинский,0.0,137
v5-20261009T121014Z-d833d0,node_subsample,МР Альшеевский,МР Уфимский,0.0,140
v5-20261009T121014Z-d833d0,node_subsample,МР Альшеевский,МР Учалинский,0.0,126
v5-20261009T121014Z-d833d0,node_subsample,МР Альшеевский,МР Федоровский,1.0,132
v5-20261009T121014Z-d833d0,node_subsample,МР Альшеевский,МР Хайбуллинский,0.09352517985611511,139
v5-20261009T121014Z-d833d0,node_subsample,МР Альшеевский,МР Чекмагушевский,1.0,133
v5-20261009T121014Z-d833d0,node_subsample,МР Альшеевский,МР Чишминский,0.0,139
v5-20261009T121014Z-d833d0,node_subsample,МР Альшеевский,МР Шаранский,1.0,124
v5-20261009T121014Z-d833d0,node_subsample,МР Альшеевский,МР Янаульский,0.014814814814814815,135
v5-20261009T121014Z-d833d0,node_subsample,МР Архангельский,МР Аскинский,0.5223880597014925,134
v5-20261009T121014Z-d833d0,node_subsample,МР Архангельский,МР Аургазинский,0.9921875,128
v5-20261009T121014Z-d833d0,node_subsample,МР Архангельский,МР Баймакский,0.08208955223880597,134
v5-20261009T121014Z-d833d0,node_subsample,МР Архангельский,МР Бакалинский,1.0,141
v5-20261009T121014Z-d833d0,node_subsample,МР Архангельский,МР Балтачевский,0.984375,128
v5-20261009T121014Z-d833d0,node_subsample,МР Архангельский,МР Белебеевский,0.0,128
v5-20261009T121014Z-d833d0,node_subsample,МР Архангельский,МР Белокатайский,0.20437956204379562,137
v5-20261009T121014Z-d833d0,node_subsample,МР Архангельский,МР Белорецкий,0.0,137
v5-20261009T121014Z-d833d0,node_subsample,МР Архангельский,МР Бижбулякский,0.9849624060150376,133
v5-20261009T121014Z-d833d0,node_subsample,МР Архангельский,МР Бирский,0.0,135
v5-20261009T121014Z-d833d0,node_subsample,МР Архангельский,МР Благоварский,0.9924812030075187,133
v5-20261009T121014Z-d833d0,node_subsample,МР Архангельский,МР Благовещенский,0.007194244604316547,139
v5-20261009T121014Z-d833d0,node_subsample,МР Архангельский,МР Буздякский,0.9922480620155039,129
v5-20261009T121014Z-d833d0,node_subsample,МР Архангельский,МР Бураевский,0.9846153846153847,130
v5-20261009T121014Z-d833d0,node_subsample,МР Архангельский,МР Бурзянский,0.12781954887218044,133
v5-20261009T121014Z-d833d0,node_subsample,МР Архангельский,МР Гафурийский,0.7557251908396947,131
v5-20261009T121014Z-d833d0,node_subsample,МР Архангельский,МР Давлекановский,1.0,131
v5-20261009T121014Z-d833d0,node_subsample,МР Архангельский,МР Дуванский,0.13333333333333333,135
v5-20261009T121014Z-d833d0,node_subsample,МР Архангельский,МР Дюртюлинский,0.0,138
v5-20261009T121014Z-d833d0,node_subsample,МР Архангельский,МР Ермекеевский,0.9925925925925926,135
v5-20261009T121014Z-d833d0,node_subsample,МР Архангельский,МР Зианчуринский,0.208955223880597,134
v5-20261009T121014Z-d833d0,node_subsample,МР Архангельский,МР Зилаирский,0.1079136690647482,139
v5-20261009T121014Z-d833d0,node_subsample,МР Архангельский,МР Иглинский,0.007874015748031496,127
v5-20261009T121014Z-d833d0,node_subsample,МР Архангельский,МР Илишевский,0.9703703703703703,135
v5-20261009T121014Z-d833d0,node_subsample,МР Архангельский,МР Ишимбайский,0.0,131
v5-20261009T121014Z-d833d0,node_subsample,МР Архангельский,МР Калтасинский,0.9618320610687023,131
v5-20261009T121014Z-d833d0,node_subsample,МР Архангельский,МР Караидельский,0.924812030075188,133
v5-20261009T121014Z-d833d0,node_subsample,МР Архангельский,МР Кармаскалинский,0.9708029197080292,137
v5-20261009T121014Z-d833d0,node_subsample,МР Архангельский,МР Кигинский,0.25984251968503935,127
v5-20261009T121014Z-d833d0,node_subsample,МР Архангельский,МР Краснокамский,0.9769230769230769,130
v5-20261009T121014Z-d833d0,node_subsample,МР Архангельский,МР Кугарчинский,0.25,124
v5-20261009T121014Z-d833d0,node_subsample,МР Архангельский,МР Кушнаренковский,0.9855072463768116,138
v5-20261009T121014Z-d833d0,node_subsample,МР Архангельский,МР Куюргазинский,0.9323308270676691,133
v5-20261009T121014Z-d833d0,node_subsample,МР Архангельский,МР Мелеузовский,0.0,130
v5-20261009T121014Z-d833d0,node_subsample,МР Архангельский,МР Мечетлинский,0.22137404580152673,131
v5-20261009T121014Z-d833d0,node_subsample,МР Архангельский,МР Мишкинский,0.9779411764705882,136
v5-20261009T121014Z-d833d0,node_subsample,МР Архангельский,МР Миякинский,0.9848484848484849,132
v5-20261009T121014Z-d833d0,node_subsample,МР Архангельский,МР Нуримановский,1.0,139
v5-20261009T121014Z-d833d0,node_subsample,МР Архангельский,МР Салаватский,0.13740458015267176,131
v5-20261009T121014Z-d833d0,node_subsample,МР Архангельский,МР Стерлибашевский,0.9844961240310077,129
v5-20261009T121014Z-d833d0,node_subsample,МР Архангельский,МР Стерлитамакский,0.0,142
v5-20261009T121014Z-d833d0,node_subsample,МР Архангельский,МР Татышлинский,0.27611940298507465,134
v5-20261009T121014Z-d833d0,node_subsample,МР Архангельский,МР Туймазинский,0.0,138
v5-20261009T121014Z-d833d0,node_subsample,МР Архангельский,МР Уфимский,0.0,142
v5-20261009T121014Z-d833d0,node_subsample,МР Архангельский,МР Учалинский,0.0,124
v5-20261009T121014Z-d833d0,node_subsample,МР Архангельский,МР Федоровский,0.9854014598540146,137
v5-20261009T121014Z-d833d0,node_subsample,МР Архангельский,МР Хайбуллинский,0.0962962962962963,135
v5-20261009T121014Z-d833d0,node_subsample,МР Архангельский,МР Чекмагушевский,0.9926470588235294,136
v5-20261009T121014Z-d833d0,node_subsample,МР Архангельский,МР Чишминский,0.007246376811594203,138
v5-20261009T121014Z-d833d0,node_subsample,МР Архангельский,МР Шаранский,0.984375,128
v5-20261009T121014Z-d833d0,node_subsample,МР Архангельский,МР Янаульский,0.014925373134328358,134
v5-20261009T121014Z-d833d0,node_subsample,МР Аскинский,МР Аургазинский,0.5,130
v5-20261009T121014Z-d833d0,node_subsample,МР Аскинский,МР Баймакский,0.546875,128
v5-20261009T121014Z-d833d0,node_subsample,МР Аскинский,МР Бакалинский,0.5071428571428571,140
v5-20261009T121014Z-d833d0,node_subsample,МР Аскинский,МР Балтачевский,0.64,125
v5-20261009T121014Z-d833d0,node_subsample,МР Аскинский,МР Белебеевский,0.0,123
v5-20261009T121014Z-d833d0,node_subsample,МР Аскинский,МР Белокатайский,0.6511627906976745,129
v5-20261009T121014Z-d833d0,node_subsample,МР Аскинский,МР Белорецкий,0.007874015748031496,127
v5-20261009T121014Z-d833d0,node_subsample,МР Аскинский,МР Бижбулякский,0.5238095238095238,126
v5-20261009T121014Z-d833d0,node_subsample,МР Аскинский,МР Бирский,0.0,130
v5-20261009T121014Z-d833d0,node_subsample,МР Аскинский,МР Благоварский,0.5111111111111111,135
v5-20261009T121014Z-d833d0,node_subsample,МР Аскинский,МР Благовещенский,0.007518796992481203,133
v5-20261009T121014Z-d833d0,node_subsample,МР Аскинский,МР Буздякский,0.5,122
v5-20261009T121014Z-d833d0,node_subsample,МР Аскинский,МР Бураевский,0.5116279069767442,129
v5-20261009T121014Z-d833d0,node_subsample,МР Аскинский,МР Бурзянский,0.5725190839694656,131
v5-20261009T121014Z-d833d0,node_subsample,МР Аскинский,МР Гафурийский,0.626984126984127,126
v5-20261009T121014Z-d833d0,node_subsample,МР Аскинский,МР Давлекановский,0.5080645161290323,124
v5-20261009T121014Z-d833d0,node_subsample,МР Аскинский,МР Дуванский,0.6240601503759399,133
v5-20261009T121014Z-d833d0,node_subsample,МР Аскинский,МР Дюртюлинский,0.0,131
v5-20261009T121014Z-d833d0,node_subsample,МР Аскинский,МР Ермекеевский,0.5161290322580645,124
v5-20261009T121014Z-d833d0,node_subsample,МР Аскинский,МР Зианчуринский,0.6796875,128
v5-20261009T121014Z-d833d0,node_subsample,МР Аскинский,МР Зилаирский,0.5594405594405595,143
v5-20261009T121014Z-d833d0,node_subsample,МР Аскинский,МР Иглинский,0.0,121
v5-20261009T121014Z-d833d0,node_subsample,МР Аскинский,МР Илишевский,0.5905511811023622,127
v5-20261009T121014Z-d833d0,node_subsample,МР Аскинский,МР Ишимбайский,0.0,130
v5-20261009T121014Z-d833d0,node_subsample,МР Аскинский,МР Калтасинский,0.608,125
v5-20261009T121014Z-d833d0,node_subsample,МР Аскинский,МР Караидельский,0.6717557251908397,131
v5-20261009T121014Z-d833d0,node_subsample,МР Аскинский,МР Кармаскалинский,0.518796992481203,133
v5-20261009T121014Z-d833d0,node_subsample,МР Аскинский,МР Кигинский,0.7235772357723578,123
v5-20261009T121014Z-d833d0,node_subsample,МР Аскинский,МР Краснокамский,0.49206349206349204,126
v5-20261009T121014Z-d833d0,node_subsample,МР Аскинский,МР Кугарчинский,0.7983193277310925,119
v5-20261009T121014Z-d833d0,node_subsample,МР Аскинский,МР Кушнаренковский,0.4772727272727273,132
v5-20261009T121014Z-d833d0,node_subsample,МР Аскинский,МР Куюргазинский,0.6466165413533834,133
v5-20261009T121014Z-d833d0,node_subsample,МР Аскинский,МР Мелеузовский,0.0,129
v5-20261009T121014Z-d833d0,node_subsample,МР Аскинский,МР Мечетлинский,0.6564885496183206,131
v5-20261009T121014Z-d833d0,node_subsample,МР Аскинский,МР Мишкинский,0.5846153846153846,130
v5-20261009T121014Z-d833d0,node_subsample,МР Аскинский,МР Миякинский,0.5303030303030303,132
v5-20261009T121014Z-d833d0,node_subsample,МР Аскинский,МР Нуримановский,0.5182481751824818,137
v5-20261009T121014Z-d833d0,node_subsample,МР Аскинский,МР Салаватский,0.6384615384615384,130
v5-20261009T121014Z-d833d0,node_subsample,МР Аскинский,МР Стерлибашевский,0.5,122
v5-20261009T121014Z-d833d0,node_subsample,МР Аскинский,МР Стерлитамакский,0.0,135
v5-20261009T121014Z-d833d0,node_subsample,МР Аскинский,МР Татышлинский,0.803030303030303,132
v5-20261009T121014Z-d833d0,node_subsample,МР Аскинский,МР Туймазинский,0.0,134
v5-20261009T121014Z-d833d0,node_subsample,МР Аскинский,МР Уфимский,0.0,138
v5-20261009T121014Z-d833d0,node_subsample,МР Аскинский,МР Учалинский,0.0,119
v5-20261009T121014Z-d833d0,node_subsample,МР Аскинский,МР Федоровский,0.553030303030303,132
v5-20261009T121014Z-d833d0,node_subsample,МР Аскинский,МР Хайбуллинский,0.5522388059701493,134
v5-20261009T121014Z-d833d0,node_subsample,МР Аскинский,МР Чекмагушевский,0.47368421052631576,133
v5-20261009T121014Z-d833d0,node_subsample,МР Аскинский,МР Чишминский,0.007518796992481203,133
v5-20261009T121014Z-d833d0,node_subsample,МР Аскинский,МР Шаранский,0.5118110236220472,127
v5-20261009T121014Z-d833d0,node_subsample,МР Аскинский,МР Янаульский,0.022727272727272728,132
v5-20261009T121014Z-d833d0,node_subsample,МР Аургазинский,МР Баймакский,0.07692307692307693,130
v5-20261009T121014Z-d833d0,node_subsample,МР Аургазинский,МР Бакалинский,1.0,138
v5-20261009T121014Z-d833d0,node_subsample,МР Аургазинский,МР Балтачевский,0.9758064516129032,124
v5-20261009T121014Z-d833d0,node_subsample,МР Аургазинский,МР Белебеевский,0.0,122
v5-20261009T121014Z-d833d0,node_subsample,МР Аургазинский,МР Белокатайский,0.20155038759689922,129
v5-20261009T121014Z-d833d0,node_subsample,МР Аургазинский,МР Белорецкий,0.0,128
v5-20261009T121014Z-d833d0,node_subsample,МР Аургазинский,МР Бижбулякский,1.0,126
v5-20261009T121014Z-d833d0,node_subsample,МР Аургазинский,МР Бирский,0.0,125
v5-20261009T121014Z-d833d0,node_subsample,МР Аургазинский,МР Благоварский,0.9846153846153847,130
v5-20261009T121014Z-d833d0,node_subsample,МР Аургазинский,МР Благовещенский,0.0,131
v5-20261009T121014Z-d833d0,node_subsample,МР Аургазинский,МР Буздякский,1.0,123
v5-20261009T121014Z-d833d0,node_subsample,МР Аургазинский,МР Бураевский,1.0,129
v5-20261009T121014Z-d833d0,node_subsample,МР Аургазинский,МР Бурзянский,0.1111111111111111,126
v5-20261009T121014Z-d833d0,node_subsample,МР Аургазинский,МР Гафурийский,0.78125,128
v5-20261009T121014Z-d833d0,node_subsample,МР Аургазинский,МР Давлекановский,1.0,128
v5-20261009T121014Z-d833d0,node_subsample,МР Аургазинский,МР Дуванский,0.13178294573643412,129
v5-20261009T121014Z-d833d0,node_subsample,МР Аургазинский,МР Дюртюлинский,0.0,135
v5-20261009T121014Z-d833d0,node_subsample,МР Аургазинский,МР Ермекеевский,1.0,121
v5-20261009T121014Z-d833d0,node_subsample,МР Аургазинский,МР Зианчуринский,0.19230769230769232,130
v5-20261009T121014Z-d833d0,node_subsample,МР Аургазинский,МР Зилаирский,0.08208955223880597,134
v5-20261009T121014Z-d833d0,node_subsample,МР Аургазинский,МР Иглинский,0.0,119
v5-20261009T121014Z-d833d0,node_subsample,МР Аургазинский,МР Илишевский,0.9694656488549618,131
v5-20261009T121014Z-d833d0,node_subsample,МР Аургазинский,МР Ишимбайский,0.0,122
v5-20261009T121014Z-d833d0,node_subsample,МР Аургазинский,МР Калтасинский,0.967741935483871,124
v5-20261009T121014Z-d833d0,node_subsample,МР Аургазинский,МР Караидельский,0.9296875,128
v5-20261009T121014Z-d833d0,node_subsample,МР Аургазинский,МР Кармаскалинский,0.9694656488549618,131
v5-20261009T121014Z-d833d0,node_subsample,МР Аургазинский,МР Кигинский,0.20491803278688525,122
v5-20261009T121014Z-d833d0,node_subsample,МР Аургазинский,МР Краснокамский,1.0,125
v5-20261009T121014Z-d833d0,node_subsample,МР Аургазинский,МР Кугарчинский,0.23728813559322035,118
v5-20261009T121014Z-d833d0,node_subsample,МР Аургазинский,МР Кушнаренковский,1.0,131
v5-20261009T121014Z-d833d0,node_subsample,МР Аургазинский,МР Куюргазинский,0.9389312977099237,131
v5-20261009T121014Z-d833d0,node_subsample,МР Аургазинский,МР Мелеузовский,0.0,123
v5-20261009T121014Z-d833d0,node_subsample,МР Аургазинский,МР Мечетлинский,0.18604651162790697,129
v5-20261009T121014Z-d833d0,node_subsample,МР Аургазинский,МР Мишкинский,0.9621212121212122,132
v5-20261009T121014Z-d833d0,node_subsample,МР Аургазинский,МР Миякинский,1.0,128
v5-20261009T121014Z-d833d0,node_subsample,МР Аургазинский,МР Нуримановский,0.9925925925925926,135
v5-20261009T121014Z-d833d0,node_subsample,МР Аургазинский,МР Салаватский,0.12698412698412698,126
v5-20261009T121014Z-d833d0,node_subsample,МР Аургазинский,МР Стерлибашевский,1.0,123
v5-20261009T121014Z-d833d0,node_subsample,МР Аургазинский,МР Стерлитамакский,0.0,137
v5-20261009T121014Z-d833d0,node_subsample,МР Аургазинский,МР Татышлинский,0.265625,128
v5-20261009T121014Z-d833d0,node_subsample,МР Аургазинский,МР Туймазинский,0.0,133
v5-20261009T121014Z-d833d0,node_subsample,МР Аургазинский,МР Уфимский,0.0,134
v5-20261009T121014Z-d833d0,node_subsample,МР Аургазинский,МР Учалинский,0.0,121
v5-20261009T121014Z-d833d0,node_subsample,МР Аургазинский,МР Федоровский,1.0,131
v5-20261009T121014Z-d833d0,node_subsample,МР Аургазинский,МР Хайбуллинский,0.09701492537313433,134
v5-20261009T121014Z-d833d0,node_subsample,МР Аургазинский,МР Чекмагушевский,1.0,131
v5-20261009T121014Z-d833d0,node_subsample,МР Аургазинский,МР Чишминский,0.0,136
v5-20261009T121014Z-d833d0,node_subsample,МР Аургазинский,МР Шаранский,1.0,123
v5-20261009T121014Z-d833d0,node_subsample,МР Аургазинский,МР Янаульский,0.022900763358778626,131
v5-20261009T121014Z-d833d0,node_subsample,МР Баймакский,МР Бакалинский,0.037037037037037035,135
v5-20261009T121014Z-d833d0,node_subsample,МР Баймакский,МР Балтачевский,0.07317073170731707,123
v5-20261009T121014Z-d833d0,node_subsample,МР Баймакский,МР Белебеевский,0.008403361344537815,119
v5-20261009T121014Z-d833d0,node_subsample,МР Баймакский,МР Белокатайский,0.937984496124031,129
v5-20261009T121014Z-d833d0,node_subsample,МР Баймакский,МР Белорецкий,0.015748031496062992,127
v5-20261009T121014Z-d833d0,node_subsample,МР Баймакский,МР Бижбулякский,0.07086614173228346,127
v5-20261009T121014Z-d833d0,node_subsample,МР Баймакский,МР Бирский,0.0078125,128
v5-20261009T121014Z-d833d0,node_subsample,МР Баймакский,МР Благоварский,0.0916030534351145,131
v5-20261009T121014Z-d833d0,node_subsample,МР Баймакский,МР Благовещенский,0.015503875968992248,129
v5-20261009T121014Z-d833d0,node_subsample,МР Баймакский,МР Буздякский,0.05555555555555555,126
v5-20261009T121014Z-d833d0,node_subsample,МР Баймакский,МР Бураевский,0.047619047619047616,126
v5-20261009T121014Z-d833d0,node_subsample,МР Баймакский,МР Бурзянский,1.0,131
v5-20261009T121014Z-d833d0,node_subsample,МР Баймакский,МР Гафурийский,0.3064516129032258,124
v5-20261009T121014Z-d833d0,node_subsample,МР Баймакский,МР Давлекановский,0.08130081300813008,123
v5-20261009T121014Z-d833d0,node_subsample,МР Баймакский,МР Дуванский,0.9923076923076923,130
v5-20261009T121014Z-d833d0,node_subsample,МР Баймакский,МР Дюртюлинский,0.007751937984496124,129
v5-20261009T121014Z-d833d0,node_subsample,МР Баймакский,МР Ермекеевский,0.0546875,128
v5-20261009T121014Z-d833d0,node_subsample,МР Баймакский,МР Зианчуринский,0.9069767441860465,129
v5-20261009T121014Z-d833d0,node_subsample,МР Баймакский,МР Зилаирский,0.9854014598540146,137
v5-20261009T121014Z-d833d0,node_subsample,МР Баймакский,МР Иглинский,0.00847457627118644,118
v5-20261009T121014Z-d833d0,node_subsample,МР Баймакский,МР Илишевский,0.07142857142857142,126
v5-20261009T121014Z-d833d0,node_subsample,МР Баймакский,МР Ишимбайский,0.008130081300813009,123
v5-20261009T121014Z-d833d0,node_subsample,МР Баймакский,МР Калтасинский,0.07874015748031496,127
v5-20261009T121014Z-d833d0,node_subsample,МР Баймакский,МР Караидельский,0.13740458015267176,131
v5-20261009T121014Z-d833d0,node_subsample,МР Баймакский,МР Кармаскалинский,0.06870229007633588,131
v5-20261009T121014Z-d833d0,node_subsample,МР Баймакский,МР Кигинский,0.9112903225806451,124
v5-20261009T121014Z-d833d0,node_subsample,МР Баймакский,МР Краснокамский,0.06451612903225806,124
v5-20261009T121014Z-d833d0,node_subsample,МР Баймакский,МР Кугарчинский,0.865546218487395,119
v5-20261009T121014Z-d833d0,node_subsample,МР Баймакский,МР Кушнаренковский,0.03875968992248062,129
v5-20261009T121014Z-d833d0,node_subsample,МР Баймакский,МР Куюргазинский,0.14728682170542637,129
v5-20261009T121014Z-d833d0,node_subsample,МР Баймакский,МР Мелеузовский,0.008264462809917356,121
v5-20261009T121014Z-d833d0,node_subsample,МР Баймакский,МР Мечетлинский,0.9206349206349206,126
v5-20261009T121014Z-d833d0,node_subsample,МР Баймакский,МР Мишкинский,0.1,130
v5-20261009T121014Z-d833d0,node_subsample,МР Баймакский,МР Миякинский,0.07874015748031496,127
v5-20261009T121014Z-d833d0,node_subsample,МР Баймакский,МР Нуримановский,0.09022556390977443,133
v5-20261009T121014Z-d833d0,node_subsample,МР Баймакский,МР Салаватский,0.9921259842519685,127
v5-20261009T121014Z-d833d0,node_subsample,МР Баймакский,МР Стерлибашевский,0.07317073170731707,123
v5-20261009T121014Z-d833d0,node_subsample,МР Баймакский,МР Стерлитамакский,0.0,139
v5-20261009T121014Z-d833d0,node_subsample,МР Баймакский,МР Татышлинский,0.8571428571428571,126
v5-20261009T121014Z-d833d0,node_subsample,МР Баймакский,МР Туймазинский,0.007575757575757576,132
v5-20261009T121014Z-d833d0,node_subsample,МР Баймакский,МР Уфимский,0.007462686567164179,134
v5-20261009T121014Z-d833d0,node_subsample,МР Баймакский,МР Учалинский,0.008264462809917356,121
v5-20261009T121014Z-d833d0,node_subsample,МР Баймакский,МР Федоровский,0.06060606060606061,132
v5-20261009T121014Z-d833d0,node_subsample,МР Баймакский,МР Хайбуллинский,1.0,136
v5-20261009T121014Z-d833d0,node_subsample,МР Баймакский,МР Чекмагушевский,0.05303030303030303,132
v5-20261009T121014Z-d833d0,node_subsample,МР Баймакский,МР Чишминский,0.015037593984962405,133
v5-20261009T121014Z-d833d0,node_subsample,МР Баймакский,МР Шаранский,0.048,125
v5-20261009T121014Z-d833d0,node_subsample,МР Баймакский,МР Янаульский,0.007874015748031496,127
v5-20261009T121014Z-d833d0,node_subsample,МР Бакалинский,МР Балтачевский,0.9770992366412213,131
v5-20261009T121014Z-d833d0,node_subsample,МР Бакалинский,МР Белебеевский,0.0,127
v5-20261009T121014Z-d833d0,node_subsample,МР Бакалинский,МР Белокатайский,0.15671641791044777,134
v5-20261009T121014Z-d833d0,node_subsample,МР Бакалинский,МР Белорецкий,0.0,136
v5-20261009T121014Z-d833d0,node_subsample,МР Бакалинский,МР Бижбулякский,1.0,136
v5-20261009T121014Z-d833d0,node_subsample,МР Бакалинский,МР Бирский,0.0,134
v5-20261009T121014Z-d833d0,node_subsample,МР Бакалинский,МР Благоварский,0.9926470588235294,136
v5-20261009T121014Z-d833d0,node_subsample,МР Бакалинский,МР Благовещенский,0.0,138
v5-20261009T121014Z-d833d0,node_subsample,МР Бакалинский,МР Буздякский,1.0,130
v5-20261009T121014Z-d833d0,node_subsample,МР Бакалинский,МР Бураевский,1.0,136
v5-20261009T121014Z-d833d0,node_subsample,МР Бакалинский,МР Бурзянский,0.08333333333333333,132
v5-20261009T121014Z-d833d0,node_subsample,МР Бакалинский,МР Гафурийский,0.7238805970149254,134
v5-20261009T121014Z-d833d0,node_subsample,МР Бакалинский,МР Давлекановский,1.0,131
v5-20261009T121014Z-d833d0,node_subsample,МР Бакалинский,МР Дуванский,0.09420289855072464,138
v5-20261009T121014Z-d833d0,node_subsample,МР Бакалинский,МР Дюртюлинский,0.0,140
v5-20261009T121014Z-d833d0,node_subsample,МР Бакалинский,МР Ермекеевский,1.0,133
v5-20261009T121014Z-d833d0,node_subsample,МР Бакалинский,МР Зианчуринский,0.16058394160583941,137
v5-20261009T121014Z-d833d0,node_subsample,МР Бакалинский,МР Зилаирский,0.06293706293706294,143
v5-20261009T121014Z-d833d0,node_subsample,МР Бакалинский,МР Иглинский,0.0,129
v5-20261009T121014Z-d833d0,node_subsample,МР Бакалинский,МР Илишевский,0.9776119402985075,134
v5-20261009T121014Z-d833d0,node_subsample,МР Бакалинский,МР Ишимбайский,0.0,132
v5-20261009T121014Z-d833d0,node_subsample,МР Бакалинский,МР Калтасинский,0.9774436090225563,133
v5-20261009T121014Z-d833d0,node_subsample,МР Бакалинский,МР Караидельский,0.927007299270073,137
v5-20261009T121014Z-d833d0,node_subsample,МР Бакалинский,МР Кармаскалинский,0.9785714285714285,140
v5-20261009T121014Z-d833d0,node_subsample,МР Бакалинский,МР Кигинский,0.1791044776119403,134
v5-20261009T121014Z-d833d0,node_subsample,МР Бакалинский,МР Краснокамский,1.0,133
v5-20261009T121014Z-d833d0,node_subsample,МР Бакалинский,МР Кугарчинский,0.19672131147540983,122
v5-20261009T121014Z-d833d0,node_subsample,МР Бакалинский,МР Кушнаренковский,1.0,139
v5-20261009T121014Z-d833d0,node_subsample,МР Бакалинский,МР Куюргазинский,0.9318181818181818,132
v5-20261009T121014Z-d833d0,node_subsample,МР Бакалинский,МР Мелеузовский,0.0,132
v5-20261009T121014Z-d833d0,node_subsample,МР Бакалинский,МР Мечетлинский,0.15217391304347827,138
v5-20261009T121014Z-d833d0,node_subsample,МР Бакалинский,МР Мишкинский,0.9716312056737588,141
v5-20261009T121014Z-d833d0,node_subsample,МР Бакалинский,МР Миякинский,1.0,133
v5-20261009T121014Z-d833d0,node_subsample,МР Бакалинский,МР Нуримановский,1.0,137
v5-20261009T121014Z-d833d0,node_subsample,МР Бакалинский,МР Салаватский,0.08888888888888889,135
v5-20261009T121014Z-d833d0,node_subsample,МР Бакалинский,МР Стерлибашевский,1.0,130
v5-20261009T121014Z-d833d0,node_subsample,МР Бакалинский,МР Стерлитамакский,0.0,141
v5-20261009T121014Z-d833d0,node_subsample,МР Бакалинский,МР Татышлинский,0.21897810218978103,137
v5-20261009T121014Z-d833d0,node_subsample,МР Бакалинский,МР Туймазинский,0.0,140
v5-20261009T121014Z-d833d0,node_subsample,МР Бакалинский,МР Уфимский,0.0,141
v5-20261009T121014Z-d833d0,node_subsample,МР Бакалинский,МР Учалинский,0.0,126
v5-20261009T121014Z-d833d0,node_subsample,МР Бакалинский,МР Федоровский,1.0,135
v5-20261009T121014Z-d833d0,node_subsample,МР Бакалинский,МР Хайбуллинский,0.06944444444444445,144
v5-20261009T121014Z-d833d0,node_subsample,МР Бакалинский,МР Чекмагушевский,1.0,140
v5-20261009T121014Z-d833d0,node_subsample,МР Бакалинский,МР Чишминский,0.0,138
v5-20261009T121014Z-d833d0,node_subsample,МР Бакалинский,МР Шаранский,1.0,131
v5-20261009T121014Z-d833d0,node_subsample,МР Бакалинский,МР Янаульский,0.022222222222222223,135
v5-20261009T121014Z-d833d0,node_subsample,МР Балтачевский,МР Белебеевский,0.0,114
v5-20261009T121014Z-d833d0,node_subsample,МР Балтачевский,МР Белокатайский,0.18032786885245902,122
v5-20261009T121014Z-d833d0,node_subsample,МР Балтачевский,МР Белорецкий,0.0,120
v5-20261009T121014Z-d833d0,node_subsample,МР Балтачевский,МР Бижбулякский,0.9747899159663865,119
v5-20261009T121014Z-d833d0,node_subsample,МР Балтачевский,МР Бирский,0.0,124
v5-20261009T121014Z-d833d0,node_subsample,МР Балтачевский,МР Благоварский,0.9672131147540983,122
v5-20261009T121014Z-d833d0,node_subsample,МР Балтачевский,МР Благовещенский,0.0,131
v5-20261009T121014Z-d833d0,node_subsample,МР Балтачевский,МР Буздякский,0.9916666666666667,120
v5-20261009T121014Z-d833d0,node_subsample,МР Балтачевский,МР Бураевский,0.9838709677419355,124
v5-20261009T121014Z-d833d0,node_subsample,МР Балтачевский,МР Бурзянский,0.136,125
v5-20261009T121014Z-d833d0,node_subsample,МР Балтачевский,МР Гафурийский,0.7777777777777778,117
v5-20261009T121014Z-d833d0,node_subsample,МР Балтачевский,МР Давлекановский,0.976,125
v5-20261009T121014Z-d833d0,node_subsample,МР Балтачевский,МР Дуванский,0.13008130081300814,123
v5-20261009T121014Z-d833d0,node_subsample,МР Балтачевский,МР Дюртюлинский,0.0,127
v5-20261009T121014Z-d833d0,node_subsample,МР Балтачевский,МР Ермекеевский,0.9754098360655737,122
v5-20261009T121014Z-d833d0,node_subsample,МР Балтачевский,МР Зианчуринский,0.2222222222222222,126
v5-20261009T121014Z-d833d0,node_subsample,МР Балтачевский,МР Зилаирский,0.11450381679389313,131
v5-20261009T121014Z-d833d0,node_subsample,МР Балтачевский,МР Иглинский,0.0,112
v5-20261009T121014Z-d833d0,node_subsample,МР Балтачевский,МР Илишевский,1.0,127
v5-20261009T121014Z-d833d0,node_subsample,МР Балтачевский,МР Ишимбайский,0.0,121
v5-20261009T121014Z-d833d0,node_subsample,МР Балтачевский,МР Калтасинский,0.9745762711864406,118
v5-20261009T121014Z-d833d0,node_subsample,МР Балтачевский,МР Караидельский,0.9523809523809523,126
v5-20261009T121014Z-d833d0,node_subsample,МР Балтачевский,МР Кармаскалинский,0.9534883720930233,129
v5-20261009T121014Z-d833d0,node_subsample,МР Балтачевский,МР Кигинский,0.24166666666666667,120
v5-20261009T121014Z-d833d0,node_subsample,МР Балтачевский,МР Краснокамский,0.9669421487603306,121
v5-20261009T121014Z-d833d0,node_subsample,МР Балтачевский,МР Кугарчинский,0.2807017543859649,114
v5-20261009T121014Z-d833d0,node_subsample,МР Балтачевский,МР Кушнаренковский,0.992,125
v5-20261009T121014Z-d833d0,node_subsample,МР Балтачевский,МР Куюргазинский,0.9586776859504132,121
v5-20261009T121014Z-d833d0,node_subsample,МР Балтачевский,МР Мелеузовский,0.0,123
v5-20261009T121014Z-d833d0,node_subsample,МР Балтачевский,МР Мечетлинский,0.23076923076923078,130
v5-20261009T121014Z-d833d0,node_subsample,МР Балтачевский,МР Мишкинский,0.9921259842519685,127
v5-20261009T121014Z-d833d0,node_subsample,МР Балтачевский,МР Миякинский,0.9838709677419355,124
v5-20261009T121014Z-d833d0,node_subsample,МР Балтачевский,МР Нуримановский,0.9770992366412213,131
v5-20261009T121014Z-d833d0,node_subsample,МР Балтачевский,МР Салаватский,0.1532258064516129,124
v5-20261009T121014Z-d833d0,node_subsample,МР Балтачевский,МР Стерлибашевский,0.9739130434782609,115
v5-20261009T121014Z-d833d0,node_subsample,МР Балтачевский,МР Стерлитамакский,0.0,129
v5-20261009T121014Z-d833d0,node_subsample,МР Балтачевский,МР Татышлинский,0.2926829268292683,123
v5-20261009T121014Z-d833d0,node_subsample,МР Балтачевский,МР Туймазинский,0.0,129
v5-20261009T121014Z-d833d0,node_subsample,МР Балтачевский,МР Уфимский,0.0,128
v5-20261009T121014Z-d833d0,node_subsample,МР Балтачевский,МР Учалинский,0.0,115
v5-20261009T121014Z-d833d0,node_subsample,МР Балтачевский,МР Федоровский,0.9765625,128
v5-20261009T121014Z-d833d0,node_subsample,МР Балтачевский,МР Хайбуллинский,0.10077519379844961,129
v5-20261009T121014Z-d833d0,node_subsample,МР Балтачевский,МР Чекмагушевский,0.9765625,128
v5-20261009T121014Z-d833d0,node_subsample,МР Балтачевский,МР Чишминский,0.0,131
v5-20261009T121014Z-d833d0,node_subsample,МР Балтачевский,МР Шаранский,0.9745762711864406,118
v5-20261009T121014Z-d833d0,node_subsample,МР Балтачевский,МР Янаульский,0.023622047244094488,127
v5-20261009T121014Z-d833d0,node_subsample,МР Белебеевский,МР Белокатайский,0.0,124
v5-20261009T121014Z-d833d0,node_subsample,МР Белебеевский,МР Белорецкий,0.9919354838709677,124
v5-20261009T121014Z-d833d0,node_subsample,МР Белебеевский,МР Бижбулякский,0.0,124
v5-20261009T121014Z-d833d0,node_subsample,МР Белебеевский,МР Бирский,1.0,120
v5-20261009T121014Z-d833d0,node_subsample,МР Белебеевский,МР Благоварский,0.0,129
v5-20261009T121014Z-d833d0,node_subsample,МР Белебеевский,МР Благовещенский,0.983739837398374,123
v5-20261009T121014Z-d833d0,node_subsample,МР Белебеевский,МР Буздякский,0.0,120
v5-20261009T121014Z-d833d0,node_subsample,МР Белебеевский,МР Бураевский,0.0,124
v5-20261009T121014Z-d833d0,node_subsample,МР Белебеевский,МР Бурзянский,0.008403361344537815,119
v5-20261009T121014Z-d833d0,node_subsample,МР Белебеевский,МР Гафурийский,0.0,124
v5-20261009T121014Z-d833d0,node_subsample,МР Белебеевский,МР Давлекановский,0.0,119
v5-20261009T121014Z-d833d0,node_subsample,МР Белебеевский,МР Дуванский,0.0,124
v5-20261009T121014Z-d833d0,node_subsample,МР Белебеевский,МР Дюртюлинский,1.0,132
v5-20261009T121014Z-d833d0,node_subsample,МР Белебеевский,МР Ермекеевский,0.0,119
v5-20261009T121014Z-d833d0,node_subsample,МР Белебеевский,МР Зианчуринский,0.0,126
v5-20261009T121014Z-d833d0,node_subsample,МР Белебеевский,МР Зилаирский,0.03787878787878788,132
v5-20261009T121014Z-d833d0,node_subsample,МР Белебеевский,МР Иглинский,0.9915966386554622,119
v5-20261009T121014Z-d833d0,node_subsample,МР Белебеевский,МР Илишевский,0.0,121
v5-20261009T121014Z-d833d0,node_subsample,МР Белебеевский,МР Ишимбайский,1.0,122
v5-20261009T121014Z-d833d0,node_subsample,МР Белебеевский,МР Калтасинский,0.0,120
v5-20261009T121014Z-d833d0,node_subsample,МР Белебеевский,МР Караидельский,0.0,123
v5-20261009T121014Z-d833d0,node_subsample,МР Белебеевский,МР Кармаскалинский,0.0,124
v5-20261009T121014Z-d833d0,node_subsample,МР Белебеевский,МР Кигинский,0.0,113
v5-20261009T121014Z-d833d0,node_subsample,МР Белебеевский,МР Краснокамский,0.00819672131147541,122
v5-20261009T121014Z-d833d0,node_subsample,МР Белебеевский,МР Кугарчинский,0.0,117
v5-20261009T121014Z-d833d0,node_subsample,МР Белебеевский,МР Кушнаренковский,0.0,125
v5-20261009T121014Z-d833d0,node_subsample,МР Белебеевский,МР Куюргазинский,0.0,127
v5-20261009T121014Z-d833d0,node_subsample,МР Белебеевский,МР Мелеузовский,1.0,123
v5-20261009T121014Z-d833d0,node_subsample,МР Белебеевский,МР Мечетлинский,0.0,125
v5-20261009T121014Z-d833d0,node_subsample,МР Белебеевский,МР Мишкинский,0.0,127
v5-20261009T121014Z-d833d0,node_subsample,МР Белебеевский,МР Миякинский,0.0,122
v5-20261009T121014Z-d833d0,node_subsample,МР Белебеевский,МР Нуримановский,0.0,128
v5-20261009T121014Z-d833d0,node_subsample,МР Белебеевский,МР Салаватский,0.0,122
v5-20261009T121014Z-d833d0,node_subsample,МР Белебеевский,МР Стерлибашевский,0.0,117
v5-20261009T121014Z-d833d0,node_subsample,МР Белебеевский,МР Стерлитамакский,1.0,130
v5-20261009T121014Z-d833d0,node_subsample,МР Белебеевский,МР Татышлинский,0.0,124
v5-20261009T121014Z-d833d0,node_subsample,МР Белебеевский,МР Туймазинский,1.0,129
v5-20261009T121014Z-d833d0,node_subsample,МР Белебеевский,МР Уфимский,1.0,131
v5-20261009T121014Z-d833d0,node_subsample,МР Белебеевский,МР Учалинский,1.0,117
v5-20261009T121014Z-d833d0,node_subsample,МР Белебеевский,МР Федоровский,0.0,125
v5-20261009T121014Z-d833d0,node_subsample,МР Белебеевский,МР Хайбуллинский,0.0,128
v5-20261009T121014Z-d833d0,node_subsample,МР Белебеевский,МР Чекмагушевский,0.0,127
v5-20261009T121014Z-d833d0,node_subsample,МР Белебеевский,МР Чишминский,0.9838709677419355,124
v5-20261009T121014Z-d833d0,node_subsample,МР Белебеевский,МР Шаранский,0.0,114
v5-20261009T121014Z-d833d0,node_subsample,МР Белебеевский,МР Янаульский,0.9763779527559056,127
v5-20261009T121014Z-d833d0,node_subsample,МР Белокатайский,МР Белорецкий,0.0,128
v5-20261009T121014Z-d833d0,node_subsample,МР Белокатайский,МР Бижбулякский,0.18110236220472442,127
v5-20261009T121014Z-d833d0,node_subsample,МР Белокатайский,МР Бирский,0.0,132
v5-20261009T121014Z-d833d0,node_subsample,МР Белокатайский,МР Благоварский,0.20454545454545456,132
v5-20261009T121014Z-d833d0,node_subsample,МР Белокатайский,МР Благовещенский,0.0,135
v5-20261009T121014Z-d833d0,node_subsample,МР Белокатайский,МР Буздякский,0.16535433070866143,127
v5-20261009T121014Z-d833d0,node_subsample,МР Белокатайский,МР Бураевский,0.17424242424242425,132
v5-20261009T121014Z-d833d0,node_subsample,МР Белокатайский,МР Бурзянский,0.9285714285714286,126
v5-20261009T121014Z-d833d0,node_subsample,МР Белокатайский,МР Гафурийский,0.4961832061068702,131
v5-20261009T121014Z-d833d0,node_subsample,МР Белокатайский,МР Давлекановский,0.21951219512195122,123
v5-20261009T121014Z-d833d0,node_subsample,МР Белокатайский,МР Дуванский,0.9921875,128
v5-20261009T121014Z-d833d0,node_subsample,МР Белокатайский,МР Дюртюлинский,0.0,135
v5-20261009T121014Z-d833d0,node_subsample,МР Белокатайский,МР Ермекеевский,0.1937984496124031,129
v5-20261009T121014Z-d833d0,node_subsample,МР Белокатайский,МР Зианчуринский,1.0,133
v5-20261009T121014Z-d833d0,node_subsample,МР Белокатайский,МР Зилаирский,0.9037037037037037,135
v5-20261009T121014Z-d833d0,node_subsample,МР Белокатайский,МР Иглинский,0.0,120
v5-20261009T121014Z-d833d0,node_subsample,МР Белокатайский,МР Илишевский,0.1889763779527559,127
v5-20261009T121014Z-d833d0,node_subsample,МР Белокатайский,МР Ишимбайский,0.0,129
v5-20261009T121014Z-d833d0,node_subsample,МР Белокатайский,МР Калтасинский,0.21774193548387097,124
v5-20261009T121014Z-d833d0,node_subsample,МР Белокатайский,МР Караидельский,0.25,128
v5-20261009T121014Z-d833d0,node_subsample,МР Белокатайский,МР Кармаскалинский,0.1875,128
v5-20261009T121014Z-d833d0,node_subsample,МР Белокатайский,МР Кигинский,1.0,123
v5-20261009T121014Z-d833d0,node_subsample,МР Белокатайский,МР Краснокамский,0.15873015873015872,126
v5-20261009T121014Z-d833d0,node_subsample,МР Белокатайский,МР Кугарчинский,0.9508196721311475,122
v5-20261009T121014Z-d833d0,node_subsample,МР Белокатайский,МР Кушнаренковский,0.15151515151515152,132
v5-20261009T121014Z-d833d0,node_subsample,МР Белокатайский,МР Куюргазинский,0.2692307692307692,130
v5-20261009T121014Z-d833d0,node_subsample,МР Белокатайский,МР Мелеузовский,0.0,122
v5-20261009T121014Z-d833d0,node_subsample,МР Белокатайский,МР Мечетлинский,1.0,127
v5-20261009T121014Z-d833d0,node_subsample,МР Белокатайский,МР Мишкинский,0.23076923076923078,130
v5-20261009T121014Z-d833d0,node_subsample,МР Белокатайский,МР Миякинский,0.2153846153846154,130
v5-20261009T121014Z-d833d0,node_subsample,МР Белокатайский,МР Нуримановский,0.1897810218978102,137
v5-20261009T121014Z-d833d0,node_subsample,МР Белокатайский,МР Салаватский,0.96,125
v5-20261009T121014Z-d833d0,node_subsample,МР Белокатайский,МР Стерлибашевский,0.17886178861788618,123
v5-20261009T121014Z-d833d0,node_subsample,МР Белокатайский,МР Стерлитамакский,0.0,134
v5-20261009T121014Z-d833d0,node_subsample,МР Белокатайский,МР Татышлинский,0.90625,128
v5-20261009T121014Z-d833d0,node_subsample,МР Белокатайский,МР Туймазинский,0.0,134
v5-20261009T121014Z-d833d0,node_subsample,МР Белокатайский,МР Уфимский,0.0,133
v5-20261009T121014Z-d833d0,node_subsample,МР Белокатайский,МР Учалинский,0.0,123
v5-20261009T121014Z-d833d0,node_subsample,МР Белокатайский,МР Федоровский,0.19230769230769232,130
v5-20261009T121014Z-d833d0,node_subsample,МР Белокатайский,МР Хайбуллинский,0.9411764705882353,136
v5-20261009T121014Z-d833d0,node_subsample,МР Белокатайский,МР Чекмагушевский,0.16030534351145037,131
v5-20261009T121014Z-d833d0,node_subsample,МР Белокатайский,МР Чишминский,0.0,131
v5-20261009T121014Z-d833d0,node_subsample,МР Белокатайский,МР Шаранский,0.14634146341463414,123
v5-20261009T121014Z-d833d0,node_subsample,МР Белокатайский,МР Янаульский,0.0,126
v5-20261009T121014Z-d833d0,node_subsample,МР Белорецкий,МР Бижбулякский,0.0,126
v5-20261009T121014Z-d833d0,node_subsample,МР Белорецкий,МР Бирский,1.0,129
v5-20261009T121014Z-d833d0,node_subsample,МР Белорецкий,МР Благоварский,0.0078125,128
v5-20261009T121014Z-d833d0,node_subsample,МР Белорецкий,МР Благовещенский,0.9924242424242424,132
v5-20261009T121014Z-d833d0,node_subsample,МР Белорецкий,МР Буздякский,0.0,122
v5-20261009T121014Z-d833d0,node_subsample,МР Белорецкий,МР Бураевский,0.0,129
v5-20261009T121014Z-d833d0,node_subsample,МР Белорецкий,МР Бурзянский,0.015748031496062992,127
v5-20261009T121014Z-d833d0,node_subsample,МР Белорецкий,МР Гафурийский,0.0,127
v5-20261009T121014Z-d833d0,node_subsample,МР Белорецкий,МР Давлекановский,0.0,126
v5-20261009T121014Z-d833d0,node_subsample,МР Белорецкий,МР Дуванский,0.007633587786259542,131
v5-20261009T121014Z-d833d0,node_subsample,МР Белорецкий,МР Дюртюлинский,1.0,131
v5-20261009T121014Z-d833d0,node_subsample,МР Белорецкий,МР Ермекеевский,0.0,124
v5-20261009T121014Z-d833d0,node_subsample,МР Белорецкий,МР Зианчуринский,0.007692307692307693,130
v5-20261009T121014Z-d833d0,node_subsample,МР Белорецкий,МР Зилаирский,0.044444444444444446,135
v5-20261009T121014Z-d833d0,node_subsample,МР Белорецкий,МР Иглинский,0.9918032786885246,122
v5-20261009T121014Z-d833d0,node_subsample,МР Белорецкий,МР Илишевский,0.007936507936507936,126
v5-20261009T121014Z-d833d0,node_subsample,МР Белорецкий,МР Ишимбайский,0.992,125
v5-20261009T121014Z-d833d0,node_subsample,МР Белорецкий,МР Калтасинский,0.0,125
v5-20261009T121014Z-d833d0,node_subsample,МР Белорецкий,МР Караидельский,0.0,130
v5-20261009T121014Z-d833d0,node_subsample,МР Белорецкий,МР Кармаскалинский,0.015267175572519083,131
v5-20261009T121014Z-d833d0,node_subsample,МР Белорецкий,МР Кигинский,0.008,125
v5-20261009T121014Z-d833d0,node_subsample,МР Белорецкий,МР Краснокамский,0.007936507936507936,126
v5-20261009T121014Z-d833d0,node_subsample,МР Белорецкий,МР Кугарчинский,0.00819672131147541,122
v5-20261009T121014Z-d833d0,node_subsample,МР Белорецкий,МР Кушнаренковский,0.0,133
v5-20261009T121014Z-d833d0,node_subsample,МР Белорецкий,МР Куюргазинский,0.0,129
v5-20261009T121014Z-d833d0,node_subsample,МР Белорецкий,МР Мелеузовский,0.992,125
v5-20261009T121014Z-d833d0,node_subsample,МР Белорецкий,МР Мечетлинский,0.007874015748031496,127
v5-20261009T121014Z-d833d0,node_subsample,МР Белорецкий,МР Мишкинский,0.0,132
v5-20261009T121014Z-d833d0,node_subsample,МР Белорецкий,МР Миякинский,0.0,123
v5-20261009T121014Z-d833d0,node_subsample,МР Белорецкий,МР Нуримановский,0.0,132
v5-20261009T121014Z-d833d0,node_subsample,МР Белорецкий,МР Салаватский,0.007874015748031496,127
v5-20261009T121014Z-d833d0,node_subsample,МР Белорецкий,МР Стерлибашевский,0.0,122
v5-20261009T121014Z-d833d0,node_subsample,МР Белорецкий,МР Стерлитамакский,0.9924242424242424,132
v5-20261009T121014Z-d833d0,node_subsample,МР Белорецкий,МР Татышлинский,0.0078125,128
v5-20261009T121014Z-d833d0,node_subsample,МР Белорецкий,МР Туймазинский,0.9924812030075187,133
v5-20261009T121014Z-d833d0,node_subsample,МР Белорецкий,МР Уфимский,0.9923664122137404,131
v5-20261009T121014Z-d833d0,node_subsample,МР Белорецкий,МР Учалинский,1.0,119
v5-20261009T121014Z-d833d0,node_subsample,МР Белорецкий,МР Федоровский,0.0,128
v5-20261009T121014Z-d833d0,node_subsample,МР Белорецкий,МР Хайбуллинский,0.007462686567164179,134
v5-20261009T121014Z-d833d0,node_subsample,МР Белорецкий,МР Чекмагушевский,0.0,129
v5-20261009T121014Z-d833d0,node_subsample,МР Белорецкий,МР Чишминский,0.9925925925925926,135
v5-20261009T121014Z-d833d0,node_subsample,МР Белорецкий,МР Шаранский,0.0,121
v5-20261009T121014Z-d833d0,node_subsample,МР Белорецкий,МР Янаульский,0.9696969696969697,132
v5-20261009T121014Z-d833d0,node_subsample,МР Бижбулякский,МР Бирский,0.0,127
v5-20261009T121014Z-d833d0,node_subsample,МР Бижбулякский,МР Благоварский,0.984375,128
v5-20261009T121014Z-d833d0,node_subsample,МР Бижбулякский,МР Благовещенский,0.0,130
v5-20261009T121014Z-d833d0,node_subsample,МР Бижбулякский,МР Буздякский,1.0,121
v5-20261009T121014Z-d833d0,node_subsample,МР Бижбулякский,МР Бураевский,1.0,128
v5-20261009T121014Z-d833d0,node_subsample,МР Бижбулякский,МР Бурзянский,0.11290322580645161,124
v5-20261009T121014Z-d833d0,node_subsample,МР Бижбулякский,МР Гафурийский,0.746031746031746,126
v5-20261009T121014Z-d833d0,node_subsample,МР Бижбулякский,МР Давлекановский,1.0,125
v5-20261009T121014Z-d833d0,node_subsample,МР Бижбулякский,МР Дуванский,0.13636363636363635,132
v5-20261009T121014Z-d833d0,node_subsample,МР Бижбулякский,МР Дюртюлинский,0.0,132
v5-20261009T121014Z-d833d0,node_subsample,МР Бижбулякский,МР Ермекеевский,1.0,125
v5-20261009T121014Z-d833d0,node_subsample,МР Бижбулякский,МР Зианчуринский,0.20634920634920634,126
v5-20261009T121014Z-d833d0,node_subsample,МР Бижбулякский,МР Зилаирский,0.09701492537313433,134
v5-20261009T121014Z-d833d0,node_subsample,МР Бижбулякский,МР Иглинский,0.0,123
v5-20261009T121014Z-d833d0,node_subsample,МР Бижбулякский,МР Илишевский,0.96875,128
v5-20261009T121014Z-d833d0,node_subsample,МР Бижбулякский,МР Ишимбайский,0.0,123
v5-20261009T121014Z-d833d0,node_subsample,МР Бижбулякский,МР Калтасинский,0.9761904761904762,126
v5-20261009T121014Z-d833d0,node_subsample,МР Бижбулякский,МР Караидельский,0.9318181818181818,132
v5-20261009T121014Z-d833d0,node_subsample,МР Бижбулякский,МР Кармаскалинский,0.9621212121212122,132
v5-20261009T121014Z-d833d0,node_subsample,МР Бижбулякский,МР Кигинский,0.22131147540983606,122
v5-20261009T121014Z-d833d0,node_subsample,МР Бижбулякский,МР Краснокамский,0.9917355371900827,121
v5-20261009T121014Z-d833d0,node_subsample,МР Бижбулякский,МР Кугарчинский,0.25,116
v5-20261009T121014Z-d833d0,node_subsample,МР Бижбулякский,МР Кушнаренковский,1.0,128
v5-20261009T121014Z-d833d0,node_subsample,МР Бижбулякский,МР Куюргазинский,0.9384615384615385,130
v5-20261009T121014Z-d833d0,node_subsample,МР Бижбулякский,МР Мелеузовский,0.0,126
v5-20261009T121014Z-d833d0,node_subsample,МР Бижбулякский,МР Мечетлинский,0.20155038759689922,129
v5-20261009T121014Z-d833d0,node_subsample,МР Бижбулякский,МР Мишкинский,0.9696969696969697,132
v5-20261009T121014Z-d833d0,node_subsample,МР Бижбулякский,МР Миякинский,1.0,126
v5-20261009T121014Z-d833d0,node_subsample,МР Бижбулякский,МР Нуримановский,0.9848484848484849,132
v5-20261009T121014Z-d833d0,node_subsample,МР Бижбулякский,МР Салаватский,0.13178294573643412,129
v5-20261009T121014Z-d833d0,node_subsample,МР Бижбулякский,МР Стерлибашевский,1.0,127
v5-20261009T121014Z-d833d0,node_subsample,МР Бижбулякский,МР Стерлитамакский,0.0,130
v5-20261009T121014Z-d833d0,node_subsample,МР Бижбулякский,МР Татышлинский,0.24603174603174602,126
v5-20261009T121014Z-d833d0,node_subsample,МР Бижбулякский,МР Туймазинский,0.0,132
v5-20261009T121014Z-d833d0,node_subsample,МР Бижбулякский,МР Уфимский,0.0,135
v5-20261009T121014Z-d833d0,node_subsample,МР Бижбулякский,МР Учалинский,0.0,122
v5-20261009T121014Z-d833d0,node_subsample,МР Бижбулякский,МР Федоровский,1.0,128
v5-20261009T121014Z-d833d0,node_subsample,МР Бижбулякский,МР Хайбуллинский,0.09701492537313433,134
v5-20261009T121014Z-d833d0,node_subsample,МР Бижбулякский,МР Чекмагушевский,1.0,131
v5-20261009T121014Z-d833d0,node_subsample,МР Бижбулякский,МР Чишминский,0.0,132
v5-20261009T121014Z-d833d0,node_subsample,МР Бижбулякский,МР Шаранский,1.0,118
v5-20261009T121014Z-d833d0,node_subsample,МР Бижбулякский,МР Янаульский,0.0,127
v5-20261009T121014Z-d833d0,node_subsample,МР Бирский,МР Благоварский,0.007575757575757576,132
v5-20261009T121014Z-d833d0,node_subsample,МР Бирский,МР Благовещенский,0.9924812030075187,133
v5-20261009T121014Z-d833d0,node_subsample,МР Бирский,МР Буздякский,0.0,128
v5-20261009T121014Z-d833d0,node_subsample,МР Бирский,МР Бураевский,0.0,130
v5-20261009T121014Z-d833d0,node_subsample,МР Бирский,МР Бурзянский,0.0078125,128
v5-20261009T121014Z-d833d0,node_subsample,МР Бирский,МР Гафурийский,0.0,130
v5-20261009T121014Z-d833d0,node_subsample,МР Бирский,МР Давлекановский,0.0,127
v5-20261009T121014Z-d833d0,node_subsample,МР Бирский,МР Дуванский,0.0,133
v5-20261009T121014Z-d833d0,node_subsample,МР Бирский,МР Дюртюлинский,1.0,133
v5-20261009T121014Z-d833d0,node_subsample,МР Бирский,МР Ермекеевский,0.0,125
v5-20261009T121014Z-d833d0,node_subsample,МР Бирский,МР Зианчуринский,0.0,131
v5-20261009T121014Z-d833d0,node_subsample,МР Бирский,МР Зилаирский,0.03731343283582089,134
v5-20261009T121014Z-d833d0,node_subsample,МР Бирский,МР Иглинский,0.9917355371900827,121
v5-20261009T121014Z-d833d0,node_subsample,МР Бирский,МР Илишевский,0.0,127
v5-20261009T121014Z-d833d0,node_subsample,МР Бирский,МР Ишимбайский,1.0,129
v5-20261009T121014Z-d833d0,node_subsample,МР Бирский,МР Калтасинский,0.0,122
v5-20261009T121014Z-d833d0,node_subsample,МР Бирский,МР Караидельский,0.0,127
v5-20261009T121014Z-d833d0,node_subsample,МР Бирский,МР Кармаскалинский,0.007751937984496124,129
v5-20261009T121014Z-d833d0,node_subsample,МР Бирский,МР Кигинский,0.0,125
v5-20261009T121014Z-d833d0,node_subsample,МР Бирский,МР Краснокамский,0.007936507936507936,126
v5-20261009T121014Z-d833d0,node_subsample,МР Бирский,МР Кугарчинский,0.0,120
v5-20261009T121014Z-d833d0,node_subsample,МР Бирский,МР Кушнаренковский,0.0,129
v5-20261009T121014Z-d833d0,node_subsample,МР Бирский,МР Куюргазинский,0.0,129
v5-20261009T121014Z-d833d0,node_subsample,МР Бирский,МР Мелеузовский,1.0,125
v5-20261009T121014Z-d833d0,node_subsample,МР Бирский,МР Мечетлинский,0.0,127
v5-20261009T121014Z-d833d0,node_subsample,МР Бирский,МР Мишкинский,0.0,135
v5-20261009T121014Z-d833d0,node_subsample,МР Бирский,МР Миякинский,0.0,127
v5-20261009T121014Z-d833d0,node_subsample,МР Бирский,МР Нуримановский,0.0,134
v5-20261009T121014Z-d833d0,node_subsample,МР Бирский,МР Салаватский,0.0,126
v5-20261009T121014Z-d833d0,node_subsample,МР Бирский,МР Стерлибашевский,0.0,125
v5-20261009T121014Z-d833d0,node_subsample,МР Бирский,МР Стерлитамакский,1.0,133
v5-20261009T121014Z-d833d0,node_subsample,МР Бирский,МР Татышлинский,0.0,129
v5-20261009T121014Z-d833d0,node_subsample,МР Бирский,МР Туймазинский,1.0,134
v5-20261009T121014Z-d833d0,node_subsample,МР Бирский,МР Уфимский,1.0,137
v5-20261009T121014Z-d833d0,node_subsample,МР Бирский,МР Учалинский,1.0,125
v5-20261009T121014Z-d833d0,node_subsample,МР Бирский,МР Федоровский,0.0,131
v5-20261009T121014Z-d833d0,node_subsample,МР Бирский,МР Хайбуллинский,0.0,132
v5-20261009T121014Z-d833d0,node_subsample,МР Бирский,МР Чекмагушевский,0.0,132
v5-20261009T121014Z-d833d0,node_subsample,МР Бирский,МР Чишминский,0.9924242424242424,132
v5-20261009T121014Z-d833d0,node_subsample,МР Бирский,МР Шаранский,0.0,123
v5-20261009T121014Z-d833d0,node_subsample,МР Бирский,МР Янаульский,0.9769230769230769,130
v5-20261009T121014Z-d833d0,node_subsample,МР Благоварский,МР Благовещенский,0.014925373134328358,134
v5-20261009T121014Z-d833d0,node_subsample,МР Благоварский,МР Буздякский,0.9844961240310077,129
v5-20261009T121014Z-d833d0,node_subsample,МР Благоварский,МР Бураевский,0.9769230769230769,130
v5-20261009T121014Z-d833d0,node_subsample,МР Благоварский,МР Бурзянский,0.13846153846153847,130
v5-20261009T121014Z-d833d0,node_subsample,МР Благоварский,МР Гафурийский,0.7686567164179104,134
v5-20261009T121014Z-d833d0,node_subsample,МР Благоварский,МР Давлекановский,0.9921259842519685,127
v5-20261009T121014Z-d833d0,node_subsample,МР Благоварский,МР Дуванский,0.15037593984962405,133
v5-20261009T121014Z-d833d0,node_subsample,МР Благоварский,МР Дюртюлинский,0.007407407407407408,135
v5-20261009T121014Z-d833d0,node_subsample,МР Благоварский,МР Ермекеевский,0.984375,128
v5-20261009T121014Z-d833d0,node_subsample,МР Благоварский,МР Зианчуринский,0.19402985074626866,134
v5-20261009T121014Z-d833d0,node_subsample,МР Благоварский,МР Зилаирский,0.1223021582733813,139
v5-20261009T121014Z-d833d0,node_subsample,МР Благоварский,МР Иглинский,0.016,125
v5-20261009T121014Z-d833d0,node_subsample,МР Благоварский,МР Илишевский,0.9538461538461539,130
v5-20261009T121014Z-d833d0,node_subsample,МР Благоварский,МР Ишимбайский,0.0,129
v5-20261009T121014Z-d833d0,node_subsample,МР Благоварский,МР Калтасинский,0.9603174603174603,126
v5-20261009T121014Z-d833d0,node_subsample,МР Благоварский,МР Караидельский,0.9253731343283582,134
v5-20261009T121014Z-d833d0,node_subsample,МР Благоварский,МР Кармаскалинский,0.9851851851851852,135
v5-20261009T121014Z-d833d0,node_subsample,МР Благоварский,МР Кигинский,0.24,125
v5-20261009T121014Z-d833d0,node_subsample,МР Благоварский,МР Краснокамский,0.967741935483871,124
v5-20261009T121014Z-d833d0,node_subsample,МР Благоварский,МР Кугарчинский,0.25396825396825395,126
v5-20261009T121014Z-d833d0,node_subsample,МР Благоварский,МР Кушнаренковский,0.9765625,128
v5-20261009T121014Z-d833d0,node_subsample,МР Благоварский,МР Куюргазинский,0.9328358208955224,134
v5-20261009T121014Z-d833d0,node_subsample,МР Благоварский,МР Мелеузовский,0.007874015748031496,127
v5-20261009T121014Z-d833d0,node_subsample,МР Благоварский,МР Мечетлинский,0.19548872180451127,133
v5-20261009T121014Z-d833d0,node_subsample,МР Благоварский,МР Мишкинский,0.9708029197080292,137
v5-20261009T121014Z-d833d0,node_subsample,МР Благоварский,МР Миякинский,0.9849624060150376,133
v5-20261009T121014Z-d833d0,node_subsample,МР Благоварский,МР Нуримановский,0.9925373134328358,134
v5-20261009T121014Z-d833d0,node_subsample,МР Благоварский,МР Салаватский,0.1484375,128
v5-20261009T121014Z-d833d0,node_subsample,МР Благоварский,МР Стерлибашевский,0.9841269841269841,126
v5-20261009T121014Z-d833d0,node_subsample,МР Благоварский,МР Стерлитамакский,0.007142857142857143,140
v5-20261009T121014Z-d833d0,node_subsample,МР Благоварский,МР Татышлинский,0.2824427480916031,131
v5-20261009T121014Z-d833d0,node_subsample,МР Благоварский,МР Туймазинский,0.007246376811594203,138
v5-20261009T121014Z-d833d0,node_subsample,МР Благоварский,МР Уфимский,0.0070921985815602835,141
v5-20261009T121014Z-d833d0,node_subsample,МР Благоварский,МР Учалинский,0.0,127
v5-20261009T121014Z-d833d0,node_subsample,МР Благоварский,МР Федоровский,0.9772727272727273,132
v5-20261009T121014Z-d833d0,node_subsample,МР Благоварский,МР Хайбуллинский,0.1044776119402985,134
v5-20261009T121014Z-d833d0,node_subsample,МР Благоварский,МР Чекмагушевский,0.9849624060150376,133
v5-20261009T121014Z-d833d0,node_subsample,МР Благоварский,МР Чишминский,0.014705882352941176,136
v5-20261009T121014Z-d833d0,node_subsample,МР Благоварский,МР Шаранский,0.9754098360655737,122
v5-20261009T121014Z-d833d0,node_subsample,МР Благоварский,МР Янаульский,0.022388059701492536,134
v5-20261009T121014Z-d833d0,node_subsample,МР Благовещенский,МР Буздякский,0.0,126
v5-20261009T121014Z-d833d0,node_subsample,МР Благовещенский,МР Бураевский,0.0,131
v5-20261009T121014Z-d833d0,node_subsample,МР Благовещенский,МР Бурзянский,0.015267175572519083,131
v5-20261009T121014Z-d833d0,node_subsample,МР Благовещенский,МР Гафурийский,0.0,132
v5-20261009T121014Z-d833d0,node_subsample,МР Благовещенский,МР Давлекановский,0.0,132
v5-20261009T121014Z-d833d0,node_subsample,МР Благовещенский,МР Дуванский,0.007518796992481203,133
v5-20261009T121014Z-d833d0,node_subsample,МР Благовещенский,МР Дюртюлинский,0.9925925925925926,135
v5-20261009T121014Z-d833d0,node_subsample,МР Благовещенский,МР Ермекеевский,0.0,129
v5-20261009T121014Z-d833d0,node_subsample,МР Благовещенский,МР Зианчуринский,0.0078125,128
v5-20261009T121014Z-d833d0,node_subsample,МР Благовещенский,МР Зилаирский,0.04285714285714286,140
v5-20261009T121014Z-d833d0,node_subsample,МР Благовещенский,МР Иглинский,1.0,121
v5-20261009T121014Z-d833d0,node_subsample,МР Благовещенский,МР Илишевский,0.007518796992481203,133
v5-20261009T121014Z-d833d0,node_subsample,МР Благовещенский,МР Ишимбайский,0.9841269841269841,126
v5-20261009T121014Z-d833d0,node_subsample,МР Благовещенский,МР Калтасинский,0.0,127
v5-20261009T121014Z-d833d0,node_subsample,МР Благовещенский,МР Караидельский,0.0,134
v5-20261009T121014Z-d833d0,node_subsample,МР Благовещенский,МР Кармаскалинский,0.022727272727272728,132
v5-20261009T121014Z-d833d0,node_subsample,МР Благовещенский,МР Кигинский,0.007874015748031496,127
v5-20261009T121014Z-d833d0,node_subsample,МР Благовещенский,МР Краснокамский,0.008064516129032258,124
v5-20261009T121014Z-d833d0,node_subsample,МР Благовещенский,МР Кугарчинский,0.00819672131147541,122
v5-20261009T121014Z-d833d0,node_subsample,МР Благовещенский,МР Кушнаренковский,0.0,134
v5-20261009T121014Z-d833d0,node_subsample,МР Благовещенский,МР Куюргазинский,0.0,133
v5-20261009T121014Z-d833d0,node_subsample,МР Благовещенский,МР Мелеузовский,0.9847328244274809,131
v5-20261009T121014Z-d833d0,node_subsample,МР Благовещенский,МР Мечетлинский,0.007575757575757576,132
v5-20261009T121014Z-d833d0,node_subsample,МР Благовещенский,МР Мишкинский,0.0,133
v5-20261009T121014Z-d833d0,node_subsample,МР Благовещенский,МР Миякинский,0.0,130
v5-20261009T121014Z-d833d0,node_subsample,МР Благовещенский,МР Нуримановский,0.007246376811594203,138
v5-20261009T121014Z-d833d0,node_subsample,МР Благовещенский,МР Салаватский,0.007575757575757576,132
v5-20261009T121014Z-d833d0,node_subsample,МР Благовещенский,МР Стерлибашевский,0.0,124
v5-20261009T121014Z-d833d0,node_subsample,МР Благовещенский,МР Стерлитамакский,0.9927536231884058,138
v5-20261009T121014Z-d833d0,node_subsample,МР Благовещенский,МР Татышлинский,0.0078125,128
v5-20261009T121014Z-d833d0,node_subsample,МР Благовещенский,МР Туймазинский,0.9854014598540146,137
v5-20261009T121014Z-d833d0,node_subsample,МР Благовещенский,МР Уфимский,0.9855072463768116,138
v5-20261009T121014Z-d833d0,node_subsample,МР Благовещенский,МР Учалинский,0.9919354838709677,124
v5-20261009T121014Z-d833d0,node_subsample,МР Благовещенский,МР Федоровский,0.0,133
v5-20261009T121014Z-d833d0,node_subsample,МР Благовещенский,МР Хайбуллинский,0.007462686567164179,134
v5-20261009T121014Z-d833d0,node_subsample,МР Благовещенский,МР Чекмагушевский,0.0,136
v5-20261009T121014Z-d833d0,node_subsample,МР Благовещенский,МР Чишминский,1.0,134
v5-20261009T121014Z-d833d0,node_subsample,МР Благовещенский,МР Шаранский,0.0,125
v5-20261009T121014Z-d833d0,node_subsample,МР Благовещенский,МР Янаульский,0.9696969696969697,132
v5-20261009T121014Z-d833d0,node_subsample,МР Буздякский,МР Бураевский,1.0,122
v5-20261009T121014Z-d833d0,node_subsample,МР Буздякский,МР Бурзянский,0.1111111111111111,126
v5-20261009T121014Z-d833d0,node_subsample,МР Буздякский,МР Гафурийский,0.7398373983739838,123
v5-20261009T121014Z-d833d0,node_subsample,МР Буздякский,МР Давлекановский,1.0,124
v5-20261009T121014Z-d833d0,node_subsample,МР Буздякский,МР Дуванский,0.09523809523809523,126
v5-20261009T121014Z-d833d0,node_subsample,МР Буздякский,МР Дюртюлинский,0.0,126
v5-20261009T121014Z-d833d0,node_subsample,МР Буздякский,МР Ермекеевский,1.0,123
v5-20261009T121014Z-d833d0,node_subsample,МР Буздякский,МР Зианчуринский,0.18110236220472442,127
v5-20261009T121014Z-d833d0,node_subsample,МР Буздякский,МР Зилаирский,0.0625,128
v5-20261009T121014Z-d833d0,node_subsample,МР Буздякский,МР Иглинский,0.0,116
v5-20261009T121014Z-d833d0,node_subsample,МР Буздякский,МР Илишевский,0.9833333333333333,120
v5-20261009T121014Z-d833d0,node_subsample,МР Буздякский,МР Ишимбайский,0.0,118
v5-20261009T121014Z-d833d0,node_subsample,МР Буздякский,МР Калтасинский,0.9754098360655737,122
v5-20261009T121014Z-d833d0,node_subsample,МР Буздякский,МР Караидельский,0.9444444444444444,126
v5-20261009T121014Z-d833d0,node_subsample,МР Буздякский,МР Кармаскалинский,0.968503937007874,127
v5-20261009T121014Z-d833d0,node_subsample,МР Буздякский,МР Кигинский,0.20491803278688525,122
v5-20261009T121014Z-d833d0,node_subsample,МР Буздякский,МР Краснокамский,0.9915966386554622,119
v5-20261009T121014Z-d833d0,node_subsample,МР Буздякский,МР Кугарчинский,0.20689655172413793,116
v5-20261009T121014Z-d833d0,node_subsample,МР Буздякский,МР Кушнаренковский,1.0,125
v5-20261009T121014Z-d833d0,node_subsample,МР Буздякский,МР Куюргазинский,0.9512195121951219,123
v5-20261009T121014Z-d833d0,node_subsample,МР Буздякский,МР Мелеузовский,0.0,118
v5-20261009T121014Z-d833d0,node_subsample,МР Буздякский,МР Мечетлинский,0.168,125
v5-20261009T121014Z-d833d0,node_subsample,МР Буздякский,МР Мишкинский,0.9770992366412213,131
v5-20261009T121014Z-d833d0,node_subsample,МР Буздякский,МР Миякинский,1.0,123
v5-20261009T121014Z-d833d0,node_subsample,МР Буздякский,МР Нуримановский,0.9923664122137404,131
v5-20261009T121014Z-d833d0,node_subsample,МР Буздякский,МР Салаватский,0.1,120
v5-20261009T121014Z-d833d0,node_subsample,МР Буздякский,МР Стерлибашевский,1.0,119
v5-20261009T121014Z-d833d0,node_subsample,МР Буздякский,МР Стерлитамакский,0.0,133
v5-20261009T121014Z-d833d0,node_subsample,МР Буздякский,МР Татышлинский,0.234375,128
v5-20261009T121014Z-d833d0,node_subsample,МР Буздякский,МР Туймазинский,0.0,128
v5-20261009T121014Z-d833d0,node_subsample,МР Буздякский,МР Уфимский,0.0,128
v5-20261009T121014Z-d833d0,node_subsample,МР Буздякский,МР Учалинский,0.0,115
v5-20261009T121014Z-d833d0,node_subsample,МР Буздякский,МР Федоровский,1.0,127
v5-20261009T121014Z-d833d0,node_subsample,МР Буздякский,МР Хайбуллинский,0.0703125,128
v5-20261009T121014Z-d833d0,node_subsample,МР Буздякский,МР Чекмагушевский,1.0,128
v5-20261009T121014Z-d833d0,node_subsample,МР Буздякский,МР Чишминский,0.0,128
v5-20261009T121014Z-d833d0,node_subsample,МР Буздякский,МР Шаранский,1.0,118
v5-20261009T121014Z-d833d0,node_subsample,МР Буздякский,МР Янаульский,0.024390243902439025,123
v5-20261009T121014Z-d833d0,node_subsample,МР Бураевский,МР Бурзянский,0.1,130
v5-20261009T121014Z-d833d0,node_subsample,МР Бураевский,МР Гафурийский,0.7384615384615385,130
v5-20261009T121014Z-d833d0,node_subsample,МР Бураевский,МР Давлекановский,1.0,126
v5-20261009T121014Z-d833d0,node_subsample,МР Бураевский,МР Дуванский,0.11627906976744186,129
v5-20261009T121014Z-d833d0,node_subsample,МР Бураевский,МР Дюртюлинский,0.0,133
v5-20261009T121014Z-d833d0,node_subsample,МР Бураевский,МР Ермекеевский,1.0,123
v5-20261009T121014Z-d833d0,node_subsample,МР Бураевский,МР Зианчуринский,0.183206106870229,131
v5-20261009T121014Z-d833d0,node_subsample,МР Бураевский,МР Зилаирский,0.09558823529411764,136
v5-20261009T121014Z-d833d0,node_subsample,МР Бураевский,МР Иглинский,0.0,118
v5-20261009T121014Z-d833d0,node_subsample,МР Бураевский,МР Илишевский,0.9758064516129032,124
v5-20261009T121014Z-d833d0,node_subsample,МР Бураевский,МР Ишимбайский,0.0,121
v5-20261009T121014Z-d833d0,node_subsample,МР Бураевский,МР Калтасинский,0.968503937007874,127
v5-20261009T121014Z-d833d0,node_subsample,МР Бураевский,МР Караидельский,0.928,125
v5-20261009T121014Z-d833d0,node_subsample,МР Бураевский,МР Кармаскалинский,0.9534883720930233,129
v5-20261009T121014Z-d833d0,node_subsample,МР Бураевский,МР Кигинский,0.19491525423728814,118
v5-20261009T121014Z-d833d0,node_subsample,МР Бураевский,МР Краснокамский,1.0,125
v5-20261009T121014Z-d833d0,node_subsample,МР Бураевский,МР Кугарчинский,0.2413793103448276,116
v5-20261009T121014Z-d833d0,node_subsample,МР Бураевский,МР Кушнаренковский,1.0,133
v5-20261009T121014Z-d833d0,node_subsample,МР Бураевский,МР Куюргазинский,0.9384615384615385,130
v5-20261009T121014Z-d833d0,node_subsample,МР Бураевский,МР Мелеузовский,0.0,125
v5-20261009T121014Z-d833d0,node_subsample,МР Бураевский,МР Мечетлинский,0.1640625,128
v5-20261009T121014Z-d833d0,node_subsample,МР Бураевский,МР Мишкинский,0.9694656488549618,131
v5-20261009T121014Z-d833d0,node_subsample,МР Бураевский,МР Миякинский,1.0,127
v5-20261009T121014Z-d833d0,node_subsample,МР Бураевский,МР Нуримановский,0.9849624060150376,133
v5-20261009T121014Z-d833d0,node_subsample,МР Бураевский,МР Салаватский,0.1076923076923077,130
v5-20261009T121014Z-d833d0,node_subsample,МР Бураевский,МР Стерлибашевский,1.0,120
v5-20261009T121014Z-d833d0,node_subsample,МР Бураевский,МР Стерлитамакский,0.0,137
v5-20261009T121014Z-d833d0,node_subsample,МР Бураевский,МР Татышлинский,0.23015873015873015,126
v5-20261009T121014Z-d833d0,node_subsample,МР Бураевский,МР Туймазинский,0.0,135
v5-20261009T121014Z-d833d0,node_subsample,МР Бураевский,МР Уфимский,0.0,132
v5-20261009T121014Z-d833d0,node_subsample,МР Бураевский,МР Учалинский,0.0,123
v5-20261009T121014Z-d833d0,node_subsample,МР Бураевский,МР Федоровский,1.0,132
v5-20261009T121014Z-d833d0,node_subsample,МР Бураевский,МР Хайбуллинский,0.08148148148148149,135
v5-20261009T121014Z-d833d0,node_subsample,МР Бураевский,МР Чекмагушевский,1.0,130
v5-20261009T121014Z-d833d0,node_subsample,МР Бураевский,МР Чишминский,0.0,132
v5-20261009T121014Z-d833d0,node_subsample,МР Бураевский,МР Шаранский,1.0,121
v5-20261009T121014Z-d833d0,node_subsample,МР Бураевский,МР Янаульский,0.007692307692307693,130
v5-20261009T121014Z-d833d0,node_subsample,МР Бурзянский,МР Гафурийский,0.359375,128
v5-20261009T121014Z-d833d0,node_subsample,МР Бурзянский,МР Давлекановский,0.13953488372093023,129
v5-20261009T121014Z-d833d0,node_subsample,МР Бурзянский,МР Дуванский,0.9920634920634921,126
v5-20261009T121014Z-d833d0,node_subsample,МР Бурзянский,МР Дюртюлинский,0.0078125,128
v5-20261009T121014Z-d833d0,node_subsample,МР Бурзянский,МР Ермекеевский,0.11278195488721804,133
v5-20261009T121014Z-d833d0,node_subsample,МР Бурзянский,МР Зианчуринский,0.9083969465648855,131
v5-20261009T121014Z-d833d0,node_subsample,МР Бурзянский,МР Зилаирский,0.9774436090225563,133
v5-20261009T121014Z-d833d0,node_subsample,МР Бурзянский,МР Иглинский,0.00847457627118644,118
v5-20261009T121014Z-d833d0,node_subsample,МР Бурзянский,МР Илишевский,0.12403100775193798,129
v5-20261009T121014Z-d833d0,node_subsample,МР Бурзянский,МР Ишимбайский,0.008064516129032258,124
v5-20261009T121014Z-d833d0,node_subsample,МР Бурзянский,МР Калтасинский,0.14754098360655737,122
v5-20261009T121014Z-d833d0,node_subsample,МР Бурзянский,МР Караидельский,0.1953125,128
v5-20261009T121014Z-d833d0,node_subsample,МР Бурзянский,МР Кармаскалинский,0.10687022900763359,131
v5-20261009T121014Z-d833d0,node_subsample,МР Бурзянский,МР Кигинский,0.9166666666666666,120
v5-20261009T121014Z-d833d0,node_subsample,МР Бурзянский,МР Краснокамский,0.0967741935483871,124
v5-20261009T121014Z-d833d0,node_subsample,МР Бурзянский,МР Кугарчинский,0.8620689655172413,116
v5-20261009T121014Z-d833d0,node_subsample,МР Бурзянский,МР Кушнаренковский,0.08396946564885496,131
v5-20261009T121014Z-d833d0,node_subsample,МР Бурзянский,МР Куюргазинский,0.1893939393939394,132
v5-20261009T121014Z-d833d0,node_subsample,МР Бурзянский,МР Мелеузовский,0.008064516129032258,124
v5-20261009T121014Z-d833d0,node_subsample,МР Бурзянский,МР Мечетлинский,0.9236641221374046,131
v5-20261009T121014Z-d833d0,node_subsample,МР Бурзянский,МР Мишкинский,0.16923076923076924,130
v5-20261009T121014Z-d833d0,node_subsample,МР Бурзянский,МР Миякинский,0.13533834586466165,133
v5-20261009T121014Z-d833d0,node_subsample,МР Бурзянский,МР Нуримановский,0.10294117647058823,136
v5-20261009T121014Z-d833d0,node_subsample,МР Бурзянский,МР Салаватский,0.9921259842519685,127
v5-20261009T121014Z-d833d0,node_subsample,МР Бурзянский,МР Стерлибашевский,0.10833333333333334,120
v5-20261009T121014Z-d833d0,node_subsample,МР Бурзянский,МР Стерлитамакский,0.0,138
v5-20261009T121014Z-d833d0,node_subsample,МР Бурзянский,МР Татышлинский,0.8721804511278195,133
v5-20261009T121014Z-d833d0,node_subsample,МР Бурзянский,МР Туймазинский,0.007518796992481203,133
v5-20261009T121014Z-d833d0,node_subsample,МР Бурзянский,МР Уфимский,0.007352941176470588,136
v5-20261009T121014Z-d833d0,node_subsample,МР Бурзянский,МР Учалинский,0.008403361344537815,119
v5-20261009T121014Z-d833d0,node_subsample,МР Бурзянский,МР Федоровский,0.11194029850746269,134
v5-20261009T121014Z-d833d0,node_subsample,МР Бурзянский,МР Хайбуллинский,1.0,128
v5-20261009T121014Z-d833d0,node_subsample,МР Бурзянский,МР Чекмагушевский,0.09022556390977443,133
v5-20261009T121014Z-d833d0,node_subsample,МР Бурзянский,МР Чишминский,0.014705882352941176,136
v5-20261009T121014Z-d833d0,node_subsample,МР Бурзянский,МР Шаранский,0.09090909090909091,121
v5-20261009T121014Z-d833d0,node_subsample,МР Бурзянский,МР Янаульский,0.007874015748031496,127
v5-20261009T121014Z-d833d0,node_subsample,МР Гафурийский,МР Давлекановский,0.728,125
v5-20261009T121014Z-d833d0,node_subsample,МР Гафурийский,МР Дуванский,0.3984375,128
v5-20261009T121014Z-d833d0,node_subsample,МР Гафурийский,МР Дюртюлинский,0.0,136
v5-20261009T121014Z-d833d0,node_subsample,МР Гафурийский,МР Ермекеевский,0.746031746031746,126
v5-20261009T121014Z-d833d0,node_subsample,МР Гафурийский,МР Зианчуринский,0.45384615384615384,130
v5-20261009T121014Z-d833d0,node_subsample,МР Гафурийский,МР Зилаирский,0.3283582089552239,134
v5-20261009T121014Z-d833d0,node_subsample,МР Гафурийский,МР Иглинский,0.0,118
v5-20261009T121014Z-d833d0,node_subsample,МР Гафурийский,МР Илишевский,0.7698412698412699,126
v5-20261009T121014Z-d833d0,node_subsample,МР Гафурийский,МР Ишимбайский,0.0,123
v5-20261009T121014Z-d833d0,node_subsample,МР Гафурийский,МР Калтасинский,0.7560975609756098,123
v5-20261009T121014Z-d833d0,node_subsample,МР Гафурийский,МР Караидельский,0.7938931297709924,131
v5-20261009T121014Z-d833d0,node_subsample,МР Гафурийский,МР Кармаскалинский,0.8125,128
v5-20261009T121014Z-d833d0,node_subsample,МР Гафурийский,МР Кигинский,0.5573770491803278,122
v5-20261009T121014Z-d833d0,node_subsample,МР Гафурийский,МР Краснокамский,0.680327868852459,122
v5-20261009T121014Z-d833d0,node_subsample,МР Гафурийский,МР Кугарчинский,0.5517241379310345,116
v5-20261009T121014Z-d833d0,node_subsample,МР Гафурийский,МР Кушнаренковский,0.7421875,128
v5-20261009T121014Z-d833d0,node_subsample,МР Гафурийский,МР Куюргазинский,0.8091603053435115,131
v5-20261009T121014Z-d833d0,node_subsample,МР Гафурийский,МР Мелеузовский,0.0,124
v5-20261009T121014Z-d833d0,node_subsample,МР Гафурийский,МР Мечетлинский,0.49606299212598426,127
v5-20261009T121014Z-d833d0,node_subsample,МР Гафурийский,МР Мишкинский,0.7404580152671756,131
v5-20261009T121014Z-d833d0,node_subsample,МР Гафурийский,МР Миякинский,0.736,125
v5-20261009T121014Z-d833d0,node_subsample,МР Гафурийский,МР Нуримановский,0.7272727272727273,132
v5-20261009T121014Z-d833d0,node_subsample,МР Гафурийский,МР Салаватский,0.43902439024390244,123
v5-20261009T121014Z-d833d0,node_subsample,МР Гафурийский,МР Стерлибашевский,0.7295081967213115,122
v5-20261009T121014Z-d833d0,node_subsample,МР Гафурийский,МР Стерлитамакский,0.0,138
v5-20261009T121014Z-d833d0,node_subsample,МР Гафурийский,МР Татышлинский,0.5813953488372093,129
v5-20261009T121014Z-d833d0,node_subsample,МР Гафурийский,МР Туймазинский,0.0,130
v5-20261009T121014Z-d833d0,node_subsample,МР Гафурийский,МР Уфимский,0.0,134
v5-20261009T121014Z-d833d0,node_subsample,МР Гафурийский,МР Учалинский,0.0,122
v5-20261009T121014Z-d833d0,node_subsample,МР Гафурийский,МР Федоровский,0.7786259541984732,131
v5-20261009T121014Z-d833d0,node_subsample,МР Гафурийский,МР Хайбуллинский,0.35877862595419846,131
v5-20261009T121014Z-d833d0,node_subsample,МР Гафурийский,МР Чекмагушевский,0.7,130
v5-20261009T121014Z-d833d0,node_subsample,МР Гафурийский,МР Чишминский,0.0,130
v5-20261009T121014Z-d833d0,node_subsample,МР Гафурийский,МР Шаранский,0.7264957264957265,117
v5-20261009T121014Z-d833d0,node_subsample,МР Гафурийский,МР Янаульский,0.0234375,128
v5-20261009T121014Z-d833d0,node_subsample,МР Давлекановский,МР Дуванский,0.13953488372093023,129
v5-20261009T121014Z-d833d0,node_subsample,МР Давлекановский,МР Дюртюлинский,0.0,127
v5-20261009T121014Z-d833d0,node_subsample,МР Давлекановский,МР Ермекеевский,1.0,125
v5-20261009T121014Z-d833d0,node_subsample,МР Давлекановский,МР Зианчуринский,0.24031007751937986,129
v5-20261009T121014Z-d833d0,node_subsample,МР Давлекановский,МР Зилаирский,0.10526315789473684,133
v5-20261009T121014Z-d833d0,node_subsample,МР Давлекановский,МР Иглинский,0.0,120
v5-20261009T121014Z-d833d0,node_subsample,МР Давлекановский,МР Илишевский,0.968503937007874,127
v5-20261009T121014Z-d833d0,node_subsample,МР Давлекановский,МР Ишимбайский,0.0,120
v5-20261009T121014Z-d833d0,node_subsample,МР Давлекановский,МР Калтасинский,0.9682539682539683,126
v5-20261009T121014Z-d833d0,node_subsample,МР Давлекановский,МР Караидельский,0.9448818897637795,127
v5-20261009T121014Z-d833d0,node_subsample,МР Давлекановский,МР Кармаскалинский,0.984375,128
v5-20261009T121014Z-d833d0,node_subsample,МР Давлекановский,МР Кигинский,0.24603174603174602,126
v5-20261009T121014Z-d833d0,node_subsample,МР Давлекановский,МР Краснокамский,0.992,125
v5-20261009T121014Z-d833d0,node_subsample,МР Давлекановский,МР Кугарчинский,0.24561403508771928,114
v5-20261009T121014Z-d833d0,node_subsample,МР Давлекановский,МР Кушнаренковский,1.0,131
v5-20261009T121014Z-d833d0,node_subsample,МР Давлекановский,МР Куюргазинский,0.9523809523809523,126
v5-20261009T121014Z-d833d0,node_subsample,МР Давлекановский,МР Мелеузовский,0.0,126
v5-20261009T121014Z-d833d0,node_subsample,МР Давлекановский,МР Мечетлинский,0.21705426356589147,129
v5-20261009T121014Z-d833d0,node_subsample,МР Давлекановский,МР Мишкинский,0.9621212121212122,132
v5-20261009T121014Z-d833d0,node_subsample,МР Давлекановский,МР Миякинский,1.0,125
v5-20261009T121014Z-d833d0,node_subsample,МР Давлекановский,МР Нуримановский,1.0,130
v5-20261009T121014Z-d833d0,node_subsample,МР Давлекановский,МР Салаватский,0.1532258064516129,124
v5-20261009T121014Z-d833d0,node_subsample,МР Давлекановский,МР Стерлибашевский,1.0,119
v5-20261009T121014Z-d833d0,node_subsample,МР Давлекановский,МР Стерлитамакский,0.0,134
v5-20261009T121014Z-d833d0,node_subsample,МР Давлекановский,МР Татышлинский,0.25384615384615383,130
v5-20261009T121014Z-d833d0,node_subsample,МР Давлекановский,МР Туймазинский,0.0,131
v5-20261009T121014Z-d833d0,node_subsample,МР Давлекановский,МР Уфимский,0.0,134
v5-20261009T121014Z-d833d0,node_subsample,МР Давлекановский,МР Учалинский,0.0,117
v5-20261009T121014Z-d833d0,node_subsample,МР Давлекановский,МР Федоровский,1.0,134
v5-20261009T121014Z-d833d0,node_subsample,МР Давлекановский,МР Хайбуллинский,0.1015625,128
v5-20261009T121014Z-d833d0,node_subsample,МР Давлекановский,МР Чекмагушевский,1.0,127
v5-20261009T121014Z-d833d0,node_subsample,МР Давлекановский,МР Чишминский,0.0,132
v5-20261009T121014Z-d833d0,node_subsample,МР Давлекановский,МР Шаранский,1.0,118
v5-20261009T121014Z-d833d0,node_subsample,МР Давлекановский,МР Янаульский,0.015503875968992248,129
v5-20261009T121014Z-d833d0,node_subsample,МР Дуванский,МР Дюртюлинский,0.0,130
v5-20261009T121014Z-d833d0,node_subsample,МР Дуванский,МР Ермекеевский,0.1111111111111111,126
v5-20261009T121014Z-d833d0,node_subsample,МР Дуванский,МР Зианчуринский,0.9621212121212122,132
v5-20261009T121014Z-d833d0,node_subsample,МР Дуванский,МР Зилаирский,0.9857142857142858,140
v5-20261009T121014Z-d833d0,node_subsample,МР Дуванский,МР Иглинский,0.0,123
v5-20261009T121014Z-d833d0,node_subsample,МР Дуванский,МР Илишевский,0.13178294573643412,129
v5-20261009T121014Z-d833d0,node_subsample,МР Дуванский,МР Ишимбайский,0.0,126
v5-20261009T121014Z-d833d0,node_subsample,МР Дуванский,МР Калтасинский,0.15079365079365079,126
v5-20261009T121014Z-d833d0,node_subsample,МР Дуванский,МР Караидельский,0.1956521739130435,138
v5-20261009T121014Z-d833d0,node_subsample,МР Дуванский,МР Кармаскалинский,0.145985401459854,137
v5-20261009T121014Z-d833d0,node_subsample,МР Дуванский,МР Кигинский,0.9606299212598425,127
v5-20261009T121014Z-d833d0,node_subsample,МР Дуванский,МР Краснокамский,0.096,125
v5-20261009T121014Z-d833d0,node_subsample,МР Дуванский,МР Кугарчинский,0.9416666666666667,120
v5-20261009T121014Z-d833d0,node_subsample,МР Дуванский,МР Кушнаренковский,0.0703125,128
v5-20261009T121014Z-d833d0,node_subsample,МР Дуванский,МР Куюргазинский,0.21481481481481482,135
v5-20261009T121014Z-d833d0,node_subsample,МР Дуванский,МР Мелеузовский,0.0,127
v5-20261009T121014Z-d833d0,node_subsample,МР Дуванский,МР Мечетлинский,0.9694656488549618,131
v5-20261009T121014Z-d833d0,node_subsample,МР Дуванский,МР Мишкинский,0.16541353383458646,133
v5-20261009T121014Z-d833d0,node_subsample,МР Дуванский,МР Миякинский,0.13178294573643412,129
v5-20261009T121014Z-d833d0,node_subsample,МР Дуванский,МР Нуримановский,0.13138686131386862,137
v5-20261009T121014Z-d833d0,node_subsample,МР Дуванский,МР Салаватский,1.0,128
v5-20261009T121014Z-d833d0,node_subsample,МР Дуванский,МР Стерлибашевский,0.112,125
v5-20261009T121014Z-d833d0,node_subsample,МР Дуванский,МР Стерлитамакский,0.0,137
v5-20261009T121014Z-d833d0,node_subsample,МР Дуванский,МР Татышлинский,0.8955223880597015,134
v5-20261009T121014Z-d833d0,node_subsample,МР Дуванский,МР Туймазинский,0.0,134
v5-20261009T121014Z-d833d0,node_subsample,МР Дуванский,МР Уфимский,0.0,140
v5-20261009T121014Z-d833d0,node_subsample,МР Дуванский,МР Учалинский,0.0,121
v5-20261009T121014Z-d833d0,node_subsample,МР Дуванский,МР Федоровский,0.12121212121212122,132
v5-20261009T121014Z-d833d0,node_subsample,МР Дуванский,МР Хайбуллинский,0.9926470588235294,136
v5-20261009T121014Z-d833d0,node_subsample,МР Дуванский,МР Чекмагушевский,0.08396946564885496,131
v5-20261009T121014Z-d833d0,node_subsample,МР Дуванский,МР Чишминский,0.007407407407407408,135
v5-20261009T121014Z-d833d0,node_subsample,МР Дуванский,МР Шаранский,0.104,125
v5-20261009T121014Z-d833d0,node_subsample,МР Дуванский,МР Янаульский,0.0,133
v5-20261009T121014Z-d833d0,node_subsample,МР Дюртюлинский,МР Ермекеевский,0.0,128
v5-20261009T121014Z-d833d0,node_subsample,МР Дюртюлинский,МР Зианчуринский,0.0,137
v5-20261009T121014Z-d833d0,node_subsample,МР Дюртюлинский,МР Зилаирский,0.028985507246376812,138
v5-20261009T121014Z-d833d0,node_subsample,МР Дюртюлинский,МР Иглинский,0.9920634920634921,126
v5-20261009T121014Z-d833d0,node_subsample,МР Дюртюлинский,МР Илишевский,0.0078125,128
v5-20261009T121014Z-d833d0,node_subsample,МР Дюртюлинский,МР Ишимбайский,1.0,129
v5-20261009T121014Z-d833d0,node_subsample,МР Дюртюлинский,МР Калтасинский,0.0,128
v5-20261009T121014Z-d833d0,node_subsample,МР Дюртюлинский,МР Караидельский,0.0,131
v5-20261009T121014Z-d833d0,node_subsample,МР Дюртюлинский,МР Кармаскалинский,0.014705882352941176,136
v5-20261009T121014Z-d833d0,node_subsample,МР Дюртюлинский,МР Кигинский,0.0,124
v5-20261009T121014Z-d833d0,node_subsample,МР Дюртюлинский,МР Краснокамский,0.007633587786259542,131
v5-20261009T121014Z-d833d0,node_subsample,МР Дюртюлинский,МР Кугарчинский,0.0,124
v5-20261009T121014Z-d833d0,node_subsample,МР Дюртюлинский,МР Кушнаренковский,0.0,135
v5-20261009T121014Z-d833d0,node_subsample,МР Дюртюлинский,МР Куюргазинский,0.0,133
v5-20261009T121014Z-d833d0,node_subsample,МР Дюртюлинский,МР Мелеузовский,1.0,129
v5-20261009T121014Z-d833d0,node_subsample,МР Дюртюлинский,МР Мечетлинский,0.0,133
v5-20261009T121014Z-d833d0,node_subsample,МР Дюртюлинский,МР Мишкинский,0.0,135
v5-20261009T121014Z-d833d0,node_subsample,МР Дюртюлинский,МР Миякинский,0.0,135
v5-20261009T121014Z-d833d0,node_subsample,МР Дюртюлинский,МР Нуримановский,0.0,136
v5-20261009T121014Z-d833d0,node_subsample,МР Дюртюлинский,МР Салаватский,0.0,131
v5-20261009T121014Z-d833d0,node_subsample,МР Дюртюлинский,МР Стерлибашевский,0.0,122
v5-20261009T121014Z-d833d0,node_subsample,МР Дюртюлинский,МР Стерлитамакский,1.0,141
v5-20261009T121014Z-d833d0,node_subsample,МР Дюртюлинский,МР Татышлинский,0.0,132
v5-20261009T121014Z-d833d0,node_subsample,МР Дюртюлинский,МР Туймазинский,1.0,135
v5-20261009T121014Z-d833d0,node_subsample,МР Дюртюлинский,МР Уфимский,1.0,139
v5-20261009T121014Z-d833d0,node_subsample,МР Дюртюлинский,МР Учалинский,1.0,128
v5-20261009T121014Z-d833d0,node_subsample,МР Дюртюлинский,МР Федоровский,0.0,134
v5-20261009T121014Z-d833d0,node_subsample,МР Дюртюлинский,МР Хайбуллинский,0.0,136
v5-20261009T121014Z-d833d0,node_subsample,МР Дюртюлинский,МР Чекмагушевский,0.0,135
v5-20261009T121014Z-d833d0,node_subsample,МР Дюртюлинский,МР Чишминский,0.9925925925925926,135
v5-20261009T121014Z-d833d0,node_subsample,МР Дюртюлинский,МР Шаранский,0.0,127
v5-20261009T121014Z-d833d0,node_subsample,МР Дюртюлинский,МР Янаульский,0.9849624060150376,133
v5-20261009T121014Z-d833d0,node_subsample,МР Ермекеевский,МР Зианчуринский,0.1875,128
v5-20261009T121014Z-d833d0,node_subsample,МР Ермекеевский,МР Зилаирский,0.08888888888888889,135
v5-20261009T121014Z-d833d0,node_subsample,МР Ермекеевский,МР Иглинский,0.0,119
v5-20261009T121014Z-d833d0,node_subsample,МР Ермекеевский,МР Илишевский,0.9669421487603306,121
v5-20261009T121014Z-d833d0,node_subsample,МР Ермекеевский,МР Ишимбайский,0.0,125
v5-20261009T121014Z-d833d0,node_subsample,МР Ермекеевский,МР Калтасинский,0.975609756097561,123
v5-20261009T121014Z-d833d0,node_subsample,МР Ермекеевский,МР Караидельский,0.9285714285714286,126
v5-20261009T121014Z-d833d0,node_subsample,МР Ермекеевский,МР Кармаскалинский,0.9696969696969697,132
v5-20261009T121014Z-d833d0,node_subsample,МР Ермекеевский,МР Кигинский,0.1935483870967742,124
v5-20261009T121014Z-d833d0,node_subsample,МР Ермекеевский,МР Краснокамский,0.9917355371900827,121
v5-20261009T121014Z-d833d0,node_subsample,МР Ермекеевский,МР Кугарчинский,0.23931623931623933,117
v5-20261009T121014Z-d833d0,node_subsample,МР Ермекеевский,МР Кушнаренковский,1.0,126
v5-20261009T121014Z-d833d0,node_subsample,МР Ермекеевский,МР Куюргазинский,0.9307692307692308,130
v5-20261009T121014Z-d833d0,node_subsample,МР Ермекеевский,МР Мелеузовский,0.0,125
v5-20261009T121014Z-d833d0,node_subsample,МР Ермекеевский,МР Мечетлинский,0.176,125
v5-20261009T121014Z-d833d0,node_subsample,МР Ермекеевский,МР Мишкинский,0.96875,128
v5-20261009T121014Z-d833d0,node_subsample,МР Ермекеевский,МР Миякинский,1.0,126
v5-20261009T121014Z-d833d0,node_subsample,МР Ермекеевский,МР Нуримановский,0.9925925925925926,135
v5-20261009T121014Z-d833d0,node_subsample,МР Ермекеевский,МР Салаватский,0.12,125
v5-20261009T121014Z-d833d0,node_subsample,МР Ермекеевский,МР Стерлибашевский,1.0,119
v5-20261009T121014Z-d833d0,node_subsample,МР Ермекеевский,МР Стерлитамакский,0.0,135
v5-20261009T121014Z-d833d0,node_subsample,МР Ермекеевский,МР Татышлинский,0.2421875,128
v5-20261009T121014Z-d833d0,node_subsample,МР Ермекеевский,МР Туймазинский,0.0,132
v5-20261009T121014Z-d833d0,node_subsample,МР Ермекеевский,МР Уфимский,0.0,135
v5-20261009T121014Z-d833d0,node_subsample,МР Ермекеевский,МР Учалинский,0.0,117
v5-20261009T121014Z-d833d0,node_subsample,МР Ермекеевский,МР Федоровский,1.0,128
v5-20261009T121014Z-d833d0,node_subsample,МР Ермекеевский,МР Хайбуллинский,0.08396946564885496,131
v5-20261009T121014Z-d833d0,node_subsample,МР Ермекеевский,МР Чекмагушевский,1.0,133
v5-20261009T121014Z-d833d0,node_subsample,МР Ермекеевский,МР Чишминский,0.0,133
v5-20261009T121014Z-d833d0,node_subsample,МР Ермекеевский,МР Шаранский,1.0,118
v5-20261009T121014Z-d833d0,node_subsample,МР Ермекеевский,МР Янаульский,0.016,125
v5-20261009T121014Z-d833d0,node_subsample,МР Зианчуринский,МР Зилаирский,0.8832116788321168,137
v5-20261009T121014Z-d833d0,node_subsample,МР Зианчуринский,МР Иглинский,0.0,123
v5-20261009T121014Z-d833d0,node_subsample,МР Зианчуринский,МР Илишевский,0.21875,128
v5-20261009T121014Z-d833d0,node_subsample,МР Зианчуринский,МР Ишимбайский,0.0,130
v5-20261009T121014Z-d833d0,node_subsample,МР Зианчуринский,МР Калтасинский,0.24,125
v5-20261009T121014Z-d833d0,node_subsample,МР Зианчуринский,МР Караидельский,0.27692307692307694,130
v5-20261009T121014Z-d833d0,node_subsample,МР Зианчуринский,МР Кармаскалинский,0.21323529411764705,136
v5-20261009T121014Z-d833d0,node_subsample,МР Зианчуринский,МР Кигинский,1.0,119
v5-20261009T121014Z-d833d0,node_subsample,МР Зианчуринский,МР Краснокамский,0.1640625,128
v5-20261009T121014Z-d833d0,node_subsample,МР Зианчуринский,МР Кугарчинский,0.9590163934426229,122
v5-20261009T121014Z-d833d0,node_subsample,МР Зианчуринский,МР Кушнаренковский,0.16296296296296298,135
v5-20261009T121014Z-d833d0,node_subsample,МР Зианчуринский,МР Куюргазинский,0.2713178294573643,129
v5-20261009T121014Z-d833d0,node_subsample,МР Зианчуринский,МР Мелеузовский,0.0,126
v5-20261009T121014Z-d833d0,node_subsample,МР Зианчуринский,МР Мечетлинский,0.9925373134328358,134
v5-20261009T121014Z-d833d0,node_subsample,МР Зианчуринский,МР Мишкинский,0.2537313432835821,134
v5-20261009T121014Z-d833d0,node_subsample,МР Зианчуринский,МР Миякинский,0.22727272727272727,132
v5-20261009T121014Z-d833d0,node_subsample,МР Зианчуринский,МР Нуримановский,0.1865671641791045,134
v5-20261009T121014Z-d833d0,node_subsample,МР Зианчуринский,МР Салаватский,0.9384615384615385,130
v5-20261009T121014Z-d833d0,node_subsample,МР Зианчуринский,МР Стерлибашевский,0.2,125
v5-20261009T121014Z-d833d0,node_subsample,МР Зианчуринский,МР Стерлитамакский,0.0,135
v5-20261009T121014Z-d833d0,node_subsample,МР Зианчуринский,МР Татышлинский,0.8970588235294118,136
v5-20261009T121014Z-d833d0,node_subsample,МР Зианчуринский,МР Туймазинский,0.0,135
v5-20261009T121014Z-d833d0,node_subsample,МР Зианчуринский,МР Уфимский,0.0,136
v5-20261009T121014Z-d833d0,node_subsample,МР Зианчуринский,МР Учалинский,0.0,124
v5-20261009T121014Z-d833d0,node_subsample,МР Зианчуринский,МР Федоровский,0.21323529411764705,136
v5-20261009T121014Z-d833d0,node_subsample,МР Зианчуринский,МР Хайбуллинский,0.9130434782608695,138
v5-20261009T121014Z-d833d0,node_subsample,МР Зианчуринский,МР Чекмагушевский,0.183206106870229,131
v5-20261009T121014Z-d833d0,node_subsample,МР Зианчуринский,МР Чишминский,0.007407407407407408,135
v5-20261009T121014Z-d833d0,node_subsample,МР Зианчуринский,МР Шаранский,0.17886178861788618,123
v5-20261009T121014Z-d833d0,node_subsample,МР Зианчуринский,МР Янаульский,0.0,135
v5-20261009T121014Z-d833d0,node_subsample,МР Зилаирский,МР Иглинский,0.030534351145038167,131
v5-20261009T121014Z-d833d0,node_subsample,МР Зилаирский,МР Илишевский,0.10294117647058823,136
v5-20261009T121014Z-d833d0,node_subsample,МР Зилаирский,МР Ишимбайский,0.03731343283582089,134
v5-20261009T121014Z-d833d0,node_subsample,МР Зилаирский,МР Калтасинский,0.11538461538461539,130
v5-20261009T121014Z-d833d0,node_subsample,МР Зилаирский,МР Караидельский,0.1510791366906475,139
v5-20261009T121014Z-d833d0,node_subsample,МР Зилаирский,МР Кармаскалинский,0.11510791366906475,139
v5-20261009T121014Z-d833d0,node_subsample,МР Зилаирский,МР Кигинский,0.8837209302325582,129
v5-20261009T121014Z-d833d0,node_subsample,МР Зилаирский,МР Краснокамский,0.06870229007633588,131
v5-20261009T121014Z-d833d0,node_subsample,МР Зилаирский,МР Кугарчинский,0.848,125
v5-20261009T121014Z-d833d0,node_subsample,МР Зилаирский,МР Кушнаренковский,0.06474820143884892,139
v5-20261009T121014Z-d833d0,node_subsample,МР Зилаирский,МР Куюргазинский,0.16428571428571428,140
v5-20261009T121014Z-d833d0,node_subsample,МР Зилаирский,МР Мелеузовский,0.021897810218978103,137
v5-20261009T121014Z-d833d0,node_subsample,МР Зилаирский,МР Мечетлинский,0.8962962962962963,135
v5-20261009T121014Z-d833d0,node_subsample,МР Зилаирский,МР Мишкинский,0.13333333333333333,135
v5-20261009T121014Z-d833d0,node_subsample,МР Зилаирский,МР Миякинский,0.11194029850746269,134
v5-20261009T121014Z-d833d0,node_subsample,МР Зилаирский,МР Нуримановский,0.09722222222222222,144
v5-20261009T121014Z-d833d0,node_subsample,МР Зилаирский,МР Салаватский,0.9854014598540146,137
v5-20261009T121014Z-d833d0,node_subsample,МР Зилаирский,МР Стерлибашевский,0.0859375,128
v5-20261009T121014Z-d833d0,node_subsample,МР Зилаирский,МР Стерлитамакский,0.027972027972027972,143
v5-20261009T121014Z-d833d0,node_subsample,МР Зилаирский,МР Татышлинский,0.8507462686567164,134
v5-20261009T121014Z-d833d0,node_subsample,МР Зилаирский,МР Туймазинский,0.034013605442176874,147
v5-20261009T121014Z-d833d0,node_subsample,МР Зилаирский,МР Уфимский,0.03496503496503497,143
v5-20261009T121014Z-d833d0,node_subsample,МР Зилаирский,МР Учалинский,0.03225806451612903,124
v5-20261009T121014Z-d833d0,node_subsample,МР Зилаирский,МР Федоровский,0.09859154929577464,142
v5-20261009T121014Z-d833d0,node_subsample,МР Зилаирский,МР Хайбуллинский,1.0,139
v5-20261009T121014Z-d833d0,node_subsample,МР Зилаирский,МР Чекмагушевский,0.06428571428571428,140
v5-20261009T121014Z-d833d0,node_subsample,МР Зилаирский,МР Чишминский,0.0425531914893617,141
v5-20261009T121014Z-d833d0,node_subsample,МР Зилаирский,МР Шаранский,0.06766917293233082,133
v5-20261009T121014Z-d833d0,node_subsample,МР Зилаирский,МР Янаульский,0.03546099290780142,141
v5-20261009T121014Z-d833d0,node_subsample,МР Иглинский,МР Илишевский,0.007936507936507936,126
v5-20261009T121014Z-d833d0,node_subsample,МР Иглинский,МР Ишимбайский,0.9913793103448276,116
v5-20261009T121014Z-d833d0,node_subsample,МР Иглинский,МР Калтасинский,0.0,118
v5-20261009T121014Z-d833d0,node_subsample,МР Иглинский,МР Караидельский,0.0,121
v5-20261009T121014Z-d833d0,node_subsample,МР Иглинский,МР Кармаскалинский,0.024,125
v5-20261009T121014Z-d833d0,node_subsample,МР Иглинский,МР Кигинский,0.0,116
v5-20261009T121014Z-d833d0,node_subsample,МР Иглинский,МР Краснокамский,0.008264462809917356,121
v5-20261009T121014Z-d833d0,node_subsample,МР Иглинский,МР Кугарчинский,0.0,116
v5-20261009T121014Z-d833d0,node_subsample,МР Иглинский,МР Кушнаренковский,0.0,122
v5-20261009T121014Z-d833d0,node_subsample,МР Иглинский,МР Куюргазинский,0.0,119
v5-20261009T121014Z-d833d0,node_subsample,МР Иглинский,МР Мелеузовский,0.9915254237288136,118
v5-20261009T121014Z-d833d0,node_subsample,МР Иглинский,МР Мечетлинский,0.0,121
v5-20261009T121014Z-d833d0,node_subsample,МР Иглинский,МР Мишкинский,0.0,127
v5-20261009T121014Z-d833d0,node_subsample,МР Иглинский,МР Миякинский,0.0,124
v5-20261009T121014Z-d833d0,node_subsample,МР Иглинский,МР Нуримановский,0.008064516129032258,124
v5-20261009T121014Z-d833d0,node_subsample,МР Иглинский,МР Салаватский,0.0,119
v5-20261009T121014Z-d833d0,node_subsample,МР Иглинский,МР Стерлибашевский,0.0,115
v5-20261009T121014Z-d833d0,node_subsample,МР Иглинский,МР Стерлитамакский,1.0,127
v5-20261009T121014Z-d833d0,node_subsample,МР Иглинский,МР Татышлинский,0.0,124
v5-20261009T121014Z-d833d0,node_subsample,МР Иглинский,МР Туймазинский,0.991869918699187,123
v5-20261009T121014Z-d833d0,node_subsample,МР Иглинский,МР Уфимский,0.992,125
v5-20261009T121014Z-d833d0,node_subsample,МР Иглинский,МР Учалинский,0.9912280701754386,114
v5-20261009T121014Z-d833d0,node_subsample,МР Иглинский,МР Федоровский,0.0,125
v5-20261009T121014Z-d833d0,node_subsample,МР Иглинский,МР Хайбуллинский,0.0,122
v5-20261009T121014Z-d833d0,node_subsample,МР Иглинский,МР Чекмагушевский,0.0,121
v5-20261009T121014Z-d833d0,node_subsample,МР Иглинский,МР Чишминский,1.0,123
v5-20261009T121014Z-d833d0,node_subsample,МР Иглинский,МР Шаранский,0.0,113
v5-20261009T121014Z-d833d0,node_subsample,МР Иглинский,МР Янаульский,0.9669421487603306,121
v5-20261009T121014Z-d833d0,node_subsample,МР Илишевский,МР Ишимбайский,0.0,125
v5-20261009T121014Z-d833d0,node_subsample,МР Илишевский,МР Калтасинский,0.96,125
v5-20261009T121014Z-d833d0,node_subsample,МР Илишевский,МР Караидельский,0.9485294117647058,136
v5-20261009T121014Z-d833d0,node_subsample,МР Илишевский,МР Кармаскалинский,0.937984496124031,129
v5-20261009T121014Z-d833d0,node_subsample,МР Илишевский,МР Кигинский,0.23770491803278687,122
v5-20261009T121014Z-d833d0,node_subsample,МР Илишевский,МР Краснокамский,0.9609375,128
v5-20261009T121014Z-d833d0,node_subsample,МР Илишевский,МР Кугарчинский,0.2892561983471074,121
v5-20261009T121014Z-d833d0,node_subsample,МР Илишевский,МР Кушнаренковский,0.9850746268656716,134
v5-20261009T121014Z-d833d0,node_subsample,МР Илишевский,МР Куюргазинский,0.9541984732824428,131
v5-20261009T121014Z-d833d0,node_subsample,МР Илишевский,МР Мелеузовский,0.0,124
v5-20261009T121014Z-d833d0,node_subsample,МР Илишевский,МР Мечетлинский,0.22137404580152673,131
v5-20261009T121014Z-d833d0,node_subsample,МР Илишевский,МР Мишкинский,0.9769230769230769,130
v5-20261009T121014Z-d833d0,node_subsample,МР Илишевский,МР Миякинский,0.9769230769230769,130
v5-20261009T121014Z-d833d0,node_subsample,МР Илишевский,МР Нуримановский,0.9624060150375939,133
v5-20261009T121014Z-d833d0,node_subsample,МР Илишевский,МР Салаватский,0.12403100775193798,129
v5-20261009T121014Z-d833d0,node_subsample,МР Илишевский,МР Стерлибашевский,0.9682539682539683,126
v5-20261009T121014Z-d833d0,node_subsample,МР Илишевский,МР Стерлитамакский,0.007407407407407408,135
v5-20261009T121014Z-d833d0,node_subsample,МР Илишевский,МР Татышлинский,0.2868217054263566,129
v5-20261009T121014Z-d833d0,node_subsample,МР Илишевский,МР Туймазинский,0.0072992700729927005,137
v5-20261009T121014Z-d833d0,node_subsample,МР Илишевский,МР Уфимский,0.007575757575757576,132
v5-20261009T121014Z-d833d0,node_subsample,МР Илишевский,МР Учалинский,0.00847457627118644,118
v5-20261009T121014Z-d833d0,node_subsample,МР Илишевский,МР Федоровский,0.9689922480620154,129
v5-20261009T121014Z-d833d0,node_subsample,МР Илишевский,МР Хайбуллинский,0.09774436090225563,133
v5-20261009T121014Z-d833d0,node_subsample,МР Илишевский,МР Чекмагушевский,0.9696969696969697,132
v5-20261009T121014Z-d833d0,node_subsample,МР Илишевский,МР Чишминский,0.007633587786259542,131
v5-20261009T121014Z-d833d0,node_subsample,МР Илишевский,МР Шаранский,0.9661016949152542,118
v5-20261009T121014Z-d833d0,node_subsample,МР Илишевский,МР Янаульский,0.030534351145038167,131
v5-20261009T121014Z-d833d0,node_subsample,МР Ишимбайский,МР Калтасинский,0.0,121
v5-20261009T121014Z-d833d0,node_subsample,МР Ишимбайский,МР Караидельский,0.0,125
v5-20261009T121014Z-d833d0,node_subsample,МР Ишимбайский,МР Кармаскалинский,0.0,131
v5-20261009T121014Z-d833d0,node_subsample,МР Ишимбайский,МР Кигинский,0.0,121
v5-20261009T121014Z-d833d0,node_subsample,МР Ишимбайский,МР Краснокамский,0.008403361344537815,119
v5-20261009T121014Z-d833d0,node_subsample,МР Ишимбайский,МР Кугарчинский,0.0,115
v5-20261009T121014Z-d833d0,node_subsample,МР Ишимбайский,МР Кушнаренковский,0.0,128
v5-20261009T121014Z-d833d0,node_subsample,МР Ишимбайский,МР Куюргазинский,0.0,129
v5-20261009T121014Z-d833d0,node_subsample,МР Ишимбайский,МР Мелеузовский,1.0,126
v5-20261009T121014Z-d833d0,node_subsample,МР Ишимбайский,МР Мечетлинский,0.0,127
v5-20261009T121014Z-d833d0,node_subsample,МР Ишимбайский,МР Мишкинский,0.0,130
v5-20261009T121014Z-d833d0,node_subsample,МР Ишимбайский,МР Миякинский,0.0,124
v5-20261009T121014Z-d833d0,node_subsample,МР Ишимбайский,МР Нуримановский,0.0,130
v5-20261009T121014Z-d833d0,node_subsample,МР Ишимбайский,МР Салаватский,0.0,124
v5-20261009T121014Z-d833d0,node_subsample,МР Ишимбайский,МР Стерлибашевский,0.0,121
v5-20261009T121014Z-d833d0,node_subsample,МР Ишимбайский,МР Стерлитамакский,1.0,133
v5-20261009T121014Z-d833d0,node_subsample,МР Ишимбайский,МР Татышлинский,0.0,124
v5-20261009T121014Z-d833d0,node_subsample,МР Ишимбайский,МР Туймазинский,1.0,133
v5-20261009T121014Z-d833d0,node_subsample,МР Ишимбайский,МР Уфимский,1.0,130
v5-20261009T121014Z-d833d0,node_subsample,МР Ишимбайский,МР Учалинский,1.0,124
v5-20261009T121014Z-d833d0,node_subsample,МР Ишимбайский,МР Федоровский,0.0,129
v5-20261009T121014Z-d833d0,node_subsample,МР Ишимбайский,МР Хайбуллинский,0.0,128
v5-20261009T121014Z-d833d0,node_subsample,МР Ишимбайский,МР Чекмагушевский,0.0,125
v5-20261009T121014Z-d833d0,node_subsample,МР Ишимбайский,МР Чишминский,0.9851851851851852,135
v5-20261009T121014Z-d833d0,node_subsample,МР Ишимбайский,МР Шаранский,0.0,116
v5-20261009T121014Z-d833d0,node_subsample,МР Ишимбайский,МР Янаульский,0.9922480620155039,129
v5-20261009T121014Z-d833d0,node_subsample,МР Калтасинский,МР Караидельский,0.9921259842519685,127
v5-20261009T121014Z-d833d0,node_subsample,МР Калтасинский,МР Кармаскалинский,0.9212598425196851,127
v5-20261009T121014Z-d833d0,node_subsample,МР Калтасинский,МР Кигинский,0.256198347107438,121
v5-20261009T121014Z-d833d0,node_subsample,МР Калтасинский,МР Краснокамский,0.9583333333333334,120
v5-20261009T121014Z-d833d0,node_subsample,МР Калтасинский,МР Кугарчинский,0.29906542056074764,107
v5-20261009T121014Z-d833d0,node_subsample,МР Калтасинский,МР Кушнаренковский,0.9758064516129032,124
v5-20261009T121014Z-d833d0,node_subsample,МР Калтасинский,МР Куюргазинский,0.9917355371900827,121
v5-20261009T121014Z-d833d0,node_subsample,МР Калтасинский,МР Мелеузовский,0.0,121
v5-20261009T121014Z-d833d0,node_subsample,МР Калтасинский,МР Мечетлинский,0.21774193548387097,124
v5-20261009T121014Z-d833d0,node_subsample,МР Калтасинский,МР Мишкинский,0.9923664122137404,131
v5-20261009T121014Z-d833d0,node_subsample,МР Калтасинский,МР Миякинский,0.9838709677419355,124
v5-20261009T121014Z-d833d0,node_subsample,МР Калтасинский,МР Нуримановский,0.9538461538461539,130
v5-20261009T121014Z-d833d0,node_subsample,МР Калтасинский,МР Салаватский,0.15748031496062992,127
v5-20261009T121014Z-d833d0,node_subsample,МР Калтасинский,МР Стерлибашевский,0.9736842105263158,114
v5-20261009T121014Z-d833d0,node_subsample,МР Калтасинский,МР Стерлитамакский,0.0,132
v5-20261009T121014Z-d833d0,node_subsample,МР Калтасинский,МР Татышлинский,0.2857142857142857,126
v5-20261009T121014Z-d833d0,node_subsample,МР Калтасинский,МР Туймазинский,0.0,125
v5-20261009T121014Z-d833d0,node_subsample,МР Калтасинский,МР Уфимский,0.0,132
v5-20261009T121014Z-d833d0,node_subsample,МР Калтасинский,МР Учалинский,0.0,122
v5-20261009T121014Z-d833d0,node_subsample,МР Калтасинский,МР Федоровский,0.9767441860465116,129
v5-20261009T121014Z-d833d0,node_subsample,МР Калтасинский,МР Хайбуллинский,0.09302325581395349,129
v5-20261009T121014Z-d833d0,node_subsample,МР Калтасинский,МР Чекмагушевский,0.968503937007874,127
v5-20261009T121014Z-d833d0,node_subsample,МР Калтасинский,МР Чишминский,0.0,128
v5-20261009T121014Z-d833d0,node_subsample,МР Калтасинский,МР Шаранский,0.9827586206896551,116
v5-20261009T121014Z-d833d0,node_subsample,МР Калтасинский,МР Янаульский,0.015748031496062992,127
v5-20261009T121014Z-d833d0,node_subsample,МР Караидельский,МР Кармаскалинский,0.8814814814814815,135
v5-20261009T121014Z-d833d0,node_subsample,МР Караидельский,МР Кигинский,0.304,125
v5-20261009T121014Z-d833d0,node_subsample,МР Караидельский,МР Краснокамский,0.9098360655737705,122
v5-20261009T121014Z-d833d0,node_subsample,МР Караидельский,МР Кугарчинский,0.35,120
v5-20261009T121014Z-d833d0,node_subsample,МР Караидельский,МР Кушнаренковский,0.9307692307692308,130
v5-20261009T121014Z-d833d0,node_subsample,МР Караидельский,МР Куюргазинский,1.0,131
v5-20261009T121014Z-d833d0,node_subsample,МР Караидельский,МР Мелеузовский,0.0,126
v5-20261009T121014Z-d833d0,node_subsample,МР Караидельский,МР Мечетлинский,0.24812030075187969,133
v5-20261009T121014Z-d833d0,node_subsample,МР Караидельский,МР Мишкинский,0.9699248120300752,133
v5-20261009T121014Z-d833d0,node_subsample,МР Караидельский,МР Миякинский,0.9307692307692308,130
v5-20261009T121014Z-d833d0,node_subsample,МР Караидельский,МР Нуримановский,0.9090909090909091,132
v5-20261009T121014Z-d833d0,node_subsample,МР Караидельский,МР Салаватский,0.1968503937007874,127
v5-20261009T121014Z-d833d0,node_subsample,МР Караидельский,МР Стерлибашевский,0.9186991869918699,123
v5-20261009T121014Z-d833d0,node_subsample,МР Караидельский,МР Стерлитамакский,0.0,137
v5-20261009T121014Z-d833d0,node_subsample,МР Караидельский,МР Татышлинский,0.36153846153846153,130
v5-20261009T121014Z-d833d0,node_subsample,МР Караидельский,МР Туймазинский,0.0,136
v5-20261009T121014Z-d833d0,node_subsample,МР Караидельский,МР Уфимский,0.0,138
v5-20261009T121014Z-d833d0,node_subsample,МР Караидельский,МР Учалинский,0.0,119
v5-20261009T121014Z-d833d0,node_subsample,МР Караидельский,МР Федоровский,0.9538461538461539,130
v5-20261009T121014Z-d833d0,node_subsample,МР Караидельский,МР Хайбуллинский,0.1386861313868613,137
v5-20261009T121014Z-d833d0,node_subsample,МР Караидельский,МР Чекмагушевский,0.9153846153846154,130
v5-20261009T121014Z-d833d0,node_subsample,МР Караидельский,МР Чишминский,0.0,132
v5-20261009T121014Z-d833d0,node_subsample,МР Караидельский,МР Шаранский,0.9262295081967213,122
v5-20261009T121014Z-d833d0,node_subsample,МР Караидельский,МР Янаульский,0.023255813953488372,129
v5-20261009T121014Z-d833d0,node_subsample,МР Кармаскалинский,МР Кигинский,0.23622047244094488,127
v5-20261009T121014Z-d833d0,node_subsample,МР Кармаскалинский,МР Краснокамский,0.952,125
v5-20261009T121014Z-d833d0,node_subsample,МР Кармаскалинский,МР Кугарчинский,0.22580645161290322,124
v5-20261009T121014Z-d833d0,node_subsample,МР Кармаскалинский,МР Кушнаренковский,0.9545454545454546,132
v5-20261009T121014Z-d833d0,node_subsample,МР Кармаскалинский,МР Куюргазинский,0.8854961832061069,131
v5-20261009T121014Z-d833d0,node_subsample,МР Кармаскалинский,МР Мелеузовский,0.007751937984496124,129
v5-20261009T121014Z-d833d0,node_subsample,МР Кармаскалинский,МР Мечетлинский,0.2,135
v5-20261009T121014Z-d833d0,node_subsample,МР Кармаскалинский,МР Мишкинский,0.9328358208955224,134
v5-20261009T121014Z-d833d0,node_subsample,МР Кармаскалинский,МР Миякинский,0.9694656488549618,131
v5-20261009T121014Z-d833d0,node_subsample,МР Кармаскалинский,МР Нуримановский,0.9705882352941176,136
v5-20261009T121014Z-d833d0,node_subsample,МР Кармаскалинский,МР Салаватский,0.14173228346456693,127
v5-20261009T121014Z-d833d0,node_subsample,МР Кармаскалинский,МР Стерлибашевский,0.9606299212598425,127
v5-20261009T121014Z-d833d0,node_subsample,МР Кармаскалинский,МР Стерлитамакский,0.014285714285714285,140
v5-20261009T121014Z-d833d0,node_subsample,МР Кармаскалинский,МР Татышлинский,0.26717557251908397,131
v5-20261009T121014Z-d833d0,node_subsample,МР Кармаскалинский,МР Туймазинский,0.014598540145985401,137
v5-20261009T121014Z-d833d0,node_subsample,МР Кармаскалинский,МР Уфимский,0.014285714285714285,140
v5-20261009T121014Z-d833d0,node_subsample,МР Кармаскалинский,МР Учалинский,0.007936507936507936,126
v5-20261009T121014Z-d833d0,node_subsample,МР Кармаскалинский,МР Федоровский,0.9568345323741008,139
v5-20261009T121014Z-d833d0,node_subsample,МР Кармаскалинский,МР Хайбуллинский,0.11594202898550725,138
v5-20261009T121014Z-d833d0,node_subsample,МР Кармаскалинский,МР Чекмагушевский,0.9621212121212122,132
v5-20261009T121014Z-d833d0,node_subsample,МР Кармаскалинский,МР Чишминский,0.022058823529411766,136
v5-20261009T121014Z-d833d0,node_subsample,МР Кармаскалинский,МР Шаранский,0.952755905511811,127
v5-20261009T121014Z-d833d0,node_subsample,МР Кармаскалинский,МР Янаульский,0.022556390977443608,133
v5-20261009T121014Z-d833d0,node_subsample,МР Кигинский,МР Краснокамский,0.19327731092436976,119
v5-20261009T121014Z-d833d0,node_subsample,МР Кигинский,МР Кугарчинский,0.991304347826087,115
v5-20261009T121014Z-d833d0,node_subsample,МР Кигинский,МР Кушнаренковский,0.18699186991869918,123
v5-20261009T121014Z-d833d0,node_subsample,МР Кигинский,МР Куюргазинский,0.32786885245901637,122
v5-20261009T121014Z-d833d0,node_subsample,МР Кигинский,МР Мелеузовский,0.0,120
v5-20261009T121014Z-d833d0,node_subsample,МР Кигинский,МР Мечетлинский,1.0,121
v5-20261009T121014Z-d833d0,node_subsample,МР Кигинский,МР Мишкинский,0.2846153846153846,130
v5-20261009T121014Z-d833d0,node_subsample,МР Кигинский,МР Миякинский,0.2459016393442623,122
v5-20261009T121014Z-d833d0,node_subsample,МР Кигинский,МР Нуримановский,0.21875,128
v5-20261009T121014Z-d833d0,node_subsample,МР Кигинский,МР Салаватский,0.9333333333333333,120
v5-20261009T121014Z-d833d0,node_subsample,МР Кигинский,МР Стерлибашевский,0.19834710743801653,121
v5-20261009T121014Z-d833d0,node_subsample,МР Кигинский,МР Стерлитамакский,0.0,129
v5-20261009T121014Z-d833d0,node_subsample,МР Кигинский,МР Татышлинский,0.9523809523809523,126
v5-20261009T121014Z-d833d0,node_subsample,МР Кигинский,МР Туймазинский,0.0,129
v5-20261009T121014Z-d833d0,node_subsample,МР Кигинский,МР Уфимский,0.0,131
v5-20261009T121014Z-d833d0,node_subsample,МР Кигинский,МР Учалинский,0.0,117
v5-20261009T121014Z-d833d0,node_subsample,МР Кигинский,МР Федоровский,0.23140495867768596,121
v5-20261009T121014Z-d833d0,node_subsample,МР Кигинский,МР Хайбуллинский,0.92,125
v5-20261009T121014Z-d833d0,node_subsample,МР Кигинский,МР Чекмагушевский,0.1796875,128
v5-20261009T121014Z-d833d0,node_subsample,МР Кигинский,МР Чишминский,0.0078125,128
v5-20261009T121014Z-d833d0,node_subsample,МР Кигинский,МР Шаранский,0.19672131147540983,122
v5-20261009T121014Z-d833d0,node_subsample,МР Кигинский,МР Янаульский,0.008264462809917356,121
v5-20261009T121014Z-d833d0,node_subsample,МР Краснокамский,МР Кугарчинский,0.23728813559322035,118
v5-20261009T121014Z-d833d0,node_subsample,МР Краснокамский,МР Кушнаренковский,0.9924812030075187,133
v5-20261009T121014Z-d833d0,node_subsample,МР Краснокамский,МР Куюргазинский,0.9193548387096774,124
v5-20261009T121014Z-d833d0,node_subsample,МР Краснокамский,МР Мелеузовский,0.00819672131147541,122
v5-20261009T121014Z-d833d0,node_subsample,МР Краснокамский,МР Мечетлинский,0.1484375,128
v5-20261009T121014Z-d833d0,node_subsample,МР Краснокамский,МР Мишкинский,0.9534883720930233,129
v5-20261009T121014Z-d833d0,node_subsample,МР Краснокамский,МР Миякинский,0.991869918699187,123
v5-20261009T121014Z-d833d0,node_subsample,МР Краснокамский,МР Нуримановский,0.9767441860465116,129
v5-20261009T121014Z-d833d0,node_subsample,МР Краснокамский,МР Салаватский,0.1171875,128
v5-20261009T121014Z-d833d0,node_subsample,МР Краснокамский,МР Стерлибашевский,0.9917355371900827,121
v5-20261009T121014Z-d833d0,node_subsample,МР Краснокамский,МР Стерлитамакский,0.0078125,128
v5-20261009T121014Z-d833d0,node_subsample,МР Краснокамский,МР Татышлинский,0.22727272727272727,132
v5-20261009T121014Z-d833d0,node_subsample,МР Краснокамский,МР Туймазинский,0.0,131
v5-20261009T121014Z-d833d0,node_subsample,МР Краснокамский,МР Уфимский,0.007874015748031496,127
v5-20261009T121014Z-d833d0,node_subsample,МР Краснокамский,МР Учалинский,0.0,115
v5-20261009T121014Z-d833d0,node_subsample,МР Краснокамский,МР Федоровский,0.9919354838709677,124
v5-20261009T121014Z-d833d0,node_subsample,МР Краснокамский,МР Хайбуллинский,0.06976744186046512,129
v5-20261009T121014Z-d833d0,node_subsample,МР Краснокамский,МР Чекмагушевский,0.9924242424242424,132
v5-20261009T121014Z-d833d0,node_subsample,МР Краснокамский,МР Чишминский,0.007874015748031496,127
v5-20261009T121014Z-d833d0,node_subsample,МР Краснокамский,МР Шаранский,1.0,119
v5-20261009T121014Z-d833d0,node_subsample,МР Краснокамский,МР Янаульский,0.031496062992125984,127
v5-20261009T121014Z-d833d0,node_subsample,МР Кугарчинский,МР Кушнаренковский,0.2066115702479339,121
v5-20261009T121014Z-d833d0,node_subsample,МР Кугарчинский,МР Куюргазинский,0.3709677419354839,124
v5-20261009T121014Z-d833d0,node_subsample,МР Кугарчинский,МР Мелеузовский,0.0,114
v5-20261009T121014Z-d833d0,node_subsample,МР Кугарчинский,МР Мечетлинский,0.957983193277311,119
v5-20261009T121014Z-d833d0,node_subsample,МР Кугарчинский,МР Мишкинский,0.30833333333333335,120
v5-20261009T121014Z-d833d0,node_subsample,МР Кугарчинский,МР Миякинский,0.2892561983471074,121
v5-20261009T121014Z-d833d0,node_subsample,МР Кугарчинский,МР Нуримановский,0.24390243902439024,123
v5-20261009T121014Z-d833d0,node_subsample,МР Кугарчинский,МР Салаватский,0.875,120
v5-20261009T121014Z-d833d0,node_subsample,МР Кугарчинский,МР Стерлибашевский,0.24561403508771928,114
v5-20261009T121014Z-d833d0,node_subsample,МР Кугарчинский,МР Стерлитамакский,0.0,128
v5-20261009T121014Z-d833d0,node_subsample,МР Кугарчинский,МР Татышлинский,0.9583333333333334,120
v5-20261009T121014Z-d833d0,node_subsample,МР Кугарчинский,МР Туймазинский,0.0,126
v5-20261009T121014Z-d833d0,node_subsample,МР Кугарчинский,МР Уфимский,0.0,124
v5-20261009T121014Z-d833d0,node_subsample,МР Кугарчинский,МР Учалинский,0.0,113
v5-20261009T121014Z-d833d0,node_subsample,МР Кугарчинский,МР Федоровский,0.2661290322580645,124
v5-20261009T121014Z-d833d0,node_subsample,МР Кугарчинский,МР Хайбуллинский,0.8842975206611571,121
v5-20261009T121014Z-d833d0,node_subsample,МР Кугарчинский,МР Чекмагушевский,0.216,125
v5-20261009T121014Z-d833d0,node_subsample,МР Кугарчинский,МР Чишминский,0.008264462809917356,121
v5-20261009T121014Z-d833d0,node_subsample,МР Кугарчинский,МР Шаранский,0.21929824561403508,114
v5-20261009T121014Z-d833d0,node_subsample,МР Кугарчинский,МР Янаульский,0.00847457627118644,118
v5-20261009T121014Z-d833d0,node_subsample,МР Кушнаренковский,МР Куюргазинский,0.9393939393939394,132
v5-20261009T121014Z-d833d0,node_subsample,МР Кушнаренковский,МР Мелеузовский,0.0,124
v5-20261009T121014Z-d833d0,node_subsample,МР Кушнаренковский,МР Мечетлинский,0.15328467153284672,137
v5-20261009T121014Z-d833d0,node_subsample,МР Кушнаренковский,МР Мишкинский,0.9776119402985075,134
v5-20261009T121014Z-d833d0,node_subsample,МР Кушнаренковский,МР Миякинский,1.0,129
v5-20261009T121014Z-d833d0,node_subsample,МР Кушнаренковский,МР Нуримановский,0.9852941176470589,136
v5-20261009T121014Z-d833d0,node_subsample,МР Кушнаренковский,МР Салаватский,0.08461538461538462,130
v5-20261009T121014Z-d833d0,node_subsample,МР Кушнаренковский,МР Стерлибашевский,1.0,126
v5-20261009T121014Z-d833d0,node_subsample,МР Кушнаренковский,МР Стерлитамакский,0.0,138
v5-20261009T121014Z-d833d0,node_subsample,МР Кушнаренковский,МР Татышлинский,0.2248062015503876,129
v5-20261009T121014Z-d833d0,node_subsample,МР Кушнаренковский,МР Туймазинский,0.0,138
v5-20261009T121014Z-d833d0,node_subsample,МР Кушнаренковский,МР Уфимский,0.0,137
v5-20261009T121014Z-d833d0,node_subsample,МР Кушнаренковский,МР Учалинский,0.0,122
v5-20261009T121014Z-d833d0,node_subsample,МР Кушнаренковский,МР Федоровский,1.0,133
v5-20261009T121014Z-d833d0,node_subsample,МР Кушнаренковский,МР Хайбуллинский,0.05970149253731343,134
v5-20261009T121014Z-d833d0,node_subsample,МР Кушнаренковский,МР Чекмагушевский,1.0,133
v5-20261009T121014Z-d833d0,node_subsample,МР Кушнаренковский,МР Чишминский,0.0,130
v5-20261009T121014Z-d833d0,node_subsample,МР Кушнаренковский,МР Шаранский,1.0,127
v5-20261009T121014Z-d833d0,node_subsample,МР Кушнаренковский,МР Янаульский,0.022900763358778626,131
v5-20261009T121014Z-d833d0,node_subsample,МР Куюргазинский,МР Мелеузовский,0.0,125
v5-20261009T121014Z-d833d0,node_subsample,МР Куюргазинский,МР Мечетлинский,0.2366412213740458,131
v5-20261009T121014Z-d833d0,node_subsample,МР Куюргазинский,МР Мишкинский,0.9774436090225563,133
v5-20261009T121014Z-d833d0,node_subsample,МР Куюргазинский,МР Миякинский,0.9365079365079365,126
v5-20261009T121014Z-d833d0,node_subsample,МР Куюргазинский,МР Нуримановский,0.9197080291970803,137
v5-20261009T121014Z-d833d0,node_subsample,МР Куюргазинский,МР Салаватский,0.2109375,128
v5-20261009T121014Z-d833d0,node_subsample,МР Куюргазинский,МР Стерлибашевский,0.9256198347107438,121
v5-20261009T121014Z-d833d0,node_subsample,МР Куюргазинский,МР Стерлитамакский,0.0,139
v5-20261009T121014Z-d833d0,node_subsample,МР Куюргазинский,МР Татышлинский,0.3435114503816794,131
v5-20261009T121014Z-d833d0,node_subsample,МР Куюргазинский,МР Туймазинский,0.0,137
v5-20261009T121014Z-d833d0,node_subsample,МР Куюргазинский,МР Уфимский,0.0,136
v5-20261009T121014Z-d833d0,node_subsample,МР Куюргазинский,МР Учалинский,0.0,121
v5-20261009T121014Z-d833d0,node_subsample,МР Куюргазинский,МР Федоровский,0.9545454545454546,132
v5-20261009T121014Z-d833d0,node_subsample,МР Куюргазинский,МР Хайбуллинский,0.15037593984962405,133
v5-20261009T121014Z-d833d0,node_subsample,МР Куюргазинский,МР Чекмагушевский,0.9264705882352942,136
v5-20261009T121014Z-d833d0,node_subsample,МР Куюргазинский,МР Чишминский,0.0,137
v5-20261009T121014Z-d833d0,node_subsample,МР Куюргазинский,МР Шаранский,0.9333333333333333,120
v5-20261009T121014Z-d833d0,node_subsample,МР Куюргазинский,МР Янаульский,0.023076923076923078,130
v5-20261009T121014Z-d833d0,node_subsample,МР Мелеузовский,МР Мечетлинский,0.0,129
v5-20261009T121014Z-d833d0,node_subsample,МР Мелеузовский,МР Мишкинский,0.0,128
v5-20261009T121014Z-d833d0,node_subsample,МР Мелеузовский,МР Миякинский,0.0,120
v5-20261009T121014Z-d833d0,node_subsample,МР Мелеузовский,МР Нуримановский,0.0,130
v5-20261009T121014Z-d833d0,node_subsample,МР Мелеузовский,МР Салаватский,0.0,129
v5-20261009T121014Z-d833d0,node_subsample,МР Мелеузовский,МР Стерлибашевский,0.0,119
v5-20261009T121014Z-d833d0,node_subsample,МР Мелеузовский,МР Стерлитамакский,1.0,133
v5-20261009T121014Z-d833d0,node_subsample,МР Мелеузовский,МР Татышлинский,0.0,129
v5-20261009T121014Z-d833d0,node_subsample,МР Мелеузовский,МР Туймазинский,1.0,131
v5-20261009T121014Z-d833d0,node_subsample,МР Мелеузовский,МР Уфимский,1.0,132
v5-20261009T121014Z-d833d0,node_subsample,МР Мелеузовский,МР Учалинский,1.0,120
v5-20261009T121014Z-d833d0,node_subsample,МР Мелеузовский,МР Федоровский,0.0,134
v5-20261009T121014Z-d833d0,node_subsample,МР Мелеузовский,МР Хайбуллинский,0.0,131
v5-20261009T121014Z-d833d0,node_subsample,МР Мелеузовский,МР Чекмагушевский,0.0,126
v5-20261009T121014Z-d833d0,node_subsample,МР Мелеузовский,МР Чишминский,0.984375,128
v5-20261009T121014Z-d833d0,node_subsample,МР Мелеузовский,МР Шаранский,0.0,120
v5-20261009T121014Z-d833d0,node_subsample,МР Мелеузовский,МР Янаульский,0.992,125
v5-20261009T121014Z-d833d0,node_subsample,МР Мечетлинский,МР Мишкинский,0.23357664233576642,137
v5-20261009T121014Z-d833d0,node_subsample,МР Мечетлинский,МР Миякинский,0.2204724409448819,127
v5-20261009T121014Z-d833d0,node_subsample,МР Мечетлинский,МР Нуримановский,0.16541353383458646,133
v5-20261009T121014Z-d833d0,node_subsample,МР Мечетлинский,МР Салаватский,0.9448818897637795,127
v5-20261009T121014Z-d833d0,node_subsample,МР Мечетлинский,МР Стерлибашевский,0.19047619047619047,126
v5-20261009T121014Z-d833d0,node_subsample,МР Мечетлинский,МР Стерлитамакский,0.0,135
v5-20261009T121014Z-d833d0,node_subsample,МР Мечетлинский,МР Татышлинский,0.9153846153846154,130
v5-20261009T121014Z-d833d0,node_subsample,МР Мечетлинский,МР Туймазинский,0.0,135
v5-20261009T121014Z-d833d0,node_subsample,МР Мечетлинский,МР Уфимский,0.0,140
v5-20261009T121014Z-d833d0,node_subsample,МР Мечетлинский,МР Учалинский,0.0,125
v5-20261009T121014Z-d833d0,node_subsample,МР Мечетлинский,МР Федоровский,0.19696969696969696,132
v5-20261009T121014Z-d833d0,node_subsample,МР Мечетлинский,МР Хайбуллинский,0.9338235294117647,136
v5-20261009T121014Z-d833d0,node_subsample,МР Мечетлинский,МР Чекмагушевский,0.15789473684210525,133
v5-20261009T121014Z-d833d0,node_subsample,МР Мечетлинский,МР Чишминский,0.007518796992481203,133
v5-20261009T121014Z-d833d0,node_subsample,МР Мечетлинский,МР Шаранский,0.1652892561983471,121
v5-20261009T121014Z-d833d0,node_subsample,МР Мечетлинский,МР Янаульский,0.0,131
v5-20261009T121014Z-d833d0,node_subsample,МР Мишкинский,МР Миякинский,0.9765625,128
v5-20261009T121014Z-d833d0,node_subsample,МР Мишкинский,МР Нуримановский,0.9710144927536232,138
v5-20261009T121014Z-d833d0,node_subsample,МР Мишкинский,МР Салаватский,0.1796875,128
v5-20261009T121014Z-d833d0,node_subsample,МР Мишкинский,МР Стерлибашевский,0.968503937007874,127
v5-20261009T121014Z-d833d0,node_subsample,МР Мишкинский,МР Стерлитамакский,0.0,139
v5-20261009T121014Z-d833d0,node_subsample,МР Мишкинский,МР Татышлинский,0.31343283582089554,134
v5-20261009T121014Z-d833d0,node_subsample,МР Мишкинский,МР Туймазинский,0.0,138
v5-20261009T121014Z-d833d0,node_subsample,МР Мишкинский,МР Уфимский,0.0,140
v5-20261009T121014Z-d833d0,node_subsample,МР Мишкинский,МР Учалинский,0.0,128
v5-20261009T121014Z-d833d0,node_subsample,МР Мишкинский,МР Федоровский,0.9621212121212122,132
v5-20261009T121014Z-d833d0,node_subsample,МР Мишкинский,МР Хайбуллинский,0.11194029850746269,134
v5-20261009T121014Z-d833d0,node_subsample,МР Мишкинский,МР Чекмагушевский,0.9629629629629629,135
v5-20261009T121014Z-d833d0,node_subsample,МР Мишкинский,МР Чишминский,0.0,137
v5-20261009T121014Z-d833d0,node_subsample,МР Мишкинский,МР Шаранский,0.968,125
v5-20261009T121014Z-d833d0,node_subsample,МР Мишкинский,МР Янаульский,0.014814814814814815,135
v5-20261009T121014Z-d833d0,node_subsample,МР Миякинский,МР Нуримановский,0.9851851851851852,135
v5-20261009T121014Z-d833d0,node_subsample,МР Миякинский,МР Салаватский,0.14615384615384616,130
v5-20261009T121014Z-d833d0,node_subsample,МР Миякинский,МР Стерлибашевский,1.0,125
v5-20261009T121014Z-d833d0,node_subsample,МР Миякинский,МР Стерлитамакский,0.0,135
v5-20261009T121014Z-d833d0,node_subsample,МР Миякинский,МР Татышлинский,0.2835820895522388,134
v5-20261009T121014Z-d833d0,node_subsample,МР Миякинский,МР Туймазинский,0.0,129
v5-20261009T121014Z-d833d0,node_subsample,МР Миякинский,МР Уфимский,0.0,135
v5-20261009T121014Z-d833d0,node_subsample,МР Миякинский,МР Учалинский,0.0,121
v5-20261009T121014Z-d833d0,node_subsample,МР Миякинский,МР Федоровский,1.0,130
v5-20261009T121014Z-d833d0,node_subsample,МР Миякинский,МР Хайбуллинский,0.09848484848484848,132
v5-20261009T121014Z-d833d0,node_subsample,МР Миякинский,МР Чекмагушевский,1.0,127
v5-20261009T121014Z-d833d0,node_subsample,МР Миякинский,МР Чишминский,0.0,131
v5-20261009T121014Z-d833d0,node_subsample,МР Миякинский,МР Шаранский,1.0,123
v5-20261009T121014Z-d833d0,node_subsample,МР Миякинский,МР Янаульский,0.015384615384615385,130
v5-20261009T121014Z-d833d0,node_subsample,МР Нуримановский,МР Салаватский,0.1259259259259259,135
v5-20261009T121014Z-d833d0,node_subsample,МР Нуримановский,МР Стерлибашевский,0.984375,128
v5-20261009T121014Z-d833d0,node_subsample,МР Нуримановский,МР Стерлитамакский,0.0,141
v5-20261009T121014Z-d833d0,node_subsample,МР Нуримановский,МР Татышлинский,0.24444444444444444,135
v5-20261009T121014Z-d833d0,node_subsample,МР Нуримановский,МР Туймазинский,0.0,140
v5-20261009T121014Z-d833d0,node_subsample,МР Нуримановский,МР Уфимский,0.0,143
v5-20261009T121014Z-d833d0,node_subsample,МР Нуримановский,МР Учалинский,0.0,123
v5-20261009T121014Z-d833d0,node_subsample,МР Нуримановский,МР Федоровский,0.9849624060150376,133
v5-20261009T121014Z-d833d0,node_subsample,МР Нуримановский,МР Хайбуллинский,0.10714285714285714,140
v5-20261009T121014Z-d833d0,node_subsample,МР Нуримановский,МР Чекмагушевский,0.9928057553956835,139
v5-20261009T121014Z-d833d0,node_subsample,МР Нуримановский,МР Чишминский,0.007246376811594203,138
v5-20261009T121014Z-d833d0,node_subsample,МР Нуримановский,МР Шаранский,0.984,125
v5-20261009T121014Z-d833d0,node_subsample,МР Нуримановский,МР Янаульский,0.022727272727272728,132
v5-20261009T121014Z-d833d0,node_subsample,МР Салаватский,МР Стерлибашевский,0.11666666666666667,120
v5-20261009T121014Z-d833d0,node_subsample,МР Салаватский,МР Стерлитамакский,0.0,132
v5-20261009T121014Z-d833d0,node_subsample,МР Салаватский,МР Татышлинский,0.9307692307692308,130
v5-20261009T121014Z-d833d0,node_subsample,МР Салаватский,МР Туймазинский,0.0,136
v5-20261009T121014Z-d833d0,node_subsample,МР Салаватский,МР Уфимский,0.0,130
v5-20261009T121014Z-d833d0,node_subsample,МР Салаватский,МР Учалинский,0.0,118
v5-20261009T121014Z-d833d0,node_subsample,МР Салаватский,МР Федоровский,0.1297709923664122,131
v5-20261009T121014Z-d833d0,node_subsample,МР Салаватский,МР Хайбуллинский,1.0,131
v5-20261009T121014Z-d833d0,node_subsample,МР Салаватский,МР Чекмагушевский,0.09090909090909091,132
v5-20261009T121014Z-d833d0,node_subsample,МР Салаватский,МР Чишминский,0.007692307692307693,130
v5-20261009T121014Z-d833d0,node_subsample,МР Салаватский,МР Шаранский,0.11570247933884298,121
v5-20261009T121014Z-d833d0,node_subsample,МР Салаватский,МР Янаульский,0.0,130
v5-20261009T121014Z-d833d0,node_subsample,МР Стерлибашевский,МР Стерлитамакский,0.0,127
v5-20261009T121014Z-d833d0,node_subsample,МР Стерлибашевский,МР Татышлинский,0.24793388429752067,121
v5-20261009T121014Z-d833d0,node_subsample,МР Стерлибашевский,МР Туймазинский,0.0,128
v5-20261009T121014Z-d833d0,node_subsample,МР Стерлибашевский,МР Уфимский,0.0,129
v5-20261009T121014Z-d833d0,node_subsample,МР Стерлибашевский,МР Учалинский,0.0,115
v5-20261009T121014Z-d833d0,node_subsample,МР Стерлибашевский,МР Федоровский,1.0,123
v5-20261009T121014Z-d833d0,node_subsample,МР Стерлибашевский,МР Хайбуллинский,0.08661417322834646,127
v5-20261009T121014Z-d833d0,node_subsample,МР Стерлибашевский,МР Чекмагушевский,1.0,126
v5-20261009T121014Z-d833d0,node_subsample,МР Стерлибашевский,МР Чишминский,0.0,126
v5-20261009T121014Z-d833d0,node_subsample,МР Стерлибашевский,МР Шаранский,1.0,112
v5-20261009T121014Z-d833d0,node_subsample,МР Стерлибашевский,МР Янаульский,0.024,125
v5-20261009T121014Z-d833d0,node_subsample,МР Стерлитамакский,МР Татышлинский,0.0,136
v5-20261009T121014Z-d833d0,node_subsample,МР Стерлитамакский,МР Туймазинский,1.0,140
v5-20261009T121014Z-d833d0,node_subsample,МР Стерлитамакский,МР Уфимский,1.0,141
v5-20261009T121014Z-d833d0,node_subsample,МР Стерлитамакский,МР Учалинский,1.0,126
v5-20261009T121014Z-d833d0,node_subsample,МР Стерлитамакский,МР Федоровский,0.0,141
v5-20261009T121014Z-d833d0,node_subsample,МР Стерлитамакский,МР Хайбуллинский,0.0,138
v5-20261009T121014Z-d833d0,node_subsample,МР Стерлитамакский,МР Чекмагушевский,0.0,139
v5-20261009T121014Z-d833d0,node_subsample,МР Стерлитамакский,МР Чишминский,0.9928571428571429,140
v5-20261009T121014Z-d833d0,node_subsample,МР Стерлитамакский,МР Шаранский,0.0,127
v5-20261009T121014Z-d833d0,node_subsample,МР Стерлитамакский,МР Янаульский,0.9777777777777777,135
v5-20261009T121014Z-d833d0,node_subsample,МР Татышлинский,МР Туймазинский,0.0,133
v5-20261009T121014Z-d833d0,node_subsample,МР Татышлинский,МР Уфимский,0.0,134
v5-20261009T121014Z-d833d0,node_subsample,МР Татышлинский,МР Учалинский,0.0,125
v5-20261009T121014Z-d833d0,node_subsample,МР Татышлинский,МР Федоровский,0.2857142857142857,133
v5-20261009T121014Z-d833d0,node_subsample,МР Татышлинский,МР Хайбуллинский,0.8787878787878788,132
v5-20261009T121014Z-d833d0,node_subsample,МР Татышлинский,МР Чекмагушевский,0.19548872180451127,133
v5-20261009T121014Z-d833d0,node_subsample,МР Татышлинский,МР Чишминский,0.007518796992481203,133
v5-20261009T121014Z-d833d0,node_subsample,МР Татышлинский,МР Шаранский,0.25,128
v5-20261009T121014Z-d833d0,node_subsample,МР Татышлинский,МР Янаульский,0.022900763358778626,131
v5-20261009T121014Z-d833d0,node_subsample,МР Туймазинский,МР Уфимский,1.0,141
v5-20261009T121014Z-d833d0,node_subsample,МР Туймазинский,МР Учалинский,1.0,126
v5-20261009T121014Z-d833d0,node_subsample,МР Туймазинский,МР Федоровский,0.0,135
v5-20261009T121014Z-d833d0,node_subsample,МР Туймазинский,МР Хайбуллинский,0.0,136
v5-20261009T121014Z-d833d0,node_subsample,МР Туймазинский,МР Чекмагушевский,0.0,137
v5-20261009T121014Z-d833d0,node_subsample,МР Туймазинский,МР Чишминский,0.9855072463768116,138
v5-20261009T121014Z-d833d0,node_subsample,МР Туймазинский,МР Шаранский,0.0,130
v5-20261009T121014Z-d833d0,node_subsample,МР Туймазинский,МР Янаульский,0.9772727272727273,132
v5-20261009T121014Z-d833d0,node_subsample,МР Уфимский,МР Учалинский,1.0,130
v5-20261009T121014Z-d833d0,node_subsample,МР Уфимский,МР Федоровский,0.0,136
v5-20261009T121014Z-d833d0,node_subsample,МР Уфимский,МР Хайбуллинский,0.0,140
v5-20261009T121014Z-d833d0,node_subsample,МР Уфимский,МР Чекмагушевский,0.0,139
v5-20261009T121014Z-d833d0,node_subsample,МР Уфимский,МР Чишминский,0.9857142857142858,140
v5-20261009T121014Z-d833d0,node_subsample,МР Уфимский,МР Шаранский,0.0,128
v5-20261009T121014Z-d833d0,node_subsample,МР Уфимский,МР Янаульский,0.9776119402985075,134
v5-20261009T121014Z-d833d0,node_subsample,МР Учалинский,МР Федоровский,0.0,124
v5-20261009T121014Z-d833d0,node_subsample,МР Учалинский,МР Хайбуллинский,0.0,128
v5-20261009T121014Z-d833d0,node_subsample,МР Учалинский,МР Чекмагушевский,0.0,121
v5-20261009T121014Z-d833d0,node_subsample,МР Учалинский,МР Чишминский,0.9921875,128
v5-20261009T121014Z-d833d0,node_subsample,МР Учалинский,МР Шаранский,0.0,117
v5-20261009T121014Z-d833d0,node_subsample,МР Учалинский,МР Янаульский,0.9836065573770492,122
v5-20261009T121014Z-d833d0,node_subsample,МР Федоровский,МР Хайбуллинский,0.07462686567164178,134
v5-20261009T121014Z-d833d0,node_subsample,МР Федоровский,МР Чекмагушевский,1.0,133
v5-20261009T121014Z-d833d0,node_subsample,МР Федоровский,МР Чишминский,0.0,138
v5-20261009T121014Z-d833d0,node_subsample,МР Федоровский,МР Шаранский,1.0,127
v5-20261009T121014Z-d833d0,node_subsample,МР Федоровский,МР Янаульский,0.014814814814814815,135
v5-20261009T121014Z-d833d0,node_subsample,МР Хайбуллинский,МР Чекмагушевский,0.05925925925925926,135
v5-20261009T121014Z-d833d0,node_subsample,МР Хайбуллинский,МР Чишминский,0.007352941176470588,136
v5-20261009T121014Z-d833d0,node_subsample,МР Хайбуллинский,МР Шаранский,0.06349206349206349,126
v5-20261009T121014Z-d833d0,node_subsample,МР Хайбуллинский,МР Янаульский,0.0,133
v5-20261009T121014Z-d833d0,node_subsample,МР Чекмагушевский,МР Чишминский,0.0,135
v5-20261009T121014Z-d833d0,node_subsample,МР Чекмагушевский,МР Шаранский,1.0,123
v5-20261009T121014Z-d833d0,node_subsample,МР Чекмагушевский,МР Янаульский,0.015267175572519083,131
v5-20261009T121014Z-d833d0,node_subsample,МР Чишминский,МР Шаранский,0.0,126
v5-20261009T121014Z-d833d0,node_subsample,МР Чишминский,МР Янаульский,0.9856115107913669,139
v5-20261009T121014Z-d833d0,node_subsample,МР Шаранский,МР Янаульский,0.01680672268907563,119
v5-20261009T121014Z-d833d0,temporal_block,ГО Агидель,ГО Кумертау,0.0,100
v5-20261009T121014Z-d833d0,temporal_block,ГО Агидель,ГО Нефтекамск,0.0,100
v5-20261009T121014Z-d833d0,temporal_block,ГО Агидель,ГО Октябрьский,0.0,100
v5-20261009T121014Z-d833d0,temporal_block,ГО Агидель,ГО Салават,0.0,100
v5-20261009T121014Z-d833d0,temporal_block,ГО Агидель,ГО Сибай,0.0,100
v5-20261009T121014Z-d833d0,temporal_block,ГО Агидель,ГО Стерлитамак,0.0,100
v5-20261009T121014Z-d833d0,temporal_block,ГО Агидель,ГО Уфа,0.0,100
v5-20261009T121014Z-d833d0,temporal_block,ГО Агидель,МР Абзелиловский,0.08,100
v5-20261009T121014Z-d833d0,temporal_block,ГО Агидель,МР Альшеевский,1.0,100
v5-20261009T121014Z-d833d0,temporal_block,ГО Агидель,МР Архангельский,0.94,100
v5-20261009T121014Z-d833d0,temporal_block,ГО Агидель,МР Аскинский,0.47,100
v5-20261009T121014Z-d833d0,temporal_block,ГО Агидель,МР Аургазинский,1.0,100
v5-20261009T121014Z-d833d0,temporal_block,ГО Агидель,МР Баймакский,0.0,100
v5-20261009T121014Z-d833d0,temporal_block,ГО Агидель,МР Бакалинский,1.0,100
v5-20261009T121014Z-d833d0,temporal_block,ГО Агидель,МР Балтачевский,0.99,100
v5-20261009T121014Z-d833d0,temporal_block,ГО Агидель,МР Белебеевский,0.0,100
v5-20261009T121014Z-d833d0,temporal_block,ГО Агидель,МР Белокатайский,0.14,100
v5-20261009T121014Z-d833d0,temporal_block,ГО Агидель,МР Белорецкий,0.0,100
v5-20261009T121014Z-d833d0,temporal_block,ГО Агидель,МР Бижбулякский,1.0,100
v5-20261009T121014Z-d833d0,temporal_block,ГО Агидель,МР Бирский,0.0,100
v5-20261009T121014Z-d833d0,temporal_block,ГО Агидель,МР Благоварский,0.88,100
v5-20261009T121014Z-d833d0,temporal_block,ГО Агидель,МР Благовещенский,0.0,100
v5-20261009T121014Z-d833d0,temporal_block,ГО Агидель,МР Буздякский,1.0,100
v5-20261009T121014Z-d833d0,temporal_block,ГО Агидель,МР Бураевский,1.0,100
v5-20261009T121014Z-d833d0,temporal_block,ГО Агидель,МР Бурзянский,0.0,100
v5-20261009T121014Z-d833d0,temporal_block,ГО Агидель,МР Гафурийский,0.82,100
v5-20261009T121014Z-d833d0,temporal_block,ГО Агидель,МР Давлекановский,1.0,100
v5-20261009T121014Z-d833d0,temporal_block,ГО Агидель,МР Дуванский,0.07,100
v5-20261009T121014Z-d833d0,temporal_block,ГО Агидель,МР Дюртюлинский,0.0,100
v5-20261009T121014Z-d833d0,temporal_block,ГО Агидель,МР Ермекеевский,1.0,100
v5-20261009T121014Z-d833d0,temporal_block,ГО Агидель,МР Зианчуринский,0.28,100
v5-20261009T121014Z-d833d0,temporal_block,ГО Агидель,МР Зилаирский,0.0,100
v5-20261009T121014Z-d833d0,temporal_block,ГО Агидель,МР Иглинский,0.0,100
v5-20261009T121014Z-d833d0,temporal_block,ГО Агидель,МР Илишевский,0.96,100
v5-20261009T121014Z-d833d0,temporal_block,ГО Агидель,МР Ишимбайский,0.0,100
v5-20261009T121014Z-d833d0,temporal_block,ГО Агидель,МР Калтасинский,1.0,100
v5-20261009T121014Z-d833d0,temporal_block,ГО Агидель,МР Караидельский,0.97,100
v5-20261009T121014Z-d833d0,temporal_block,ГО Агидель,МР Кармаскалинский,0.81,100
v5-20261009T121014Z-d833d0,temporal_block,ГО Агидель,МР Кигинский,0.22,100
v5-20261009T121014Z-d833d0,temporal_block,ГО Агидель,МР Краснокамский,0.71,100
v5-20261009T121014Z-d833d0,temporal_block,ГО Агидель,МР Кугарчинский,0.27,100
v5-20261009T121014Z-d833d0,temporal_block,ГО Агидель,МР Кушнаренковский,1.0,100
v5-20261009T121014Z-d833d0,temporal_block,ГО Агидель,МР Куюргазинский,0.98,100
v5-20261009T121014Z-d833d0,temporal_block,ГО Агидель,МР Мелеузовский,0.0,100
v5-20261009T121014Z-d833d0,temporal_block,ГО Агидель,МР Мечетлинский,0.13,100
v5-20261009T121014Z-d833d0,temporal_block,ГО Агидель,МР Мишкинский,0.91,100
v5-20261009T121014Z-d833d0,temporal_block,ГО Агидель,МР Миякинский,1.0,100
v5-20261009T121014Z-d833d0,temporal_block,ГО Агидель,МР Нуримановский,0.94,100
v5-20261009T121014Z-d833d0,temporal_block,ГО Агидель,МР Салаватский,0.0,100
v5-20261009T121014Z-d833d0,temporal_block,ГО Агидель,МР Стерлибашевский,1.0,100
v5-20261009T121014Z-d833d0,temporal_block,ГО Агидель,МР Стерлитамакский,0.0,100
v5-20261009T121014Z-d833d0,temporal_block,ГО Агидель,МР Татышлинский,0.07,100
v5-20261009T121014Z-d833d0,temporal_block,ГО Агидель,МР Туймазинский,0.0,100
v5-20261009T121014Z-d833d0,temporal_block,ГО Агидель,МР Уфимский,0.0,100
v5-20261009T121014Z-d833d0,temporal_block,ГО Агидель,МР Учалинский,0.0,100
v5-20261009T121014Z-d833d0,temporal_block,ГО Агидель,МР Федоровский,1.0,100
v5-20261009T121014Z-d833d0,temporal_block,ГО Агидель,МР Хайбуллинский,0.0,100
v5-20261009T121014Z-d833d0,temporal_block,ГО Агидель,МР Чекмагушевский,1.0,100
v5-20261009T121014Z-d833d0,temporal_block,ГО Агидель,МР Чишминский,0.0,100
v5-20261009T121014Z-d833d0,temporal_block,ГО Агидель,МР Шаранский,1.0,100
v5-20261009T121014Z-d833d0,temporal_block,ГО Агидель,МР Янаульский,0.0,100
v5-20261009T121014Z-d833d0,temporal_block,ГО Кумертау,ГО Нефтекамск,1.0,100
v5-20261009T121014Z-d833d0,temporal_block,ГО Кумертау,ГО Октябрьский,1.0,100
v5-20261009T121014Z-d833d0,temporal_block,ГО Кумертау,ГО Салават,1.0,100
v5-20261009T121014Z-d833d0,temporal_block,ГО Кумертау,ГО Сибай,0.98,100
v5-20261009T121014Z-d833d0,temporal_block,ГО Кумертау,ГО Стерлитамак,1.0,100
v5-20261009T121014Z-d833d0,temporal_block,ГО Кумертау,ГО Уфа,1.0,100
v5-20261009T121014Z-d833d0,temporal_block,ГО Кумертау,МР Абзелиловский,0.0,100
v5-20261009T121014Z-d833d0,temporal_block,ГО Кумертау,МР Альшеевский,0.0,100
v5-20261009T121014Z-d833d0,temporal_block,ГО Кумертау,МР Архангельский,0.0,100
v5-20261009T121014Z-d833d0,temporal_block,ГО Кумертау,МР Аскинский,0.0,100
v5-20261009T121014Z-d833d0,temporal_block,ГО Кумертау,МР Аургазинский,0.0,100
v5-20261009T121014Z-d833d0,temporal_block,ГО Кумертау,МР Баймакский,0.0,100
v5-20261009T121014Z-d833d0,temporal_block,ГО Кумертау,МР Бакалинский,0.0,100
v5-20261009T121014Z-d833d0,temporal_block,ГО Кумертау,МР Балтачевский,0.0,100
v5-20261009T121014Z-d833d0,temporal_block,ГО Кумертау,МР Белебеевский,1.0,100
v5-20261009T121014Z-d833d0,temporal_block,ГО Кумертау,МР Белокатайский,0.0,100
v5-20261009T121014Z-d833d0,temporal_block,ГО Кумертау,МР Белорецкий,0.98,100
v5-20261009T121014Z-d833d0,temporal_block,ГО Кумертау,МР Бижбулякский,0.0,100
v5-20261009T121014Z-d833d0,temporal_block,ГО Кумертау,МР Бирский,1.0,100
v5-20261009T121014Z-d833d0,temporal_block,ГО Кумертау,МР Благоварский,0.0,100
v5-20261009T121014Z-d833d0,temporal_block,ГО Кумертау,МР Благовещенский,0.98,100
v5-20261009T121014Z-d833d0,temporal_block,ГО Кумертау,МР Буздякский,0.0,100
v5-20261009T121014Z-d833d0,temporal_block,ГО Кумертау,МР Бураевский,0.0,100
v5-20261009T121014Z-d833d0,temporal_block,ГО Кумертау,МР Бурзянский,0.0,100
v5-20261009T121014Z-d833d0,temporal_block,ГО Кумертау,МР Гафурийский,0.0,100
v5-20261009T121014Z-d833d0,temporal_block,ГО Кумертау,МР Давлекановский,0.0,100
v5-20261009T121014Z-d833d0,temporal_block,ГО Кумертау,МР Дуванский,0.0,100
v5-20261009T121014Z-d833d0,temporal_block,ГО Кумертау,МР Дюртюлинский,1.0,100
v5-20261009T121014Z-d833d0,temporal_block,ГО Кумертау,МР Ермекеевский,0.0,100
v5-20261009T121014Z-d833d0,temporal_block,ГО Кумертау,МР Зианчуринский,0.0,100
v5-20261009T121014Z-d833d0,temporal_block,ГО Кумертау,МР Зилаирский,0.0,100
v5-20261009T121014Z-d833d0,temporal_block,ГО Кумертау,МР Иглинский,0.99,100
v5-20261009T121014Z-d833d0,temporal_block,ГО Кумертау,МР Илишевский,0.0,100
v5-20261009T121014Z-d833d0,temporal_block,ГО Кумертау,МР Ишимбайский,1.0,100
v5-20261009T121014Z-d833d0,temporal_block,ГО Кумертау,МР Калтасинский,0.0,100
v5-20261009T121014Z-d833d0,temporal_block,ГО Кумертау,МР Караидельский,0.0,100
v5-20261009T121014Z-d833d0,temporal_block,ГО Кумертау,МР Кармаскалинский,0.09,100
v5-20261009T121014Z-d833d0,temporal_block,ГО Кумертау,МР Кигинский,0.0,100
v5-20261009T121014Z-d833d0,temporal_block,ГО Кумертау,МР Краснокамский,0.29,100
v5-20261009T121014Z-d833d0,temporal_block,ГО Кумертау,МР Кугарчинский,0.0,100
v5-20261009T121014Z-d833d0,temporal_block,ГО Кумертау,МР Кушнаренковский,0.0,100
v5-20261009T121014Z-d833d0,temporal_block,ГО Кумертау,МР Куюргазинский,0.0,100
v5-20261009T121014Z-d833d0,temporal_block,ГО Кумертау,МР Мелеузовский,1.0,100
v5-20261009T121014Z-d833d0,temporal_block,ГО Кумертау,МР Мечетлинский,0.0,100
v5-20261009T121014Z-d833d0,temporal_block,ГО Кумертау,МР Мишкинский,0.0,100
v5-20261009T121014Z-d833d0,temporal_block,ГО Кумертау,МР Миякинский,0.0,100
v5-20261009T121014Z-d833d0,temporal_block,ГО Кумертау,МР Нуримановский,0.0,100
v5-20261009T121014Z-d833d0,temporal_block,ГО Кумертау,МР Салаватский,0.0,100
v5-20261009T121014Z-d833d0,temporal_block,ГО Кумертау,МР Стерлибашевский,0.0,100
v5-20261009T121014Z-d833d0,temporal_block,ГО Кумертау,МР Стерлитамакский,1.0,100
v5-20261009T121014Z-d833d0,temporal_block,ГО Кумертау,МР Татышлинский,0.06,100
v5-20261009T121014Z-d833d0,temporal_block,ГО Кумертау,МР Туймазинский,1.0,100
v5-20261009T121014Z-d833d0,temporal_block,ГО Кумертау,МР Уфимский,1.0,100
v5-20261009T121014Z-d833d0,temporal_block,ГО Кумертау,МР Учалинский,1.0,100
v5-20261009T121014Z-d833d0,temporal_block,ГО Кумертау,МР Федоровский,0.0,100
v5-20261009T121014Z-d833d0,temporal_block,ГО Кумертау,МР Хайбуллинский,0.0,100
v5-20261009T121014Z-d833d0,temporal_block,ГО Кумертау,МР Чекмагушевский,0.0,100
v5-20261009T121014Z-d833d0,temporal_block,ГО Кумертау,МР Чишминский,0.98,100
v5-20261009T121014Z-d833d0,temporal_block,ГО Кумертау,МР Шаранский,0.0,100
v5-20261009T121014Z-d833d0,temporal_block,ГО Кумертау,МР Янаульский,0.98,100
v5-20261009T121014Z-d833d0,temporal_block,ГО Нефтекамск,ГО Октябрьский,1.0,100
v5-20261009T121014Z-d833d0,temporal_block,ГО Нефтекамск,ГО Салават,1.0,100
v5-20261009T121014Z-d833d0,temporal_block,ГО Нефтекамск,ГО Сибай,0.98,100
v5-20261009T121014Z-d833d0,temporal_block,ГО Нефтекамск,ГО Стерлитамак,1.0,100
v5-20261009T121014Z-d833d0,temporal_block,ГО Нефтекамск,ГО Уфа,1.0,100
v5-20261009T121014Z-d833d0,temporal_block,ГО Нефтекамск,МР Абзелиловский,0.0,100
v5-20261009T121014Z-d833d0,temporal_block,ГО Нефтекамск,МР Альшеевский,0.0,100
v5-20261009T121014Z-d833d0,temporal_block,ГО Нефтекамск,МР Архангельский,0.0,100
v5-20261009T121014Z-d833d0,temporal_block,ГО Нефтекамск,МР Аскинский,0.0,100
v5-20261009T121014Z-d833d0,temporal_block,ГО Нефтекамск,МР Аургазинский,0.0,100
v5-20261009T121014Z-d833d0,temporal_block,ГО Нефтекамск,МР Баймакский,0.0,100
v5-20261009T121014Z-d833d0,temporal_block,ГО Нефтекамск,МР Бакалинский,0.0,100
v5-20261009T121014Z-d833d0,temporal_block,ГО Нефтекамск,МР Балтачевский,0.0,100
v5-20261009T121014Z-d833d0,temporal_block,ГО Нефтекамск,МР Белебеевский,1.0,100
v5-20261009T121014Z-d833d0,temporal_block,ГО Нефтекамск,МР Белокатайский,0.0,100
v5-20261009T121014Z-d833d0,temporal_block,ГО Нефтекамск,МР Белорецкий,0.98,100
v5-20261009T121014Z-d833d0,temporal_block,ГО Нефтекамск,МР Бижбулякский,0.0,100
v5-20261009T121014Z-d833d0,temporal_block,ГО Нефтекамск,МР Бирский,1.0,100
v5-20261009T121014Z-d833d0,temporal_block,ГО Нефтекамск,МР Благоварский,0.0,100
v5-20261009T121014Z-d833d0,temporal_block,ГО Нефтекамск,МР Благовещенский,0.98,100
v5-20261009T121014Z-d833d0,temporal_block,ГО Нефтекамск,МР Буздякский,0.0,100
v5-20261009T121014Z-d833d0,temporal_block,ГО Нефтекамск,МР Бураевский,0.0,100
v5-20261009T121014Z-d833d0,temporal_block,ГО Нефтекамск,МР Бурзянский,0.0,100
v5-20261009T121014Z-d833d0,temporal_block,ГО Нефтекамск,МР Гафурийский,0.0,100
v5-20261009T121014Z-d833d0,temporal_block,ГО Нефтекамск,МР Давлекановский,0.0,100
v5-20261009T121014Z-d833d0,temporal_block,ГО Нефтекамск,МР Дуванский,0.0,100
v5-20261009T121014Z-d833d0,temporal_block,ГО Нефтекамск,МР Дюртюлинский,1.0,100
v5-20261009T121014Z-d833d0,temporal_block,ГО Нефтекамск,МР Ермекеевский,0.0,100
v5-20261009T121014Z-d833d0,temporal_block,ГО Нефтекамск,МР Зианчуринский,0.0,100
v5-20261009T121014Z-d833d0,temporal_block,ГО Нефтекамск,МР Зилаирский,0.0,100
v5-20261009T121014Z-d833d0,temporal_block,ГО Нефтекамск,МР Иглинский,0.99,100
v5-20261009T121014Z-d833d0,temporal_block,ГО Нефтекамск,МР Илишевский,0.0,100
v5-20261009T121014Z-d833d0,temporal_block,ГО Нефтекамск,МР Ишимбайский,1.0,100
v5-20261009T121014Z-d833d0,temporal_block,ГО Нефтекамск,МР Калтасинский,0.0,100
v5-20261009T121014Z-d833d0,temporal_block,ГО Нефтекамск,МР Караидельский,0.0,100
v5-20261009T121014Z-d833d0,temporal_block,ГО Нефтекамск,МР Кармаскалинский,0.09,100
v5-20261009T121014Z-d833d0,temporal_block,ГО Нефтекамск,МР Кигинский,0.0,100
v5-20261009T121014Z-d833d0,temporal_block,ГО Нефтекамск,МР Краснокамский,0.29,100
v5-20261009T121014Z-d833d0,temporal_block,ГО Нефтекамск,МР Кугарчинский,0.0,100
v5-20261009T121014Z-d833d0,temporal_block,ГО Нефтекамск,МР Кушнаренковский,0.0,100
v5-20261009T121014Z-d833d0,temporal_block,ГО Нефтекамск,МР Куюргазинский,0.0,100
v5-20261009T121014Z-d833d0,temporal_block,ГО Нефтекамск,МР Мелеузовский,1.0,100
v5-20261009T121014Z-d833d0,temporal_block,ГО Нефтекамск,МР Мечетлинский,0.0,100
v5-20261009T121014Z-d833d0,temporal_block,ГО Нефтекамск,МР Мишкинский,0.0,100
v5-20261009T121014Z-d833d0,temporal_block,ГО Нефтекамск,МР Миякинский,0.0,100
v5-20261009T121014Z-d833d0,temporal_block,ГО Нефтекамск,МР Нуримановский,0.0,100
v5-20261009T121014Z-d833d0,temporal_block,ГО Нефтекамск,МР Салаватский,0.0,100
v5-20261009T121014Z-d833d0,temporal_block,ГО Нефтекамск,МР Стерлибашевский,0.0,100
v5-20261009T121014Z-d833d0,temporal_block,ГО Нефтекамск,МР Стерлитамакский,1.0,100
v5-20261009T121014Z-d833d0,temporal_block,ГО Нефтекамск,МР Татышлинский,0.06,100
v5-20261009T121014Z-d833d0,temporal_block,ГО Нефтекамск,МР Туймазинский,1.0,100
v5-20261009T121014Z-d833d0,temporal_block,ГО Нефтекамск,МР Уфимский,1.0,100
v5-20261009T121014Z-d833d0,temporal_block,ГО Нефтекамск,МР Учалинский,1.0,100
v5-20261009T121014Z-d833d0,temporal_block,ГО Нефтекамск,МР Федоровский,0.0,100
v5-20261009T121014Z-d833d0,temporal_block,ГО Нефтекамск,МР Хайбуллинский,0.0,100
v5-20261009T121014Z-d833d0,temporal_block,ГО Нефтекамск,МР Чекмагушевский,0.0,100
v5-20261009T121014Z-d833d0,temporal_block,ГО Нефтекамск,МР Чишминский,0.98,100
v5-20261009T121014Z-d833d0,temporal_block,ГО Нефтекамск,МР Шаранский,0.0,100
v5-20261009T121014Z-d833d0,temporal_block,ГО Нефтекамск,МР Янаульский,0.98,100
v5-20261009T121014Z-d833d0,temporal_block,ГО Октябрьский,ГО Салават,1.0,100
v5-20261009T121014Z-d833d0,temporal_block,ГО Октябрьский,ГО Сибай,0.98,100
v5-20261009T121014Z-d833d0,temporal_block,ГО Октябрьский,ГО Стерлитамак,1.0,100
v5-20261009T121014Z-d833d0,temporal_block,ГО Октябрьский,ГО Уфа,1.0,100
v5-20261009T121014Z-d833d0,temporal_block,ГО Октябрьский,МР Абзелиловский,0.0,100
v5-20261009T121014Z-d833d0,temporal_block,ГО Октябрьский,МР Альшеевский,0.0,100
v5-20261009T121014Z-d833d0,temporal_block,ГО Октябрьский,МР Архангельский,0.0,100
v5-20261009T121014Z-d833d0,temporal_block,ГО Октябрьский,МР Аскинский,0.0,100
v5-20261009T121014Z-d833d0,temporal_block,ГО Октябрьский,МР Аургазинский,0.0,100
v5-20261009T121014Z-d833d0,temporal_block,ГО Октябрьский,МР Баймакский,0.0,100
v5-20261009T121014Z-d833d0,temporal_block,ГО Октябрьский,МР Бакалинский,0.0,100
v5-20261009T121014Z-d833d0,temporal_block,ГО Октябрьский,МР Балтачевский,0.0,100
v5-20261009T121014Z-d833d0,temporal_block,ГО Октябрьский,МР Белебеевский,1.0,100
v5-20261009T121014Z-d833d0,temporal_block,ГО Октябрьский,МР Белокатайский,0.0,100
v5-20261009T121014Z-d833d0,temporal_block,ГО Октябрьский,МР Белорецкий,0.98,100
v5-20261009T121014Z-d833d0,temporal_block,ГО Октябрьский,МР Бижбулякский,0.0,100
v5-20261009T121014Z-d833d0,temporal_block,ГО Октябрьский,МР Бирский,1.0,100
v5-20261009T121014Z-d833d0,temporal_block,ГО Октябрьский,МР Благоварский,0.0,100
v5-20261009T121014Z-d833d0,temporal_block,ГО Октябрьский,МР Благовещенский,0.98,100
v5-20261009T121014Z-d833d0,temporal_block,ГО Октябрьский,МР Буздякский,0.0,100
v5-20261009T121014Z-d833d0,temporal_block,ГО Октябрьский,МР Бураевский,0.0,100
v5-20261009T121014Z-d833d0,temporal_block,ГО Октябрьский,МР Бурзянский,0.0,100
v5-20261009T121014Z-d833d0,temporal_block,ГО Октябрьский,МР Гафурийский,0.0,100
v5-20261009T121014Z-d833d0,temporal_block,ГО Октябрьский,МР Давлекановский,0.0,100
v5-20261009T121014Z-d833d0,temporal_block,ГО Октябрьский,МР Дуванский,0.0,100
v5-20261009T121014Z-d833d0,temporal_block,ГО Октябрьский,МР Дюртюлинский,1.0,100
v5-20261009T121014Z-d833d0,temporal_block,ГО Октябрьский,МР Ермекеевский,0.0,100
v5-20261009T121014Z-d833d0,temporal_block,ГО Октябрьский,МР Зианчуринский,0.0,100
v5-20261009T121014Z-d833d0,temporal_block,ГО Октябрьский,МР Зилаирский,0.0,100
v5-20261009T121014Z-d833d0,temporal_block,ГО Октябрьский,МР Иглинский,0.99,100
v5-20261009T121014Z-d833d0,temporal_block,ГО Октябрьский,МР Илишевский,0.0,100
v5-20261009T121014Z-d833d0,temporal_block,ГО Октябрьский,МР Ишимбайский,1.0,100
v5-20261009T121014Z-d833d0,temporal_block,ГО Октябрьский,МР Калтасинский,0.0,100
v5-20261009T121014Z-d833d0,temporal_block,ГО Октябрьский,МР Караидельский,0.0,100
v5-20261009T121014Z-d833d0,temporal_block,ГО Октябрьский,МР Кармаскалинский,0.09,100
v5-20261009T121014Z-d833d0,temporal_block,ГО Октябрьский,МР Кигинский,0.0,100
v5-20261009T121014Z-d833d0,temporal_block,ГО Октябрьский,МР Краснокамский,0.29,100
v5-20261009T121014Z-d833d0,temporal_block,ГО Октябрьский,МР Кугарчинский,0.0,100
v5-20261009T121014Z-d833d0,temporal_block,ГО Октябрьский,МР Кушнаренковский,0.0,100
v5-20261009T121014Z-d833d0,temporal_block,ГО Октябрьский,МР Куюргазинский,0.0,100
v5-20261009T121014Z-d833d0,temporal_block,ГО Октябрьский,МР Мелеузовский,1.0,100
v5-20261009T121014Z-d833d0,temporal_block,ГО Октябрьский,МР Мечетлинский,0.0,100
v5-20261009T121014Z-d833d0,temporal_block,ГО Октябрьский,МР Мишкинский,0.0,100
v5-20261009T121014Z-d833d0,temporal_block,ГО Октябрьский,МР Миякинский,0.0,100
v5-20261009T121014Z-d833d0,temporal_block,ГО Октябрьский,МР Нуримановский,0.0,100
v5-20261009T121014Z-d833d0,temporal_block,ГО Октябрьский,МР Салаватский,0.0,100
v5-20261009T121014Z-d833d0,temporal_block,ГО Октябрьский,МР Стерлибашевский,0.0,100
v5-20261009T121014Z-d833d0,temporal_block,ГО Октябрьский,МР Стерлитамакский,1.0,100
v5-20261009T121014Z-d833d0,temporal_block,ГО Октябрьский,МР Татышлинский,0.06,100
v5-20261009T121014Z-d833d0,temporal_block,ГО Октябрьский,МР Туймазинский,1.0,100
v5-20261009T121014Z-d833d0,temporal_block,ГО Октябрьский,МР Уфимский,1.0,100
v5-20261009T121014Z-d833d0,temporal_block,ГО Октябрьский,МР Учалинский,1.0,100
v5-20261009T121014Z-d833d0,temporal_block,ГО Октябрьский,МР Федоровский,0.0,100
v5-20261009T121014Z-d833d0,temporal_block,ГО Октябрьский,МР Хайбуллинский,0.0,100
v5-20261009T121014Z-d833d0,temporal_block,ГО Октябрьский,МР Чекмагушевский,0.0,100
v5-20261009T121014Z-d833d0,temporal_block,ГО Октябрьский,МР Чишминский,0.98,100
v5-20261009T121014Z-d833d0,temporal_block,ГО Октябрьский,МР Шаранский,0.0,100
v5-20261009T121014Z-d833d0,temporal_block,ГО Октябрьский,МР Янаульский,0.98,100
v5-20261009T121014Z-d833d0,temporal_block,ГО Салават,ГО Сибай,0.98,100
v5-20261009T121014Z-d833d0,temporal_block,ГО Салават,ГО Стерлитамак,1.0,100
v5-20261009T121014Z-d833d0,temporal_block,ГО Салават,ГО Уфа,1.0,100
v5-20261009T121014Z-d833d0,temporal_block,ГО Салават,МР Абзелиловский,0.0,100
v5-20261009T121014Z-d833d0,temporal_block,ГО Салават,МР Альшеевский,0.0,100
v5-20261009T121014Z-d833d0,temporal_block,ГО Салават,МР Архангельский,0.0,100
v5-20261009T121014Z-d833d0,temporal_block,ГО Салават,МР Аскинский,0.0,100
v5-20261009T121014Z-d833d0,temporal_block,ГО Салават,МР Аургазинский,0.0,100
v5-20261009T121014Z-d833d0,temporal_block,ГО Салават,МР Баймакский,0.0,100
v5-20261009T121014Z-d833d0,temporal_block,ГО Салават,МР Бакалинский,0.0,100
v5-20261009T121014Z-d833d0,temporal_block,ГО Салават,МР Балтачевский,0.0,100
v5-20261009T121014Z-d833d0,temporal_block,ГО Салават,МР Белебеевский,1.0,100
v5-20261009T121014Z-d833d0,temporal_block,ГО Салават,МР Белокатайский,0.0,100
v5-20261009T121014Z-d833d0,temporal_block,ГО Салават,МР Белорецкий,0.98,100
v5-20261009T121014Z-d833d0,temporal_block,ГО Салават,МР Бижбулякский,0.0,100
v5-20261009T121014Z-d833d0,temporal_block,ГО Салават,МР Бирский,1.0,100
v5-20261009T121014Z-d833d0,temporal_block,ГО Салават,МР Благоварский,0.0,100
v5-20261009T121014Z-d833d0,temporal_block,ГО Салават,МР Благовещенский,0.98,100
v5-20261009T121014Z-d833d0,temporal_block,ГО Салават,МР Буздякский,0.0,100
v5-20261009T121014Z-d833d0,temporal_block,ГО Салават,МР Бураевский,0.0,100
v5-20261009T121014Z-d833d0,temporal_block,ГО Салават,МР Бурзянский,0.0,100
v5-20261009T121014Z-d833d0,temporal_block,ГО Салават,МР Гафурийский,0.0,100
v5-20261009T121014Z-d833d0,temporal_block,ГО Салават,МР Давлекановский,0.0,100
v5-20261009T121014Z-d833d0,temporal_block,ГО Салават,МР Дуванский,0.0,100
v5-20261009T121014Z-d833d0,temporal_block,ГО Салават,МР Дюртюлинский,1.0,100
v5-20261009T121014Z-d833d0,temporal_block,ГО Салават,МР Ермекеевский,0.0,100
v5-20261009T121014Z-d833d0,temporal_block,ГО Салават,МР Зианчуринский,0.0,100
v5-20261009T121014Z-d833d0,temporal_block,ГО Салават,МР Зилаирский,0.0,100
v5-20261009T121014Z-d833d0,temporal_block,ГО Салават,МР Иглинский,0.99,100
v5-20261009T121014Z-d833d0,temporal_block,ГО Салават,МР Илишевский,0.0,100
v5-20261009T121014Z-d833d0,temporal_block,ГО Салават,МР Ишимбайский,1.0,100
v5-20261009T121014Z-d833d0,temporal_block,ГО Салават,МР Калтасинский,0.0,100
v5-20261009T121014Z-d833d0,temporal_block,ГО Салават,МР Караидельский,0.0,100
v5-20261009T121014Z-d833d0,temporal_block,ГО Салават,МР Кармаскалинский,0.09,100
v5-20261009T121014Z-d833d0,temporal_block,ГО Салават,МР Кигинский,0.0,100
v5-20261009T121014Z-d833d0,temporal_block,ГО Салават,МР Краснокамский,0.29,100
v5-20261009T121014Z-d833d0,temporal_block,ГО Салават,МР Кугарчинский,0.0,100
v5-20261009T121014Z-d833d0,temporal_block,ГО Салават,МР Кушнаренковский,0.0,100
v5-20261009T121014Z-d833d0,temporal_block,ГО Салават,МР Куюргазинский,0.0,100
v5-20261009T121014Z-d833d0,temporal_block,ГО Салават,МР Мелеузовский,1.0,100
v5-20261009T121014Z-d833d0,temporal_block,ГО Салават,МР Мечетлинский,0.0,100
v5-20261009T121014Z-d833d0,temporal_block,ГО Салават,МР Мишкинский,0.0,100
v5-20261009T121014Z-d833d0,temporal_block,ГО Салават,МР Миякинский,0.0,100
v5-20261009T121014Z-d833d0,temporal_block,ГО Салават,МР Нуримановский,0.0,100
v5-20261009T121014Z-d833d0,temporal_block,ГО Салават,МР Салаватский,0.0,100
v5-20261009T121014Z-d833d0,temporal_block,ГО Салават,МР Стерлибашевский,0.0,100
v5-20261009T121014Z-d833d0,temporal_block,ГО Салават,МР Стерлитамакский,1.0,100
v5-20261009T121014Z-d833d0,temporal_block,ГО Салават,МР Татышлинский,0.06,100
v5-20261009T121014Z-d833d0,temporal_block,ГО Салават,МР Туймазинский,1.0,100
v5-20261009T121014Z-d833d0,temporal_block,ГО Салават,МР Уфимский,1.0,100
v5-20261009T121014Z-d833d0,temporal_block,ГО Салават,МР Учалинский,1.0,100
v5-20261009T121014Z-d833d0,temporal_block,ГО Салават,МР Федоровский,0.0,100
v5-20261009T121014Z-d833d0,temporal_block,ГО Салават,МР Хайбуллинский,0.0,100
v5-20261009T121014Z-d833d0,temporal_block,ГО Салават,МР Чекмагушевский,0.0,100
v5-20261009T121014Z-d833d0,temporal_block,ГО Салават,МР Чишминский,0.98,100
v5-20261009T121014Z-d833d0,temporal_block,ГО Салават,МР Шаранский,0.0,100
v5-20261009T121014Z-d833d0,temporal_block,ГО Салават,МР Янаульский,0.98,100
v5-20261009T121014Z-d833d0,temporal_block,ГО Сибай,ГО Стерлитамак,0.98,100
v5-20261009T121014Z-d833d0,temporal_block,ГО Сибай,ГО Уфа,0.98,100
v5-20261009T121014Z-d833d0,temporal_block,ГО Сибай,МР Абзелиловский,0.02,100
v5-20261009T121014Z-d833d0,temporal_block,ГО Сибай,МР Альшеевский,0.0,100
v5-20261009T121014Z-d833d0,temporal_block,ГО Сибай,МР Архангельский,0.0,100
v5-20261009T121014Z-d833d0,temporal_block,ГО Сибай,МР Аскинский,0.0,100
v5-20261009T121014Z-d833d0,temporal_block,ГО Сибай,МР Аургазинский,0.0,100
v5-20261009T121014Z-d833d0,temporal_block,ГО Сибай,МР Баймакский,0.02,100
v5-20261009T121014Z-d833d0,temporal_block,ГО Сибай,МР Бакалинский,0.0,100
v5-20261009T121014Z-d833d0,temporal_block,ГО Сибай,МР Балтачевский,0.0,100
v5-20261009T121014Z-d833d0,temporal_block,ГО Сибай,МР Белебеевский,0.98,100
v5-20261009T121014Z-d833d0,temporal_block,ГО Сибай,МР Белокатайский,0.02,100
v5-20261009T121014Z-d833d0,temporal_block,ГО Сибай,МР Белорецкий,1.0,100
v5-20261009T121014Z-d833d0,temporal_block,ГО Сибай,МР Бижбулякский,0.0,100
v5-20261009T121014Z-d833d0,temporal_block,ГО Сибай,МР Бирский,0.98,100
v5-20261009T121014Z-d833d0,temporal_block,ГО Сибай,МР Благоварский,0.0,100
v5-20261009T121014Z-d833d0,temporal_block,ГО Сибай,МР Благовещенский,1.0,100
v5-20261009T121014Z-d833d0,temporal_block,ГО Сибай,МР Буздякский,0.0,100
v5-20261009T121014Z-d833d0,temporal_block,ГО Сибай,МР Бураевский,0.0,100
v5-20261009T121014Z-d833d0,temporal_block,ГО Сибай,МР Бурзянский,0.02,100
v5-20261009T121014Z-d833d0,temporal_block,ГО Сибай,МР Гафурийский,0.0,100
v5-20261009T121014Z-d833d0,temporal_block,ГО Сибай,МР Давлекановский,0.0,100
v5-20261009T121014Z-d833d0,temporal_block,ГО Сибай,МР Дуванский,0.02,100
v5-20261009T121014Z-d833d0,temporal_block,ГО Сибай,МР Дюртюлинский,0.98,100
v5-20261009T121014Z-d833d0,temporal_block,ГО Сибай,МР Ермекеевский,0.0,100
v5-20261009T121014Z-d833d0,temporal_block,ГО Сибай,МР Зианчуринский,0.0,100
v5-20261009T121014Z-d833d0,temporal_block,ГО Сибай,МР Зилаирский,0.02,100
v5-20261009T121014Z-d833d0,temporal_block,ГО Сибай,МР Иглинский,0.99,100
v5-20261009T121014Z-d833d0,temporal_block,ГО Сибай,МР Илишевский,0.0,100
v5-20261009T121014Z-d833d0,temporal_block,ГО Сибай,МР Ишимбайский,0.98,100
v5-20261009T121014Z-d833d0,temporal_block,ГО Сибай,МР Калтасинский,0.0,100
v5-20261009T121014Z-d833d0,temporal_block,ГО Сибай,МР Караидельский,0.0,100
v5-20261009T121014Z-d833d0,temporal_block,ГО Сибай,МР Кармаскалинский,0.11,100
v5-20261009T121014Z-d833d0,temporal_block,ГО Сибай,МР Кигинский,0.01,100
v5-20261009T121014Z-d833d0,temporal_block,ГО Сибай,МР Краснокамский,0.27,100
v5-20261009T121014Z-d833d0,temporal_block,ГО Сибай,МР Кугарчинский,0.0,100
v5-20261009T121014Z-d833d0,temporal_block,ГО Сибай,МР Кушнаренковский,0.0,100
v5-20261009T121014Z-d833d0,temporal_block,ГО Сибай,МР Куюргазинский,0.0,100
v5-20261009T121014Z-d833d0,temporal_block,ГО Сибай,МР Мелеузовский,0.98,100
v5-20261009T121014Z-d833d0,temporal_block,ГО Сибай,МР Мечетлинский,0.02,100
v5-20261009T121014Z-d833d0,temporal_block,ГО Сибай,МР Мишкинский,0.0,100
v5-20261009T121014Z-d833d0,temporal_block,ГО Сибай,МР Миякинский,0.0,100
v5-20261009T121014Z-d833d0,temporal_block,ГО Сибай,МР Нуримановский,0.0,100
v5-20261009T121014Z-d833d0,temporal_block,ГО Сибай,МР Салаватский,0.02,100
v5-20261009T121014Z-d833d0,temporal_block,ГО Сибай,МР Стерлибашевский,0.0,100
v5-20261009T121014Z-d833d0,temporal_block,ГО Сибай,МР Стерлитамакский,0.98,100
v5-20261009T121014Z-d833d0,temporal_block,ГО Сибай,МР Татышлинский,0.08,100
v5-20261009T121014Z-d833d0,temporal_block,ГО Сибай,МР Туймазинский,0.98,100
v5-20261009T121014Z-d833d0,temporal_block,ГО Сибай,МР Уфимский,0.98,100
v5-20261009T121014Z-d833d0,temporal_block,ГО Сибай,МР Учалинский,0.98,100
v5-20261009T121014Z-d833d0,temporal_block,ГО Сибай,МР Федоровский,0.0,100
v5-20261009T121014Z-d833d0,temporal_block,ГО Сибай,МР Хайбуллинский,0.02,100
v5-20261009T121014Z-d833d0,temporal_block,ГО Сибай,МР Чекмагушевский,0.0,100
v5-20261009T121014Z-d833d0,temporal_block,ГО Сибай,МР Чишминский,1.0,100
v5-20261009T121014Z-d833d0,temporal_block,ГО Сибай,МР Шаранский,0.0,100
v5-20261009T121014Z-d833d0,temporal_block,ГО Сибай,МР Янаульский,0.96,100
v5-20261009T121014Z-d833d0,temporal_block,ГО Стерлитамак,ГО Уфа,1.0,100
v5-20261009T121014Z-d833d0,temporal_block,ГО Стерлитамак,МР Абзелиловский,0.0,100
v5-20261009T121014Z-d833d0,temporal_block,ГО Стерлитамак,МР Альшеевский,0.0,100
v5-20261009T121014Z-d833d0,temporal_block,ГО Стерлитамак,МР Архангельский,0.0,100
v5-20261009T121014Z-d833d0,temporal_block,ГО Стерлитамак,МР Аскинский,0.0,100
v5-20261009T121014Z-d833d0,temporal_block,ГО Стерлитамак,МР Аургазинский,0.0,100
v5-20261009T121014Z-d833d0,temporal_block,ГО Стерлитамак,МР Баймакский,0.0,100
v5-20261009T121014Z-d833d0,temporal_block,ГО Стерлитамак,МР Бакалинский,0.0,100
v5-20261009T121014Z-d833d0,temporal_block,ГО Стерлитамак,МР Балтачевский,0.0,100
v5-20261009T121014Z-d833d0,temporal_block,ГО Стерлитамак,МР Белебеевский,1.0,100
v5-20261009T121014Z-d833d0,temporal_block,ГО Стерлитамак,МР Белокатайский,0.0,100
v5-20261009T121014Z-d833d0,temporal_block,ГО Стерлитамак,МР Белорецкий,0.98,100
v5-20261009T121014Z-d833d0,temporal_block,ГО Стерлитамак,МР Бижбулякский,0.0,100
v5-20261009T121014Z-d833d0,temporal_block,ГО Стерлитамак,МР Бирский,1.0,100
v5-20261009T121014Z-d833d0,temporal_block,ГО Стерлитамак,МР Благоварский,0.0,100
v5-20261009T121014Z-d833d0,temporal_block,ГО Стерлитамак,МР Благовещенский,0.98,100
v5-20261009T121014Z-d833d0,temporal_block,ГО Стерлитамак,МР Буздякский,0.0,100
v5-20261009T121014Z-d833d0,temporal_block,ГО Стерлитамак,МР Бураевский,0.0,100
v5-20261009T121014Z-d833d0,temporal_block,ГО Стерлитамак,МР Бурзянский,0.0,100
v5-20261009T121014Z-d833d0,temporal_block,ГО Стерлитамак,МР Гафурийский,0.0,100
v5-20261009T121014Z-d833d0,temporal_block,ГО Стерлитамак,МР Давлекановский,0.0,100
v5-20261009T121014Z-d833d0,temporal_block,ГО Стерлитамак,МР Дуванский,0.0,100
v5-20261009T121014Z-d833d0,temporal_block,ГО Стерлитамак,МР Дюртюлинский,1.0,100
v5-20261009T121014Z-d833d0,temporal_block,ГО Стерлитамак,МР Ермекеевский,0.0,100
v5-20261009T121014Z-d833d0,temporal_block,ГО Стерлитамак,МР Зианчуринский,0.0,100
v5-20261009T121014Z-d833d0,temporal_block,ГО Стерлитамак,МР Зилаирский,0.0,100
v5-20261009T121014Z-d833d0,temporal_block,ГО Стерлитамак,МР Иглинский,0.99,100
v5-20261009T121014Z-d833d0,temporal_block,ГО Стерлитамак,МР Илишевский,0.0,100
v5-20261009T121014Z-d833d0,temporal_block,ГО Стерлитамак,МР Ишимбайский,1.0,100
v5-20261009T121014Z-d833d0,temporal_block,ГО Стерлитамак,МР Калтасинский,0.0,100
v5-20261009T121014Z-d833d0,temporal_block,ГО Стерлитамак,МР Караидельский,0.0,100
v5-20261009T121014Z-d833d0,temporal_block,ГО Стерлитамак,МР Кармаскалинский,0.09,100
v5-20261009T121014Z-d833d0,temporal_block,ГО Стерлитамак,МР Кигинский,0.0,100
v5-20261009T121014Z-d833d0,temporal_block,ГО Стерлитамак,МР Краснокамский,0.29,100
v5-20261009T121014Z-d833d0,temporal_block,ГО Стерлитамак,МР Кугарчинский,0.0,100
v5-20261009T121014Z-d833d0,temporal_block,ГО Стерлитамак,МР Кушнаренковский,0.0,100
v5-20261009T121014Z-d833d0,temporal_block,ГО Стерлитамак,МР Куюргазинский,0.0,100
v5-20261009T121014Z-d833d0,temporal_block,ГО Стерлитамак,МР Мелеузовский,1.0,100
v5-20261009T121014Z-d833d0,temporal_block,ГО Стерлитамак,МР Мечетлинский,0.0,100
v5-20261009T121014Z-d833d0,temporal_block,ГО Стерлитамак,МР Мишкинский,0.0,100
v5-20261009T121014Z-d833d0,temporal_block,ГО Стерлитамак,МР Миякинский,0.0,100
v5-20261009T121014Z-d833d0,temporal_block,ГО Стерлитамак,МР Нуримановский,0.0,100
v5-20261009T121014Z-d833d0,temporal_block,ГО Стерлитамак,МР Салаватский,0.0,100
v5-20261009T121014Z-d833d0,temporal_block,ГО Стерлитамак,МР Стерлибашевский,0.0,100
v5-20261009T121014Z-d833d0,temporal_block,ГО Стерлитамак,МР Стерлитамакский,1.0,100
v5-20261009T121014Z-d833d0,temporal_block,ГО Стерлитамак,МР Татышлинский,0.06,100
v5-20261009T121014Z-d833d0,temporal_block,ГО Стерлитамак,МР Туймазинский,1.0,100
v5-20261009T121014Z-d833d0,temporal_block,ГО Стерлитамак,МР Уфимский,1.0,100
v5-20261009T121014Z-d833d0,temporal_block,ГО Стерлитамак,МР Учалинский,1.0,100
v5-20261009T121014Z-d833d0,temporal_block,ГО Стерлитамак,МР Федоровский,0.0,100
v5-20261009T121014Z-d833d0,temporal_block,ГО Стерлитамак,МР Хайбуллинский,0.0,100
v5-20261009T121014Z-d833d0,temporal_block,ГО Стерлитамак,МР Чекмагушевский,0.0,100
v5-20261009T121014Z-d833d0,temporal_block,ГО Стерлитамак,МР Чишминский,0.98,100
v5-20261009T121014Z-d833d0,temporal_block,ГО Стерлитамак,МР Шаранский,0.0,100
v5-20261009T121014Z-d833d0,temporal_block,ГО Стерлитамак,МР Янаульский,0.98,100
v5-20261009T121014Z-d833d0,temporal_block,ГО Уфа,МР Абзелиловский,0.0,100
v5-20261009T121014Z-d833d0,temporal_block,ГО Уфа,МР Альшеевский,0.0,100
v5-20261009T121014Z-d833d0,temporal_block,ГО Уфа,МР Архангельский,0.0,100
v5-20261009T121014Z-d833d0,temporal_block,ГО Уфа,МР Аскинский,0.0,100
v5-20261009T121014Z-d833d0,temporal_block,ГО Уфа,МР Аургазинский,0.0,100
v5-20261009T121014Z-d833d0,temporal_block,ГО Уфа,МР Баймакский,0.0,100
v5-20261009T121014Z-d833d0,temporal_block,ГО Уфа,МР Бакалинский,0.0,100
v5-20261009T121014Z-d833d0,temporal_block,ГО Уфа,МР Балтачевский,0.0,100
v5-20261009T121014Z-d833d0,temporal_block,ГО Уфа,МР Белебеевский,1.0,100
v5-20261009T121014Z-d833d0,temporal_block,ГО Уфа,МР Белокатайский,0.0,100
v5-20261009T121014Z-d833d0,temporal_block,ГО Уфа,МР Белорецкий,0.98,100
v5-20261009T121014Z-d833d0,temporal_block,ГО Уфа,МР Бижбулякский,0.0,100
v5-20261009T121014Z-d833d0,temporal_block,ГО Уфа,МР Бирский,1.0,100
v5-20261009T121014Z-d833d0,temporal_block,ГО Уфа,МР Благоварский,0.0,100
v5-20261009T121014Z-d833d0,temporal_block,ГО Уфа,МР Благовещенский,0.98,100
v5-20261009T121014Z-d833d0,temporal_block,ГО Уфа,МР Буздякский,0.0,100
v5-20261009T121014Z-d833d0,temporal_block,ГО Уфа,МР Бураевский,0.0,100
v5-20261009T121014Z-d833d0,temporal_block,ГО Уфа,МР Бурзянский,0.0,100
v5-20261009T121014Z-d833d0,temporal_block,ГО Уфа,МР Гафурийский,0.0,100
v5-20261009T121014Z-d833d0,temporal_block,ГО Уфа,МР Давлекановский,0.0,100
v5-20261009T121014Z-d833d0,temporal_block,ГО Уфа,МР Дуванский,0.0,100
v5-20261009T121014Z-d833d0,temporal_block,ГО Уфа,МР Дюртюлинский,1.0,100
v5-20261009T121014Z-d833d0,temporal_block,ГО Уфа,МР Ермекеевский,0.0,100
v5-20261009T121014Z-d833d0,temporal_block,ГО Уфа,МР Зианчуринский,0.0,100
v5-20261009T121014Z-d833d0,temporal_block,ГО Уфа,МР Зилаирский,0.0,100
v5-20261009T121014Z-d833d0,temporal_block,ГО Уфа,МР Иглинский,0.99,100
v5-20261009T121014Z-d833d0,temporal_block,ГО Уфа,МР Илишевский,0.0,100
v5-20261009T121014Z-d833d0,temporal_block,ГО Уфа,МР Ишимбайский,1.0,100
v5-20261009T121014Z-d833d0,temporal_block,ГО Уфа,МР Калтасинский,0.0,100
v5-20261009T121014Z-d833d0,temporal_block,ГО Уфа,МР Караидельский,0.0,100
v5-20261009T121014Z-d833d0,temporal_block,ГО Уфа,МР Кармаскалинский,0.09,100
v5-20261009T121014Z-d833d0,temporal_block,ГО Уфа,МР Кигинский,0.0,100
v5-20261009T121014Z-d833d0,temporal_block,ГО Уфа,МР Краснокамский,0.29,100
v5-20261009T121014Z-d833d0,temporal_block,ГО Уфа,МР Кугарчинский,0.0,100
v5-20261009T121014Z-d833d0,temporal_block,ГО Уфа,МР Кушнаренковский,0.0,100
v5-20261009T121014Z-d833d0,temporal_block,ГО Уфа,МР Куюргазинский,0.0,100
v5-20261009T121014Z-d833d0,temporal_block,ГО Уфа,МР Мелеузовский,1.0,100
v5-20261009T121014Z-d833d0,temporal_block,ГО Уфа,МР Мечетлинский,0.0,100
v5-20261009T121014Z-d833d0,temporal_block,ГО Уфа,МР Мишкинский,0.0,100
v5-20261009T121014Z-d833d0,temporal_block,ГО Уфа,МР Миякинский,0.0,100
v5-20261009T121014Z-d833d0,temporal_block,ГО Уфа,МР Нуримановский,0.0,100
v5-20261009T121014Z-d833d0,temporal_block,ГО Уфа,МР Салаватский,0.0,100
v5-20261009T121014Z-d833d0,temporal_block,ГО Уфа,МР Стерлибашевский,0.0,100
v5-20261009T121014Z-d833d0,temporal_block,ГО Уфа,МР Стерлитамакский,1.0,100
v5-20261009T121014Z-d833d0,temporal_block,ГО Уфа,МР Татышлинский,0.06,100
v5-20261009T121014Z-d833d0,temporal_block,ГО Уфа,МР Туймазинский,1.0,100
v5-20261009T121014Z-d833d0,temporal_block,ГО Уфа,МР Уфимский,1.0,100
v5-20261009T121014Z-d833d0,temporal_block,ГО Уфа,МР Учалинский,1.0,100
v5-20261009T121014Z-d833d0,temporal_block,ГО Уфа,МР Федоровский,0.0,100
v5-20261009T121014Z-d833d0,temporal_block,ГО Уфа,МР Хайбуллинский,0.0,100
v5-20261009T121014Z-d833d0,temporal_block,ГО Уфа,МР Чекмагушевский,0.0,100
v5-20261009T121014Z-d833d0,temporal_block,ГО Уфа,МР Чишминский,0.98,100
v5-20261009T121014Z-d833d0,temporal_block,ГО Уфа,МР Шаранский,0.0,100
v5-20261009T121014Z-d833d0,temporal_block,ГО Уфа,МР Янаульский,0.98,100
v5-20261009T121014Z-d833d0,temporal_block,МР Абзелиловский,МР Альшеевский,0.08,100
v5-20261009T121014Z-d833d0,temporal_block,МР Абзелиловский,МР Архангельский,0.14,100
v5-20261009T121014Z-d833d0,temporal_block,МР Абзелиловский,МР Аскинский,0.57,100
v5-20261009T121014Z-d833d0,temporal_block,МР Абзелиловский,МР Аургазинский,0.08,100
v5-20261009T121014Z-d833d0,temporal_block,МР Абзелиловский,МР Баймакский,0.92,100
v5-20261009T121014Z-d833d0,temporal_block,МР Абзелиловский,МР Бакалинский,0.08,100
v5-20261009T121014Z-d833d0,temporal_block,МР Абзелиловский,МР Балтачевский,0.09,100
v5-20261009T121014Z-d833d0,temporal_block,МР Абзелиловский,МР Белебеевский,0.0,100
v5-20261009T121014Z-d833d0,temporal_block,МР Абзелиловский,МР Белокатайский,0.86,100
v5-20261009T121014Z-d833d0,temporal_block,МР Абзелиловский,МР Белорецкий,0.02,100
v5-20261009T121014Z-d833d0,temporal_block,МР Абзелиловский,МР Бижбулякский,0.08,100
v5-20261009T121014Z-d833d0,temporal_block,МР Абзелиловский,МР Бирский,0.0,100
v5-20261009T121014Z-d833d0,temporal_block,МР Абзелиловский,МР Благоварский,0.2,100
v5-20261009T121014Z-d833d0,temporal_block,МР Абзелиловский,МР Благовещенский,0.02,100
v5-20261009T121014Z-d833d0,temporal_block,МР Абзелиловский,МР Буздякский,0.08,100
v5-20261009T121014Z-d833d0,temporal_block,МР Абзелиловский,МР Бураевский,0.08,100
v5-20261009T121014Z-d833d0,temporal_block,МР Абзелиловский,МР Бурзянский,0.92,100
v5-20261009T121014Z-d833d0,temporal_block,МР Абзелиловский,МР Гафурийский,0.26,100
v5-20261009T121014Z-d833d0,temporal_block,МР Абзелиловский,МР Давлекановский,0.08,100
v5-20261009T121014Z-d833d0,temporal_block,МР Абзелиловский,МР Дуванский,0.91,100
v5-20261009T121014Z-d833d0,temporal_block,МР Абзелиловский,МР Дюртюлинский,0.0,100
v5-20261009T121014Z-d833d0,temporal_block,МР Абзелиловский,МР Ермекеевский,0.08,100
v5-20261009T121014Z-d833d0,temporal_block,МР Абзелиловский,МР Зианчуринский,0.74,100
v5-20261009T121014Z-d833d0,temporal_block,МР Абзелиловский,МР Зилаирский,0.92,100
v5-20261009T121014Z-d833d0,temporal_block,МР Абзелиловский,МР Иглинский,0.01,100
v5-20261009T121014Z-d833d0,temporal_block,МР Абзелиловский,МР Илишевский,0.12,100
v5-20261009T121014Z-d833d0,temporal_block,МР Абзелиловский,МР Ишимбайский,0.0,100
v5-20261009T121014Z-d833d0,temporal_block,МР Абзелиловский,МР Калтасинский,0.08,100
v5-20261009T121014Z-d833d0,temporal_block,МР Абзелиловский,МР Караидельский,0.11,100
v5-20261009T121014Z-d833d0,temporal_block,МР Абзелиловский,МР Кармаскалинский,0.18,100
v5-20261009T121014Z-d833d0,temporal_block,МР Абзелиловский,МР Кигинский,0.8,100
v5-20261009T121014Z-d833d0,temporal_block,МР Абзелиловский,МР Краснокамский,0.08,100
v5-20261009T121014Z-d833d0,temporal_block,МР Абзелиловский,МР Кугарчинский,0.75,100
v5-20261009T121014Z-d833d0,temporal_block,МР Абзелиловский,МР Кушнаренковский,0.08,100
v5-20261009T121014Z-d833d0,temporal_block,МР Абзелиловский,МР Куюргазинский,0.08,100
v5-20261009T121014Z-d833d0,temporal_block,МР Абзелиловский,МР Мелеузовский,0.0,100
v5-20261009T121014Z-d833d0,temporal_block,МР Абзелиловский,МР Мечетлинский,0.87,100
v5-20261009T121014Z-d833d0,temporal_block,МР Абзелиловский,МР Мишкинский,0.17,100
v5-20261009T121014Z-d833d0,temporal_block,МР Абзелиловский,МР Миякинский,0.08,100
v5-20261009T121014Z-d833d0,temporal_block,МР Абзелиловский,МР Нуримановский,0.14,100
v5-20261009T121014Z-d833d0,temporal_block,МР Абзелиловский,МР Салаватский,0.92,100
v5-20261009T121014Z-d833d0,temporal_block,МР Абзелиловский,МР Стерлибашевский,0.08,100
v5-20261009T121014Z-d833d0,temporal_block,МР Абзелиловский,МР Стерлитамакский,0.0,100
v5-20261009T121014Z-d833d0,temporal_block,МР Абзелиловский,МР Татышлинский,0.81,100
v5-20261009T121014Z-d833d0,temporal_block,МР Абзелиловский,МР Туймазинский,0.0,100
v5-20261009T121014Z-d833d0,temporal_block,МР Абзелиловский,МР Уфимский,0.0,100
v5-20261009T121014Z-d833d0,temporal_block,МР Абзелиловский,МР Учалинский,0.0,100
v5-20261009T121014Z-d833d0,temporal_block,МР Абзелиловский,МР Федоровский,0.08,100
v5-20261009T121014Z-d833d0,temporal_block,МР Абзелиловский,МР Хайбуллинский,0.92,100
v5-20261009T121014Z-d833d0,temporal_block,МР Абзелиловский,МР Чекмагушевский,0.08,100
v5-20261009T121014Z-d833d0,temporal_block,МР Абзелиловский,МР Чишминский,0.02,100
v5-20261009T121014Z-d833d0,temporal_block,МР Абзелиловский,МР Шаранский,0.08,100
v5-20261009T121014Z-d833d0,temporal_block,МР Абзелиловский,МР Янаульский,0.01,100
v5-20261009T121014Z-d833d0,temporal_block,МР Альшеевский,МР Архангельский,0.94,100
v5-20261009T121014Z-d833d0,temporal_block,МР Альшеевский,МР Аскинский,0.47,100
v5-20261009T121014Z-d833d0,temporal_block,МР Альшеевский,МР Аургазинский,1.0,100
v5-20261009T121014Z-d833d0,temporal_block,МР Альшеевский,МР Баймакский,0.0,100
v5-20261009T121014Z-d833d0,temporal_block,МР Альшеевский,МР Бакалинский,1.0,100
v5-20261009T121014Z-d833d0,temporal_block,МР Альшеевский,МР Балтачевский,0.99,100
v5-20261009T121014Z-d833d0,temporal_block,МР Альшеевский,МР Белебеевский,0.0,100
v5-20261009T121014Z-d833d0,temporal_block,МР Альшеевский,МР Белокатайский,0.14,100
v5-20261009T121014Z-d833d0,temporal_block,МР Альшеевский,МР Белорецкий,0.0,100
v5-20261009T121014Z-d833d0,temporal_block,МР Альшеевский,МР Бижбулякский,1.0,100
v5-20261009T121014Z-d833d0,temporal_block,МР Альшеевский,МР Бирский,0.0,100
v5-20261009T121014Z-d833d0,temporal_block,МР Альшеевский,МР Благоварский,0.88,100
v5-20261009T121014Z-d833d0,temporal_block,МР Альшеевский,МР Благовещенский,0.0,100
v5-20261009T121014Z-d833d0,temporal_block,МР Альшеевский,МР Буздякский,1.0,100
v5-20261009T121014Z-d833d0,temporal_block,МР Альшеевский,МР Бураевский,1.0,100
v5-20261009T121014Z-d833d0,temporal_block,МР Альшеевский,МР Бурзянский,0.0,100
v5-20261009T121014Z-d833d0,temporal_block,МР Альшеевский,МР Гафурийский,0.82,100
v5-20261009T121014Z-d833d0,temporal_block,МР Альшеевский,МР Давлекановский,1.0,100
v5-20261009T121014Z-d833d0,temporal_block,МР Альшеевский,МР Дуванский,0.07,100
v5-20261009T121014Z-d833d0,temporal_block,МР Альшеевский,МР Дюртюлинский,0.0,100
v5-20261009T121014Z-d833d0,temporal_block,МР Альшеевский,МР Ермекеевский,1.0,100
v5-20261009T121014Z-d833d0,temporal_block,МР Альшеевский,МР Зианчуринский,0.28,100
v5-20261009T121014Z-d833d0,temporal_block,МР Альшеевский,МР Зилаирский,0.0,100
v5-20261009T121014Z-d833d0,temporal_block,МР Альшеевский,МР Иглинский,0.0,100
v5-20261009T121014Z-d833d0,temporal_block,МР Альшеевский,МР Илишевский,0.96,100
v5-20261009T121014Z-d833d0,temporal_block,МР Альшеевский,МР Ишимбайский,0.0,100
v5-20261009T121014Z-d833d0,temporal_block,МР Альшеевский,МР Калтасинский,1.0,100
v5-20261009T121014Z-d833d0,temporal_block,МР Альшеевский,МР Караидельский,0.97,100
v5-20261009T121014Z-d833d0,temporal_block,МР Альшеевский,МР Кармаскалинский,0.81,100
v5-20261009T121014Z-d833d0,temporal_block,МР Альшеевский,МР Кигинский,0.22,100
v5-20261009T121014Z-d833d0,temporal_block,МР Альшеевский,МР Краснокамский,0.71,100
v5-20261009T121014Z-d833d0,temporal_block,МР Альшеевский,МР Кугарчинский,0.27,100
v5-20261009T121014Z-d833d0,temporal_block,МР Альшеевский,МР Кушнаренковский,1.0,100
v5-20261009T121014Z-d833d0,temporal_block,МР Альшеевский,МР Куюргазинский,0.98,100
v5-20261009T121014Z-d833d0,temporal_block,МР Альшеевский,МР Мелеузовский,0.0,100
v5-20261009T121014Z-d833d0,temporal_block,МР Альшеевский,МР Мечетлинский,0.13,100
v5-20261009T121014Z-d833d0,temporal_block,МР Альшеевский,МР Мишкинский,0.91,100
v5-20261009T121014Z-d833d0,temporal_block,МР Альшеевский,МР Миякинский,1.0,100
v5-20261009T121014Z-d833d0,temporal_block,МР Альшеевский,МР Нуримановский,0.94,100
v5-20261009T121014Z-d833d0,temporal_block,МР Альшеевский,МР Салаватский,0.0,100
v5-20261009T121014Z-d833d0,temporal_block,МР Альшеевский,МР Стерлибашевский,1.0,100
v5-20261009T121014Z-d833d0,temporal_block,МР Альшеевский,МР Стерлитамакский,0.0,100
v5-20261009T121014Z-d833d0,temporal_block,МР Альшеевский,МР Татышлинский,0.07,100
v5-20261009T121014Z-d833d0,temporal_block,МР Альшеевский,МР Туймазинский,0.0,100
v5-20261009T121014Z-d833d0,temporal_block,МР Альшеевский,МР Уфимский,0.0,100
v5-20261009T121014Z-d833d0,temporal_block,МР Альшеевский,МР Учалинский,0.0,100
v5-20261009T121014Z-d833d0,temporal_block,МР Альшеевский,МР Федоровский,1.0,100
v5-20261009T121014Z-d833d0,temporal_block,МР Альшеевский,МР Хайбуллинский,0.0,100
v5-20261009T121014Z-d833d0,temporal_block,МР Альшеевский,МР Чекмагушевский,1.0,100
v5-20261009T121014Z-d833d0,temporal_block,МР Альшеевский,МР Чишминский,0.0,100
v5-20261009T121014Z-d833d0,temporal_block,МР Альшеевский,МР Шаранский,1.0,100
v5-20261009T121014Z-d833d0,temporal_block,МР Альшеевский,МР Янаульский,0.0,100
v5-20261009T121014Z-d833d0,temporal_block,МР Архангельский,МР Аскинский,0.51,100
v5-20261009T121014Z-d833d0,temporal_block,МР Архангельский,МР Аургазинский,0.94,100
v5-20261009T121014Z-d833d0,temporal_block,МР Архангельский,МР Баймакский,0.06,100
v5-20261009T121014Z-d833d0,temporal_block,МР Архангельский,МР Бакалинский,0.94,100
v5-20261009T121014Z-d833d0,temporal_block,МР Архангельский,МР Балтачевский,0.95,100
v5-20261009T121014Z-d833d0,temporal_block,МР Архангельский,МР Белебеевский,0.0,100
v5-20261009T121014Z-d833d0,temporal_block,МР Архангельский,МР Белокатайский,0.2,100
v5-20261009T121014Z-d833d0,temporal_block,МР Архангельский,МР Белорецкий,0.0,100
v5-20261009T121014Z-d833d0,temporal_block,МР Архангельский,МР Бижбулякский,0.94,100
v5-20261009T121014Z-d833d0,temporal_block,МР Архангельский,МР Бирский,0.0,100
v5-20261009T121014Z-d833d0,temporal_block,МР Архангельский,МР Благоварский,0.94,100
v5-20261009T121014Z-d833d0,temporal_block,МР Архангельский,МР Благовещенский,0.0,100
v5-20261009T121014Z-d833d0,temporal_block,МР Архангельский,МР Буздякский,0.94,100
v5-20261009T121014Z-d833d0,temporal_block,МР Архангельский,МР Бураевский,0.94,100
v5-20261009T121014Z-d833d0,temporal_block,МР Архангельский,МР Бурзянский,0.06,100
v5-20261009T121014Z-d833d0,temporal_block,МР Архангельский,МР Гафурийский,0.86,100
v5-20261009T121014Z-d833d0,temporal_block,МР Архангельский,МР Давлекановский,0.94,100
v5-20261009T121014Z-d833d0,temporal_block,МР Архангельский,МР Дуванский,0.13,100
v5-20261009T121014Z-d833d0,temporal_block,МР Архангельский,МР Дюртюлинский,0.0,100
v5-20261009T121014Z-d833d0,temporal_block,МР Архангельский,МР Ермекеевский,0.94,100
v5-20261009T121014Z-d833d0,temporal_block,МР Архангельский,МР Зианчуринский,0.3,100
v5-20261009T121014Z-d833d0,temporal_block,МР Архангельский,МР Зилаирский,0.06,100
v5-20261009T121014Z-d833d0,temporal_block,МР Архангельский,МР Иглинский,0.0,100
v5-20261009T121014Z-d833d0,temporal_block,МР Архангельский,МР Илишевский,0.94,100
v5-20261009T121014Z-d833d0,temporal_block,МР Архангельский,МР Ишимбайский,0.0,100
v5-20261009T121014Z-d833d0,temporal_block,МР Архангельский,МР Калтасинский,0.94,100
v5-20261009T121014Z-d833d0,temporal_block,МР Архангельский,МР Караидельский,0.91,100
v5-20261009T121014Z-d833d0,temporal_block,МР Архангельский,МР Кармаскалинский,0.82,100
v5-20261009T121014Z-d833d0,temporal_block,МР Архангельский,МР Кигинский,0.28,100
v5-20261009T121014Z-d833d0,temporal_block,МР Архангельский,МР Краснокамский,0.68,100
v5-20261009T121014Z-d833d0,temporal_block,МР Архангельский,МР Кугарчинский,0.33,100
v5-20261009T121014Z-d833d0,temporal_block,МР Архангельский,МР Кушнаренковский,0.94,100
v5-20261009T121014Z-d833d0,temporal_block,МР Архангельский,МР Куюргазинский,0.92,100
v5-20261009T121014Z-d833d0,temporal_block,МР Архангельский,МР Мелеузовский,0.0,100
v5-20261009T121014Z-d833d0,temporal_block,МР Архангельский,МР Мечетлинский,0.19,100
v5-20261009T121014Z-d833d0,temporal_block,МР Архангельский,МР Мишкинский,0.97,100
v5-20261009T121014Z-d833d0,temporal_block,МР Архангельский,МР Миякинский,0.94,100
v5-20261009T121014Z-d833d0,temporal_block,МР Архангельский,МР Нуримановский,1.0,100
v5-20261009T121014Z-d833d0,temporal_block,МР Архангельский,МР Салаватский,0.06,100
v5-20261009T121014Z-d833d0,temporal_block,МР Архангельский,МР Стерлибашевский,0.94,100
v5-20261009T121014Z-d833d0,temporal_block,МР Архангельский,МР Стерлитамакский,0.0,100
v5-20261009T121014Z-d833d0,temporal_block,МР Архангельский,МР Татышлинский,0.13,100
v5-20261009T121014Z-d833d0,temporal_block,МР Архангельский,МР Туймазинский,0.0,100
v5-20261009T121014Z-d833d0,temporal_block,МР Архангельский,МР Уфимский,0.0,100
v5-20261009T121014Z-d833d0,temporal_block,МР Архангельский,МР Учалинский,0.0,100
v5-20261009T121014Z-d833d0,temporal_block,МР Архангельский,МР Федоровский,0.94,100
v5-20261009T121014Z-d833d0,temporal_block,МР Архангельский,МР Хайбуллинский,0.06,100
v5-20261009T121014Z-d833d0,temporal_block,МР Архангельский,МР Чекмагушевский,0.94,100
v5-20261009T121014Z-d833d0,temporal_block,МР Архангельский,МР Чишминский,0.0,100
v5-20261009T121014Z-d833d0,temporal_block,МР Архангельский,МР Шаранский,0.94,100
v5-20261009T121014Z-d833d0,temporal_block,МР Архангельский,МР Янаульский,0.01,100
v5-20261009T121014Z-d833d0,temporal_block,МР Аскинский,МР Аургазинский,0.47,100
v5-20261009T121014Z-d833d0,temporal_block,МР Аскинский,МР Баймакский,0.53,100
v5-20261009T121014Z-d833d0,temporal_block,МР Аскинский,МР Бакалинский,0.47,100
v5-20261009T121014Z-d833d0,temporal_block,МР Аскинский,МР Балтачевский,0.48,100
v5-20261009T121014Z-d833d0,temporal_block,МР Аскинский,МР Белебеевский,0.0,100
v5-20261009T121014Z-d833d0,temporal_block,МР Аскинский,МР Белокатайский,0.67,100
v5-20261009T121014Z-d833d0,temporal_block,МР Аскинский,МР Белорецкий,0.0,100
v5-20261009T121014Z-d833d0,temporal_block,МР Аскинский,МР Бижбулякский,0.47,100
v5-20261009T121014Z-d833d0,temporal_block,МР Аскинский,МР Бирский,0.0,100
v5-20261009T121014Z-d833d0,temporal_block,МР Аскинский,МР Благоварский,0.53,100
v5-20261009T121014Z-d833d0,temporal_block,МР Аскинский,МР Благовещенский,0.0,100
v5-20261009T121014Z-d833d0,temporal_block,МР Аскинский,МР Буздякский,0.47,100
v5-20261009T121014Z-d833d0,temporal_block,МР Аскинский,МР Бураевский,0.47,100
v5-20261009T121014Z-d833d0,temporal_block,МР Аскинский,МР Бурзянский,0.53,100
v5-20261009T121014Z-d833d0,temporal_block,МР Аскинский,МР Гафурийский,0.55,100
v5-20261009T121014Z-d833d0,temporal_block,МР Аскинский,МР Давлекановский,0.47,100
v5-20261009T121014Z-d833d0,temporal_block,МР Аскинский,МР Дуванский,0.6,100
v5-20261009T121014Z-d833d0,temporal_block,МР Аскинский,МР Дюртюлинский,0.0,100
v5-20261009T121014Z-d833d0,temporal_block,МР Аскинский,МР Ермекеевский,0.47,100
v5-20261009T121014Z-d833d0,temporal_block,МР Аскинский,МР Зианчуринский,0.73,100
v5-20261009T121014Z-d833d0,temporal_block,МР Аскинский,МР Зилаирский,0.53,100
v5-20261009T121014Z-d833d0,temporal_block,МР Аскинский,МР Иглинский,0.0,100
v5-20261009T121014Z-d833d0,temporal_block,МР Аскинский,МР Илишевский,0.51,100
v5-20261009T121014Z-d833d0,temporal_block,МР Аскинский,МР Ишимбайский,0.0,100
v5-20261009T121014Z-d833d0,temporal_block,МР Аскинский,МР Калтасинский,0.47,100
v5-20261009T121014Z-d833d0,temporal_block,МР Аскинский,МР Караидельский,0.5,100
v5-20261009T121014Z-d833d0,temporal_block,МР Аскинский,МР Кармаскалинский,0.46,100
v5-20261009T121014Z-d833d0,temporal_block,МР Аскинский,МР Кигинский,0.75,100
v5-20261009T121014Z-d833d0,temporal_block,МР Аскинский,МР Краснокамский,0.32,100
v5-20261009T121014Z-d833d0,temporal_block,МР Аскинский,МР Кугарчинский,0.8,100
v5-20261009T121014Z-d833d0,temporal_block,МР Аскинский,МР Кушнаренковский,0.47,100
v5-20261009T121014Z-d833d0,temporal_block,МР Аскинский,МР Куюргазинский,0.47,100
v5-20261009T121014Z-d833d0,temporal_block,МР Аскинский,МР Мелеузовский,0.0,100
v5-20261009T121014Z-d833d0,temporal_block,МР Аскинский,МР Мечетлинский,0.66,100
v5-20261009T121014Z-d833d0,temporal_block,МР Аскинский,МР Мишкинский,0.54,100
v5-20261009T121014Z-d833d0,temporal_block,МР Аскинский,МР Миякинский,0.47,100
v5-20261009T121014Z-d833d0,temporal_block,МР Аскинский,МР Нуримановский,0.51,100
v5-20261009T121014Z-d833d0,temporal_block,МР Аскинский,МР Салаватский,0.53,100
v5-20261009T121014Z-d833d0,temporal_block,МР Аскинский,МР Стерлибашевский,0.47,100
v5-20261009T121014Z-d833d0,temporal_block,МР Аскинский,МР Стерлитамакский,0.0,100
v5-20261009T121014Z-d833d0,temporal_block,МР Аскинский,МР Татышлинский,0.6,100
v5-20261009T121014Z-d833d0,temporal_block,МР Аскинский,МР Туймазинский,0.0,100
v5-20261009T121014Z-d833d0,temporal_block,МР Аскинский,МР Уфимский,0.0,100
v5-20261009T121014Z-d833d0,temporal_block,МР Аскинский,МР Учалинский,0.0,100
v5-20261009T121014Z-d833d0,temporal_block,МР Аскинский,МР Федоровский,0.47,100
v5-20261009T121014Z-d833d0,temporal_block,МР Аскинский,МР Хайбуллинский,0.53,100
v5-20261009T121014Z-d833d0,temporal_block,МР Аскинский,МР Чекмагушевский,0.47,100
v5-20261009T121014Z-d833d0,temporal_block,МР Аскинский,МР Чишминский,0.0,100
v5-20261009T121014Z-d833d0,temporal_block,МР Аскинский,МР Шаранский,0.47,100
v5-20261009T121014Z-d833d0,temporal_block,МР Аскинский,МР Янаульский,0.01,100
v5-20261009T121014Z-d833d0,temporal_block,МР Аургазинский,МР Баймакский,0.0,100
v5-20261009T121014Z-d833d0,temporal_block,МР Аургазинский,МР Бакалинский,1.0,100
v5-20261009T121014Z-d833d0,temporal_block,МР Аургазинский,МР Балтачевский,0.99,100
v5-20261009T121014Z-d833d0,temporal_block,МР Аургазинский,МР Белебеевский,0.0,100
v5-20261009T121014Z-d833d0,temporal_block,МР Аургазинский,МР Белокатайский,0.14,100
v5-20261009T121014Z-d833d0,temporal_block,МР Аургазинский,МР Белорецкий,0.0,100
v5-20261009T121014Z-d833d0,temporal_block,МР Аургазинский,МР Бижбулякский,1.0,100
v5-20261009T121014Z-d833d0,temporal_block,МР Аургазинский,МР Бирский,0.0,100
v5-20261009T121014Z-d833d0,temporal_block,МР Аургазинский,МР Благоварский,0.88,100
v5-20261009T121014Z-d833d0,temporal_block,МР Аургазинский,МР Благовещенский,0.0,100
v5-20261009T121014Z-d833d0,temporal_block,МР Аургазинский,МР Буздякский,1.0,100
v5-20261009T121014Z-d833d0,temporal_block,МР Аургазинский,МР Бураевский,1.0,100
v5-20261009T121014Z-d833d0,temporal_block,МР Аургазинский,МР Бурзянский,0.0,100
v5-20261009T121014Z-d833d0,temporal_block,МР Аургазинский,МР Гафурийский,0.82,100
v5-20261009T121014Z-d833d0,temporal_block,МР Аургазинский,МР Давлекановский,1.0,100
v5-20261009T121014Z-d833d0,temporal_block,МР Аургазинский,МР Дуванский,0.07,100
v5-20261009T121014Z-d833d0,temporal_block,МР Аургазинский,МР Дюртюлинский,0.0,100
v5-20261009T121014Z-d833d0,temporal_block,МР Аургазинский,МР Ермекеевский,1.0,100
v5-20261009T121014Z-d833d0,temporal_block,МР Аургазинский,МР Зианчуринский,0.28,100
v5-20261009T121014Z-d833d0,temporal_block,МР Аургазинский,МР Зилаирский,0.0,100
v5-20261009T121014Z-d833d0,temporal_block,МР Аургазинский,МР Иглинский,0.0,100
v5-20261009T121014Z-d833d0,temporal_block,МР Аургазинский,МР Илишевский,0.96,100
v5-20261009T121014Z-d833d0,temporal_block,МР Аургазинский,МР Ишимбайский,0.0,100
v5-20261009T121014Z-d833d0,temporal_block,МР Аургазинский,МР Калтасинский,1.0,100
v5-20261009T121014Z-d833d0,temporal_block,МР Аургазинский,МР Караидельский,0.97,100
v5-20261009T121014Z-d833d0,temporal_block,МР Аургазинский,МР Кармаскалинский,0.81,100
v5-20261009T121014Z-d833d0,temporal_block,МР Аургазинский,МР Кигинский,0.22,100
v5-20261009T121014Z-d833d0,temporal_block,МР Аургазинский,МР Краснокамский,0.71,100
v5-20261009T121014Z-d833d0,temporal_block,МР Аургазинский,МР Кугарчинский,0.27,100
v5-20261009T121014Z-d833d0,temporal_block,МР Аургазинский,МР Кушнаренковский,1.0,100
v5-20261009T121014Z-d833d0,temporal_block,МР Аургазинский,МР Куюргазинский,0.98,100
v5-20261009T121014Z-d833d0,temporal_block,МР Аургазинский,МР Мелеузовский,0.0,100
v5-20261009T121014Z-d833d0,temporal_block,МР Аургазинский,МР Мечетлинский,0.13,100
v5-20261009T121014Z-d833d0,temporal_block,МР Аургазинский,МР Мишкинский,0.91,100
v5-20261009T121014Z-d833d0,temporal_block,МР Аургазинский,МР Миякинский,1.0,100
v5-20261009T121014Z-d833d0,temporal_block,МР Аургазинский,МР Нуримановский,0.94,100
v5-20261009T121014Z-d833d0,temporal_block,МР Аургазинский,МР Салаватский,0.0,100
v5-20261009T121014Z-d833d0,temporal_block,МР Аургазинский,МР Стерлибашевский,1.0,100
v5-20261009T121014Z-d833d0,temporal_block,МР Аургазинский,МР Стерлитамакский,0.0,100
v5-20261009T121014Z-d833d0,temporal_block,МР Аургазинский,МР Татышлинский,0.07,100
v5-20261009T121014Z-d833d0,temporal_block,МР Аургазинский,МР Туймазинский,0.0,100
v5-20261009T121014Z-d833d0,temporal_block,МР Аургазинский,МР Уфимский,0.0,100
v5-20261009T121014Z-d833d0,temporal_block,МР Аургазинский,МР Учалинский,0.0,100
v5-20261009T121014Z-d833d0,temporal_block,МР Аургазинский,МР Федоровский,1.0,100
v5-20261009T121014Z-d833d0,temporal_block,МР Аургазинский,МР Хайбуллинский,0.0,100
v5-20261009T121014Z-d833d0,temporal_block,МР Аургазинский,МР Чекмагушевский,1.0,100
v5-20261009T121014Z-d833d0,temporal_block,МР Аургазинский,МР Чишминский,0.0,100
v5-20261009T121014Z-d833d0,temporal_block,МР Аургазинский,МР Шаранский,1.0,100
v5-20261009T121014Z-d833d0,temporal_block,МР Аургазинский,МР Янаульский,0.0,100
v5-20261009T121014Z-d833d0,temporal_block,МР Баймакский,МР Бакалинский,0.0,100
v5-20261009T121014Z-d833d0,temporal_block,МР Баймакский,МР Балтачевский,0.01,100
v5-20261009T121014Z-d833d0,temporal_block,МР Баймакский,МР Белебеевский,0.0,100
v5-20261009T121014Z-d833d0,temporal_block,МР Баймакский,МР Белокатайский,0.86,100
v5-20261009T121014Z-d833d0,temporal_block,МР Баймакский,МР Белорецкий,0.02,100
v5-20261009T121014Z-d833d0,temporal_block,МР Баймакский,МР Бижбулякский,0.0,100
v5-20261009T121014Z-d833d0,temporal_block,МР Баймакский,МР Бирский,0.0,100
v5-20261009T121014Z-d833d0,temporal_block,МР Баймакский,МР Благоварский,0.12,100
v5-20261009T121014Z-d833d0,temporal_block,МР Баймакский,МР Благовещенский,0.02,100
v5-20261009T121014Z-d833d0,temporal_block,МР Баймакский,МР Буздякский,0.0,100
v5-20261009T121014Z-d833d0,temporal_block,МР Баймакский,МР Бураевский,0.0,100
v5-20261009T121014Z-d833d0,temporal_block,МР Баймакский,МР Бурзянский,1.0,100
v5-20261009T121014Z-d833d0,temporal_block,МР Баймакский,МР Гафурийский,0.18,100
v5-20261009T121014Z-d833d0,temporal_block,МР Баймакский,МР Давлекановский,0.0,100
v5-20261009T121014Z-d833d0,temporal_block,МР Баймакский,МР Дуванский,0.93,100
v5-20261009T121014Z-d833d0,temporal_block,МР Баймакский,МР Дюртюлинский,0.0,100
v5-20261009T121014Z-d833d0,temporal_block,МР Баймакский,МР Ермекеевский,0.0,100
v5-20261009T121014Z-d833d0,temporal_block,МР Баймакский,МР Зианчуринский,0.72,100
v5-20261009T121014Z-d833d0,temporal_block,МР Баймакский,МР Зилаирский,1.0,100
v5-20261009T121014Z-d833d0,temporal_block,МР Баймакский,МР Иглинский,0.01,100
v5-20261009T121014Z-d833d0,temporal_block,МР Баймакский,МР Илишевский,0.04,100
v5-20261009T121014Z-d833d0,temporal_block,МР Баймакский,МР Ишимбайский,0.0,100
v5-20261009T121014Z-d833d0,temporal_block,МР Баймакский,МР Калтасинский,0.0,100
v5-20261009T121014Z-d833d0,temporal_block,МР Баймакский,МР Караидельский,0.03,100
v5-20261009T121014Z-d833d0,temporal_block,МР Баймакский,МР Кармаскалинский,0.1,100
v5-20261009T121014Z-d833d0,temporal_block,МР Баймакский,МР Кигинский,0.78,100
v5-20261009T121014Z-d833d0,temporal_block,МР Баймакский,МР Краснокамский,0.0,100
v5-20261009T121014Z-d833d0,temporal_block,МР Баймакский,МР Кугарчинский,0.73,100
v5-20261009T121014Z-d833d0,temporal_block,МР Баймакский,МР Кушнаренковский,0.0,100
v5-20261009T121014Z-d833d0,temporal_block,МР Баймакский,МР Куюргазинский,0.02,100
v5-20261009T121014Z-d833d0,temporal_block,МР Баймакский,МР Мелеузовский,0.0,100
v5-20261009T121014Z-d833d0,temporal_block,МР Баймакский,МР Мечетлинский,0.87,100
v5-20261009T121014Z-d833d0,temporal_block,МР Баймакский,МР Мишкинский,0.09,100
v5-20261009T121014Z-d833d0,temporal_block,МР Баймакский,МР Миякинский,0.0,100
v5-20261009T121014Z-d833d0,temporal_block,МР Баймакский,МР Нуримановский,0.06,100
v5-20261009T121014Z-d833d0,temporal_block,МР Баймакский,МР Салаватский,1.0,100
v5-20261009T121014Z-d833d0,temporal_block,МР Баймакский,МР Стерлибашевский,0.0,100
v5-20261009T121014Z-d833d0,temporal_block,МР Баймакский,МР Стерлитамакский,0.0,100
v5-20261009T121014Z-d833d0,temporal_block,МР Баймакский,МР Татышлинский,0.87,100
v5-20261009T121014Z-d833d0,temporal_block,МР Баймакский,МР Туймазинский,0.0,100
v5-20261009T121014Z-d833d0,temporal_block,МР Баймакский,МР Уфимский,0.0,100
v5-20261009T121014Z-d833d0,temporal_block,МР Баймакский,МР Учалинский,0.0,100
v5-20261009T121014Z-d833d0,temporal_block,МР Баймакский,МР Федоровский,0.0,100
v5-20261009T121014Z-d833d0,temporal_block,МР Баймакский,МР Хайбуллинский,1.0,100
v5-20261009T121014Z-d833d0,temporal_block,МР Баймакский,МР Чекмагушевский,0.0,100
v5-20261009T121014Z-d833d0,temporal_block,МР Баймакский,МР Чишминский,0.02,100
v5-20261009T121014Z-d833d0,temporal_block,МР Баймакский,МР Шаранский,0.0,100
v5-20261009T121014Z-d833d0,temporal_block,МР Баймакский,МР Янаульский,0.02,100
v5-20261009T121014Z-d833d0,temporal_block,МР Бакалинский,МР Балтачевский,0.99,100
v5-20261009T121014Z-d833d0,temporal_block,МР Бакалинский,МР Белебеевский,0.0,100
v5-20261009T121014Z-d833d0,temporal_block,МР Бакалинский,МР Белокатайский,0.14,100
v5-20261009T121014Z-d833d0,temporal_block,МР Бакалинский,МР Белорецкий,0.0,100
v5-20261009T121014Z-d833d0,temporal_block,МР Бакалинский,МР Бижбулякский,1.0,100
v5-20261009T121014Z-d833d0,temporal_block,МР Бакалинский,МР Бирский,0.0,100
v5-20261009T121014Z-d833d0,temporal_block,МР Бакалинский,МР Благоварский,0.88,100
v5-20261009T121014Z-d833d0,temporal_block,МР Бакалинский,МР Благовещенский,0.0,100
v5-20261009T121014Z-d833d0,temporal_block,МР Бакалинский,МР Буздякский,1.0,100
v5-20261009T121014Z-d833d0,temporal_block,МР Бакалинский,МР Бураевский,1.0,100
v5-20261009T121014Z-d833d0,temporal_block,МР Бакалинский,МР Бурзянский,0.0,100
v5-20261009T121014Z-d833d0,temporal_block,МР Бакалинский,МР Гафурийский,0.82,100
v5-20261009T121014Z-d833d0,temporal_block,МР Бакалинский,МР Давлекановский,1.0,100
v5-20261009T121014Z-d833d0,temporal_block,МР Бакалинский,МР Дуванский,0.07,100
v5-20261009T121014Z-d833d0,temporal_block,МР Бакалинский,МР Дюртюлинский,0.0,100
v5-20261009T121014Z-d833d0,temporal_block,МР Бакалинский,МР Ермекеевский,1.0,100
v5-20261009T121014Z-d833d0,temporal_block,МР Бакалинский,МР Зианчуринский,0.28,100
v5-20261009T121014Z-d833d0,temporal_block,МР Бакалинский,МР Зилаирский,0.0,100
v5-20261009T121014Z-d833d0,temporal_block,МР Бакалинский,МР Иглинский,0.0,100
v5-20261009T121014Z-d833d0,temporal_block,МР Бакалинский,МР Илишевский,0.96,100
v5-20261009T121014Z-d833d0,temporal_block,МР Бакалинский,МР Ишимбайский,0.0,100
v5-20261009T121014Z-d833d0,temporal_block,МР Бакалинский,МР Калтасинский,1.0,100
v5-20261009T121014Z-d833d0,temporal_block,МР Бакалинский,МР Караидельский,0.97,100
v5-20261009T121014Z-d833d0,temporal_block,МР Бакалинский,МР Кармаскалинский,0.81,100
v5-20261009T121014Z-d833d0,temporal_block,МР Бакалинский,МР Кигинский,0.22,100
v5-20261009T121014Z-d833d0,temporal_block,МР Бакалинский,МР Краснокамский,0.71,100
v5-20261009T121014Z-d833d0,temporal_block,МР Бакалинский,МР Кугарчинский,0.27,100
v5-20261009T121014Z-d833d0,temporal_block,МР Бакалинский,МР Кушнаренковский,1.0,100
v5-20261009T121014Z-d833d0,temporal_block,МР Бакалинский,МР Куюргазинский,0.98,100
v5-20261009T121014Z-d833d0,temporal_block,МР Бакалинский,МР Мелеузовский,0.0,100
v5-20261009T121014Z-d833d0,temporal_block,МР Бакалинский,МР Мечетлинский,0.13,100
v5-20261009T121014Z-d833d0,temporal_block,МР Бакалинский,МР Мишкинский,0.91,100
v5-20261009T121014Z-d833d0,temporal_block,МР Бакалинский,МР Миякинский,1.0,100
v5-20261009T121014Z-d833d0,temporal_block,МР Бакалинский,МР Нуримановский,0.94,100
v5-20261009T121014Z-d833d0,temporal_block,МР Бакалинский,МР Салаватский,0.0,100
v5-20261009T121014Z-d833d0,temporal_block,МР Бакалинский,МР Стерлибашевский,1.0,100
v5-20261009T121014Z-d833d0,temporal_block,МР Бакалинский,МР Стерлитамакский,0.0,100
v5-20261009T121014Z-d833d0,temporal_block,МР Бакалинский,МР Татышлинский,0.07,100
v5-20261009T121014Z-d833d0,temporal_block,МР Бакалинский,МР Туймазинский,0.0,100
v5-20261009T121014Z-d833d0,temporal_block,МР Бакалинский,МР Уфимский,0.0,100
v5-20261009T121014Z-d833d0,temporal_block,МР Бакалинский,МР Учалинский,0.0,100
v5-20261009T121014Z-d833d0,temporal_block,МР Бакалинский,МР Федоровский,1.0,100
v5-20261009T121014Z-d833d0,temporal_block,МР Бакалинский,МР Хайбуллинский,0.0,100
v5-20261009T121014Z-d833d0,temporal_block,МР Бакалинский,МР Чекмагушевский,1.0,100
v5-20261009T121014Z-d833d0,temporal_block,МР Бакалинский,МР Чишминский,0.0,100
v5-20261009T121014Z-d833d0,temporal_block,МР Бакалинский,МР Шаранский,1.0,100
v5-20261009T121014Z-d833d0,temporal_block,МР Бакалинский,МР Янаульский,0.0,100
v5-20261009T121014Z-d833d0,temporal_block,МР Балтачевский,МР Белебеевский,0.0,100
v5-20261009T121014Z-d833d0,temporal_block,МР Балтачевский,МР Белокатайский,0.15,100
v5-20261009T121014Z-d833d0,temporal_block,МР Балтачевский,МР Белорецкий,0.0,100
v5-20261009T121014Z-d833d0,temporal_block,МР Балтачевский,МР Бижбулякский,0.99,100
v5-20261009T121014Z-d833d0,temporal_block,МР Балтачевский,МР Бирский,0.0,100
v5-20261009T121014Z-d833d0,temporal_block,МР Балтачевский,МР Благоварский,0.89,100
v5-20261009T121014Z-d833d0,temporal_block,МР Балтачевский,МР Благовещенский,0.0,100
v5-20261009T121014Z-d833d0,temporal_block,МР Балтачевский,МР Буздякский,0.99,100
v5-20261009T121014Z-d833d0,temporal_block,МР Балтачевский,МР Бураевский,0.99,100
v5-20261009T121014Z-d833d0,temporal_block,МР Балтачевский,МР Бурзянский,0.01,100
v5-20261009T121014Z-d833d0,temporal_block,МР Балтачевский,МР Гафурийский,0.83,100
v5-20261009T121014Z-d833d0,temporal_block,МР Балтачевский,МР Давлекановский,0.99,100
v5-20261009T121014Z-d833d0,temporal_block,МР Балтачевский,МР Дуванский,0.08,100
v5-20261009T121014Z-d833d0,temporal_block,МР Балтачевский,МР Дюртюлинский,0.0,100
v5-20261009T121014Z-d833d0,temporal_block,МР Балтачевский,МР Ермекеевский,0.99,100
v5-20261009T121014Z-d833d0,temporal_block,МР Балтачевский,МР Зианчуринский,0.27,100
v5-20261009T121014Z-d833d0,temporal_block,МР Балтачевский,МР Зилаирский,0.01,100
v5-20261009T121014Z-d833d0,temporal_block,МР Балтачевский,МР Иглинский,0.0,100
v5-20261009T121014Z-d833d0,temporal_block,МР Балтачевский,МР Илишевский,0.97,100
v5-20261009T121014Z-d833d0,temporal_block,МР Балтачевский,МР Ишимбайский,0.0,100
v5-20261009T121014Z-d833d0,temporal_block,МР Балтачевский,МР Калтасинский,0.99,100
v5-20261009T121014Z-d833d0,temporal_block,МР Балтачевский,МР Караидельский,0.96,100
v5-20261009T121014Z-d833d0,temporal_block,МР Балтачевский,МР Кармаскалинский,0.81,100
v5-20261009T121014Z-d833d0,temporal_block,МР Балтачевский,МР Кигинский,0.23,100
v5-20261009T121014Z-d833d0,temporal_block,МР Балтачевский,МР Краснокамский,0.7,100
v5-20261009T121014Z-d833d0,temporal_block,МР Балтачевский,МР Кугарчинский,0.28,100
v5-20261009T121014Z-d833d0,temporal_block,МР Балтачевский,МР Кушнаренковский,0.99,100
v5-20261009T121014Z-d833d0,temporal_block,МР Балтачевский,МР Куюргазинский,0.97,100
v5-20261009T121014Z-d833d0,temporal_block,МР Балтачевский,МР Мелеузовский,0.0,100
v5-20261009T121014Z-d833d0,temporal_block,МР Балтачевский,МР Мечетлинский,0.14,100
v5-20261009T121014Z-d833d0,temporal_block,МР Балтачевский,МР Мишкинский,0.92,100
v5-20261009T121014Z-d833d0,temporal_block,МР Балтачевский,МР Миякинский,0.99,100
v5-20261009T121014Z-d833d0,temporal_block,МР Балтачевский,МР Нуримановский,0.95,100
v5-20261009T121014Z-d833d0,temporal_block,МР Балтачевский,МР Салаватский,0.01,100
v5-20261009T121014Z-d833d0,temporal_block,МР Балтачевский,МР Стерлибашевский,0.99,100
v5-20261009T121014Z-d833d0,temporal_block,МР Балтачевский,МР Стерлитамакский,0.0,100
v5-20261009T121014Z-d833d0,temporal_block,МР Балтачевский,МР Татышлинский,0.08,100
v5-20261009T121014Z-d833d0,temporal_block,МР Балтачевский,МР Туймазинский,0.0,100
v5-20261009T121014Z-d833d0,temporal_block,МР Балтачевский,МР Уфимский,0.0,100
v5-20261009T121014Z-d833d0,temporal_block,МР Балтачевский,МР Учалинский,0.0,100
v5-20261009T121014Z-d833d0,temporal_block,МР Балтачевский,МР Федоровский,0.99,100
v5-20261009T121014Z-d833d0,temporal_block,МР Балтачевский,МР Хайбуллинский,0.01,100
v5-20261009T121014Z-d833d0,temporal_block,МР Балтачевский,МР Чекмагушевский,0.99,100
v5-20261009T121014Z-d833d0,temporal_block,МР Балтачевский,МР Чишминский,0.0,100
v5-20261009T121014Z-d833d0,temporal_block,МР Балтачевский,МР Шаранский,0.99,100
v5-20261009T121014Z-d833d0,temporal_block,МР Балтачевский,МР Янаульский,0.01,100
v5-20261009T121014Z-d833d0,temporal_block,МР Белебеевский,МР Белокатайский,0.0,100
v5-20261009T121014Z-d833d0,temporal_block,МР Белебеевский,МР Белорецкий,0.98,100
v5-20261009T121014Z-d833d0,temporal_block,МР Белебеевский,МР Бижбулякский,0.0,100
v5-20261009T121014Z-d833d0,temporal_block,МР Белебеевский,МР Бирский,1.0,100
v5-20261009T121014Z-d833d0,temporal_block,МР Белебеевский,МР Благоварский,0.0,100
v5-20261009T121014Z-d833d0,temporal_block,МР Белебеевский,МР Благовещенский,0.98,100
v5-20261009T121014Z-d833d0,temporal_block,МР Белебеевский,МР Буздякский,0.0,100
v5-20261009T121014Z-d833d0,temporal_block,МР Белебеевский,МР Бураевский,0.0,100
v5-20261009T121014Z-d833d0,temporal_block,МР Белебеевский,МР Бурзянский,0.0,100
v5-20261009T121014Z-d833d0,temporal_block,МР Белебеевский,МР Гафурийский,0.0,100
v5-20261009T121014Z-d833d0,temporal_block,МР Белебеевский,МР Давлекановский,0.0,100
v5-20261009T121014Z-d833d0,temporal_block,МР Белебеевский,МР Дуванский,0.0,100
v5-20261009T121014Z-d833d0,temporal_block,МР Белебеевский,МР Дюртюлинский,1.0,100
v5-20261009T121014Z-d833d0,temporal_block,МР Белебеевский,МР Ермекеевский,0.0,100
v5-20261009T121014Z-d833d0,temporal_block,МР Белебеевский,МР Зианчуринский,0.0,100
v5-20261009T121014Z-d833d0,temporal_block,МР Белебеевский,МР Зилаирский,0.0,100
v5-20261009T121014Z-d833d0,temporal_block,МР Белебеевский,МР Иглинский,0.99,100
v5-20261009T121014Z-d833d0,temporal_block,МР Белебеевский,МР Илишевский,0.0,100
v5-20261009T121014Z-d833d0,temporal_block,МР Белебеевский,МР Ишимбайский,1.0,100
v5-20261009T121014Z-d833d0,temporal_block,МР Белебеевский,МР Калтасинский,0.0,100
v5-20261009T121014Z-d833d0,temporal_block,МР Белебеевский,МР Караидельский,0.0,100
v5-20261009T121014Z-d833d0,temporal_block,МР Белебеевский,МР Кармаскалинский,0.09,100
v5-20261009T121014Z-d833d0,temporal_block,МР Белебеевский,МР Кигинский,0.0,100
v5-20261009T121014Z-d833d0,temporal_block,МР Белебеевский,МР Краснокамский,0.29,100
v5-20261009T121014Z-d833d0,temporal_block,МР Белебеевский,МР Кугарчинский,0.0,100
v5-20261009T121014Z-d833d0,temporal_block,МР Белебеевский,МР Кушнаренковский,0.0,100
v5-20261009T121014Z-d833d0,temporal_block,МР Белебеевский,МР Куюргазинский,0.0,100
v5-20261009T121014Z-d833d0,temporal_block,МР Белебеевский,МР Мелеузовский,1.0,100
v5-20261009T121014Z-d833d0,temporal_block,МР Белебеевский,МР Мечетлинский,0.0,100
v5-20261009T121014Z-d833d0,temporal_block,МР Белебеевский,МР Мишкинский,0.0,100
v5-20261009T121014Z-d833d0,temporal_block,МР Белебеевский,МР Миякинский,0.0,100
v5-20261009T121014Z-d833d0,temporal_block,МР Белебеевский,МР Нуримановский,0.0,100
v5-20261009T121014Z-d833d0,temporal_block,МР Белебеевский,МР Салаватский,0.0,100
v5-20261009T121014Z-d833d0,temporal_block,МР Белебеевский,МР Стерлибашевский,0.0,100
v5-20261009T121014Z-d833d0,temporal_block,МР Белебеевский,МР Стерлитамакский,1.0,100
v5-20261009T121014Z-d833d0,temporal_block,МР Белебеевский,МР Татышлинский,0.06,100
v5-20261009T121014Z-d833d0,temporal_block,МР Белебеевский,МР Туймазинский,1.0,100
v5-20261009T121014Z-d833d0,temporal_block,МР Белебеевский,МР Уфимский,1.0,100
v5-20261009T121014Z-d833d0,temporal_block,МР Белебеевский,МР Учалинский,1.0,100
v5-20261009T121014Z-d833d0,temporal_block,МР Белебеевский,МР Федоровский,0.0,100
v5-20261009T121014Z-d833d0,temporal_block,МР Белебеевский,МР Хайбуллинский,0.0,100
v5-20261009T121014Z-d833d0,temporal_block,МР Белебеевский,МР Чекмагушевский,0.0,100
v5-20261009T121014Z-d833d0,temporal_block,МР Белебеевский,МР Чишминский,0.98,100
v5-20261009T121014Z-d833d0,temporal_block,МР Белебеевский,МР Шаранский,0.0,100
v5-20261009T121014Z-d833d0,temporal_block,МР Белебеевский,МР Янаульский,0.98,100
v5-20261009T121014Z-d833d0,temporal_block,МР Белокатайский,МР Белорецкий,0.02,100
v5-20261009T121014Z-d833d0,temporal_block,МР Белокатайский,МР Бижбулякский,0.14,100
v5-20261009T121014Z-d833d0,temporal_block,МР Белокатайский,МР Бирский,0.0,100
v5-20261009T121014Z-d833d0,temporal_block,МР Белокатайский,МР Благоварский,0.26,100
v5-20261009T121014Z-d833d0,temporal_block,МР Белокатайский,МР Благовещенский,0.02,100
v5-20261009T121014Z-d833d0,temporal_block,МР Белокатайский,МР Буздякский,0.14,100
v5-20261009T121014Z-d833d0,temporal_block,МР Белокатайский,МР Бураевский,0.14,100
v5-20261009T121014Z-d833d0,temporal_block,МР Белокатайский,МР Бурзянский,0.86,100
v5-20261009T121014Z-d833d0,temporal_block,МР Белокатайский,МР Гафурийский,0.32,100
v5-20261009T121014Z-d833d0,temporal_block,МР Белокатайский,МР Давлекановский,0.14,100
v5-20261009T121014Z-d833d0,temporal_block,МР Белокатайский,МР Дуванский,0.93,100
v5-20261009T121014Z-d833d0,temporal_block,МР Белокатайский,МР Дюртюлинский,0.0,100
v5-20261009T121014Z-d833d0,temporal_block,МР Белокатайский,МР Ермекеевский,0.14,100
v5-20261009T121014Z-d833d0,temporal_block,МР Белокатайский,МР Зианчуринский,0.86,100
v5-20261009T121014Z-d833d0,temporal_block,МР Белокатайский,МР Зилаирский,0.86,100
v5-20261009T121014Z-d833d0,temporal_block,МР Белокатайский,МР Иглинский,0.01,100
v5-20261009T121014Z-d833d0,temporal_block,МР Белокатайский,МР Илишевский,0.18,100
v5-20261009T121014Z-d833d0,temporal_block,МР Белокатайский,МР Ишимбайский,0.0,100
v5-20261009T121014Z-d833d0,temporal_block,МР Белокатайский,МР Калтасинский,0.14,100
v5-20261009T121014Z-d833d0,temporal_block,МР Белокатайский,МР Караидельский,0.17,100
v5-20261009T121014Z-d833d0,temporal_block,МР Белокатайский,МР Кармаскалинский,0.24,100
v5-20261009T121014Z-d833d0,temporal_block,МР Белокатайский,МР Кигинский,0.92,100
v5-20261009T121014Z-d833d0,temporal_block,МР Белокатайский,МР Краснокамский,0.09,100
v5-20261009T121014Z-d833d0,temporal_block,МР Белокатайский,МР Кугарчинский,0.87,100
v5-20261009T121014Z-d833d0,temporal_block,МР Белокатайский,МР Кушнаренковский,0.14,100
v5-20261009T121014Z-d833d0,temporal_block,МР Белокатайский,МР Куюргазинский,0.16,100
v5-20261009T121014Z-d833d0,temporal_block,МР Белокатайский,МР Мелеузовский,0.0,100
v5-20261009T121014Z-d833d0,temporal_block,МР Белокатайский,МР Мечетлинский,0.99,100
v5-20261009T121014Z-d833d0,temporal_block,МР Белокатайский,МР Мишкинский,0.23,100
v5-20261009T121014Z-d833d0,temporal_block,МР Белокатайский,МР Миякинский,0.14,100
v5-20261009T121014Z-d833d0,temporal_block,МР Белокатайский,МР Нуримановский,0.2,100
v5-20261009T121014Z-d833d0,temporal_block,МР Белокатайский,МР Салаватский,0.86,100
v5-20261009T121014Z-d833d0,temporal_block,МР Белокатайский,МР Стерлибашевский,0.14,100
v5-20261009T121014Z-d833d0,temporal_block,МР Белокатайский,МР Стерлитамакский,0.0,100
v5-20261009T121014Z-d833d0,temporal_block,МР Белокатайский,МР Татышлинский,0.83,100
v5-20261009T121014Z-d833d0,temporal_block,МР Белокатайский,МР Туймазинский,0.0,100
v5-20261009T121014Z-d833d0,temporal_block,МР Белокатайский,МР Уфимский,0.0,100
v5-20261009T121014Z-d833d0,temporal_block,МР Белокатайский,МР Учалинский,0.0,100
v5-20261009T121014Z-d833d0,temporal_block,МР Белокатайский,МР Федоровский,0.14,100
v5-20261009T121014Z-d833d0,temporal_block,МР Белокатайский,МР Хайбуллинский,0.86,100
v5-20261009T121014Z-d833d0,temporal_block,МР Белокатайский,МР Чекмагушевский,0.14,100
v5-20261009T121014Z-d833d0,temporal_block,МР Белокатайский,МР Чишминский,0.02,100
v5-20261009T121014Z-d833d0,temporal_block,МР Белокатайский,МР Шаранский,0.14,100
v5-20261009T121014Z-d833d0,temporal_block,МР Белокатайский,МР Янаульский,0.02,100
v5-20261009T121014Z-d833d0,temporal_block,МР Белорецкий,МР Бижбулякский,0.0,100
v5-20261009T121014Z-d833d0,temporal_block,МР Белорецкий,МР Бирский,0.98,100
v5-20261009T121014Z-d833d0,temporal_block,МР Белорецкий,МР Благоварский,0.0,100
v5-20261009T121014Z-d833d0,temporal_block,МР Белорецкий,МР Благовещенский,1.0,100
v5-20261009T121014Z-d833d0,temporal_block,МР Белорецкий,МР Буздякский,0.0,100
v5-20261009T121014Z-d833d0,temporal_block,МР Белорецкий,МР Бураевский,0.0,100
v5-20261009T121014Z-d833d0,temporal_block,МР Белорецкий,МР Бурзянский,0.02,100
v5-20261009T121014Z-d833d0,temporal_block,МР Белорецкий,МР Гафурийский,0.0,100
v5-20261009T121014Z-d833d0,temporal_block,МР Белорецкий,МР Давлекановский,0.0,100
v5-20261009T121014Z-d833d0,temporal_block,МР Белорецкий,МР Дуванский,0.02,100
v5-20261009T121014Z-d833d0,temporal_block,МР Белорецкий,МР Дюртюлинский,0.98,100
v5-20261009T121014Z-d833d0,temporal_block,МР Белорецкий,МР Ермекеевский,0.0,100
v5-20261009T121014Z-d833d0,temporal_block,МР Белорецкий,МР Зианчуринский,0.0,100
v5-20261009T121014Z-d833d0,temporal_block,МР Белорецкий,МР Зилаирский,0.02,100
v5-20261009T121014Z-d833d0,temporal_block,МР Белорецкий,МР Иглинский,0.99,100
v5-20261009T121014Z-d833d0,temporal_block,МР Белорецкий,МР Илишевский,0.0,100
v5-20261009T121014Z-d833d0,temporal_block,МР Белорецкий,МР Ишимбайский,0.98,100
v5-20261009T121014Z-d833d0,temporal_block,МР Белорецкий,МР Калтасинский,0.0,100
v5-20261009T121014Z-d833d0,temporal_block,МР Белорецкий,МР Караидельский,0.0,100
v5-20261009T121014Z-d833d0,temporal_block,МР Белорецкий,МР Кармаскалинский,0.11,100
v5-20261009T121014Z-d833d0,temporal_block,МР Белорецкий,МР Кигинский,0.01,100
v5-20261009T121014Z-d833d0,temporal_block,МР Белорецкий,МР Краснокамский,0.27,100
v5-20261009T121014Z-d833d0,temporal_block,МР Белорецкий,МР Кугарчинский,0.0,100
v5-20261009T121014Z-d833d0,temporal_block,МР Белорецкий,МР Кушнаренковский,0.0,100
v5-20261009T121014Z-d833d0,temporal_block,МР Белорецкий,МР Куюргазинский,0.0,100
v5-20261009T121014Z-d833d0,temporal_block,МР Белорецкий,МР Мелеузовский,0.98,100
v5-20261009T121014Z-d833d0,temporal_block,МР Белорецкий,МР Мечетлинский,0.02,100
v5-20261009T121014Z-d833d0,temporal_block,МР Белорецкий,МР Мишкинский,0.0,100
v5-20261009T121014Z-d833d0,temporal_block,МР Белорецкий,МР Миякинский,0.0,100
v5-20261009T121014Z-d833d0,temporal_block,МР Белорецкий,МР Нуримановский,0.0,100
v5-20261009T121014Z-d833d0,temporal_block,МР Белорецкий,МР Салаватский,0.02,100
v5-20261009T121014Z-d833d0,temporal_block,МР Белорецкий,МР Стерлибашевский,0.0,100
v5-20261009T121014Z-d833d0,temporal_block,МР Белорецкий,МР Стерлитамакский,0.98,100
v5-20261009T121014Z-d833d0,temporal_block,МР Белорецкий,МР Татышлинский,0.08,100
v5-20261009T121014Z-d833d0,temporal_block,МР Белорецкий,МР Туймазинский,0.98,100
v5-20261009T121014Z-d833d0,temporal_block,МР Белорецкий,МР Уфимский,0.98,100
v5-20261009T121014Z-d833d0,temporal_block,МР Белорецкий,МР Учалинский,0.98,100
v5-20261009T121014Z-d833d0,temporal_block,МР Белорецкий,МР Федоровский,0.0,100
v5-20261009T121014Z-d833d0,temporal_block,МР Белорецкий,МР Хайбуллинский,0.02,100
v5-20261009T121014Z-d833d0,temporal_block,МР Белорецкий,МР Чекмагушевский,0.0,100
v5-20261009T121014Z-d833d0,temporal_block,МР Белорецкий,МР Чишминский,1.0,100
v5-20261009T121014Z-d833d0,temporal_block,МР Белорецкий,МР Шаранский,0.0,100
v5-20261009T121014Z-d833d0,temporal_block,МР Белорецкий,МР Янаульский,0.96,100
v5-20261009T121014Z-d833d0,temporal_block,МР Бижбулякский,МР Бирский,0.0,100
v5-20261009T121014Z-d833d0,temporal_block,МР Бижбулякский,МР Благоварский,0.88,100
v5-20261009T121014Z-d833d0,temporal_block,МР Бижбулякский,МР Благовещенский,0.0,100
v5-20261009T121014Z-d833d0,temporal_block,МР Бижбулякский,МР Буздякский,1.0,100
v5-20261009T121014Z-d833d0,temporal_block,МР Бижбулякский,МР Бураевский,1.0,100
v5-20261009T121014Z-d833d0,temporal_block,МР Бижбулякский,МР Бурзянский,0.0,100
v5-20261009T121014Z-d833d0,temporal_block,МР Бижбулякский,МР Гафурийский,0.82,100
v5-20261009T121014Z-d833d0,temporal_block,МР Бижбулякский,МР Давлекановский,1.0,100
v5-20261009T121014Z-d833d0,temporal_block,МР Бижбулякский,МР Дуванский,0.07,100
v5-20261009T121014Z-d833d0,temporal_block,МР Бижбулякский,МР Дюртюлинский,0.0,100
v5-20261009T121014Z-d833d0,temporal_block,МР Бижбулякский,МР Ермекеевский,1.0,100
v5-20261009T121014Z-d833d0,temporal_block,МР Бижбулякский,МР Зианчуринский,0.28,100
v5-20261009T121014Z-d833d0,temporal_block,МР Бижбулякский,МР Зилаирский,0.0,100
v5-20261009T121014Z-d833d0,temporal_block,МР Бижбулякский,МР Иглинский,0.0,100
v5-20261009T121014Z-d833d0,temporal_block,МР Бижбулякский,МР Илишевский,0.96,100
v5-20261009T121014Z-d833d0,temporal_block,МР Бижбулякский,МР Ишимбайский,0.0,100
v5-20261009T121014Z-d833d0,temporal_block,МР Бижбулякский,МР Калтасинский,1.0,100
v5-20261009T121014Z-d833d0,temporal_block,МР Бижбулякский,МР Караидельский,0.97,100
v5-20261009T121014Z-d833d0,temporal_block,МР Бижбулякский,МР Кармаскалинский,0.81,100
v5-20261009T121014Z-d833d0,temporal_block,МР Бижбулякский,МР Кигинский,0.22,100
v5-20261009T121014Z-d833d0,temporal_block,МР Бижбулякский,МР Краснокамский,0.71,100
v5-20261009T121014Z-d833d0,temporal_block,МР Бижбулякский,МР Кугарчинский,0.27,100
v5-20261009T121014Z-d833d0,temporal_block,МР Бижбулякский,МР Кушнаренковский,1.0,100
v5-20261009T121014Z-d833d0,temporal_block,МР Бижбулякский,МР Куюргазинский,0.98,100
v5-20261009T121014Z-d833d0,temporal_block,МР Бижбулякский,МР Мелеузовский,0.0,100
v5-20261009T121014Z-d833d0,temporal_block,МР Бижбулякский,МР Мечетлинский,0.13,100
v5-20261009T121014Z-d833d0,temporal_block,МР Бижбулякский,МР Мишкинский,0.91,100
v5-20261009T121014Z-d833d0,temporal_block,МР Бижбулякский,МР Миякинский,1.0,100
v5-20261009T121014Z-d833d0,temporal_block,МР Бижбулякский,МР Нуримановский,0.94,100
v5-20261009T121014Z-d833d0,temporal_block,МР Бижбулякский,МР Салаватский,0.0,100
v5-20261009T121014Z-d833d0,temporal_block,МР Бижбулякский,МР Стерлибашевский,1.0,100
v5-20261009T121014Z-d833d0,temporal_block,МР Бижбулякский,МР Стерлитамакский,0.0,100
v5-20261009T121014Z-d833d0,temporal_block,МР Бижбулякский,МР Татышлинский,0.07,100
v5-20261009T121014Z-d833d0,temporal_block,МР Бижбулякский,МР Туймазинский,0.0,100
v5-20261009T121014Z-d833d0,temporal_block,МР Бижбулякский,МР Уфимский,0.0,100
v5-20261009T121014Z-d833d0,temporal_block,МР Бижбулякский,МР Учалинский,0.0,100
v5-20261009T121014Z-d833d0,temporal_block,МР Бижбулякский,МР Федоровский,1.0,100
v5-20261009T121014Z-d833d0,temporal_block,МР Бижбулякский,МР Хайбуллинский,0.0,100
v5-20261009T121014Z-d833d0,temporal_block,МР Бижбулякский,МР Чекмагушевский,1.0,100
v5-20261009T121014Z-d833d0,temporal_block,МР Бижбулякский,МР Чишминский,0.0,100
v5-20261009T121014Z-d833d0,temporal_block,МР Бижбулякский,МР Шаранский,1.0,100
v5-20261009T121014Z-d833d0,temporal_block,МР Бижбулякский,МР Янаульский,0.0,100
v5-20261009T121014Z-d833d0,temporal_block,МР Бирский,МР Благоварский,0.0,100
v5-20261009T121014Z-d833d0,temporal_block,МР Бирский,МР Благовещенский,0.98,100
v5-20261009T121014Z-d833d0,temporal_block,МР Бирский,МР Буздякский,0.0,100
v5-20261009T121014Z-d833d0,temporal_block,МР Бирский,МР Бураевский,0.0,100
v5-20261009T121014Z-d833d0,temporal_block,МР Бирский,МР Бурзянский,0.0,100
v5-20261009T121014Z-d833d0,temporal_block,МР Бирский,МР Гафурийский,0.0,100
v5-20261009T121014Z-d833d0,temporal_block,МР Бирский,МР Давлекановский,0.0,100
v5-20261009T121014Z-d833d0,temporal_block,МР Бирский,МР Дуванский,0.0,100
v5-20261009T121014Z-d833d0,temporal_block,МР Бирский,МР Дюртюлинский,1.0,100
v5-20261009T121014Z-d833d0,temporal_block,МР Бирский,МР Ермекеевский,0.0,100
v5-20261009T121014Z-d833d0,temporal_block,МР Бирский,МР Зианчуринский,0.0,100
v5-20261009T121014Z-d833d0,temporal_block,МР Бирский,МР Зилаирский,0.0,100
v5-20261009T121014Z-d833d0,temporal_block,МР Бирский,МР Иглинский,0.99,100
v5-20261009T121014Z-d833d0,temporal_block,МР Бирский,МР Илишевский,0.0,100
v5-20261009T121014Z-d833d0,temporal_block,МР Бирский,МР Ишимбайский,1.0,100
v5-20261009T121014Z-d833d0,temporal_block,МР Бирский,МР Калтасинский,0.0,100
v5-20261009T121014Z-d833d0,temporal_block,МР Бирский,МР Караидельский,0.0,100
v5-20261009T121014Z-d833d0,temporal_block,МР Бирский,МР Кармаскалинский,0.09,100
v5-20261009T121014Z-d833d0,temporal_block,МР Бирский,МР Кигинский,0.0,100
v5-20261009T121014Z-d833d0,temporal_block,МР Бирский,МР Краснокамский,0.29,100
v5-20261009T121014Z-d833d0,temporal_block,МР Бирский,МР Кугарчинский,0.0,100
v5-20261009T121014Z-d833d0,temporal_block,МР Бирский,МР Кушнаренковский,0.0,100
v5-20261009T121014Z-d833d0,temporal_block,МР Бирский,МР Куюргазинский,0.0,100
v5-20261009T121014Z-d833d0,temporal_block,МР Бирский,МР Мелеузовский,1.0,100
v5-20261009T121014Z-d833d0,temporal_block,МР Бирский,МР Мечетлинский,0.0,100
v5-20261009T121014Z-d833d0,temporal_block,МР Бирский,МР Мишкинский,0.0,100
v5-20261009T121014Z-d833d0,temporal_block,МР Бирский,МР Миякинский,0.0,100
v5-20261009T121014Z-d833d0,temporal_block,МР Бирский,МР Нуримановский,0.0,100
v5-20261009T121014Z-d833d0,temporal_block,МР Бирский,МР Салаватский,0.0,100
v5-20261009T121014Z-d833d0,temporal_block,МР Бирский,МР Стерлибашевский,0.0,100
v5-20261009T121014Z-d833d0,temporal_block,МР Бирский,МР Стерлитамакский,1.0,100
v5-20261009T121014Z-d833d0,temporal_block,МР Бирский,МР Татышлинский,0.06,100
v5-20261009T121014Z-d833d0,temporal_block,МР Бирский,МР Туймазинский,1.0,100
v5-20261009T121014Z-d833d0,temporal_block,МР Бирский,МР Уфимский,1.0,100
v5-20261009T121014Z-d833d0,temporal_block,МР Бирский,МР Учалинский,1.0,100
v5-20261009T121014Z-d833d0,temporal_block,МР Бирский,МР Федоровский,0.0,100
v5-20261009T121014Z-d833d0,temporal_block,МР Бирский,МР Хайбуллинский,0.0,100
v5-20261009T121014Z-d833d0,temporal_block,МР Бирский,МР Чекмагушевский,0.0,100
v5-20261009T121014Z-d833d0,temporal_block,МР Бирский,МР Чишминский,0.98,100
v5-20261009T121014Z-d833d0,temporal_block,МР Бирский,МР Шаранский,0.0,100
v5-20261009T121014Z-d833d0,temporal_block,МР Бирский,МР Янаульский,0.98,100
v5-20261009T121014Z-d833d0,temporal_block,МР Благоварский,МР Благовещенский,0.0,100
v5-20261009T121014Z-d833d0,temporal_block,МР Благоварский,МР Буздякский,0.88,100
v5-20261009T121014Z-d833d0,temporal_block,МР Благоварский,МР Бураевский,0.88,100
v5-20261009T121014Z-d833d0,temporal_block,МР Благоварский,МР Бурзянский,0.12,100
v5-20261009T121014Z-d833d0,temporal_block,МР Благоварский,МР Гафурийский,0.9,100
v5-20261009T121014Z-d833d0,temporal_block,МР Благоварский,МР Давлекановский,0.88,100
v5-20261009T121014Z-d833d0,temporal_block,МР Благоварский,МР Дуванский,0.19,100
v5-20261009T121014Z-d833d0,temporal_block,МР Благоварский,МР Дюртюлинский,0.0,100
v5-20261009T121014Z-d833d0,temporal_block,МР Благоварский,МР Ермекеевский,0.88,100
v5-20261009T121014Z-d833d0,temporal_block,МР Благоварский,МР Зианчуринский,0.3,100
v5-20261009T121014Z-d833d0,temporal_block,МР Благоварский,МР Зилаирский,0.12,100
v5-20261009T121014Z-d833d0,temporal_block,МР Благоварский,МР Иглинский,0.0,100
v5-20261009T121014Z-d833d0,temporal_block,МР Благоварский,МР Илишевский,0.92,100
v5-20261009T121014Z-d833d0,temporal_block,МР Благоварский,МР Ишимбайский,0.0,100
v5-20261009T121014Z-d833d0,temporal_block,МР Благоварский,МР Калтасинский,0.88,100
v5-20261009T121014Z-d833d0,temporal_block,МР Благоварский,МР Караидельский,0.85,100
v5-20261009T121014Z-d833d0,temporal_block,МР Благоварский,МР Кармаскалинский,0.87,100
v5-20261009T121014Z-d833d0,temporal_block,МР Благоварский,МР Кигинский,0.32,100
v5-20261009T121014Z-d833d0,temporal_block,МР Благоварский,МР Краснокамский,0.67,100
v5-20261009T121014Z-d833d0,temporal_block,МР Благоварский,МР Кугарчинский,0.35,100
v5-20261009T121014Z-d833d0,temporal_block,МР Благоварский,МР Кушнаренковский,0.88,100
v5-20261009T121014Z-d833d0,temporal_block,МР Благоварский,МР Куюргазинский,0.86,100
v5-20261009T121014Z-d833d0,temporal_block,МР Благоварский,МР Мелеузовский,0.0,100
v5-20261009T121014Z-d833d0,temporal_block,МР Благоварский,МР Мечетлинский,0.25,100
v5-20261009T121014Z-d833d0,temporal_block,МР Благоварский,МР Мишкинский,0.95,100
v5-20261009T121014Z-d833d0,temporal_block,МР Благоварский,МР Миякинский,0.88,100
v5-20261009T121014Z-d833d0,temporal_block,МР Благоварский,МР Нуримановский,0.94,100
v5-20261009T121014Z-d833d0,temporal_block,МР Благоварский,МР Салаватский,0.12,100
v5-20261009T121014Z-d833d0,temporal_block,МР Благоварский,МР Стерлибашевский,0.88,100
v5-20261009T121014Z-d833d0,temporal_block,МР Благоварский,МР Стерлитамакский,0.0,100
v5-20261009T121014Z-d833d0,temporal_block,МР Благоварский,МР Татышлинский,0.17,100
v5-20261009T121014Z-d833d0,temporal_block,МР Благоварский,МР Туймазинский,0.0,100
v5-20261009T121014Z-d833d0,temporal_block,МР Благоварский,МР Уфимский,0.0,100
v5-20261009T121014Z-d833d0,temporal_block,МР Благоварский,МР Учалинский,0.0,100
v5-20261009T121014Z-d833d0,temporal_block,МР Благоварский,МР Федоровский,0.88,100
v5-20261009T121014Z-d833d0,temporal_block,МР Благоварский,МР Хайбуллинский,0.12,100
v5-20261009T121014Z-d833d0,temporal_block,МР Благоварский,МР Чекмагушевский,0.88,100
v5-20261009T121014Z-d833d0,temporal_block,МР Благоварский,МР Чишминский,0.0,100
v5-20261009T121014Z-d833d0,temporal_block,МР Благоварский,МР Шаранский,0.88,100
v5-20261009T121014Z-d833d0,temporal_block,МР Благоварский,МР Янаульский,0.01,100
v5-20261009T121014Z-d833d0,temporal_block,МР Благовещенский,МР Буздякский,0.0,100
v5-20261009T121014Z-d833d0,temporal_block,МР Благовещенский,МР Бураевский,0.0,100
v5-20261009T121014Z-d833d0,temporal_block,МР Благовещенский,МР Бурзянский,0.02,100
v5-20261009T121014Z-d833d0,temporal_block,МР Благовещенский,МР Гафурийский,0.0,100
v5-20261009T121014Z-d833d0,temporal_block,МР Благовещенский,МР Давлекановский,0.0,100
v5-20261009T121014Z-d833d0,temporal_block,МР Благовещенский,МР Дуванский,0.02,100
v5-20261009T121014Z-d833d0,temporal_block,МР Благовещенский,МР Дюртюлинский,0.98,100
v5-20261009T121014Z-d833d0,temporal_block,МР Благовещенский,МР Ермекеевский,0.0,100
v5-20261009T121014Z-d833d0,temporal_block,МР Благовещенский,МР Зианчуринский,0.0,100
v5-20261009T121014Z-d833d0,temporal_block,МР Благовещенский,МР Зилаирский,0.02,100
v5-20261009T121014Z-d833d0,temporal_block,МР Благовещенский,МР Иглинский,0.99,100
v5-20261009T121014Z-d833d0,temporal_block,МР Благовещенский,МР Илишевский,0.0,100
v5-20261009T121014Z-d833d0,temporal_block,МР Благовещенский,МР Ишимбайский,0.98,100
v5-20261009T121014Z-d833d0,temporal_block,МР Благовещенский,МР Калтасинский,0.0,100
v5-20261009T121014Z-d833d0,temporal_block,МР Благовещенский,МР Караидельский,0.0,100
v5-20261009T121014Z-d833d0,temporal_block,МР Благовещенский,МР Кармаскалинский,0.11,100
v5-20261009T121014Z-d833d0,temporal_block,МР Благовещенский,МР Кигинский,0.01,100
v5-20261009T121014Z-d833d0,temporal_block,МР Благовещенский,МР Краснокамский,0.27,100
v5-20261009T121014Z-d833d0,temporal_block,МР Благовещенский,МР Кугарчинский,0.0,100
v5-20261009T121014Z-d833d0,temporal_block,МР Благовещенский,МР Кушнаренковский,0.0,100
v5-20261009T121014Z-d833d0,temporal_block,МР Благовещенский,МР Куюргазинский,0.0,100
v5-20261009T121014Z-d833d0,temporal_block,МР Благовещенский,МР Мелеузовский,0.98,100
v5-20261009T121014Z-d833d0,temporal_block,МР Благовещенский,МР Мечетлинский,0.02,100
v5-20261009T121014Z-d833d0,temporal_block,МР Благовещенский,МР Мишкинский,0.0,100
v5-20261009T121014Z-d833d0,temporal_block,МР Благовещенский,МР Миякинский,0.0,100
v5-20261009T121014Z-d833d0,temporal_block,МР Благовещенский,МР Нуримановский,0.0,100
v5-20261009T121014Z-d833d0,temporal_block,МР Благовещенский,МР Салаватский,0.02,100
v5-20261009T121014Z-d833d0,temporal_block,МР Благовещенский,МР Стерлибашевский,0.0,100
v5-20261009T121014Z-d833d0,temporal_block,МР Благовещенский,МР Стерлитамакский,0.98,100
v5-20261009T121014Z-d833d0,temporal_block,МР Благовещенский,МР Татышлинский,0.08,100
v5-20261009T121014Z-d833d0,temporal_block,МР Благовещенский,МР Туймазинский,0.98,100
v5-20261009T121014Z-d833d0,temporal_block,МР Благовещенский,МР Уфимский,0.98,100
v5-20261009T121014Z-d833d0,temporal_block,МР Благовещенский,МР Учалинский,0.98,100
v5-20261009T121014Z-d833d0,temporal_block,МР Благовещенский,МР Федоровский,0.0,100
v5-20261009T121014Z-d833d0,temporal_block,МР Благовещенский,МР Хайбуллинский,0.02,100
v5-20261009T121014Z-d833d0,temporal_block,МР Благовещенский,МР Чекмагушевский,0.0,100
v5-20261009T121014Z-d833d0,temporal_block,МР Благовещенский,МР Чишминский,1.0,100
v5-20261009T121014Z-d833d0,temporal_block,МР Благовещенский,МР Шаранский,0.0,100
v5-20261009T121014Z-d833d0,temporal_block,МР Благовещенский,МР Янаульский,0.96,100
v5-20261009T121014Z-d833d0,temporal_block,МР Буздякский,МР Бураевский,1.0,100
v5-20261009T121014Z-d833d0,temporal_block,МР Буздякский,МР Бурзянский,0.0,100
v5-20261009T121014Z-d833d0,temporal_block,МР Буздякский,МР Гафурийский,0.82,100
v5-20261009T121014Z-d833d0,temporal_block,МР Буздякский,МР Давлекановский,1.0,100
v5-20261009T121014Z-d833d0,temporal_block,МР Буздякский,МР Дуванский,0.07,100
v5-20261009T121014Z-d833d0,temporal_block,МР Буздякский,МР Дюртюлинский,0.0,100
v5-20261009T121014Z-d833d0,temporal_block,МР Буздякский,МР Ермекеевский,1.0,100
v5-20261009T121014Z-d833d0,temporal_block,МР Буздякский,МР Зианчуринский,0.28,100
v5-20261009T121014Z-d833d0,temporal_block,МР Буздякский,МР Зилаирский,0.0,100
v5-20261009T121014Z-d833d0,temporal_block,МР Буздякский,МР Иглинский,0.0,100
v5-20261009T121014Z-d833d0,temporal_block,МР Буздякский,МР Илишевский,0.96,100
v5-20261009T121014Z-d833d0,temporal_block,МР Буздякский,МР Ишимбайский,0.0,100
v5-20261009T121014Z-d833d0,temporal_block,МР Буздякский,МР Калтасинский,1.0,100
v5-20261009T121014Z-d833d0,temporal_block,МР Буздякский,МР Караидельский,0.97,100
v5-20261009T121014Z-d833d0,temporal_block,МР Буздякский,МР Кармаскалинский,0.81,100
v5-20261009T121014Z-d833d0,temporal_block,МР Буздякский,МР Кигинский,0.22,100
v5-20261009T121014Z-d833d0,temporal_block,МР Буздякский,МР Краснокамский,0.71,100
v5-20261009T121014Z-d833d0,temporal_block,МР Буздякский,МР Кугарчинский,0.27,100
v5-20261009T121014Z-d833d0,temporal_block,МР Буздякский,МР Кушнаренковский,1.0,100
v5-20261009T121014Z-d833d0,temporal_block,МР Буздякский,МР Куюргазинский,0.98,100
v5-20261009T121014Z-d833d0,temporal_block,МР Буздякский,МР Мелеузовский,0.0,100
v5-20261009T121014Z-d833d0,temporal_block,МР Буздякский,МР Мечетлинский,0.13,100
v5-20261009T121014Z-d833d0,temporal_block,МР Буздякский,МР Мишкинский,0.91,100
v5-20261009T121014Z-d833d0,temporal_block,МР Буздякский,МР Миякинский,1.0,100
v5-20261009T121014Z-d833d0,temporal_block,МР Буздякский,МР Нуримановский,0.94,100
v5-20261009T121014Z-d833d0,temporal_block,МР Буздякский,МР Салаватский,0.0,100
v5-20261009T121014Z-d833d0,temporal_block,МР Буздякский,МР Стерлибашевский,1.0,100
v5-20261009T121014Z-d833d0,temporal_block,МР Буздякский,МР Стерлитамакский,0.0,100
v5-20261009T121014Z-d833d0,temporal_block,МР Буздякский,МР Татышлинский,0.07,100
v5-20261009T121014Z-d833d0,temporal_block,МР Буздякский,МР Туймазинский,0.0,100
v5-20261009T121014Z-d833d0,temporal_block,МР Буздякский,МР Уфимский,0.0,100
v5-20261009T121014Z-d833d0,temporal_block,МР Буздякский,МР Учалинский,0.0,100
v5-20261009T121014Z-d833d0,temporal_block,МР Буздякский,МР Федоровский,1.0,100
v5-20261009T121014Z-d833d0,temporal_block,МР Буздякский,МР Хайбуллинский,0.0,100
v5-20261009T121014Z-d833d0,temporal_block,МР Буздякский,МР Чекмагушевский,1.0,100
v5-20261009T121014Z-d833d0,temporal_block,МР Буздякский,МР Чишминский,0.0,100
v5-20261009T121014Z-d833d0,temporal_block,МР Буздякский,МР Шаранский,1.0,100
v5-20261009T121014Z-d833d0,temporal_block,МР Буздякский,МР Янаульский,0.0,100
v5-20261009T121014Z-d833d0,temporal_block,МР Бураевский,МР Бурзянский,0.0,100
v5-20261009T121014Z-d833d0,temporal_block,МР Бураевский,МР Гафурийский,0.82,100
v5-20261009T121014Z-d833d0,temporal_block,МР Бураевский,МР Давлекановский,1.0,100
v5-20261009T121014Z-d833d0,temporal_block,МР Бураевский,МР Дуванский,0.07,100
v5-20261009T121014Z-d833d0,temporal_block,МР Бураевский,МР Дюртюлинский,0.0,100
v5-20261009T121014Z-d833d0,temporal_block,МР Бураевский,МР Ермекеевский,1.0,100
v5-20261009T121014Z-d833d0,temporal_block,МР Бураевский,МР Зианчуринский,0.28,100
v5-20261009T121014Z-d833d0,temporal_block,МР Бураевский,МР Зилаирский,0.0,100
v5-20261009T121014Z-d833d0,temporal_block,МР Бураевский,МР Иглинский,0.0,100
v5-20261009T121014Z-d833d0,temporal_block,МР Бураевский,МР Илишевский,0.96,100
v5-20261009T121014Z-d833d0,temporal_block,МР Бураевский,МР Ишимбайский,0.0,100
v5-20261009T121014Z-d833d0,temporal_block,МР Бураевский,МР Калтасинский,1.0,100
v5-20261009T121014Z-d833d0,temporal_block,МР Бураевский,МР Караидельский,0.97,100
v5-20261009T121014Z-d833d0,temporal_block,МР Бураевский,МР Кармаскалинский,0.81,100
v5-20261009T121014Z-d833d0,temporal_block,МР Бураевский,МР Кигинский,0.22,100
v5-20261009T121014Z-d833d0,temporal_block,МР Бураевский,МР Краснокамский,0.71,100
v5-20261009T121014Z-d833d0,temporal_block,МР Бураевский,МР Кугарчинский,0.27,100
v5-20261009T121014Z-d833d0,temporal_block,МР Бураевский,МР Кушнаренковский,1.0,100
v5-20261009T121014Z-d833d0,temporal_block,МР Бураевский,МР Куюргазинский,0.98,100
v5-20261009T121014Z-d833d0,temporal_block,МР Бураевский,МР Мелеузовский,0.0,100
v5-20261009T121014Z-d833d0,temporal_block,МР Бураевский,МР Мечетлинский,0.13,100
v5-20261009T121014Z-d833d0,temporal_block,МР Бураевский,МР Мишкинский,0.91,100
v5-20261009T121014Z-d833d0,temporal_block,МР Бураевский,МР Миякинский,1.0,100
v5-20261009T121014Z-d833d0,temporal_block,МР Бураевский,МР Нуримановский,0.94,100
v5-20261009T121014Z-d833d0,temporal_block,МР Бураевский,МР Салаватский,0.0,100
v5-20261009T121014Z-d833d0,temporal_block,МР Бураевский,МР Стерлибашевский,1.0,100
v5-20261009T121014Z-d833d0,temporal_block,МР Бураевский,МР Стерлитамакский,0.0,100
v5-20261009T121014Z-d833d0,temporal_block,МР Бураевский,МР Татышлинский,0.07,100
v5-20261009T121014Z-d833d0,temporal_block,МР Бураевский,МР Туймазинский,0.0,100
v5-20261009T121014Z-d833d0,temporal_block,МР Бураевский,МР Уфимский,0.0,100
v5-20261009T121014Z-d833d0,temporal_block,МР Бураевский,МР Учалинский,0.0,100
v5-20261009T121014Z-d833d0,temporal_block,МР Бураевский,МР Федоровский,1.0,100
v5-20261009T121014Z-d833d0,temporal_block,МР Бураевский,МР Хайбуллинский,0.0,100
v5-20261009T121014Z-d833d0,temporal_block,МР Бураевский,МР Чекмагушевский,1.0,100
v5-20261009T121014Z-d833d0,temporal_block,МР Бураевский,МР Чишминский,0.0,100
v5-20261009T121014Z-d833d0,temporal_block,МР Бураевский,МР Шаранский,1.0,100
v5-20261009T121014Z-d833d0,temporal_block,МР Бураевский,МР Янаульский,0.0,100
v5-20261009T121014Z-d833d0,temporal_block,МР Бурзянский,МР Гафурийский,0.18,100
v5-20261009T121014Z-d833d0,temporal_block,МР Бурзянский,МР Давлекановский,0.0,100
v5-20261009T121014Z-d833d0,temporal_block,МР Бурзянский,МР Дуванский,0.93,100
v5-20261009T121014Z-d833d0,temporal_block,МР Бурзянский,МР Дюртюлинский,0.0,100
v5-20261009T121014Z-d833d0,temporal_block,МР Бурзянский,МР Ермекеевский,0.0,100
v5-20261009T121014Z-d833d0,temporal_block,МР Бурзянский,МР Зианчуринский,0.72,100
v5-20261009T121014Z-d833d0,temporal_block,МР Бурзянский,МР Зилаирский,1.0,100
v5-20261009T121014Z-d833d0,temporal_block,МР Бурзянский,МР Иглинский,0.01,100
v5-20261009T121014Z-d833d0,temporal_block,МР Бурзянский,МР Илишевский,0.04,100
v5-20261009T121014Z-d833d0,temporal_block,МР Бурзянский,МР Ишимбайский,0.0,100
v5-20261009T121014Z-d833d0,temporal_block,МР Бурзянский,МР Калтасинский,0.0,100
v5-20261009T121014Z-d833d0,temporal_block,МР Бурзянский,МР Караидельский,0.03,100
v5-20261009T121014Z-d833d0,temporal_block,МР Бурзянский,МР Кармаскалинский,0.1,100
v5-20261009T121014Z-d833d0,temporal_block,МР Бурзянский,МР Кигинский,0.78,100
v5-20261009T121014Z-d833d0,temporal_block,МР Бурзянский,МР Краснокамский,0.0,100
v5-20261009T121014Z-d833d0,temporal_block,МР Бурзянский,МР Кугарчинский,0.73,100
v5-20261009T121014Z-d833d0,temporal_block,МР Бурзянский,МР Кушнаренковский,0.0,100
v5-20261009T121014Z-d833d0,temporal_block,МР Бурзянский,МР Куюргазинский,0.02,100
v5-20261009T121014Z-d833d0,temporal_block,МР Бурзянский,МР Мелеузовский,0.0,100
v5-20261009T121014Z-d833d0,temporal_block,МР Бурзянский,МР Мечетлинский,0.87,100
v5-20261009T121014Z-d833d0,temporal_block,МР Бурзянский,МР Мишкинский,0.09,100
v5-20261009T121014Z-d833d0,temporal_block,МР Бурзянский,МР Миякинский,0.0,100
v5-20261009T121014Z-d833d0,temporal_block,МР Бурзянский,МР Нуримановский,0.06,100
v5-20261009T121014Z-d833d0,temporal_block,МР Бурзянский,МР Салаватский,1.0,100
v5-20261009T121014Z-d833d0,temporal_block,МР Бурзянский,МР Стерлибашевский,0.0,100
v5-20261009T121014Z-d833d0,temporal_block,МР Бурзянский,МР Стерлитамакский,0.0,100
v5-20261009T121014Z-d833d0,temporal_block,МР Бурзянский,МР Татышлинский,0.87,100
v5-20261009T121014Z-d833d0,temporal_block,МР Бурзянский,МР Туймазинский,0.0,100
v5-20261009T121014Z-d833d0,temporal_block,МР Бурзянский,МР Уфимский,0.0,100
v5-20261009T121014Z-d833d0,temporal_block,МР Бурзянский,МР Учалинский,0.0,100
v5-20261009T121014Z-d833d0,temporal_block,МР Бурзянский,МР Федоровский,0.0,100
v5-20261009T121014Z-d833d0,temporal_block,МР Бурзянский,МР Хайбуллинский,1.0,100
v5-20261009T121014Z-d833d0,temporal_block,МР Бурзянский,МР Чекмагушевский,0.0,100
v5-20261009T121014Z-d833d0,temporal_block,МР Бурзянский,МР Чишминский,0.02,100
v5-20261009T121014Z-d833d0,temporal_block,МР Бурзянский,МР Шаранский,0.0,100
v5-20261009T121014Z-d833d0,temporal_block,МР Бурзянский,МР Янаульский,0.02,100
v5-20261009T121014Z-d833d0,temporal_block,МР Гафурийский,МР Давлекановский,0.82,100
v5-20261009T121014Z-d833d0,temporal_block,МР Гафурийский,МР Дуванский,0.25,100
v5-20261009T121014Z-d833d0,temporal_block,МР Гафурийский,МР Дюртюлинский,0.0,100
v5-20261009T121014Z-d833d0,temporal_block,МР Гафурийский,МР Ермекеевский,0.82,100
v5-20261009T121014Z-d833d0,temporal_block,МР Гафурийский,МР Зианчуринский,0.36,100
v5-20261009T121014Z-d833d0,temporal_block,МР Гафурийский,МР Зилаирский,0.18,100
v5-20261009T121014Z-d833d0,temporal_block,МР Гафурийский,МР Иглинский,0.0,100
v5-20261009T121014Z-d833d0,temporal_block,МР Гафурийский,МР Илишевский,0.86,100
v5-20261009T121014Z-d833d0,temporal_block,МР Гафурийский,МР Ишимбайский,0.0,100
v5-20261009T121014Z-d833d0,temporal_block,МР Гафурийский,МР Калтасинский,0.82,100
v5-20261009T121014Z-d833d0,temporal_block,МР Гафурийский,МР Караидельский,0.79,100
v5-20261009T121014Z-d833d0,temporal_block,МР Гафурийский,МР Кармаскалинский,0.85,100
v5-20261009T121014Z-d833d0,temporal_block,МР Гафурийский,МР Кигинский,0.4,100
v5-20261009T121014Z-d833d0,temporal_block,МР Гафурийский,МР Краснокамский,0.65,100
v5-20261009T121014Z-d833d0,temporal_block,МР Гафурийский,МР Кугарчинский,0.43,100
v5-20261009T121014Z-d833d0,temporal_block,МР Гафурийский,МР Кушнаренковский,0.82,100
v5-20261009T121014Z-d833d0,temporal_block,МР Гафурийский,МР Куюргазинский,0.8,100
v5-20261009T121014Z-d833d0,temporal_block,МР Гафурийский,МР Мелеузовский,0.0,100
v5-20261009T121014Z-d833d0,temporal_block,МР Гафурийский,МР Мечетлинский,0.31,100
v5-20261009T121014Z-d833d0,temporal_block,МР Гафурийский,МР Мишкинский,0.87,100
v5-20261009T121014Z-d833d0,temporal_block,МР Гафурийский,МР Миякинский,0.82,100
v5-20261009T121014Z-d833d0,temporal_block,МР Гафурийский,МР Нуримановский,0.86,100
v5-20261009T121014Z-d833d0,temporal_block,МР Гафурийский,МР Салаватский,0.18,100
v5-20261009T121014Z-d833d0,temporal_block,МР Гафурийский,МР Стерлибашевский,0.82,100
v5-20261009T121014Z-d833d0,temporal_block,МР Гафурийский,МР Стерлитамакский,0.0,100
v5-20261009T121014Z-d833d0,temporal_block,МР Гафурийский,МР Татышлинский,0.23,100
v5-20261009T121014Z-d833d0,temporal_block,МР Гафурийский,МР Туймазинский,0.0,100
v5-20261009T121014Z-d833d0,temporal_block,МР Гафурийский,МР Уфимский,0.0,100
v5-20261009T121014Z-d833d0,temporal_block,МР Гафурийский,МР Учалинский,0.0,100
v5-20261009T121014Z-d833d0,temporal_block,МР Гафурийский,МР Федоровский,0.82,100
v5-20261009T121014Z-d833d0,temporal_block,МР Гафурийский,МР Хайбуллинский,0.18,100
v5-20261009T121014Z-d833d0,temporal_block,МР Гафурийский,МР Чекмагушевский,0.82,100
v5-20261009T121014Z-d833d0,temporal_block,МР Гафурийский,МР Чишминский,0.0,100
v5-20261009T121014Z-d833d0,temporal_block,МР Гафурийский,МР Шаранский,0.82,100
v5-20261009T121014Z-d833d0,temporal_block,МР Гафурийский,МР Янаульский,0.01,100
v5-20261009T121014Z-d833d0,temporal_block,МР Давлекановский,МР Дуванский,0.07,100
v5-20261009T121014Z-d833d0,temporal_block,МР Давлекановский,МР Дюртюлинский,0.0,100
v5-20261009T121014Z-d833d0,temporal_block,МР Давлекановский,МР Ермекеевский,1.0,100
v5-20261009T121014Z-d833d0,temporal_block,МР Давлекановский,МР Зианчуринский,0.28,100
v5-20261009T121014Z-d833d0,temporal_block,МР Давлекановский,МР Зилаирский,0.0,100
v5-20261009T121014Z-d833d0,temporal_block,МР Давлекановский,МР Иглинский,0.0,100
v5-20261009T121014Z-d833d0,temporal_block,МР Давлекановский,МР Илишевский,0.96,100
v5-20261009T121014Z-d833d0,temporal_block,МР Давлекановский,МР Ишимбайский,0.0,100
v5-20261009T121014Z-d833d0,temporal_block,МР Давлекановский,МР Калтасинский,1.0,100
v5-20261009T121014Z-d833d0,temporal_block,МР Давлекановский,МР Караидельский,0.97,100
v5-20261009T121014Z-d833d0,temporal_block,МР Давлекановский,МР Кармаскалинский,0.81,100
v5-20261009T121014Z-d833d0,temporal_block,МР Давлекановский,МР Кигинский,0.22,100
v5-20261009T121014Z-d833d0,temporal_block,МР Давлекановский,МР Краснокамский,0.71,100
v5-20261009T121014Z-d833d0,temporal_block,МР Давлекановский,МР Кугарчинский,0.27,100
v5-20261009T121014Z-d833d0,temporal_block,МР Давлекановский,МР Кушнаренковский,1.0,100
v5-20261009T121014Z-d833d0,temporal_block,МР Давлекановский,МР Куюргазинский,0.98,100
v5-20261009T121014Z-d833d0,temporal_block,МР Давлекановский,МР Мелеузовский,0.0,100
v5-20261009T121014Z-d833d0,temporal_block,МР Давлекановский,МР Мечетлинский,0.13,100
v5-20261009T121014Z-d833d0,temporal_block,МР Давлекановский,МР Мишкинский,0.91,100
v5-20261009T121014Z-d833d0,temporal_block,МР Давлекановский,МР Миякинский,1.0,100
v5-20261009T121014Z-d833d0,temporal_block,МР Давлекановский,МР Нуримановский,0.94,100
v5-20261009T121014Z-d833d0,temporal_block,МР Давлекановский,МР Салаватский,0.0,100
v5-20261009T121014Z-d833d0,temporal_block,МР Давлекановский,МР Стерлибашевский,1.0,100
v5-20261009T121014Z-d833d0,temporal_block,МР Давлекановский,МР Стерлитамакский,0.0,100
v5-20261009T121014Z-d833d0,temporal_block,МР Давлекановский,МР Татышлинский,0.07,100
v5-20261009T121014Z-d833d0,temporal_block,МР Давлекановский,МР Туймазинский,0.0,100
v5-20261009T121014Z-d833d0,temporal_block,МР Давлекановский,МР Уфимский,0.0,100
v5-20261009T121014Z-d833d0,temporal_block,МР Давлекановский,МР Учалинский,0.0,100
v5-20261009T121014Z-d833d0,temporal_block,МР Давлекановский,МР Федоровский,1.0,100
v5-20261009T121014Z-d833d0,temporal_block,МР Давлекановский,МР Хайбуллинский,0.0,100
v5-20261009T121014Z-d833d0,temporal_block,МР Давлекановский,МР Чекмагушевский,1.0,100
v5-20261009T121014Z-d833d0,temporal_block,МР Давлекановский,МР Чишминский,0.0,100
v5-20261009T121014Z-d833d0,temporal_block,МР Давлекановский,МР Шаранский,1.0,100
v5-20261009T121014Z-d833d0,temporal_block,МР Давлекановский,МР Янаульский,0.0,100
v5-20261009T121014Z-d833d0,temporal_block,МР Дуванский,МР Дюртюлинский,0.0,100
v5-20261009T121014Z-d833d0,temporal_block,МР Дуванский,МР Ермекеевский,0.07,100
v5-20261009T121014Z-d833d0,temporal_block,МР Дуванский,МР Зианчуринский,0.79,100
v5-20261009T121014Z-d833d0,temporal_block,МР Дуванский,МР Зилаирский,0.93,100
v5-20261009T121014Z-d833d0,temporal_block,МР Дуванский,МР Иглинский,0.01,100
v5-20261009T121014Z-d833d0,temporal_block,МР Дуванский,МР Илишевский,0.11,100
v5-20261009T121014Z-d833d0,temporal_block,МР Дуванский,МР Ишимбайский,0.0,100
v5-20261009T121014Z-d833d0,temporal_block,МР Дуванский,МР Калтасинский,0.07,100
v5-20261009T121014Z-d833d0,temporal_block,МР Дуванский,МР Караидельский,0.1,100
v5-20261009T121014Z-d833d0,temporal_block,МР Дуванский,МР Кармаскалинский,0.17,100
v5-20261009T121014Z-d833d0,temporal_block,МР Дуванский,МР Кигинский,0.85,100
v5-20261009T121014Z-d833d0,temporal_block,МР Дуванский,МР Краснокамский,0.04,100
v5-20261009T121014Z-d833d0,temporal_block,МР Дуванский,МР Кугарчинский,0.8,100
v5-20261009T121014Z-d833d0,temporal_block,МР Дуванский,МР Кушнаренковский,0.07,100
v5-20261009T121014Z-d833d0,temporal_block,МР Дуванский,МР Куюргазинский,0.09,100
v5-20261009T121014Z-d833d0,temporal_block,МР Дуванский,МР Мелеузовский,0.0,100
v5-20261009T121014Z-d833d0,temporal_block,МР Дуванский,МР Мечетлинский,0.94,100
v5-20261009T121014Z-d833d0,temporal_block,МР Дуванский,МР Мишкинский,0.16,100
v5-20261009T121014Z-d833d0,temporal_block,МР Дуванский,МР Миякинский,0.07,100
v5-20261009T121014Z-d833d0,temporal_block,МР Дуванский,МР Нуримановский,0.13,100
v5-20261009T121014Z-d833d0,temporal_block,МР Дуванский,МР Салаватский,0.93,100
v5-20261009T121014Z-d833d0,temporal_block,МР Дуванский,МР Стерлибашевский,0.07,100
v5-20261009T121014Z-d833d0,temporal_block,МР Дуванский,МР Стерлитамакский,0.0,100
v5-20261009T121014Z-d833d0,temporal_block,МР Дуванский,МР Татышлинский,0.82,100
v5-20261009T121014Z-d833d0,temporal_block,МР Дуванский,МР Туймазинский,0.0,100
v5-20261009T121014Z-d833d0,temporal_block,МР Дуванский,МР Уфимский,0.0,100
v5-20261009T121014Z-d833d0,temporal_block,МР Дуванский,МР Учалинский,0.0,100
v5-20261009T121014Z-d833d0,temporal_block,МР Дуванский,МР Федоровский,0.07,100
v5-20261009T121014Z-d833d0,temporal_block,МР Дуванский,МР Хайбуллинский,0.93,100
v5-20261009T121014Z-d833d0,temporal_block,МР Дуванский,МР Чекмагушевский,0.07,100
v5-20261009T121014Z-d833d0,temporal_block,МР Дуванский,МР Чишминский,0.02,100
v5-20261009T121014Z-d833d0,temporal_block,МР Дуванский,МР Шаранский,0.07,100
v5-20261009T121014Z-d833d0,temporal_block,МР Дуванский,МР Янаульский,0.02,100
v5-20261009T121014Z-d833d0,temporal_block,МР Дюртюлинский,МР Ермекеевский,0.0,100
v5-20261009T121014Z-d833d0,temporal_block,МР Дюртюлинский,МР Зианчуринский,0.0,100
v5-20261009T121014Z-d833d0,temporal_block,МР Дюртюлинский,МР Зилаирский,0.0,100
v5-20261009T121014Z-d833d0,temporal_block,МР Дюртюлинский,МР Иглинский,0.99,100
v5-20261009T121014Z-d833d0,temporal_block,МР Дюртюлинский,МР Илишевский,0.0,100
v5-20261009T121014Z-d833d0,temporal_block,МР Дюртюлинский,МР Ишимбайский,1.0,100
v5-20261009T121014Z-d833d0,temporal_block,МР Дюртюлинский,МР Калтасинский,0.0,100
v5-20261009T121014Z-d833d0,temporal_block,МР Дюртюлинский,МР Караидельский,0.0,100
v5-20261009T121014Z-d833d0,temporal_block,МР Дюртюлинский,МР Кармаскалинский,0.09,100
v5-20261009T121014Z-d833d0,temporal_block,МР Дюртюлинский,МР Кигинский,0.0,100
v5-20261009T121014Z-d833d0,temporal_block,МР Дюртюлинский,МР Краснокамский,0.29,100
v5-20261009T121014Z-d833d0,temporal_block,МР Дюртюлинский,МР Кугарчинский,0.0,100
v5-20261009T121014Z-d833d0,temporal_block,МР Дюртюлинский,МР Кушнаренковский,0.0,100
v5-20261009T121014Z-d833d0,temporal_block,МР Дюртюлинский,МР Куюргазинский,0.0,100
v5-20261009T121014Z-d833d0,temporal_block,МР Дюртюлинский,МР Мелеузовский,1.0,100
v5-20261009T121014Z-d833d0,temporal_block,МР Дюртюлинский,МР Мечетлинский,0.0,100
v5-20261009T121014Z-d833d0,temporal_block,МР Дюртюлинский,МР Мишкинский,0.0,100
v5-20261009T121014Z-d833d0,temporal_block,МР Дюртюлинский,МР Миякинский,0.0,100
v5-20261009T121014Z-d833d0,temporal_block,МР Дюртюлинский,МР Нуримановский,0.0,100
v5-20261009T121014Z-d833d0,temporal_block,МР Дюртюлинский,МР Салаватский,0.0,100
v5-20261009T121014Z-d833d0,temporal_block,МР Дюртюлинский,МР Стерлибашевский,0.0,100
v5-20261009T121014Z-d833d0,temporal_block,МР Дюртюлинский,МР Стерлитамакский,1.0,100
v5-20261009T121014Z-d833d0,temporal_block,МР Дюртюлинский,МР Татышлинский,0.06,100
v5-20261009T121014Z-d833d0,temporal_block,МР Дюртюлинский,МР Туймазинский,1.0,100
v5-20261009T121014Z-d833d0,temporal_block,МР Дюртюлинский,МР Уфимский,1.0,100
v5-20261009T121014Z-d833d0,temporal_block,МР Дюртюлинский,МР Учалинский,1.0,100
v5-20261009T121014Z-d833d0,temporal_block,МР Дюртюлинский,МР Федоровский,0.0,100
v5-20261009T121014Z-d833d0,temporal_block,МР Дюртюлинский,МР Хайбуллинский,0.0,100
v5-20261009T121014Z-d833d0,temporal_block,МР Дюртюлинский,МР Чекмагушевский,0.0,100
v5-20261009T121014Z-d833d0,temporal_block,МР Дюртюлинский,МР Чишминский,0.98,100
v5-20261009T121014Z-d833d0,temporal_block,МР Дюртюлинский,МР Шаранский,0.0,100
v5-20261009T121014Z-d833d0,temporal_block,МР Дюртюлинский,МР Янаульский,0.98,100
v5-20261009T121014Z-d833d0,temporal_block,МР Ермекеевский,МР Зианчуринский,0.28,100
v5-20261009T121014Z-d833d0,temporal_block,МР Ермекеевский,МР Зилаирский,0.0,100
v5-20261009T121014Z-d833d0,temporal_block,МР Ермекеевский,МР Иглинский,0.0,100
v5-20261009T121014Z-d833d0,temporal_block,МР Ермекеевский,МР Илишевский,0.96,100
v5-20261009T121014Z-d833d0,temporal_block,МР Ермекеевский,МР Ишимбайский,0.0,100
v5-20261009T121014Z-d833d0,temporal_block,МР Ермекеевский,МР Калтасинский,1.0,100
v5-20261009T121014Z-d833d0,temporal_block,МР Ермекеевский,МР Караидельский,0.97,100
v5-20261009T121014Z-d833d0,temporal_block,МР Ермекеевский,МР Кармаскалинский,0.81,100
v5-20261009T121014Z-d833d0,temporal_block,МР Ермекеевский,МР Кигинский,0.22,100
v5-20261009T121014Z-d833d0,temporal_block,МР Ермекеевский,МР Краснокамский,0.71,100
v5-20261009T121014Z-d833d0,temporal_block,МР Ермекеевский,МР Кугарчинский,0.27,100
v5-20261009T121014Z-d833d0,temporal_block,МР Ермекеевский,МР Кушнаренковский,1.0,100
v5-20261009T121014Z-d833d0,temporal_block,МР Ермекеевский,МР Куюргазинский,0.98,100
v5-20261009T121014Z-d833d0,temporal_block,МР Ермекеевский,МР Мелеузовский,0.0,100
v5-20261009T121014Z-d833d0,temporal_block,МР Ермекеевский,МР Мечетлинский,0.13,100
v5-20261009T121014Z-d833d0,temporal_block,МР Ермекеевский,МР Мишкинский,0.91,100
v5-20261009T121014Z-d833d0,temporal_block,МР Ермекеевский,МР Миякинский,1.0,100
v5-20261009T121014Z-d833d0,temporal_block,МР Ермекеевский,МР Нуримановский,0.94,100
v5-20261009T121014Z-d833d0,temporal_block,МР Ермекеевский,МР Салаватский,0.0,100
v5-20261009T121014Z-d833d0,temporal_block,МР Ермекеевский,МР Стерлибашевский,1.0,100
v5-20261009T121014Z-d833d0,temporal_block,МР Ермекеевский,МР Стерлитамакский,0.0,100
v5-20261009T121014Z-d833d0,temporal_block,МР Ермекеевский,МР Татышлинский,0.07,100
v5-20261009T121014Z-d833d0,temporal_block,МР Ермекеевский,МР Туймазинский,0.0,100
v5-20261009T121014Z-d833d0,temporal_block,МР Ермекеевский,МР Уфимский,0.0,100
v5-20261009T121014Z-d833d0,temporal_block,МР Ермекеевский,МР Учалинский,0.0,100
v5-20261009T121014Z-d833d0,temporal_block,МР Ермекеевский,МР Федоровский,1.0,100
v5-20261009T121014Z-d833d0,temporal_block,МР Ермекеевский,МР Хайбуллинский,0.0,100
v5-20261009T121014Z-d833d0,temporal_block,МР Ермекеевский,МР Чекмагушевский,1.0,100
v5-20261009T121014Z-d833d0,temporal_block,МР Ермекеевский,МР Чишминский,0.0,100
v5-20261009T121014Z-d833d0,temporal_block,МР Ермекеевский,МР Шаранский,1.0,100
v5-20261009T121014Z-d833d0,temporal_block,МР Ермекеевский,МР Янаульский,0.0,100
v5-20261009T121014Z-d833d0,temporal_block,МР Зианчуринский,МР Зилаирский,0.72,100
v5-20261009T121014Z-d833d0,temporal_block,МР Зианчуринский,МР Иглинский,0.0,100
v5-20261009T121014Z-d833d0,temporal_block,МР Зианчуринский,МР Илишевский,0.26,100
v5-20261009T121014Z-d833d0,temporal_block,МР Зианчуринский,МР Ишимбайский,0.0,100
v5-20261009T121014Z-d833d0,temporal_block,МР Зианчуринский,МР Калтасинский,0.28,100
v5-20261009T121014Z-d833d0,temporal_block,МР Зианчуринский,МР Караидельский,0.31,100
v5-20261009T121014Z-d833d0,temporal_block,МР Зианчуринский,МР Кармаскалинский,0.22,100
v5-20261009T121014Z-d833d0,temporal_block,МР Зианчуринский,МР Кигинский,0.92,100
v5-20261009T121014Z-d833d0,temporal_block,МР Зианчуринский,МР Краснокамский,0.14,100
v5-20261009T121014Z-d833d0,temporal_block,МР Зианчуринский,МР Кугарчинский,0.93,100
v5-20261009T121014Z-d833d0,temporal_block,МР Зианчуринский,МР Кушнаренковский,0.28,100
v5-20261009T121014Z-d833d0,temporal_block,МР Зианчуринский,МР Куюргазинский,0.3,100
v5-20261009T121014Z-d833d0,temporal_block,МР Зианчуринский,МР Мелеузовский,0.0,100
v5-20261009T121014Z-d833d0,temporal_block,МР Зианчуринский,МР Мечетлинский,0.85,100
v5-20261009T121014Z-d833d0,temporal_block,МР Зианчуринский,МР Мишкинский,0.33,100
v5-20261009T121014Z-d833d0,temporal_block,МР Зианчуринский,МР Миякинский,0.28,100
v5-20261009T121014Z-d833d0,temporal_block,МР Зианчуринский,МР Нуримановский,0.3,100
v5-20261009T121014Z-d833d0,temporal_block,МР Зианчуринский,МР Салаватский,0.72,100
v5-20261009T121014Z-d833d0,temporal_block,МР Зианчуринский,МР Стерлибашевский,0.28,100
v5-20261009T121014Z-d833d0,temporal_block,МР Зианчуринский,МР Стерлитамакский,0.0,100
v5-20261009T121014Z-d833d0,temporal_block,МР Зианчуринский,МР Татышлинский,0.73,100
v5-20261009T121014Z-d833d0,temporal_block,МР Зианчуринский,МР Туймазинский,0.0,100
v5-20261009T121014Z-d833d0,temporal_block,МР Зианчуринский,МР Уфимский,0.0,100
v5-20261009T121014Z-d833d0,temporal_block,МР Зианчуринский,МР Учалинский,0.0,100
v5-20261009T121014Z-d833d0,temporal_block,МР Зианчуринский,МР Федоровский,0.28,100
v5-20261009T121014Z-d833d0,temporal_block,МР Зианчуринский,МР Хайбуллинский,0.72,100
v5-20261009T121014Z-d833d0,temporal_block,МР Зианчуринский,МР Чекмагушевский,0.28,100
v5-20261009T121014Z-d833d0,temporal_block,МР Зианчуринский,МР Чишминский,0.0,100
v5-20261009T121014Z-d833d0,temporal_block,МР Зианчуринский,МР Шаранский,0.28,100
v5-20261009T121014Z-d833d0,temporal_block,МР Зианчуринский,МР Янаульский,0.01,100
v5-20261009T121014Z-d833d0,temporal_block,МР Зилаирский,МР Иглинский,0.01,100
v5-20261009T121014Z-d833d0,temporal_block,МР Зилаирский,МР Илишевский,0.04,100
v5-20261009T121014Z-d833d0,temporal_block,МР Зилаирский,МР Ишимбайский,0.0,100
v5-20261009T121014Z-d833d0,temporal_block,МР Зилаирский,МР Калтасинский,0.0,100
v5-20261009T121014Z-d833d0,temporal_block,МР Зилаирский,МР Караидельский,0.03,100
v5-20261009T121014Z-d833d0,temporal_block,МР Зилаирский,МР Кармаскалинский,0.1,100
v5-20261009T121014Z-d833d0,temporal_block,МР Зилаирский,МР Кигинский,0.78,100
v5-20261009T121014Z-d833d0,temporal_block,МР Зилаирский,МР Краснокамский,0.0,100
v5-20261009T121014Z-d833d0,temporal_block,МР Зилаирский,МР Кугарчинский,0.73,100
v5-20261009T121014Z-d833d0,temporal_block,МР Зилаирский,МР Кушнаренковский,0.0,100
v5-20261009T121014Z-d833d0,temporal_block,МР Зилаирский,МР Куюргазинский,0.02,100
v5-20261009T121014Z-d833d0,temporal_block,МР Зилаирский,МР Мелеузовский,0.0,100
v5-20261009T121014Z-d833d0,temporal_block,МР Зилаирский,МР Мечетлинский,0.87,100
v5-20261009T121014Z-d833d0,temporal_block,МР Зилаирский,МР Мишкинский,0.09,100
v5-20261009T121014Z-d833d0,temporal_block,МР Зилаирский,МР Миякинский,0.0,100
v5-20261009T121014Z-d833d0,temporal_block,МР Зилаирский,МР Нуримановский,0.06,100
v5-20261009T121014Z-d833d0,temporal_block,МР Зилаирский,МР Салаватский,1.0,100
v5-20261009T121014Z-d833d0,temporal_block,МР Зилаирский,МР Стерлибашевский,0.0,100
v5-20261009T121014Z-d833d0,temporal_block,МР Зилаирский,МР Стерлитамакский,0.0,100
v5-20261009T121014Z-d833d0,temporal_block,МР Зилаирский,МР Татышлинский,0.87,100
v5-20261009T121014Z-d833d0,temporal_block,МР Зилаирский,МР Туймазинский,0.0,100
v5-20261009T121014Z-d833d0,temporal_block,МР Зилаирский,МР Уфимский,0.0,100
v5-20261009T121014Z-d833d0,temporal_block,МР Зилаирский,МР Учалинский,0.0,100
v5-20261009T121014Z-d833d0,temporal_block,МР Зилаирский,МР Федоровский,0.0,100
v5-20261009T121014Z-d833d0,temporal_block,МР Зилаирский,МР Хайбуллинский,1.0,100
v5-20261009T121014Z-d833d0,temporal_block,МР Зилаирский,МР Чекмагушевский,0.0,100
v5-20261009T121014Z-d833d0,temporal_block,МР Зилаирский,МР Чишминский,0.02,100
v5-20261009T121014Z-d833d0,temporal_block,МР Зилаирский,МР Шаранский,0.0,100
v5-20261009T121014Z-d833d0,temporal_block,МР Зилаирский,МР Янаульский,0.02,100
v5-20261009T121014Z-d833d0,temporal_block,МР Иглинский,МР Илишевский,0.0,100
v5-20261009T121014Z-d833d0,temporal_block,МР Иглинский,МР Ишимбайский,0.99,100
v5-20261009T121014Z-d833d0,temporal_block,МР Иглинский,МР Калтасинский,0.0,100
v5-20261009T121014Z-d833d0,temporal_block,МР Иглинский,МР Караидельский,0.0,100
v5-20261009T121014Z-d833d0,temporal_block,МР Иглинский,МР Кармаскалинский,0.1,100
v5-20261009T121014Z-d833d0,temporal_block,МР Иглинский,МР Кигинский,0.01,100
v5-20261009T121014Z-d833d0,temporal_block,МР Иглинский,МР Краснокамский,0.28,100
v5-20261009T121014Z-d833d0,temporal_block,МР Иглинский,МР Кугарчинский,0.0,100
v5-20261009T121014Z-d833d0,temporal_block,МР Иглинский,МР Кушнаренковский,0.0,100
v5-20261009T121014Z-d833d0,temporal_block,МР Иглинский,МР Куюргазинский,0.0,100
v5-20261009T121014Z-d833d0,temporal_block,МР Иглинский,МР Мелеузовский,0.99,100
v5-20261009T121014Z-d833d0,temporal_block,МР Иглинский,МР Мечетлинский,0.01,100
v5-20261009T121014Z-d833d0,temporal_block,МР Иглинский,МР Мишкинский,0.0,100
v5-20261009T121014Z-d833d0,temporal_block,МР Иглинский,МР Миякинский,0.0,100
v5-20261009T121014Z-d833d0,temporal_block,МР Иглинский,МР Нуримановский,0.0,100
v5-20261009T121014Z-d833d0,temporal_block,МР Иглинский,МР Салаватский,0.01,100
v5-20261009T121014Z-d833d0,temporal_block,МР Иглинский,МР Стерлибашевский,0.0,100
v5-20261009T121014Z-d833d0,temporal_block,МР Иглинский,МР Стерлитамакский,0.99,100
v5-20261009T121014Z-d833d0,temporal_block,МР Иглинский,МР Татышлинский,0.07,100
v5-20261009T121014Z-d833d0,temporal_block,МР Иглинский,МР Туймазинский,0.99,100
v5-20261009T121014Z-d833d0,temporal_block,МР Иглинский,МР Уфимский,0.99,100
v5-20261009T121014Z-d833d0,temporal_block,МР Иглинский,МР Учалинский,0.99,100
v5-20261009T121014Z-d833d0,temporal_block,МР Иглинский,МР Федоровский,0.0,100
v5-20261009T121014Z-d833d0,temporal_block,МР Иглинский,МР Хайбуллинский,0.01,100
v5-20261009T121014Z-d833d0,temporal_block,МР Иглинский,МР Чекмагушевский,0.0,100
v5-20261009T121014Z-d833d0,temporal_block,МР Иглинский,МР Чишминский,0.99,100
v5-20261009T121014Z-d833d0,temporal_block,МР Иглинский,МР Шаранский,0.0,100
v5-20261009T121014Z-d833d0,temporal_block,МР Иглинский,МР Янаульский,0.97,100
v5-20261009T121014Z-d833d0,temporal_block,МР Илишевский,МР Ишимбайский,0.0,100
v5-20261009T121014Z-d833d0,temporal_block,МР Илишевский,МР Калтасинский,0.96,100
v5-20261009T121014Z-d833d0,temporal_block,МР Илишевский,МР Караидельский,0.93,100
v5-20261009T121014Z-d833d0,temporal_block,МР Илишевский,МР Кармаскалинский,0.84,100
v5-20261009T121014Z-d833d0,temporal_block,МР Илишевский,МР Кигинский,0.26,100
v5-20261009T121014Z-d833d0,temporal_block,МР Илишевский,МР Краснокамский,0.69,100
v5-20261009T121014Z-d833d0,temporal_block,МР Илишевский,МР Кугарчинский,0.31,100
v5-20261009T121014Z-d833d0,temporal_block,МР Илишевский,МР Кушнаренковский,0.96,100
v5-20261009T121014Z-d833d0,temporal_block,МР Илишевский,МР Куюргазинский,0.94,100
v5-20261009T121014Z-d833d0,temporal_block,МР Илишевский,МР Мелеузовский,0.0,100
v5-20261009T121014Z-d833d0,temporal_block,МР Илишевский,МР Мечетлинский,0.17,100
v5-20261009T121014Z-d833d0,temporal_block,МР Илишевский,МР Мишкинский,0.93,100
v5-20261009T121014Z-d833d0,temporal_block,МР Илишевский,МР Миякинский,0.96,100
v5-20261009T121014Z-d833d0,temporal_block,МР Илишевский,МР Нуримановский,0.94,100
v5-20261009T121014Z-d833d0,temporal_block,МР Илишевский,МР Салаватский,0.04,100
v5-20261009T121014Z-d833d0,temporal_block,МР Илишевский,МР Стерлибашевский,0.96,100
v5-20261009T121014Z-d833d0,temporal_block,МР Илишевский,МР Стерлитамакский,0.0,100
v5-20261009T121014Z-d833d0,temporal_block,МР Илишевский,МР Татышлинский,0.11,100
v5-20261009T121014Z-d833d0,temporal_block,МР Илишевский,МР Туймазинский,0.0,100
v5-20261009T121014Z-d833d0,temporal_block,МР Илишевский,МР Уфимский,0.0,100
v5-20261009T121014Z-d833d0,temporal_block,МР Илишевский,МР Учалинский,0.0,100
v5-20261009T121014Z-d833d0,temporal_block,МР Илишевский,МР Федоровский,0.96,100
v5-20261009T121014Z-d833d0,temporal_block,МР Илишевский,МР Хайбуллинский,0.04,100
v5-20261009T121014Z-d833d0,temporal_block,МР Илишевский,МР Чекмагушевский,0.96,100
v5-20261009T121014Z-d833d0,temporal_block,МР Илишевский,МР Чишминский,0.0,100
v5-20261009T121014Z-d833d0,temporal_block,МР Илишевский,МР Шаранский,0.96,100
v5-20261009T121014Z-d833d0,temporal_block,МР Илишевский,МР Янаульский,0.01,100
v5-20261009T121014Z-d833d0,temporal_block,МР Ишимбайский,МР Калтасинский,0.0,100
v5-20261009T121014Z-d833d0,temporal_block,МР Ишимбайский,МР Караидельский,0.0,100
v5-20261009T121014Z-d833d0,temporal_block,МР Ишимбайский,МР Кармаскалинский,0.09,100
v5-20261009T121014Z-d833d0,temporal_block,МР Ишимбайский,МР Кигинский,0.0,100
v5-20261009T121014Z-d833d0,temporal_block,МР Ишимбайский,МР Краснокамский,0.29,100
v5-20261009T121014Z-d833d0,temporal_block,МР Ишимбайский,МР Кугарчинский,0.0,100
v5-20261009T121014Z-d833d0,temporal_block,МР Ишимбайский,МР Кушнаренковский,0.0,100
v5-20261009T121014Z-d833d0,temporal_block,МР Ишимбайский,МР Куюргазинский,0.0,100
v5-20261009T121014Z-d833d0,temporal_block,МР Ишимбайский,МР Мелеузовский,1.0,100
v5-20261009T121014Z-d833d0,temporal_block,МР Ишимбайский,МР Мечетлинский,0.0,100
v5-20261009T121014Z-d833d0,temporal_block,МР Ишимбайский,МР Мишкинский,0.0,100
v5-20261009T121014Z-d833d0,temporal_block,МР Ишимбайский,МР Миякинский,0.0,100
v5-20261009T121014Z-d833d0,temporal_block,МР Ишимбайский,МР Нуримановский,0.0,100
v5-20261009T121014Z-d833d0,temporal_block,МР Ишимбайский,МР Салаватский,0.0,100
v5-20261009T121014Z-d833d0,temporal_block,МР Ишимбайский,МР Стерлибашевский,0.0,100
v5-20261009T121014Z-d833d0,temporal_block,МР Ишимбайский,МР Стерлитамакский,1.0,100
v5-20261009T121014Z-d833d0,temporal_block,МР Ишимбайский,МР Татышлинский,0.06,100
v5-20261009T121014Z-d833d0,temporal_block,МР Ишимбайский,МР Туймазинский,1.0,100
v5-20261009T121014Z-d833d0,temporal_block,МР Ишимбайский,МР Уфимский,1.0,100
v5-20261009T121014Z-d833d0,temporal_block,МР Ишимбайский,МР Учалинский,1.0,100
v5-20261009T121014Z-d833d0,temporal_block,МР Ишимбайский,МР Федоровский,0.0,100
v5-20261009T121014Z-d833d0,temporal_block,МР Ишимбайский,МР Хайбуллинский,0.0,100
v5-20261009T121014Z-d833d0,temporal_block,МР Ишимбайский,МР Чекмагушевский,0.0,100
v5-20261009T121014Z-d833d0,temporal_block,МР Ишимбайский,МР Чишминский,0.98,100
v5-20261009T121014Z-d833d0,temporal_block,МР Ишимбайский,МР Шаранский,0.0,100
v5-20261009T121014Z-d833d0,temporal_block,МР Ишимбайский,МР Янаульский,0.98,100
v5-20261009T121014Z-d833d0,temporal_block,МР Калтасинский,МР Караидельский,0.97,100
v5-20261009T121014Z-d833d0,temporal_block,МР Калтасинский,МР Кармаскалинский,0.81,100
v5-20261009T121014Z-d833d0,temporal_block,МР Калтасинский,МР Кигинский,0.22,100
v5-20261009T121014Z-d833d0,temporal_block,МР Калтасинский,МР Краснокамский,0.71,100
v5-20261009T121014Z-d833d0,temporal_block,МР Калтасинский,МР Кугарчинский,0.27,100
v5-20261009T121014Z-d833d0,temporal_block,МР Калтасинский,МР Кушнаренковский,1.0,100
v5-20261009T121014Z-d833d0,temporal_block,МР Калтасинский,МР Куюргазинский,0.98,100
v5-20261009T121014Z-d833d0,temporal_block,МР Калтасинский,МР Мелеузовский,0.0,100
v5-20261009T121014Z-d833d0,temporal_block,МР Калтасинский,МР Мечетлинский,0.13,100
v5-20261009T121014Z-d833d0,temporal_block,МР Калтасинский,МР Мишкинский,0.91,100
v5-20261009T121014Z-d833d0,temporal_block,МР Калтасинский,МР Миякинский,1.0,100
v5-20261009T121014Z-d833d0,temporal_block,МР Калтасинский,МР Нуримановский,0.94,100
v5-20261009T121014Z-d833d0,temporal_block,МР Калтасинский,МР Салаватский,0.0,100
v5-20261009T121014Z-d833d0,temporal_block,МР Калтасинский,МР Стерлибашевский,1.0,100
v5-20261009T121014Z-d833d0,temporal_block,МР Калтасинский,МР Стерлитамакский,0.0,100
v5-20261009T121014Z-d833d0,temporal_block,МР Калтасинский,МР Татышлинский,0.07,100
v5-20261009T121014Z-d833d0,temporal_block,МР Калтасинский,МР Туймазинский,0.0,100
v5-20261009T121014Z-d833d0,temporal_block,МР Калтасинский,МР Уфимский,0.0,100
v5-20261009T121014Z-d833d0,temporal_block,МР Калтасинский,МР Учалинский,0.0,100
v5-20261009T121014Z-d833d0,temporal_block,МР Калтасинский,МР Федоровский,1.0,100
v5-20261009T121014Z-d833d0,temporal_block,МР Калтасинский,МР Хайбуллинский,0.0,100
v5-20261009T121014Z-d833d0,temporal_block,МР Калтасинский,МР Чекмагушевский,1.0,100
v5-20261009T121014Z-d833d0,temporal_block,МР Калтасинский,МР Чишминский,0.0,100
v5-20261009T121014Z-d833d0,temporal_block,МР Калтасинский,МР Шаранский,1.0,100
v5-20261009T121014Z-d833d0,temporal_block,МР Калтасинский,МР Янаульский,0.0,100
v5-20261009T121014Z-d833d0,temporal_block,МР Караидельский,МР Кармаскалинский,0.78,100
v5-20261009T121014Z-d833d0,temporal_block,МР Караидельский,МР Кигинский,0.25,100
v5-20261009T121014Z-d833d0,temporal_block,МР Караидельский,МР Краснокамский,0.68,100
v5-20261009T121014Z-d833d0,temporal_block,МР Караидельский,МР Кугарчинский,0.3,100
v5-20261009T121014Z-d833d0,temporal_block,МР Караидельский,МР Кушнаренковский,0.97,100
v5-20261009T121014Z-d833d0,temporal_block,МР Караидельский,МР Куюргазинский,0.97,100
v5-20261009T121014Z-d833d0,temporal_block,МР Караидельский,МР Мелеузовский,0.0,100
v5-20261009T121014Z-d833d0,temporal_block,МР Караидельский,МР Мечетлинский,0.16,100
v5-20261009T121014Z-d833d0,temporal_block,МР Караидельский,МР Мишкинский,0.9,100
v5-20261009T121014Z-d833d0,temporal_block,МР Караидельский,МР Миякинский,0.97,100
v5-20261009T121014Z-d833d0,temporal_block,МР Караидельский,МР Нуримановский,0.91,100
v5-20261009T121014Z-d833d0,temporal_block,МР Караидельский,МР Салаватский,0.03,100
v5-20261009T121014Z-d833d0,temporal_block,МР Караидельский,МР Стерлибашевский,0.97,100
v5-20261009T121014Z-d833d0,temporal_block,МР Караидельский,МР Стерлитамакский,0.0,100
v5-20261009T121014Z-d833d0,temporal_block,МР Караидельский,МР Татышлинский,0.1,100
v5-20261009T121014Z-d833d0,temporal_block,МР Караидельский,МР Туймазинский,0.0,100
v5-20261009T121014Z-d833d0,temporal_block,МР Караидельский,МР Уфимский,0.0,100
v5-20261009T121014Z-d833d0,temporal_block,МР Караидельский,МР Учалинский,0.0,100
v5-20261009T121014Z-d833d0,temporal_block,МР Караидельский,МР Федоровский,0.97,100
v5-20261009T121014Z-d833d0,temporal_block,МР Караидельский,МР Хайбуллинский,0.03,100
v5-20261009T121014Z-d833d0,temporal_block,МР Караидельский,МР Чекмагушевский,0.97,100
v5-20261009T121014Z-d833d0,temporal_block,МР Караидельский,МР Чишминский,0.0,100
v5-20261009T121014Z-d833d0,temporal_block,МР Караидельский,МР Шаранский,0.97,100
v5-20261009T121014Z-d833d0,temporal_block,МР Караидельский,МР Янаульский,0.0,100
v5-20261009T121014Z-d833d0,temporal_block,МР Кармаскалинский,МР Кигинский,0.27,100
v5-20261009T121014Z-d833d0,temporal_block,МР Кармаскалинский,МР Краснокамский,0.76,100
v5-20261009T121014Z-d833d0,temporal_block,МР Кармаскалинский,МР Кугарчинский,0.28,100
v5-20261009T121014Z-d833d0,temporal_block,МР Кармаскалинский,МР Кушнаренковский,0.81,100
v5-20261009T121014Z-d833d0,temporal_block,МР Кармаскалинский,МР Куюргазинский,0.79,100
v5-20261009T121014Z-d833d0,temporal_block,МР Кармаскалинский,МР Мелеузовский,0.09,100
v5-20261009T121014Z-d833d0,temporal_block,МР Кармаскалинский,МР Мечетлинский,0.23,100
v5-20261009T121014Z-d833d0,temporal_block,МР Кармаскалинский,МР Мишкинский,0.83,100
v5-20261009T121014Z-d833d0,temporal_block,МР Кармаскалинский,МР Миякинский,0.81,100
v5-20261009T121014Z-d833d0,temporal_block,МР Кармаскалинский,МР Нуримановский,0.82,100
v5-20261009T121014Z-d833d0,temporal_block,МР Кармаскалинский,МР Салаватский,0.1,100
v5-20261009T121014Z-d833d0,temporal_block,МР Кармаскалинский,МР Стерлибашевский,0.81,100
v5-20261009T121014Z-d833d0,temporal_block,МР Кармаскалинский,МР Стерлитамакский,0.09,100
v5-20261009T121014Z-d833d0,temporal_block,МР Кармаскалинский,МР Татышлинский,0.14,100
v5-20261009T121014Z-d833d0,temporal_block,МР Кармаскалинский,МР Туймазинский,0.09,100
v5-20261009T121014Z-d833d0,temporal_block,МР Кармаскалинский,МР Уфимский,0.09,100
v5-20261009T121014Z-d833d0,temporal_block,МР Кармаскалинский,МР Учалинский,0.09,100
v5-20261009T121014Z-d833d0,temporal_block,МР Кармаскалинский,МР Федоровский,0.81,100
v5-20261009T121014Z-d833d0,temporal_block,МР Кармаскалинский,МР Хайбуллинский,0.1,100
v5-20261009T121014Z-d833d0,temporal_block,МР Кармаскалинский,МР Чекмагушевский,0.81,100
v5-20261009T121014Z-d833d0,temporal_block,МР Кармаскалинский,МР Чишминский,0.11,100
v5-20261009T121014Z-d833d0,temporal_block,МР Кармаскалинский,МР Шаранский,0.81,100
v5-20261009T121014Z-d833d0,temporal_block,МР Кармаскалинский,МР Янаульский,0.08,100
v5-20261009T121014Z-d833d0,temporal_block,МР Кигинский,МР Краснокамский,0.12,100
v5-20261009T121014Z-d833d0,temporal_block,МР Кигинский,МР Кугарчинский,0.95,100
v5-20261009T121014Z-d833d0,temporal_block,МР Кигинский,МР Кушнаренковский,0.22,100
v5-20261009T121014Z-d833d0,temporal_block,МР Кигинский,МР Куюргазинский,0.24,100
v5-20261009T121014Z-d833d0,temporal_block,МР Кигинский,МР Мелеузовский,0.0,100
v5-20261009T121014Z-d833d0,temporal_block,МР Кигинский,МР Мечетлинский,0.91,100
v5-20261009T121014Z-d833d0,temporal_block,МР Кигинский,МР Мишкинский,0.31,100
v5-20261009T121014Z-d833d0,temporal_block,МР Кигинский,МР Миякинский,0.22,100
v5-20261009T121014Z-d833d0,temporal_block,МР Кигинский,МР Нуримановский,0.28,100
v5-20261009T121014Z-d833d0,temporal_block,МР Кигинский,МР Салаватский,0.78,100
v5-20261009T121014Z-d833d0,temporal_block,МР Кигинский,МР Стерлибашевский,0.22,100
v5-20261009T121014Z-d833d0,temporal_block,МР Кигинский,МР Стерлитамакский,0.0,100
v5-20261009T121014Z-d833d0,temporal_block,МР Кигинский,МР Татышлинский,0.8,100
v5-20261009T121014Z-d833d0,temporal_block,МР Кигинский,МР Туймазинский,0.0,100
v5-20261009T121014Z-d833d0,temporal_block,МР Кигинский,МР Уфимский,0.0,100
v5-20261009T121014Z-d833d0,temporal_block,МР Кигинский,МР Учалинский,0.0,100
v5-20261009T121014Z-d833d0,temporal_block,МР Кигинский,МР Федоровский,0.22,100
v5-20261009T121014Z-d833d0,temporal_block,МР Кигинский,МР Хайбуллинский,0.78,100
v5-20261009T121014Z-d833d0,temporal_block,МР Кигинский,МР Чекмагушевский,0.22,100
v5-20261009T121014Z-d833d0,temporal_block,МР Кигинский,МР Чишминский,0.01,100
v5-20261009T121014Z-d833d0,temporal_block,МР Кигинский,МР Шаранский,0.22,100
v5-20261009T121014Z-d833d0,temporal_block,МР Кигинский,МР Янаульский,0.02,100
v5-20261009T121014Z-d833d0,temporal_block,МР Краснокамский,МР Кугарчинский,0.15,100
v5-20261009T121014Z-d833d0,temporal_block,МР Краснокамский,МР Кушнаренковский,0.71,100
v5-20261009T121014Z-d833d0,temporal_block,МР Краснокамский,МР Куюргазинский,0.69,100
v5-20261009T121014Z-d833d0,temporal_block,МР Краснокамский,МР Мелеузовский,0.29,100
v5-20261009T121014Z-d833d0,temporal_block,МР Краснокамский,МР Мечетлинский,0.08,100
v5-20261009T121014Z-d833d0,temporal_block,МР Краснокамский,МР Мишкинский,0.66,100
v5-20261009T121014Z-d833d0,temporal_block,МР Краснокамский,МР Миякинский,0.71,100
v5-20261009T121014Z-d833d0,temporal_block,МР Краснокамский,МР Нуримановский,0.68,100
v5-20261009T121014Z-d833d0,temporal_block,МР Краснокамский,МР Салаватский,0.0,100
v5-20261009T121014Z-d833d0,temporal_block,МР Краснокамский,МР Стерлибашевский,0.71,100
v5-20261009T121014Z-d833d0,temporal_block,МР Краснокамский,МР Стерлитамакский,0.29,100
v5-20261009T121014Z-d833d0,temporal_block,МР Краснокамский,МР Татышлинский,0.05,100
v5-20261009T121014Z-d833d0,temporal_block,МР Краснокамский,МР Туймазинский,0.29,100
v5-20261009T121014Z-d833d0,temporal_block,МР Краснокамский,МР Уфимский,0.29,100
v5-20261009T121014Z-d833d0,temporal_block,МР Краснокамский,МР Учалинский,0.29,100
v5-20261009T121014Z-d833d0,temporal_block,МР Краснокамский,МР Федоровский,0.71,100
v5-20261009T121014Z-d833d0,temporal_block,МР Краснокамский,МР Хайбуллинский,0.0,100
v5-20261009T121014Z-d833d0,temporal_block,МР Краснокамский,МР Чекмагушевский,0.71,100
v5-20261009T121014Z-d833d0,temporal_block,МР Краснокамский,МР Чишминский,0.27,100
v5-20261009T121014Z-d833d0,temporal_block,МР Краснокамский,МР Шаранский,0.71,100
v5-20261009T121014Z-d833d0,temporal_block,МР Краснокамский,МР Янаульский,0.29,100
v5-20261009T121014Z-d833d0,temporal_block,МР Кугарчинский,МР Кушнаренковский,0.27,100
v5-20261009T121014Z-d833d0,temporal_block,МР Кугарчинский,МР Куюргазинский,0.29,100
v5-20261009T121014Z-d833d0,temporal_block,МР Кугарчинский,МР Мелеузовский,0.0,100
v5-20261009T121014Z-d833d0,temporal_block,МР Кугарчинский,МР Мечетлинский,0.86,100
v5-20261009T121014Z-d833d0,temporal_block,МР Кугарчинский,МР Мишкинский,0.36,100
v5-20261009T121014Z-d833d0,temporal_block,МР Кугарчинский,МР Миякинский,0.27,100
v5-20261009T121014Z-d833d0,temporal_block,МР Кугарчинский,МР Нуримановский,0.33,100
v5-20261009T121014Z-d833d0,temporal_block,МР Кугарчинский,МР Салаватский,0.73,100
v5-20261009T121014Z-d833d0,temporal_block,МР Кугарчинский,МР Стерлибашевский,0.27,100
v5-20261009T121014Z-d833d0,temporal_block,МР Кугарчинский,МР Стерлитамакский,0.0,100
v5-20261009T121014Z-d833d0,temporal_block,МР Кугарчинский,МР Татышлинский,0.76,100
v5-20261009T121014Z-d833d0,temporal_block,МР Кугарчинский,МР Туймазинский,0.0,100
v5-20261009T121014Z-d833d0,temporal_block,МР Кугарчинский,МР Уфимский,0.0,100
v5-20261009T121014Z-d833d0,temporal_block,МР Кугарчинский,МР Учалинский,0.0,100
v5-20261009T121014Z-d833d0,temporal_block,МР Кугарчинский,МР Федоровский,0.27,100
v5-20261009T121014Z-d833d0,temporal_block,МР Кугарчинский,МР Хайбуллинский,0.73,100
v5-20261009T121014Z-d833d0,temporal_block,МР Кугарчинский,МР Чекмагушевский,0.27,100
v5-20261009T121014Z-d833d0,temporal_block,МР Кугарчинский,МР Чишминский,0.0,100
v5-20261009T121014Z-d833d0,temporal_block,МР Кугарчинский,МР Шаранский,0.27,100
v5-20261009T121014Z-d833d0,temporal_block,МР Кугарчинский,МР Янаульский,0.02,100
v5-20261009T121014Z-d833d0,temporal_block,МР Кушнаренковский,МР Куюргазинский,0.98,100
v5-20261009T121014Z-d833d0,temporal_block,МР Кушнаренковский,МР Мелеузовский,0.0,100
v5-20261009T121014Z-d833d0,temporal_block,МР Кушнаренковский,МР Мечетлинский,0.13,100
v5-20261009T121014Z-d833d0,temporal_block,МР Кушнаренковский,МР Мишкинский,0.91,100
v5-20261009T121014Z-d833d0,temporal_block,МР Кушнаренковский,МР Миякинский,1.0,100
v5-20261009T121014Z-d833d0,temporal_block,МР Кушнаренковский,МР Нуримановский,0.94,100
v5-20261009T121014Z-d833d0,temporal_block,МР Кушнаренковский,МР Салаватский,0.0,100
v5-20261009T121014Z-d833d0,temporal_block,МР Кушнаренковский,МР Стерлибашевский,1.0,100
v5-20261009T121014Z-d833d0,temporal_block,МР Кушнаренковский,МР Стерлитамакский,0.0,100
v5-20261009T121014Z-d833d0,temporal_block,МР Кушнаренковский,МР Татышлинский,0.07,100
v5-20261009T121014Z-d833d0,temporal_block,МР Кушнаренковский,МР Туймазинский,0.0,100
v5-20261009T121014Z-d833d0,temporal_block,МР Кушнаренковский,МР Уфимский,0.0,100
v5-20261009T121014Z-d833d0,temporal_block,МР Кушнаренковский,МР Учалинский,0.0,100
v5-20261009T121014Z-d833d0,temporal_block,МР Кушнаренковский,МР Федоровский,1.0,100
v5-20261009T121014Z-d833d0,temporal_block,МР Кушнаренковский,МР Хайбуллинский,0.0,100
v5-20261009T121014Z-d833d0,temporal_block,МР Кушнаренковский,МР Чекмагушевский,1.0,100
v5-20261009T121014Z-d833d0,temporal_block,МР Кушнаренковский,МР Чишминский,0.0,100
v5-20261009T121014Z-d833d0,temporal_block,МР Кушнаренковский,МР Шаранский,1.0,100
v5-20261009T121014Z-d833d0,temporal_block,МР Кушнаренковский,МР Янаульский,0.0,100
v5-20261009T121014Z-d833d0,temporal_block,МР Куюргазинский,МР Мелеузовский,0.0,100
v5-20261009T121014Z-d833d0,temporal_block,МР Куюргазинский,МР Мечетлинский,0.15,100
v5-20261009T121014Z-d833d0,temporal_block,МР Куюргазинский,МР Мишкинский,0.91,100
v5-20261009T121014Z-d833d0,temporal_block,МР Куюргазинский,МР Миякинский,0.98,100
v5-20261009T121014Z-d833d0,temporal_block,МР Куюргазинский,МР Нуримановский,0.92,100
v5-20261009T121014Z-d833d0,temporal_block,МР Куюргазинский,МР Салаватский,0.02,100
v5-20261009T121014Z-d833d0,temporal_block,МР Куюргазинский,МР Стерлибашевский,0.98,100
v5-20261009T121014Z-d833d0,temporal_block,МР Куюргазинский,МР Стерлитамакский,0.0,100
v5-20261009T121014Z-d833d0,temporal_block,МР Куюргазинский,МР Татышлинский,0.09,100
v5-20261009T121014Z-d833d0,temporal_block,МР Куюргазинский,МР Туймазинский,0.0,100
v5-20261009T121014Z-d833d0,temporal_block,МР Куюргазинский,МР Уфимский,0.0,100
v5-20261009T121014Z-d833d0,temporal_block,МР Куюргазинский,МР Учалинский,0.0,100
v5-20261009T121014Z-d833d0,temporal_block,МР Куюргазинский,МР Федоровский,0.98,100
v5-20261009T121014Z-d833d0,temporal_block,МР Куюргазинский,МР Хайбуллинский,0.02,100
v5-20261009T121014Z-d833d0,temporal_block,МР Куюргазинский,МР Чекмагушевский,0.98,100
v5-20261009T121014Z-d833d0,temporal_block,МР Куюргазинский,МР Чишминский,0.0,100
v5-20261009T121014Z-d833d0,temporal_block,МР Куюргазинский,МР Шаранский,0.98,100
v5-20261009T121014Z-d833d0,temporal_block,МР Куюргазинский,МР Янаульский,0.01,100
v5-20261009T121014Z-d833d0,temporal_block,МР Мелеузовский,МР Мечетлинский,0.0,100
v5-20261009T121014Z-d833d0,temporal_block,МР Мелеузовский,МР Мишкинский,0.0,100
v5-20261009T121014Z-d833d0,temporal_block,МР Мелеузовский,МР Миякинский,0.0,100
v5-20261009T121014Z-d833d0,temporal_block,МР Мелеузовский,МР Нуримановский,0.0,100
v5-20261009T121014Z-d833d0,temporal_block,МР Мелеузовский,МР Салаватский,0.0,100
v5-20261009T121014Z-d833d0,temporal_block,МР Мелеузовский,МР Стерлибашевский,0.0,100
v5-20261009T121014Z-d833d0,temporal_block,МР Мелеузовский,МР Стерлитамакский,1.0,100
v5-20261009T121014Z-d833d0,temporal_block,МР Мелеузовский,МР Татышлинский,0.06,100
v5-20261009T121014Z-d833d0,temporal_block,МР Мелеузовский,МР Туймазинский,1.0,100
v5-20261009T121014Z-d833d0,temporal_block,МР Мелеузовский,МР Уфимский,1.0,100
v5-20261009T121014Z-d833d0,temporal_block,МР Мелеузовский,МР Учалинский,1.0,100
v5-20261009T121014Z-d833d0,temporal_block,МР Мелеузовский,МР Федоровский,0.0,100
v5-20261009T121014Z-d833d0,temporal_block,МР Мелеузовский,МР Хайбуллинский,0.0,100
v5-20261009T121014Z-d833d0,temporal_block,МР Мелеузовский,МР Чекмагушевский,0.0,100
v5-20261009T121014Z-d833d0,temporal_block,МР Мелеузовский,МР Чишминский,0.98,100
v5-20261009T121014Z-d833d0,temporal_block,МР Мелеузовский,МР Шаранский,0.0,100
v5-20261009T121014Z-d833d0,temporal_block,МР Мелеузовский,МР Янаульский,0.98,100
v5-20261009T121014Z-d833d0,temporal_block,МР Мечетлинский,МР Мишкинский,0.22,100
v5-20261009T121014Z-d833d0,temporal_block,МР Мечетлинский,МР Миякинский,0.13,100
v5-20261009T121014Z-d833d0,temporal_block,МР Мечетлинский,МР Нуримановский,0.19,100
v5-20261009T121014Z-d833d0,temporal_block,МР Мечетлинский,МР Салаватский,0.87,100
v5-20261009T121014Z-d833d0,temporal_block,МР Мечетлинский,МР Стерлибашевский,0.13,100
v5-20261009T121014Z-d833d0,temporal_block,МР Мечетлинский,МР Стерлитамакский,0.0,100
v5-20261009T121014Z-d833d0,temporal_block,МР Мечетлинский,МР Татышлинский,0.84,100
v5-20261009T121014Z-d833d0,temporal_block,МР Мечетлинский,МР Туймазинский,0.0,100
v5-20261009T121014Z-d833d0,temporal_block,МР Мечетлинский,МР Уфимский,0.0,100
v5-20261009T121014Z-d833d0,temporal_block,МР Мечетлинский,МР Учалинский,0.0,100
v5-20261009T121014Z-d833d0,temporal_block,МР Мечетлинский,МР Федоровский,0.13,100
v5-20261009T121014Z-d833d0,temporal_block,МР Мечетлинский,МР Хайбуллинский,0.87,100
v5-20261009T121014Z-d833d0,temporal_block,МР Мечетлинский,МР Чекмагушевский,0.13,100
v5-20261009T121014Z-d833d0,temporal_block,МР Мечетлинский,МР Чишминский,0.02,100
v5-20261009T121014Z-d833d0,temporal_block,МР Мечетлинский,МР Шаранский,0.13,100
v5-20261009T121014Z-d833d0,temporal_block,МР Мечетлинский,МР Янаульский,0.02,100
v5-20261009T121014Z-d833d0,temporal_block,МР Мишкинский,МР Миякинский,0.91,100
v5-20261009T121014Z-d833d0,temporal_block,МР Мишкинский,МР Нуримановский,0.97,100
v5-20261009T121014Z-d833d0,temporal_block,МР Мишкинский,МР Салаватский,0.09,100
v5-20261009T121014Z-d833d0,temporal_block,МР Мишкинский,МР Стерлибашевский,0.91,100
v5-20261009T121014Z-d833d0,temporal_block,МР Мишкинский,МР Стерлитамакский,0.0,100
v5-20261009T121014Z-d833d0,temporal_block,МР Мишкинский,МР Татышлинский,0.16,100
v5-20261009T121014Z-d833d0,temporal_block,МР Мишкинский,МР Туймазинский,0.0,100
v5-20261009T121014Z-d833d0,temporal_block,МР Мишкинский,МР Уфимский,0.0,100
v5-20261009T121014Z-d833d0,temporal_block,МР Мишкинский,МР Учалинский,0.0,100
v5-20261009T121014Z-d833d0,temporal_block,МР Мишкинский,МР Федоровский,0.91,100
v5-20261009T121014Z-d833d0,temporal_block,МР Мишкинский,МР Хайбуллинский,0.09,100
v5-20261009T121014Z-d833d0,temporal_block,МР Мишкинский,МР Чекмагушевский,0.91,100
v5-20261009T121014Z-d833d0,temporal_block,МР Мишкинский,МР Чишминский,0.0,100
v5-20261009T121014Z-d833d0,temporal_block,МР Мишкинский,МР Шаранский,0.91,100
v5-20261009T121014Z-d833d0,temporal_block,МР Мишкинский,МР Янаульский,0.01,100
v5-20261009T121014Z-d833d0,temporal_block,МР Миякинский,МР Нуримановский,0.94,100
v5-20261009T121014Z-d833d0,temporal_block,МР Миякинский,МР Салаватский,0.0,100
v5-20261009T121014Z-d833d0,temporal_block,МР Миякинский,МР Стерлибашевский,1.0,100
v5-20261009T121014Z-d833d0,temporal_block,МР Миякинский,МР Стерлитамакский,0.0,100
v5-20261009T121014Z-d833d0,temporal_block,МР Миякинский,МР Татышлинский,0.07,100
v5-20261009T121014Z-d833d0,temporal_block,МР Миякинский,МР Туймазинский,0.0,100
v5-20261009T121014Z-d833d0,temporal_block,МР Миякинский,МР Уфимский,0.0,100
v5-20261009T121014Z-d833d0,temporal_block,МР Миякинский,МР Учалинский,0.0,100
v5-20261009T121014Z-d833d0,temporal_block,МР Миякинский,МР Федоровский,1.0,100
v5-20261009T121014Z-d833d0,temporal_block,МР Миякинский,МР Хайбуллинский,0.0,100
v5-20261009T121014Z-d833d0,temporal_block,МР Миякинский,МР Чекмагушевский,1.0,100
v5-20261009T121014Z-d833d0,temporal_block,МР Миякинский,МР Чишминский,0.0,100
v5-20261009T121014Z-d833d0,temporal_block,МР Миякинский,МР Шаранский,1.0,100
v5-20261009T121014Z-d833d0,temporal_block,МР Миякинский,МР Янаульский,0.0,100
v5-20261009T121014Z-d833d0,temporal_block,МР Нуримановский,МР Салаватский,0.06,100
v5-20261009T121014Z-d833d0,temporal_block,МР Нуримановский,МР Стерлибашевский,0.94,100
v5-20261009T121014Z-d833d0,temporal_block,МР Нуримановский,МР Стерлитамакский,0.0,100
v5-20261009T121014Z-d833d0,temporal_block,МР Нуримановский,МР Татышлинский,0.13,100
v5-20261009T121014Z-d833d0,temporal_block,МР Нуримановский,МР Туймазинский,0.0,100
v5-20261009T121014Z-d833d0,temporal_block,МР Нуримановский,МР Уфимский,0.0,100
v5-20261009T121014Z-d833d0,temporal_block,МР Нуримановский,МР Учалинский,0.0,100
v5-20261009T121014Z-d833d0,temporal_block,МР Нуримановский,МР Федоровский,0.94,100
v5-20261009T121014Z-d833d0,temporal_block,МР Нуримановский,МР Хайбуллинский,0.06,100
v5-20261009T121014Z-d833d0,temporal_block,МР Нуримановский,МР Чекмагушевский,0.94,100
v5-20261009T121014Z-d833d0,temporal_block,МР Нуримановский,МР Чишминский,0.0,100
v5-20261009T121014Z-d833d0,temporal_block,МР Нуримановский,МР Шаранский,0.94,100
v5-20261009T121014Z-d833d0,temporal_block,МР Нуримановский,МР Янаульский,0.01,100
v5-20261009T121014Z-d833d0,temporal_block,МР Салаватский,МР Стерлибашевский,0.0,100
v5-20261009T121014Z-d833d0,temporal_block,МР Салаватский,МР Стерлитамакский,0.0,100
v5-20261009T121014Z-d833d0,temporal_block,МР Салаватский,МР Татышлинский,0.87,100
v5-20261009T121014Z-d833d0,temporal_block,МР Салаватский,МР Туймазинский,0.0,100
v5-20261009T121014Z-d833d0,temporal_block,МР Салаватский,МР Уфимский,0.0,100
v5-20261009T121014Z-d833d0,temporal_block,МР Салаватский,МР Учалинский,0.0,100
v5-20261009T121014Z-d833d0,temporal_block,МР Салаватский,МР Федоровский,0.0,100
v5-20261009T121014Z-d833d0,temporal_block,МР Салаватский,МР Хайбуллинский,1.0,100
v5-20261009T121014Z-d833d0,temporal_block,МР Салаватский,МР Чекмагушевский,0.0,100
v5-20261009T121014Z-d833d0,temporal_block,МР Салаватский,МР Чишминский,0.02,100
v5-20261009T121014Z-d833d0,temporal_block,МР Салаватский,МР Шаранский,0.0,100
v5-20261009T121014Z-d833d0,temporal_block,МР Салаватский,МР Янаульский,0.02,100
v5-20261009T121014Z-d833d0,temporal_block,МР Стерлибашевский,МР Стерлитамакский,0.0,100
v5-20261009T121014Z-d833d0,temporal_block,МР Стерлибашевский,МР Татышлинский,0.07,100
v5-20261009T121014Z-d833d0,temporal_block,МР Стерлибашевский,МР Туймазинский,0.0,100
v5-20261009T121014Z-d833d0,temporal_block,МР Стерлибашевский,МР Уфимский,0.0,100
v5-20261009T121014Z-d833d0,temporal_block,МР Стерлибашевский,МР Учалинский,0.0,100
v5-20261009T121014Z-d833d0,temporal_block,МР Стерлибашевский,МР Федоровский,1.0,100
v5-20261009T121014Z-d833d0,temporal_block,МР Стерлибашевский,МР Хайбуллинский,0.0,100
v5-20261009T121014Z-d833d0,temporal_block,МР Стерлибашевский,МР Чекмагушевский,1.0,100
v5-20261009T121014Z-d833d0,temporal_block,МР Стерлибашевский,МР Чишминский,0.0,100
v5-20261009T121014Z-d833d0,temporal_block,МР Стерлибашевский,МР Шаранский,1.0,100
v5-20261009T121014Z-d833d0,temporal_block,МР Стерлибашевский,МР Янаульский,0.0,100
v5-20261009T121014Z-d833d0,temporal_block,МР Стерлитамакский,МР Татышлинский,0.06,100
v5-20261009T121014Z-d833d0,temporal_block,МР Стерлитамакский,МР Туймазинский,1.0,100
v5-20261009T121014Z-d833d0,temporal_block,МР Стерлитамакский,МР Уфимский,1.0,100
v5-20261009T121014Z-d833d0,temporal_block,МР Стерлитамакский,МР Учалинский,1.0,100
v5-20261009T121014Z-d833d0,temporal_block,МР Стерлитамакский,МР Федоровский,0.0,100
v5-20261009T121014Z-d833d0,temporal_block,МР Стерлитамакский,МР Хайбуллинский,0.0,100
v5-20261009T121014Z-d833d0,temporal_block,МР Стерлитамакский,МР Чекмагушевский,0.0,100
v5-20261009T121014Z-d833d0,temporal_block,МР Стерлитамакский,МР Чишминский,0.98,100
v5-20261009T121014Z-d833d0,temporal_block,МР Стерлитамакский,МР Шаранский,0.0,100
v5-20261009T121014Z-d833d0,temporal_block,МР Стерлитамакский,МР Янаульский,0.98,100
v5-20261009T121014Z-d833d0,temporal_block,МР Татышлинский,МР Туймазинский,0.06,100
v5-20261009T121014Z-d833d0,temporal_block,МР Татышлинский,МР Уфимский,0.06,100
v5-20261009T121014Z-d833d0,temporal_block,МР Татышлинский,МР Учалинский,0.06,100
v5-20261009T121014Z-d833d0,temporal_block,МР Татышлинский,МР Федоровский,0.07,100
v5-20261009T121014Z-d833d0,temporal_block,МР Татышлинский,МР Хайбуллинский,0.87,100
v5-20261009T121014Z-d833d0,temporal_block,МР Татышлинский,МР Чекмагушевский,0.07,100
v5-20261009T121014Z-d833d0,temporal_block,МР Татышлинский,МР Чишминский,0.08,100
v5-20261009T121014Z-d833d0,temporal_block,МР Татышлинский,МР Шаранский,0.07,100
v5-20261009T121014Z-d833d0,temporal_block,МР Татышлинский,МР Янаульский,0.08,100
v5-20261009T121014Z-d833d0,temporal_block,МР Туймазинский,МР Уфимский,1.0,100
v5-20261009T121014Z-d833d0,temporal_block,МР Туймазинский,МР Учалинский,1.0,100
v5-20261009T121014Z-d833d0,temporal_block,МР Туймазинский,МР Федоровский,0.0,100
v5-20261009T121014Z-d833d0,temporal_block,МР Туймазинский,МР Хайбуллинский,0.0,100
v5-20261009T121014Z-d833d0,temporal_block,МР Туймазинский,МР Чекмагушевский,0.0,100
v5-20261009T121014Z-d833d0,temporal_block,МР Туймазинский,МР Чишминский,0.98,100
v5-20261009T121014Z-d833d0,temporal_block,МР Туймазинский,МР Шаранский,0.0,100
v5-20261009T121014Z-d833d0,temporal_block,МР Туймазинский,МР Янаульский,0.98,100
v5-20261009T121014Z-d833d0,temporal_block,МР Уфимский,МР Учалинский,1.0,100
v5-20261009T121014Z-d833d0,temporal_block,МР Уфимский,МР Федоровский,0.0,100
v5-20261009T121014Z-d833d0,temporal_block,МР Уфимский,МР Хайбуллинский,0.0,100
v5-20261009T121014Z-d833d0,temporal_block,МР Уфимский,МР Чекмагушевский,0.0,100
v5-20261009T121014Z-d833d0,temporal_block,МР Уфимский,МР Чишминский,0.98,100
v5-20261009T121014Z-d833d0,temporal_block,МР Уфимский,МР Шаранский,0.0,100
v5-20261009T121014Z-d833d0,temporal_block,МР Уфимский,МР Янаульский,0.98,100
v5-20261009T121014Z-d833d0,temporal_block,МР Учалинский,МР Федоровский,0.0,100
v5-20261009T121014Z-d833d0,temporal_block,МР Учалинский,МР Хайбуллинский,0.0,100
v5-20261009T121014Z-d833d0,temporal_block,МР Учалинский,МР Чекмагушевский,0.0,100
v5-20261009T121014Z-d833d0,temporal_block,МР Учалинский,МР Чишминский,0.98,100
v5-20261009T121014Z-d833d0,temporal_block,МР Учалинский,МР Шаранский,0.0,100
v5-20261009T121014Z-d833d0,temporal_block,МР Учалинский,МР Янаульский,0.98,100
v5-20261009T121014Z-d833d0,temporal_block,МР Федоровский,МР Хайбуллинский,0.0,100
v5-20261009T121014Z-d833d0,temporal_block,МР Федоровский,МР Чекмагушевский,1.0,100
v5-20261009T121014Z-d833d0,temporal_block,МР Федоровский,МР Чишминский,0.0,100
v5-20261009T121014Z-d833d0,temporal_block,МР Федоровский,МР Шаранский,1.0,100
v5-20261009T121014Z-d833d0,temporal_block,МР Федоровский,МР Янаульский,0.0,100
v5-20261009T121014Z-d833d0,temporal_block,МР Хайбуллинский,МР Чекмагушевский,0.0,100
v5-20261009T121014Z-d833d0,temporal_block,МР Хайбуллинский,МР Чишминский,0.02,100
v5-20261009T121014Z-d833d0,temporal_block,МР Хайбуллинский,МР Шаранский,0.0,100
v5-20261009T121014Z-d833d0,temporal_block,МР Хайбуллинский,МР Янаульский,0.02,100
v5-20261009T121014Z-d833d0,temporal_block,МР Чекмагушевский,МР Чишминский,0.0,100
v5-20261009T121014Z-d833d0,temporal_block,МР Чекмагушевский,МР Шаранский,1.0,100
v5-20261009T121014Z-d833d0,temporal_block,МР Чекмагушевский,МР Янаульский,0.0,100
v5-20261009T121014Z-d833d0,temporal_block,МР Чишминский,МР Шаранский,0.0,100
v5-20261009T121014Z-d833d0,temporal_block,МР Чишминский,МР Янаульский,0.96,100
v5-20261009T121014Z-d833d0,temporal_block,МР Шаранский,МР Янаульский,0.0,100
v5-20261009T121014Z-d833d0,feature_network_rebuild,ГО Агидель,ГО Кумертау,0.0,100
v5-20261009T121014Z-d833d0,feature_network_rebuild,ГО Агидель,ГО Нефтекамск,0.0,100
v5-20261009T121014Z-d833d0,feature_network_rebuild,ГО Агидель,ГО Октябрьский,0.0,100
v5-20261009T121014Z-d833d0,feature_network_rebuild,ГО Агидель,ГО Салават,0.0,100
v5-20261009T121014Z-d833d0,feature_network_rebuild,ГО Агидель,ГО Сибай,0.0,100
v5-20261009T121014Z-d833d0,feature_network_rebuild,ГО Агидель,ГО Стерлитамак,0.0,100
v5-20261009T121014Z-d833d0,feature_network_rebuild,ГО Агидель,ГО Уфа,0.0,100
v5-20261009T121014Z-d833d0,feature_network_rebuild,ГО Агидель,МР Абзелиловский,0.0,100
v5-20261009T121014Z-d833d0,feature_network_rebuild,ГО Агидель,МР Альшеевский,1.0,100
v5-20261009T121014Z-d833d0,feature_network_rebuild,ГО Агидель,МР Архангельский,1.0,100
v5-20261009T121014Z-d833d0,feature_network_rebuild,ГО Агидель,МР Аскинский,0.25,100
v5-20261009T121014Z-d833d0,feature_network_rebuild,ГО Агидель,МР Аургазинский,1.0,100
v5-20261009T121014Z-d833d0,feature_network_rebuild,ГО Агидель,МР Баймакский,0.0,100
v5-20261009T121014Z-d833d0,feature_network_rebuild,ГО Агидель,МР Бакалинский,1.0,100
v5-20261009T121014Z-d833d0,feature_network_rebuild,ГО Агидель,МР Балтачевский,1.0,100
v5-20261009T121014Z-d833d0,feature_network_rebuild,ГО Агидель,МР Белебеевский,0.0,100
v5-20261009T121014Z-d833d0,feature_network_rebuild,ГО Агидель,МР Белокатайский,0.05,100
v5-20261009T121014Z-d833d0,feature_network_rebuild,ГО Агидель,МР Белорецкий,0.0,100
v5-20261009T121014Z-d833d0,feature_network_rebuild,ГО Агидель,МР Бижбулякский,1.0,100
v5-20261009T121014Z-d833d0,feature_network_rebuild,ГО Агидель,МР Бирский,0.0,100
v5-20261009T121014Z-d833d0,feature_network_rebuild,ГО Агидель,МР Благоварский,1.0,100
v5-20261009T121014Z-d833d0,feature_network_rebuild,ГО Агидель,МР Благовещенский,0.0,100
v5-20261009T121014Z-d833d0,feature_network_rebuild,ГО Агидель,МР Буздякский,1.0,100
v5-20261009T121014Z-d833d0,feature_network_rebuild,ГО Агидель,МР Бураевский,1.0,100
v5-20261009T121014Z-d833d0,feature_network_rebuild,ГО Агидель,МР Бурзянский,0.0,100
v5-20261009T121014Z-d833d0,feature_network_rebuild,ГО Агидель,МР Гафурийский,0.62,100
v5-20261009T121014Z-d833d0,feature_network_rebuild,ГО Агидель,МР Давлекановский,1.0,100
v5-20261009T121014Z-d833d0,feature_network_rebuild,ГО Агидель,МР Дуванский,0.01,100
v5-20261009T121014Z-d833d0,feature_network_rebuild,ГО Агидель,МР Дюртюлинский,0.0,100
v5-20261009T121014Z-d833d0,feature_network_rebuild,ГО Агидель,МР Ермекеевский,1.0,100
v5-20261009T121014Z-d833d0,feature_network_rebuild,ГО Агидель,МР Зианчуринский,0.06,100
v5-20261009T121014Z-d833d0,feature_network_rebuild,ГО Агидель,МР Зилаирский,0.0,100
v5-20261009T121014Z-d833d0,feature_network_rebuild,ГО Агидель,МР Иглинский,0.0,100
v5-20261009T121014Z-d833d0,feature_network_rebuild,ГО Агидель,МР Илишевский,0.99,100
v5-20261009T121014Z-d833d0,feature_network_rebuild,ГО Агидель,МР Ишимбайский,0.0,100
v5-20261009T121014Z-d833d0,feature_network_rebuild,ГО Агидель,МР Калтасинский,1.0,100
v5-20261009T121014Z-d833d0,feature_network_rebuild,ГО Агидель,МР Караидельский,1.0,100
v5-20261009T121014Z-d833d0,feature_network_rebuild,ГО Агидель,МР Кармаскалинский,0.76,100
v5-20261009T121014Z-d833d0,feature_network_rebuild,ГО Агидель,МР Кигинский,0.05,100
v5-20261009T121014Z-d833d0,feature_network_rebuild,ГО Агидель,МР Краснокамский,1.0,100
v5-20261009T121014Z-d833d0,feature_network_rebuild,ГО Агидель,МР Кугарчинский,0.08,100
v5-20261009T121014Z-d833d0,feature_network_rebuild,ГО Агидель,МР Кушнаренковский,1.0,100
v5-20261009T121014Z-d833d0,feature_network_rebuild,ГО Агидель,МР Куюргазинский,1.0,100
v5-20261009T121014Z-d833d0,feature_network_rebuild,ГО Агидель,МР Мелеузовский,0.0,100
v5-20261009T121014Z-d833d0,feature_network_rebuild,ГО Агидель,МР Мечетлинский,0.05,100
v5-20261009T121014Z-d833d0,feature_network_rebuild,ГО Агидель,МР Мишкинский,1.0,100
v5-20261009T121014Z-d833d0,feature_network_rebuild,ГО Агидель,МР Миякинский,1.0,100
v5-20261009T121014Z-d833d0,feature_network_rebuild,ГО Агидель,МР Нуримановский,1.0,100
v5-20261009T121014Z-d833d0,feature_network_rebuild,ГО Агидель,МР Салаватский,0.0,100
v5-20261009T121014Z-d833d0,feature_network_rebuild,ГО Агидель,МР Стерлибашевский,1.0,100
v5-20261009T121014Z-d833d0,feature_network_rebuild,ГО Агидель,МР Стерлитамакский,0.0,100
v5-20261009T121014Z-d833d0,feature_network_rebuild,ГО Агидель,МР Татышлинский,0.08,100
v5-20261009T121014Z-d833d0,feature_network_rebuild,ГО Агидель,МР Туймазинский,0.0,100
v5-20261009T121014Z-d833d0,feature_network_rebuild,ГО Агидель,МР Уфимский,0.0,100
v5-20261009T121014Z-d833d0,feature_network_rebuild,ГО Агидель,МР Учалинский,0.0,100
v5-20261009T121014Z-d833d0,feature_network_rebuild,ГО Агидель,МР Федоровский,1.0,100
v5-20261009T121014Z-d833d0,feature_network_rebuild,ГО Агидель,МР Хайбуллинский,0.0,100
v5-20261009T121014Z-d833d0,feature_network_rebuild,ГО Агидель,МР Чекмагушевский,1.0,100
v5-20261009T121014Z-d833d0,feature_network_rebuild,ГО Агидель,МР Чишминский,0.0,100
v5-20261009T121014Z-d833d0,feature_network_rebuild,ГО Агидель,МР Шаранский,1.0,100
v5-20261009T121014Z-d833d0,feature_network_rebuild,ГО Агидель,МР Янаульский,0.0,100
v5-20261009T121014Z-d833d0,feature_network_rebuild,ГО Кумертау,ГО Нефтекамск,1.0,100
v5-20261009T121014Z-d833d0,feature_network_rebuild,ГО Кумертау,ГО Октябрьский,1.0,100
v5-20261009T121014Z-d833d0,feature_network_rebuild,ГО Кумертау,ГО Салават,1.0,100
v5-20261009T121014Z-d833d0,feature_network_rebuild,ГО Кумертау,ГО Сибай,1.0,100
v5-20261009T121014Z-d833d0,feature_network_rebuild,ГО Кумертау,ГО Стерлитамак,1.0,100
v5-20261009T121014Z-d833d0,feature_network_rebuild,ГО Кумертау,ГО Уфа,1.0,100
v5-20261009T121014Z-d833d0,feature_network_rebuild,ГО Кумертау,МР Абзелиловский,0.0,100
v5-20261009T121014Z-d833d0,feature_network_rebuild,ГО Кумертау,МР Альшеевский,0.0,100
v5-20261009T121014Z-d833d0,feature_network_rebuild,ГО Кумертау,МР Архангельский,0.0,100
v5-20261009T121014Z-d833d0,feature_network_rebuild,ГО Кумертау,МР Аскинский,0.0,100
v5-20261009T121014Z-d833d0,feature_network_rebuild,ГО Кумертау,МР Аургазинский,0.0,100
v5-20261009T121014Z-d833d0,feature_network_rebuild,ГО Кумертау,МР Баймакский,0.0,100
v5-20261009T121014Z-d833d0,feature_network_rebuild,ГО Кумертау,МР Бакалинский,0.0,100
v5-20261009T121014Z-d833d0,feature_network_rebuild,ГО Кумертау,МР Балтачевский,0.0,100
v5-20261009T121014Z-d833d0,feature_network_rebuild,ГО Кумертау,МР Белебеевский,1.0,100
v5-20261009T121014Z-d833d0,feature_network_rebuild,ГО Кумертау,МР Белокатайский,0.0,100
v5-20261009T121014Z-d833d0,feature_network_rebuild,ГО Кумертау,МР Белорецкий,1.0,100
v5-20261009T121014Z-d833d0,feature_network_rebuild,ГО Кумертау,МР Бижбулякский,0.0,100
v5-20261009T121014Z-d833d0,feature_network_rebuild,ГО Кумертау,МР Бирский,1.0,100
v5-20261009T121014Z-d833d0,feature_network_rebuild,ГО Кумертау,МР Благоварский,0.0,100
v5-20261009T121014Z-d833d0,feature_network_rebuild,ГО Кумертау,МР Благовещенский,1.0,100
v5-20261009T121014Z-d833d0,feature_network_rebuild,ГО Кумертау,МР Буздякский,0.0,100
v5-20261009T121014Z-d833d0,feature_network_rebuild,ГО Кумертау,МР Бураевский,0.0,100
v5-20261009T121014Z-d833d0,feature_network_rebuild,ГО Кумертау,МР Бурзянский,0.0,100
v5-20261009T121014Z-d833d0,feature_network_rebuild,ГО Кумертау,МР Гафурийский,0.0,100
v5-20261009T121014Z-d833d0,feature_network_rebuild,ГО Кумертау,МР Давлекановский,0.0,100
v5-20261009T121014Z-d833d0,feature_network_rebuild,ГО Кумертау,МР Дуванский,0.0,100
v5-20261009T121014Z-d833d0,feature_network_rebuild,ГО Кумертау,МР Дюртюлинский,1.0,100
v5-20261009T121014Z-d833d0,feature_network_rebuild,ГО Кумертау,МР Ермекеевский,0.0,100
v5-20261009T121014Z-d833d0,feature_network_rebuild,ГО Кумертау,МР Зианчуринский,0.0,100
v5-20261009T121014Z-d833d0,feature_network_rebuild,ГО Кумертау,МР Зилаирский,0.0,100
v5-20261009T121014Z-d833d0,feature_network_rebuild,ГО Кумертау,МР Иглинский,1.0,100
v5-20261009T121014Z-d833d0,feature_network_rebuild,ГО Кумертау,МР Илишевский,0.0,100
v5-20261009T121014Z-d833d0,feature_network_rebuild,ГО Кумертау,МР Ишимбайский,1.0,100
v5-20261009T121014Z-d833d0,feature_network_rebuild,ГО Кумертау,МР Калтасинский,0.0,100
v5-20261009T121014Z-d833d0,feature_network_rebuild,ГО Кумертау,МР Караидельский,0.0,100
v5-20261009T121014Z-d833d0,feature_network_rebuild,ГО Кумертау,МР Кармаскалинский,0.0,100
v5-20261009T121014Z-d833d0,feature_network_rebuild,ГО Кумертау,МР Кигинский,0.0,100
v5-20261009T121014Z-d833d0,feature_network_rebuild,ГО Кумертау,МР Краснокамский,0.0,100
v5-20261009T121014Z-d833d0,feature_network_rebuild,ГО Кумертау,МР Кугарчинский,0.0,100
v5-20261009T121014Z-d833d0,feature_network_rebuild,ГО Кумертау,МР Кушнаренковский,0.0,100
v5-20261009T121014Z-d833d0,feature_network_rebuild,ГО Кумертау,МР Куюргазинский,0.0,100
v5-20261009T121014Z-d833d0,feature_network_rebuild,ГО Кумертау,МР Мелеузовский,1.0,100
v5-20261009T121014Z-d833d0,feature_network_rebuild,ГО Кумертау,МР Мечетлинский,0.0,100
v5-20261009T121014Z-d833d0,feature_network_rebuild,ГО Кумертау,МР Мишкинский,0.0,100
v5-20261009T121014Z-d833d0,feature_network_rebuild,ГО Кумертау,МР Миякинский,0.0,100
v5-20261009T121014Z-d833d0,feature_network_rebuild,ГО Кумертау,МР Нуримановский,0.0,100
v5-20261009T121014Z-d833d0,feature_network_rebuild,ГО Кумертау,МР Салаватский,0.0,100
v5-20261009T121014Z-d833d0,feature_network_rebuild,ГО Кумертау,МР Стерлибашевский,0.0,100
v5-20261009T121014Z-d833d0,feature_network_rebuild,ГО Кумертау,МР Стерлитамакский,1.0,100
v5-20261009T121014Z-d833d0,feature_network_rebuild,ГО Кумертау,МР Татышлинский,0.0,100
v5-20261009T121014Z-d833d0,feature_network_rebuild,ГО Кумертау,МР Туймазинский,1.0,100
v5-20261009T121014Z-d833d0,feature_network_rebuild,ГО Кумертау,МР Уфимский,1.0,100
v5-20261009T121014Z-d833d0,feature_network_rebuild,ГО Кумертау,МР Учалинский,1.0,100
v5-20261009T121014Z-d833d0,feature_network_rebuild,ГО Кумертау,МР Федоровский,0.0,100
v5-20261009T121014Z-d833d0,feature_network_rebuild,ГО Кумертау,МР Хайбуллинский,0.0,100
v5-20261009T121014Z-d833d0,feature_network_rebuild,ГО Кумертау,МР Чекмагушевский,0.0,100
v5-20261009T121014Z-d833d0,feature_network_rebuild,ГО Кумертау,МР Чишминский,1.0,100
v5-20261009T121014Z-d833d0,feature_network_rebuild,ГО Кумертау,МР Шаранский,0.0,100
v5-20261009T121014Z-d833d0,feature_network_rebuild,ГО Кумертау,МР Янаульский,1.0,100
v5-20261009T121014Z-d833d0,feature_network_rebuild,ГО Нефтекамск,ГО Октябрьский,1.0,100
v5-20261009T121014Z-d833d0,feature_network_rebuild,ГО Нефтекамск,ГО Салават,1.0,100
v5-20261009T121014Z-d833d0,feature_network_rebuild,ГО Нефтекамск,ГО Сибай,1.0,100
v5-20261009T121014Z-d833d0,feature_network_rebuild,ГО Нефтекамск,ГО Стерлитамак,1.0,100
v5-20261009T121014Z-d833d0,feature_network_rebuild,ГО Нефтекамск,ГО Уфа,1.0,100
v5-20261009T121014Z-d833d0,feature_network_rebuild,ГО Нефтекамск,МР Абзелиловский,0.0,100
v5-20261009T121014Z-d833d0,feature_network_rebuild,ГО Нефтекамск,МР Альшеевский,0.0,100
v5-20261009T121014Z-d833d0,feature_network_rebuild,ГО Нефтекамск,МР Архангельский,0.0,100
v5-20261009T121014Z-d833d0,feature_network_rebuild,ГО Нефтекамск,МР Аскинский,0.0,100
v5-20261009T121014Z-d833d0,feature_network_rebuild,ГО Нефтекамск,МР Аургазинский,0.0,100
v5-20261009T121014Z-d833d0,feature_network_rebuild,ГО Нефтекамск,МР Баймакский,0.0,100
v5-20261009T121014Z-d833d0,feature_network_rebuild,ГО Нефтекамск,МР Бакалинский,0.0,100
v5-20261009T121014Z-d833d0,feature_network_rebuild,ГО Нефтекамск,МР Балтачевский,0.0,100
v5-20261009T121014Z-d833d0,feature_network_rebuild,ГО Нефтекамск,МР Белебеевский,1.0,100
v5-20261009T121014Z-d833d0,feature_network_rebuild,ГО Нефтекамск,МР Белокатайский,0.0,100
v5-20261009T121014Z-d833d0,feature_network_rebuild,ГО Нефтекамск,МР Белорецкий,1.0,100
v5-20261009T121014Z-d833d0,feature_network_rebuild,ГО Нефтекамск,МР Бижбулякский,0.0,100
v5-20261009T121014Z-d833d0,feature_network_rebuild,ГО Нефтекамск,МР Бирский,1.0,100
v5-20261009T121014Z-d833d0,feature_network_rebuild,ГО Нефтекамск,МР Благоварский,0.0,100
v5-20261009T121014Z-d833d0,feature_network_rebuild,ГО Нефтекамск,МР Благовещенский,1.0,100
v5-20261009T121014Z-d833d0,feature_network_rebuild,ГО Нефтекамск,МР Буздякский,0.0,100
v5-20261009T121014Z-d833d0,feature_network_rebuild,ГО Нефтекамск,МР Бураевский,0.0,100
v5-20261009T121014Z-d833d0,feature_network_rebuild,ГО Нефтекамск,МР Бурзянский,0.0,100
v5-20261009T121014Z-d833d0,feature_network_rebuild,ГО Нефтекамск,МР Гафурийский,0.0,100
v5-20261009T121014Z-d833d0,feature_network_rebuild,ГО Нефтекамск,МР Давлекановский,0.0,100
v5-20261009T121014Z-d833d0,feature_network_rebuild,ГО Нефтекамск,МР Дуванский,0.0,100
v5-20261009T121014Z-d833d0,feature_network_rebuild,ГО Нефтекамск,МР Дюртюлинский,1.0,100
v5-20261009T121014Z-d833d0,feature_network_rebuild,ГО Нефтекамск,МР Ермекеевский,0.0,100
v5-20261009T121014Z-d833d0,feature_network_rebuild,ГО Нефтекамск,МР Зианчуринский,0.0,100
v5-20261009T121014Z-d833d0,feature_network_rebuild,ГО Нефтекамск,МР Зилаирский,0.0,100
v5-20261009T121014Z-d833d0,feature_network_rebuild,ГО Нефтекамск,МР Иглинский,1.0,100
v5-20261009T121014Z-d833d0,feature_network_rebuild,ГО Нефтекамск,МР Илишевский,0.0,100
v5-20261009T121014Z-d833d0,feature_network_rebuild,ГО Нефтекамск,МР Ишимбайский,1.0,100
v5-20261009T121014Z-d833d0,feature_network_rebuild,ГО Нефтекамск,МР Калтасинский,0.0,100
v5-20261009T121014Z-d833d0,feature_network_rebuild,ГО Нефтекамск,МР Караидельский,0.0,100
v5-20261009T121014Z-d833d0,feature_network_rebuild,ГО Нефтекамск,МР Кармаскалинский,0.0,100
v5-20261009T121014Z-d833d0,feature_network_rebuild,ГО Нефтекамск,МР Кигинский,0.0,100
v5-20261009T121014Z-d833d0,feature_network_rebuild,ГО Нефтекамск,МР Краснокамский,0.0,100
v5-20261009T121014Z-d833d0,feature_network_rebuild,ГО Нефтекамск,МР Кугарчинский,0.0,100
v5-20261009T121014Z-d833d0,feature_network_rebuild,ГО Нефтекамск,МР Кушнаренковский,0.0,100
v5-20261009T121014Z-d833d0,feature_network_rebuild,ГО Нефтекамск,МР Куюргазинский,0.0,100
v5-20261009T121014Z-d833d0,feature_network_rebuild,ГО Нефтекамск,МР Мелеузовский,1.0,100
v5-20261009T121014Z-d833d0,feature_network_rebuild,ГО Нефтекамск,МР Мечетлинский,0.0,100
v5-20261009T121014Z-d833d0,feature_network_rebuild,ГО Нефтекамск,МР Мишкинский,0.0,100
v5-20261009T121014Z-d833d0,feature_network_rebuild,ГО Нефтекамск,МР Миякинский,0.0,100
v5-20261009T121014Z-d833d0,feature_network_rebuild,ГО Нефтекамск,МР Нуримановский,0.0,100
v5-20261009T121014Z-d833d0,feature_network_rebuild,ГО Нефтекамск,МР Салаватский,0.0,100
v5-20261009T121014Z-d833d0,feature_network_rebuild,ГО Нефтекамск,МР Стерлибашевский,0.0,100
v5-20261009T121014Z-d833d0,feature_network_rebuild,ГО Нефтекамск,МР Стерлитамакский,1.0,100
v5-20261009T121014Z-d833d0,feature_network_rebuild,ГО Нефтекамск,МР Татышлинский,0.0,100
v5-20261009T121014Z-d833d0,feature_network_rebuild,ГО Нефтекамск,МР Туймазинский,1.0,100
v5-20261009T121014Z-d833d0,feature_network_rebuild,ГО Нефтекамск,МР Уфимский,1.0,100
v5-20261009T121014Z-d833d0,feature_network_rebuild,ГО Нефтекамск,МР Учалинский,1.0,100
v5-20261009T121014Z-d833d0,feature_network_rebuild,ГО Нефтекамск,МР Федоровский,0.0,100
v5-20261009T121014Z-d833d0,feature_network_rebuild,ГО Нефтекамск,МР Хайбуллинский,0.0,100
v5-20261009T121014Z-d833d0,feature_network_rebuild,ГО Нефтекамск,МР Чекмагушевский,0.0,100
v5-20261009T121014Z-d833d0,feature_network_rebuild,ГО Нефтекамск,МР Чишминский,1.0,100
v5-20261009T121014Z-d833d0,feature_network_rebuild,ГО Нефтекамск,МР Шаранский,0.0,100
v5-20261009T121014Z-d833d0,feature_network_rebuild,ГО Нефтекамск,МР Янаульский,1.0,100
v5-20261009T121014Z-d833d0,feature_network_rebuild,ГО Октябрьский,ГО Салават,1.0,100
v5-20261009T121014Z-d833d0,feature_network_rebuild,ГО Октябрьский,ГО Сибай,1.0,100
v5-20261009T121014Z-d833d0,feature_network_rebuild,ГО Октябрьский,ГО Стерлитамак,1.0,100
v5-20261009T121014Z-d833d0,feature_network_rebuild,ГО Октябрьский,ГО Уфа,1.0,100
v5-20261009T121014Z-d833d0,feature_network_rebuild,ГО Октябрьский,МР Абзелиловский,0.0,100
v5-20261009T121014Z-d833d0,feature_network_rebuild,ГО Октябрьский,МР Альшеевский,0.0,100
v5-20261009T121014Z-d833d0,feature_network_rebuild,ГО Октябрьский,МР Архангельский,0.0,100
v5-20261009T121014Z-d833d0,feature_network_rebuild,ГО Октябрьский,МР Аскинский,0.0,100
v5-20261009T121014Z-d833d0,feature_network_rebuild,ГО Октябрьский,МР Аургазинский,0.0,100
v5-20261009T121014Z-d833d0,feature_network_rebuild,ГО Октябрьский,МР Баймакский,0.0,100
v5-20261009T121014Z-d833d0,feature_network_rebuild,ГО Октябрьский,МР Бакалинский,0.0,100
v5-20261009T121014Z-d833d0,feature_network_rebuild,ГО Октябрьский,МР Балтачевский,0.0,100
v5-20261009T121014Z-d833d0,feature_network_rebuild,ГО Октябрьский,МР Белебеевский,1.0,100
v5-20261009T121014Z-d833d0,feature_network_rebuild,ГО Октябрьский,МР Белокатайский,0.0,100
v5-20261009T121014Z-d833d0,feature_network_rebuild,ГО Октябрьский,МР Белорецкий,1.0,100
v5-20261009T121014Z-d833d0,feature_network_rebuild,ГО Октябрьский,МР Бижбулякский,0.0,100
v5-20261009T121014Z-d833d0,feature_network_rebuild,ГО Октябрьский,МР Бирский,1.0,100
v5-20261009T121014Z-d833d0,feature_network_rebuild,ГО Октябрьский,МР Благоварский,0.0,100
v5-20261009T121014Z-d833d0,feature_network_rebuild,ГО Октябрьский,МР Благовещенский,1.0,100
v5-20261009T121014Z-d833d0,feature_network_rebuild,ГО Октябрьский,МР Буздякский,0.0,100
v5-20261009T121014Z-d833d0,feature_network_rebuild,ГО Октябрьский,МР Бураевский,0.0,100
v5-20261009T121014Z-d833d0,feature_network_rebuild,ГО Октябрьский,МР Бурзянский,0.0,100
v5-20261009T121014Z-d833d0,feature_network_rebuild,ГО Октябрьский,МР Гафурийский,0.0,100
v5-20261009T121014Z-d833d0,feature_network_rebuild,ГО Октябрьский,МР Давлекановский,0.0,100
v5-20261009T121014Z-d833d0,feature_network_rebuild,ГО Октябрьский,МР Дуванский,0.0,100
v5-20261009T121014Z-d833d0,feature_network_rebuild,ГО Октябрьский,МР Дюртюлинский,1.0,100
v5-20261009T121014Z-d833d0,feature_network_rebuild,ГО Октябрьский,МР Ермекеевский,0.0,100
v5-20261009T121014Z-d833d0,feature_network_rebuild,ГО Октябрьский,МР Зианчуринский,0.0,100
v5-20261009T121014Z-d833d0,feature_network_rebuild,ГО Октябрьский,МР Зилаирский,0.0,100
v5-20261009T121014Z-d833d0,feature_network_rebuild,ГО Октябрьский,МР Иглинский,1.0,100
v5-20261009T121014Z-d833d0,feature_network_rebuild,ГО Октябрьский,МР Илишевский,0.0,100
v5-20261009T121014Z-d833d0,feature_network_rebuild,ГО Октябрьский,МР Ишимбайский,1.0,100
v5-20261009T121014Z-d833d0,feature_network_rebuild,ГО Октябрьский,МР Калтасинский,0.0,100
v5-20261009T121014Z-d833d0,feature_network_rebuild,ГО Октябрьский,МР Караидельский,0.0,100
v5-20261009T121014Z-d833d0,feature_network_rebuild,ГО Октябрьский,МР Кармаскалинский,0.0,100
v5-20261009T121014Z-d833d0,feature_network_rebuild,ГО Октябрьский,МР Кигинский,0.0,100
v5-20261009T121014Z-d833d0,feature_network_rebuild,ГО Октябрьский,МР Краснокамский,0.0,100
v5-20261009T121014Z-d833d0,feature_network_rebuild,ГО Октябрьский,МР Кугарчинский,0.0,100
v5-20261009T121014Z-d833d0,feature_network_rebuild,ГО Октябрьский,МР Кушнаренковский,0.0,100
v5-20261009T121014Z-d833d0,feature_network_rebuild,ГО Октябрьский,МР Куюргазинский,0.0,100
v5-20261009T121014Z-d833d0,feature_network_rebuild,ГО Октябрьский,МР Мелеузовский,1.0,100
v5-20261009T121014Z-d833d0,feature_network_rebuild,ГО Октябрьский,МР Мечетлинский,0.0,100
v5-20261009T121014Z-d833d0,feature_network_rebuild,ГО Октябрьский,МР Мишкинский,0.0,100
v5-20261009T121014Z-d833d0,feature_network_rebuild,ГО Октябрьский,МР Миякинский,0.0,100
v5-20261009T121014Z-d833d0,feature_network_rebuild,ГО Октябрьский,МР Нуримановский,0.0,100
v5-20261009T121014Z-d833d0,feature_network_rebuild,ГО Октябрьский,МР Салаватский,0.0,100
v5-20261009T121014Z-d833d0,feature_network_rebuild,ГО Октябрьский,МР Стерлибашевский,0.0,100
v5-20261009T121014Z-d833d0,feature_network_rebuild,ГО Октябрьский,МР Стерлитамакский,1.0,100
v5-20261009T121014Z-d833d0,feature_network_rebuild,ГО Октябрьский,МР Татышлинский,0.0,100
v5-20261009T121014Z-d833d0,feature_network_rebuild,ГО Октябрьский,МР Туймазинский,1.0,100
v5-20261009T121014Z-d833d0,feature_network_rebuild,ГО Октябрьский,МР Уфимский,1.0,100
v5-20261009T121014Z-d833d0,feature_network_rebuild,ГО Октябрьский,МР Учалинский,1.0,100
v5-20261009T121014Z-d833d0,feature_network_rebuild,ГО Октябрьский,МР Федоровский,0.0,100
v5-20261009T121014Z-d833d0,feature_network_rebuild,ГО Октябрьский,МР Хайбуллинский,0.0,100
v5-20261009T121014Z-d833d0,feature_network_rebuild,ГО Октябрьский,МР Чекмагушевский,0.0,100
v5-20261009T121014Z-d833d0,feature_network_rebuild,ГО Октябрьский,МР Чишминский,1.0,100
v5-20261009T121014Z-d833d0,feature_network_rebuild,ГО Октябрьский,МР Шаранский,0.0,100
v5-20261009T121014Z-d833d0,feature_network_rebuild,ГО Октябрьский,МР Янаульский,1.0,100
v5-20261009T121014Z-d833d0,feature_network_rebuild,ГО Салават,ГО Сибай,1.0,100
v5-20261009T121014Z-d833d0,feature_network_rebuild,ГО Салават,ГО Стерлитамак,1.0,100
v5-20261009T121014Z-d833d0,feature_network_rebuild,ГО Салават,ГО Уфа,1.0,100
v5-20261009T121014Z-d833d0,feature_network_rebuild,ГО Салават,МР Абзелиловский,0.0,100
v5-20261009T121014Z-d833d0,feature_network_rebuild,ГО Салават,МР Альшеевский,0.0,100
v5-20261009T121014Z-d833d0,feature_network_rebuild,ГО Салават,МР Архангельский,0.0,100
v5-20261009T121014Z-d833d0,feature_network_rebuild,ГО Салават,МР Аскинский,0.0,100
v5-20261009T121014Z-d833d0,feature_network_rebuild,ГО Салават,МР Аургазинский,0.0,100
v5-20261009T121014Z-d833d0,feature_network_rebuild,ГО Салават,МР Баймакский,0.0,100
v5-20261009T121014Z-d833d0,feature_network_rebuild,ГО Салават,МР Бакалинский,0.0,100
v5-20261009T121014Z-d833d0,feature_network_rebuild,ГО Салават,МР Балтачевский,0.0,100
v5-20261009T121014Z-d833d0,feature_network_rebuild,ГО Салават,МР Белебеевский,1.0,100
v5-20261009T121014Z-d833d0,feature_network_rebuild,ГО Салават,МР Белокатайский,0.0,100
v5-20261009T121014Z-d833d0,feature_network_rebuild,ГО Салават,МР Белорецкий,1.0,100
v5-20261009T121014Z-d833d0,feature_network_rebuild,ГО Салават,МР Бижбулякский,0.0,100
v5-20261009T121014Z-d833d0,feature_network_rebuild,ГО Салават,МР Бирский,1.0,100
v5-20261009T121014Z-d833d0,feature_network_rebuild,ГО Салават,МР Благоварский,0.0,100
v5-20261009T121014Z-d833d0,feature_network_rebuild,ГО Салават,МР Благовещенский,1.0,100
v5-20261009T121014Z-d833d0,feature_network_rebuild,ГО Салават,МР Буздякский,0.0,100
v5-20261009T121014Z-d833d0,feature_network_rebuild,ГО Салават,МР Бураевский,0.0,100
v5-20261009T121014Z-d833d0,feature_network_rebuild,ГО Салават,МР Бурзянский,0.0,100
v5-20261009T121014Z-d833d0,feature_network_rebuild,ГО Салават,МР Гафурийский,0.0,100
v5-20261009T121014Z-d833d0,feature_network_rebuild,ГО Салават,МР Давлекановский,0.0,100
v5-20261009T121014Z-d833d0,feature_network_rebuild,ГО Салават,МР Дуванский,0.0,100
v5-20261009T121014Z-d833d0,feature_network_rebuild,ГО Салават,МР Дюртюлинский,1.0,100
v5-20261009T121014Z-d833d0,feature_network_rebuild,ГО Салават,МР Ермекеевский,0.0,100
v5-20261009T121014Z-d833d0,feature_network_rebuild,ГО Салават,МР Зианчуринский,0.0,100
v5-20261009T121014Z-d833d0,feature_network_rebuild,ГО Салават,МР Зилаирский,0.0,100
v5-20261009T121014Z-d833d0,feature_network_rebuild,ГО Салават,МР Иглинский,1.0,100
v5-20261009T121014Z-d833d0,feature_network_rebuild,ГО Салават,МР Илишевский,0.0,100
v5-20261009T121014Z-d833d0,feature_network_rebuild,ГО Салават,МР Ишимбайский,1.0,100
v5-20261009T121014Z-d833d0,feature_network_rebuild,ГО Салават,МР Калтасинский,0.0,100
v5-20261009T121014Z-d833d0,feature_network_rebuild,ГО Салават,МР Караидельский,0.0,100
v5-20261009T121014Z-d833d0,feature_network_rebuild,ГО Салават,МР Кармаскалинский,0.0,100
v5-20261009T121014Z-d833d0,feature_network_rebuild,ГО Салават,МР Кигинский,0.0,100
v5-20261009T121014Z-d833d0,feature_network_rebuild,ГО Салават,МР Краснокамский,0.0,100
v5-20261009T121014Z-d833d0,feature_network_rebuild,ГО Салават,МР Кугарчинский,0.0,100
v5-20261009T121014Z-d833d0,feature_network_rebuild,ГО Салават,МР Кушнаренковский,0.0,100
v5-20261009T121014Z-d833d0,feature_network_rebuild,ГО Салават,МР Куюргазинский,0.0,100
v5-20261009T121014Z-d833d0,feature_network_rebuild,ГО Салават,МР Мелеузовский,1.0,100
v5-20261009T121014Z-d833d0,feature_network_rebuild,ГО Салават,МР Мечетлинский,0.0,100
v5-20261009T121014Z-d833d0,feature_network_rebuild,ГО Салават,МР Мишкинский,0.0,100
v5-20261009T121014Z-d833d0,feature_network_rebuild,ГО Салават,МР Миякинский,0.0,100
v5-20261009T121014Z-d833d0,feature_network_rebuild,ГО Салават,МР Нуримановский,0.0,100
v5-20261009T121014Z-d833d0,feature_network_rebuild,ГО Салават,МР Салаватский,0.0,100
v5-20261009T121014Z-d833d0,feature_network_rebuild,ГО Салават,МР Стерлибашевский,0.0,100
v5-20261009T121014Z-d833d0,feature_network_rebuild,ГО Салават,МР Стерлитамакский,1.0,100
v5-20261009T121014Z-d833d0,feature_network_rebuild,ГО Салават,МР Татышлинский,0.0,100
v5-20261009T121014Z-d833d0,feature_network_rebuild,ГО Салават,МР Туймазинский,1.0,100
v5-20261009T121014Z-d833d0,feature_network_rebuild,ГО Салават,МР Уфимский,1.0,100
v5-20261009T121014Z-d833d0,feature_network_rebuild,ГО Салават,МР Учалинский,1.0,100
v5-20261009T121014Z-d833d0,feature_network_rebuild,ГО Салават,МР Федоровский,0.0,100
v5-20261009T121014Z-d833d0,feature_network_rebuild,ГО Салават,МР Хайбуллинский,0.0,100
v5-20261009T121014Z-d833d0,feature_network_rebuild,ГО Салават,МР Чекмагушевский,0.0,100
v5-20261009T121014Z-d833d0,feature_network_rebuild,ГО Салават,МР Чишминский,1.0,100
v5-20261009T121014Z-d833d0,feature_network_rebuild,ГО Салават,МР Шаранский,0.0,100
v5-20261009T121014Z-d833d0,feature_network_rebuild,ГО Салават,МР Янаульский,1.0,100
v5-20261009T121014Z-d833d0,feature_network_rebuild,ГО Сибай,ГО Стерлитамак,1.0,100
v5-20261009T121014Z-d833d0,feature_network_rebuild,ГО Сибай,ГО Уфа,1.0,100
v5-20261009T121014Z-d833d0,feature_network_rebuild,ГО Сибай,МР Абзелиловский,0.0,100
v5-20261009T121014Z-d833d0,feature_network_rebuild,ГО Сибай,МР Альшеевский,0.0,100
v5-20261009T121014Z-d833d0,feature_network_rebuild,ГО Сибай,МР Архангельский,0.0,100
v5-20261009T121014Z-d833d0,feature_network_rebuild,ГО Сибай,МР Аскинский,0.0,100
v5-20261009T121014Z-d833d0,feature_network_rebuild,ГО Сибай,МР Аургазинский,0.0,100
v5-20261009T121014Z-d833d0,feature_network_rebuild,ГО Сибай,МР Баймакский,0.0,100
v5-20261009T121014Z-d833d0,feature_network_rebuild,ГО Сибай,МР Бакалинский,0.0,100
v5-20261009T121014Z-d833d0,feature_network_rebuild,ГО Сибай,МР Балтачевский,0.0,100
v5-20261009T121014Z-d833d0,feature_network_rebuild,ГО Сибай,МР Белебеевский,1.0,100
v5-20261009T121014Z-d833d0,feature_network_rebuild,ГО Сибай,МР Белокатайский,0.0,100
v5-20261009T121014Z-d833d0,feature_network_rebuild,ГО Сибай,МР Белорецкий,1.0,100
v5-20261009T121014Z-d833d0,feature_network_rebuild,ГО Сибай,МР Бижбулякский,0.0,100
v5-20261009T121014Z-d833d0,feature_network_rebuild,ГО Сибай,МР Бирский,1.0,100
v5-20261009T121014Z-d833d0,feature_network_rebuild,ГО Сибай,МР Благоварский,0.0,100
v5-20261009T121014Z-d833d0,feature_network_rebuild,ГО Сибай,МР Благовещенский,1.0,100
v5-20261009T121014Z-d833d0,feature_network_rebuild,ГО Сибай,МР Буздякский,0.0,100
v5-20261009T121014Z-d833d0,feature_network_rebuild,ГО Сибай,МР Бураевский,0.0,100
v5-20261009T121014Z-d833d0,feature_network_rebuild,ГО Сибай,МР Бурзянский,0.0,100
v5-20261009T121014Z-d833d0,feature_network_rebuild,ГО Сибай,МР Гафурийский,0.0,100
v5-20261009T121014Z-d833d0,feature_network_rebuild,ГО Сибай,МР Давлекановский,0.0,100
v5-20261009T121014Z-d833d0,feature_network_rebuild,ГО Сибай,МР Дуванский,0.0,100
v5-20261009T121014Z-d833d0,feature_network_rebuild,ГО Сибай,МР Дюртюлинский,1.0,100
v5-20261009T121014Z-d833d0,feature_network_rebuild,ГО Сибай,МР Ермекеевский,0.0,100
v5-20261009T121014Z-d833d0,feature_network_rebuild,ГО Сибай,МР Зианчуринский,0.0,100
v5-20261009T121014Z-d833d0,feature_network_rebuild,ГО Сибай,МР Зилаирский,0.0,100
v5-20261009T121014Z-d833d0,feature_network_rebuild,ГО Сибай,МР Иглинский,1.0,100
v5-20261009T121014Z-d833d0,feature_network_rebuild,ГО Сибай,МР Илишевский,0.0,100
v5-20261009T121014Z-d833d0,feature_network_rebuild,ГО Сибай,МР Ишимбайский,1.0,100
v5-20261009T121014Z-d833d0,feature_network_rebuild,ГО Сибай,МР Калтасинский,0.0,100
v5-20261009T121014Z-d833d0,feature_network_rebuild,ГО Сибай,МР Караидельский,0.0,100
v5-20261009T121014Z-d833d0,feature_network_rebuild,ГО Сибай,МР Кармаскалинский,0.0,100
v5-20261009T121014Z-d833d0,feature_network_rebuild,ГО Сибай,МР Кигинский,0.0,100
v5-20261009T121014Z-d833d0,feature_network_rebuild,ГО Сибай,МР Краснокамский,0.0,100
v5-20261009T121014Z-d833d0,feature_network_rebuild,ГО Сибай,МР Кугарчинский,0.0,100
v5-20261009T121014Z-d833d0,feature_network_rebuild,ГО Сибай,МР Кушнаренковский,0.0,100
v5-20261009T121014Z-d833d0,feature_network_rebuild,ГО Сибай,МР Куюргазинский,0.0,100
v5-20261009T121014Z-d833d0,feature_network_rebuild,ГО Сибай,МР Мелеузовский,1.0,100
v5-20261009T121014Z-d833d0,feature_network_rebuild,ГО Сибай,МР Мечетлинский,0.0,100
v5-20261009T121014Z-d833d0,feature_network_rebuild,ГО Сибай,МР Мишкинский,0.0,100
v5-20261009T121014Z-d833d0,feature_network_rebuild,ГО Сибай,МР Миякинский,0.0,100
v5-20261009T121014Z-d833d0,feature_network_rebuild,ГО Сибай,МР Нуримановский,0.0,100
v5-20261009T121014Z-d833d0,feature_network_rebuild,ГО Сибай,МР Салаватский,0.0,100
v5-20261009T121014Z-d833d0,feature_network_rebuild,ГО Сибай,МР Стерлибашевский,0.0,100
v5-20261009T121014Z-d833d0,feature_network_rebuild,ГО Сибай,МР Стерлитамакский,1.0,100
v5-20261009T121014Z-d833d0,feature_network_rebuild,ГО Сибай,МР Татышлинский,0.0,100
v5-20261009T121014Z-d833d0,feature_network_rebuild,ГО Сибай,МР Туймазинский,1.0,100
v5-20261009T121014Z-d833d0,feature_network_rebuild,ГО Сибай,МР Уфимский,1.0,100
v5-20261009T121014Z-d833d0,feature_network_rebuild,ГО Сибай,МР Учалинский,1.0,100
v5-20261009T121014Z-d833d0,feature_network_rebuild,ГО Сибай,МР Федоровский,0.0,100
v5-20261009T121014Z-d833d0,feature_network_rebuild,ГО Сибай,МР Хайбуллинский,0.0,100
v5-20261009T121014Z-d833d0,feature_network_rebuild,ГО Сибай,МР Чекмагушевский,0.0,100
v5-20261009T121014Z-d833d0,feature_network_rebuild,ГО Сибай,МР Чишминский,1.0,100
v5-20261009T121014Z-d833d0,feature_network_rebuild,ГО Сибай,МР Шаранский,0.0,100
v5-20261009T121014Z-d833d0,feature_network_rebuild,ГО Сибай,МР Янаульский,1.0,100
v5-20261009T121014Z-d833d0,feature_network_rebuild,ГО Стерлитамак,ГО Уфа,1.0,100
v5-20261009T121014Z-d833d0,feature_network_rebuild,ГО Стерлитамак,МР Абзелиловский,0.0,100
v5-20261009T121014Z-d833d0,feature_network_rebuild,ГО Стерлитамак,МР Альшеевский,0.0,100
v5-20261009T121014Z-d833d0,feature_network_rebuild,ГО Стерлитамак,МР Архангельский,0.0,100
v5-20261009T121014Z-d833d0,feature_network_rebuild,ГО Стерлитамак,МР Аскинский,0.0,100
v5-20261009T121014Z-d833d0,feature_network_rebuild,ГО Стерлитамак,МР Аургазинский,0.0,100
v5-20261009T121014Z-d833d0,feature_network_rebuild,ГО Стерлитамак,МР Баймакский,0.0,100
v5-20261009T121014Z-d833d0,feature_network_rebuild,ГО Стерлитамак,МР Бакалинский,0.0,100
v5-20261009T121014Z-d833d0,feature_network_rebuild,ГО Стерлитамак,МР Балтачевский,0.0,100
v5-20261009T121014Z-d833d0,feature_network_rebuild,ГО Стерлитамак,МР Белебеевский,1.0,100
v5-20261009T121014Z-d833d0,feature_network_rebuild,ГО Стерлитамак,МР Белокатайский,0.0,100
v5-20261009T121014Z-d833d0,feature_network_rebuild,ГО Стерлитамак,МР Белорецкий,1.0,100
v5-20261009T121014Z-d833d0,feature_network_rebuild,ГО Стерлитамак,МР Бижбулякский,0.0,100
v5-20261009T121014Z-d833d0,feature_network_rebuild,ГО Стерлитамак,МР Бирский,1.0,100
v5-20261009T121014Z-d833d0,feature_network_rebuild,ГО Стерлитамак,МР Благоварский,0.0,100
v5-20261009T121014Z-d833d0,feature_network_rebuild,ГО Стерлитамак,МР Благовещенский,1.0,100
v5-20261009T121014Z-d833d0,feature_network_rebuild,ГО Стерлитамак,МР Буздякский,0.0,100
v5-20261009T121014Z-d833d0,feature_network_rebuild,ГО Стерлитамак,МР Бураевский,0.0,100
v5-20261009T121014Z-d833d0,feature_network_rebuild,ГО Стерлитамак,МР Бурзянский,0.0,100
v5-20261009T121014Z-d833d0,feature_network_rebuild,ГО Стерлитамак,МР Гафурийский,0.0,100
v5-20261009T121014Z-d833d0,feature_network_rebuild,ГО Стерлитамак,МР Давлекановский,0.0,100
v5-20261009T121014Z-d833d0,feature_network_rebuild,ГО Стерлитамак,МР Дуванский,0.0,100
v5-20261009T121014Z-d833d0,feature_network_rebuild,ГО Стерлитамак,МР Дюртюлинский,1.0,100
v5-20261009T121014Z-d833d0,feature_network_rebuild,ГО Стерлитамак,МР Ермекеевский,0.0,100
v5-20261009T121014Z-d833d0,feature_network_rebuild,ГО Стерлитамак,МР Зианчуринский,0.0,100
v5-20261009T121014Z-d833d0,feature_network_rebuild,ГО Стерлитамак,МР Зилаирский,0.0,100
v5-20261009T121014Z-d833d0,feature_network_rebuild,ГО Стерлитамак,МР Иглинский,1.0,100
v5-20261009T121014Z-d833d0,feature_network_rebuild,ГО Стерлитамак,МР Илишевский,0.0,100
v5-20261009T121014Z-d833d0,feature_network_rebuild,ГО Стерлитамак,МР Ишимбайский,1.0,100
v5-20261009T121014Z-d833d0,feature_network_rebuild,ГО Стерлитамак,МР Калтасинский,0.0,100
v5-20261009T121014Z-d833d0,feature_network_rebuild,ГО Стерлитамак,МР Караидельский,0.0,100
v5-20261009T121014Z-d833d0,feature_network_rebuild,ГО Стерлитамак,МР Кармаскалинский,0.0,100
v5-20261009T121014Z-d833d0,feature_network_rebuild,ГО Стерлитамак,МР Кигинский,0.0,100
v5-20261009T121014Z-d833d0,feature_network_rebuild,ГО Стерлитамак,МР Краснокамский,0.0,100
v5-20261009T121014Z-d833d0,feature_network_rebuild,ГО Стерлитамак,МР Кугарчинский,0.0,100
v5-20261009T121014Z-d833d0,feature_network_rebuild,ГО Стерлитамак,МР Кушнаренковский,0.0,100
v5-20261009T121014Z-d833d0,feature_network_rebuild,ГО Стерлитамак,МР Куюргазинский,0.0,100
v5-20261009T121014Z-d833d0,feature_network_rebuild,ГО Стерлитамак,МР Мелеузовский,1.0,100
v5-20261009T121014Z-d833d0,feature_network_rebuild,ГО Стерлитамак,МР Мечетлинский,0.0,100
v5-20261009T121014Z-d833d0,feature_network_rebuild,ГО Стерлитамак,МР Мишкинский,0.0,100
v5-20261009T121014Z-d833d0,feature_network_rebuild,ГО Стерлитамак,МР Миякинский,0.0,100
v5-20261009T121014Z-d833d0,feature_network_rebuild,ГО Стерлитамак,МР Нуримановский,0.0,100
v5-20261009T121014Z-d833d0,feature_network_rebuild,ГО Стерлитамак,МР Салаватский,0.0,100
v5-20261009T121014Z-d833d0,feature_network_rebuild,ГО Стерлитамак,МР Стерлибашевский,0.0,100
v5-20261009T121014Z-d833d0,feature_network_rebuild,ГО Стерлитамак,МР Стерлитамакский,1.0,100
v5-20261009T121014Z-d833d0,feature_network_rebuild,ГО Стерлитамак,МР Татышлинский,0.0,100
v5-20261009T121014Z-d833d0,feature_network_rebuild,ГО Стерлитамак,МР Туймазинский,1.0,100
v5-20261009T121014Z-d833d0,feature_network_rebuild,ГО Стерлитамак,МР Уфимский,1.0,100
v5-20261009T121014Z-d833d0,feature_network_rebuild,ГО Стерлитамак,МР Учалинский,1.0,100
v5-20261009T121014Z-d833d0,feature_network_rebuild,ГО Стерлитамак,МР Федоровский,0.0,100
v5-20261009T121014Z-d833d0,feature_network_rebuild,ГО Стерлитамак,МР Хайбуллинский,0.0,100
v5-20261009T121014Z-d833d0,feature_network_rebuild,ГО Стерлитамак,МР Чекмагушевский,0.0,100
v5-20261009T121014Z-d833d0,feature_network_rebuild,ГО Стерлитамак,МР Чишминский,1.0,100
v5-20261009T121014Z-d833d0,feature_network_rebuild,ГО Стерлитамак,МР Шаранский,0.0,100
v5-20261009T121014Z-d833d0,feature_network_rebuild,ГО Стерлитамак,МР Янаульский,1.0,100
v5-20261009T121014Z-d833d0,feature_network_rebuild,ГО Уфа,МР Абзелиловский,0.0,100
v5-20261009T121014Z-d833d0,feature_network_rebuild,ГО Уфа,МР Альшеевский,0.0,100
v5-20261009T121014Z-d833d0,feature_network_rebuild,ГО Уфа,МР Архангельский,0.0,100
v5-20261009T121014Z-d833d0,feature_network_rebuild,ГО Уфа,МР Аскинский,0.0,100
v5-20261009T121014Z-d833d0,feature_network_rebuild,ГО Уфа,МР Аургазинский,0.0,100
v5-20261009T121014Z-d833d0,feature_network_rebuild,ГО Уфа,МР Баймакский,0.0,100
v5-20261009T121014Z-d833d0,feature_network_rebuild,ГО Уфа,МР Бакалинский,0.0,100
v5-20261009T121014Z-d833d0,feature_network_rebuild,ГО Уфа,МР Балтачевский,0.0,100
v5-20261009T121014Z-d833d0,feature_network_rebuild,ГО Уфа,МР Белебеевский,1.0,100
v5-20261009T121014Z-d833d0,feature_network_rebuild,ГО Уфа,МР Белокатайский,0.0,100
v5-20261009T121014Z-d833d0,feature_network_rebuild,ГО Уфа,МР Белорецкий,1.0,100
v5-20261009T121014Z-d833d0,feature_network_rebuild,ГО Уфа,МР Бижбулякский,0.0,100
v5-20261009T121014Z-d833d0,feature_network_rebuild,ГО Уфа,МР Бирский,1.0,100
v5-20261009T121014Z-d833d0,feature_network_rebuild,ГО Уфа,МР Благоварский,0.0,100
v5-20261009T121014Z-d833d0,feature_network_rebuild,ГО Уфа,МР Благовещенский,1.0,100
v5-20261009T121014Z-d833d0,feature_network_rebuild,ГО Уфа,МР Буздякский,0.0,100
v5-20261009T121014Z-d833d0,feature_network_rebuild,ГО Уфа,МР Бураевский,0.0,100
v5-20261009T121014Z-d833d0,feature_network_rebuild,ГО Уфа,МР Бурзянский,0.0,100
v5-20261009T121014Z-d833d0,feature_network_rebuild,ГО Уфа,МР Гафурийский,0.0,100
v5-20261009T121014Z-d833d0,feature_network_rebuild,ГО Уфа,МР Давлекановский,0.0,100
v5-20261009T121014Z-d833d0,feature_network_rebuild,ГО Уфа,МР Дуванский,0.0,100
v5-20261009T121014Z-d833d0,feature_network_rebuild,ГО Уфа,МР Дюртюлинский,1.0,100
v5-20261009T121014Z-d833d0,feature_network_rebuild,ГО Уфа,МР Ермекеевский,0.0,100
v5-20261009T121014Z-d833d0,feature_network_rebuild,ГО Уфа,МР Зианчуринский,0.0,100
v5-20261009T121014Z-d833d0,feature_network_rebuild,ГО Уфа,МР Зилаирский,0.0,100
v5-20261009T121014Z-d833d0,feature_network_rebuild,ГО Уфа,МР Иглинский,1.0,100
v5-20261009T121014Z-d833d0,feature_network_rebuild,ГО Уфа,МР Илишевский,0.0,100
v5-20261009T121014Z-d833d0,feature_network_rebuild,ГО Уфа,МР Ишимбайский,1.0,100
v5-20261009T121014Z-d833d0,feature_network_rebuild,ГО Уфа,МР Калтасинский,0.0,100
v5-20261009T121014Z-d833d0,feature_network_rebuild,ГО Уфа,МР Караидельский,0.0,100
v5-20261009T121014Z-d833d0,feature_network_rebuild,ГО Уфа,МР Кармаскалинский,0.0,100
v5-20261009T121014Z-d833d0,feature_network_rebuild,ГО Уфа,МР Кигинский,0.0,100
v5-20261009T121014Z-d833d0,feature_network_rebuild,ГО Уфа,МР Краснокамский,0.0,100
v5-20261009T121014Z-d833d0,feature_network_rebuild,ГО Уфа,МР Кугарчинский,0.0,100
v5-20261009T121014Z-d833d0,feature_network_rebuild,ГО Уфа,МР Кушнаренковский,0.0,100
v5-20261009T121014Z-d833d0,feature_network_rebuild,ГО Уфа,МР Куюргазинский,0.0,100
v5-20261009T121014Z-d833d0,feature_network_rebuild,ГО Уфа,МР Мелеузовский,1.0,100
v5-20261009T121014Z-d833d0,feature_network_rebuild,ГО Уфа,МР Мечетлинский,0.0,100
v5-20261009T121014Z-d833d0,feature_network_rebuild,ГО Уфа,МР Мишкинский,0.0,100
v5-20261009T121014Z-d833d0,feature_network_rebuild,ГО Уфа,МР Миякинский,0.0,100
v5-20261009T121014Z-d833d0,feature_network_rebuild,ГО Уфа,МР Нуримановский,0.0,100
v5-20261009T121014Z-d833d0,feature_network_rebuild,ГО Уфа,МР Салаватский,0.0,100
v5-20261009T121014Z-d833d0,feature_network_rebuild,ГО Уфа,МР Стерлибашевский,0.0,100
v5-20261009T121014Z-d833d0,feature_network_rebuild,ГО Уфа,МР Стерлитамакский,1.0,100
v5-20261009T121014Z-d833d0,feature_network_rebuild,ГО Уфа,МР Татышлинский,0.0,100
v5-20261009T121014Z-d833d0,feature_network_rebuild,ГО Уфа,МР Туймазинский,1.0,100
v5-20261009T121014Z-d833d0,feature_network_rebuild,ГО Уфа,МР Уфимский,1.0,100
v5-20261009T121014Z-d833d0,feature_network_rebuild,ГО Уфа,МР Учалинский,1.0,100
v5-20261009T121014Z-d833d0,feature_network_rebuild,ГО Уфа,МР Федоровский,0.0,100
v5-20261009T121014Z-d833d0,feature_network_rebuild,ГО Уфа,МР Хайбуллинский,0.0,100
v5-20261009T121014Z-d833d0,feature_network_rebuild,ГО Уфа,МР Чекмагушевский,0.0,100
v5-20261009T121014Z-d833d0,feature_network_rebuild,ГО Уфа,МР Чишминский,1.0,100
v5-20261009T121014Z-d833d0,feature_network_rebuild,ГО Уфа,МР Шаранский,0.0,100
v5-20261009T121014Z-d833d0,feature_network_rebuild,ГО Уфа,МР Янаульский,1.0,100
v5-20261009T121014Z-d833d0,feature_network_rebuild,МР Абзелиловский,МР Альшеевский,0.0,100
v5-20261009T121014Z-d833d0,feature_network_rebuild,МР Абзелиловский,МР Архангельский,0.0,100
v5-20261009T121014Z-d833d0,feature_network_rebuild,МР Абзелиловский,МР Аскинский,0.75,100
v5-20261009T121014Z-d833d0,feature_network_rebuild,МР Абзелиловский,МР Аургазинский,0.0,100
v5-20261009T121014Z-d833d0,feature_network_rebuild,МР Абзелиловский,МР Баймакский,1.0,100
v5-20261009T121014Z-d833d0,feature_network_rebuild,МР Абзелиловский,МР Бакалинский,0.0,100
v5-20261009T121014Z-d833d0,feature_network_rebuild,МР Абзелиловский,МР Балтачевский,0.0,100
v5-20261009T121014Z-d833d0,feature_network_rebuild,МР Абзелиловский,МР Белебеевский,0.0,100
v5-20261009T121014Z-d833d0,feature_network_rebuild,МР Абзелиловский,МР Белокатайский,0.95,100
v5-20261009T121014Z-d833d0,feature_network_rebuild,МР Абзелиловский,МР Белорецкий,0.0,100
v5-20261009T121014Z-d833d0,feature_network_rebuild,МР Абзелиловский,МР Бижбулякский,0.0,100
v5-20261009T121014Z-d833d0,feature_network_rebuild,МР Абзелиловский,МР Бирский,0.0,100
v5-20261009T121014Z-d833d0,feature_network_rebuild,МР Абзелиловский,МР Благоварский,0.0,100
v5-20261009T121014Z-d833d0,feature_network_rebuild,МР Абзелиловский,МР Благовещенский,0.0,100
v5-20261009T121014Z-d833d0,feature_network_rebuild,МР Абзелиловский,МР Буздякский,0.0,100
v5-20261009T121014Z-d833d0,feature_network_rebuild,МР Абзелиловский,МР Бураевский,0.0,100
v5-20261009T121014Z-d833d0,feature_network_rebuild,МР Абзелиловский,МР Бурзянский,1.0,100
v5-20261009T121014Z-d833d0,feature_network_rebuild,МР Абзелиловский,МР Гафурийский,0.38,100
v5-20261009T121014Z-d833d0,feature_network_rebuild,МР Абзелиловский,МР Давлекановский,0.0,100
v5-20261009T121014Z-d833d0,feature_network_rebuild,МР Абзелиловский,МР Дуванский,0.99,100
v5-20261009T121014Z-d833d0,feature_network_rebuild,МР Абзелиловский,МР Дюртюлинский,0.0,100
v5-20261009T121014Z-d833d0,feature_network_rebuild,МР Абзелиловский,МР Ермекеевский,0.0,100
v5-20261009T121014Z-d833d0,feature_network_rebuild,МР Абзелиловский,МР Зианчуринский,0.94,100
v5-20261009T121014Z-d833d0,feature_network_rebuild,МР Абзелиловский,МР Зилаирский,1.0,100
v5-20261009T121014Z-d833d0,feature_network_rebuild,МР Абзелиловский,МР Иглинский,0.0,100
v5-20261009T121014Z-d833d0,feature_network_rebuild,МР Абзелиловский,МР Илишевский,0.01,100
v5-20261009T121014Z-d833d0,feature_network_rebuild,МР Абзелиловский,МР Ишимбайский,0.0,100
v5-20261009T121014Z-d833d0,feature_network_rebuild,МР Абзелиловский,МР Калтасинский,0.0,100
v5-20261009T121014Z-d833d0,feature_network_rebuild,МР Абзелиловский,МР Караидельский,0.0,100
v5-20261009T121014Z-d833d0,feature_network_rebuild,МР Абзелиловский,МР Кармаскалинский,0.24,100
v5-20261009T121014Z-d833d0,feature_network_rebuild,МР Абзелиловский,МР Кигинский,0.95,100
v5-20261009T121014Z-d833d0,feature_network_rebuild,МР Абзелиловский,МР Краснокамский,0.0,100
v5-20261009T121014Z-d833d0,feature_network_rebuild,МР Абзелиловский,МР Кугарчинский,0.92,100
v5-20261009T121014Z-d833d0,feature_network_rebuild,МР Абзелиловский,МР Кушнаренковский,0.0,100
v5-20261009T121014Z-d833d0,feature_network_rebuild,МР Абзелиловский,МР Куюргазинский,0.0,100
v5-20261009T121014Z-d833d0,feature_network_rebuild,МР Абзелиловский,МР Мелеузовский,0.0,100
v5-20261009T121014Z-d833d0,feature_network_rebuild,МР Абзелиловский,МР Мечетлинский,0.95,100
v5-20261009T121014Z-d833d0,feature_network_rebuild,МР Абзелиловский,МР Мишкинский,0.0,100
v5-20261009T121014Z-d833d0,feature_network_rebuild,МР Абзелиловский,МР Миякинский,0.0,100
v5-20261009T121014Z-d833d0,feature_network_rebuild,МР Абзелиловский,МР Нуримановский,0.0,100
v5-20261009T121014Z-d833d0,feature_network_rebuild,МР Абзелиловский,МР Салаватский,1.0,100
v5-20261009T121014Z-d833d0,feature_network_rebuild,МР Абзелиловский,МР Стерлибашевский,0.0,100
v5-20261009T121014Z-d833d0,feature_network_rebuild,МР Абзелиловский,МР Стерлитамакский,0.0,100
v5-20261009T121014Z-d833d0,feature_network_rebuild,МР Абзелиловский,МР Татышлинский,0.92,100
v5-20261009T121014Z-d833d0,feature_network_rebuild,МР Абзелиловский,МР Туймазинский,0.0,100
v5-20261009T121014Z-d833d0,feature_network_rebuild,МР Абзелиловский,МР Уфимский,0.0,100
v5-20261009T121014Z-d833d0,feature_network_rebuild,МР Абзелиловский,МР Учалинский,0.0,100
v5-20261009T121014Z-d833d0,feature_network_rebuild,МР Абзелиловский,МР Федоровский,0.0,100
v5-20261009T121014Z-d833d0,feature_network_rebuild,МР Абзелиловский,МР Хайбуллинский,1.0,100
v5-20261009T121014Z-d833d0,feature_network_rebuild,МР Абзелиловский,МР Чекмагушевский,0.0,100
v5-20261009T121014Z-d833d0,feature_network_rebuild,МР Абзелиловский,МР Чишминский,0.0,100
v5-20261009T121014Z-d833d0,feature_network_rebuild,МР Абзелиловский,МР Шаранский,0.0,100
v5-20261009T121014Z-d833d0,feature_network_rebuild,МР Абзелиловский,МР Янаульский,0.0,100
v5-20261009T121014Z-d833d0,feature_network_rebuild,МР Альшеевский,МР Архангельский,1.0,100
v5-20261009T121014Z-d833d0,feature_network_rebuild,МР Альшеевский,МР Аскинский,0.25,100
v5-20261009T121014Z-d833d0,feature_network_rebuild,МР Альшеевский,МР Аургазинский,1.0,100
v5-20261009T121014Z-d833d0,feature_network_rebuild,МР Альшеевский,МР Баймакский,0.0,100
v5-20261009T121014Z-d833d0,feature_network_rebuild,МР Альшеевский,МР Бакалинский,1.0,100
v5-20261009T121014Z-d833d0,feature_network_rebuild,МР Альшеевский,МР Балтачевский,1.0,100
v5-20261009T121014Z-d833d0,feature_network_rebuild,МР Альшеевский,МР Белебеевский,0.0,100
v5-20261009T121014Z-d833d0,feature_network_rebuild,МР Альшеевский,МР Белокатайский,0.05,100
v5-20261009T121014Z-d833d0,feature_network_rebuild,МР Альшеевский,МР Белорецкий,0.0,100
v5-20261009T121014Z-d833d0,feature_network_rebuild,МР Альшеевский,МР Бижбулякский,1.0,100
v5-20261009T121014Z-d833d0,feature_network_rebuild,МР Альшеевский,МР Бирский,0.0,100
v5-20261009T121014Z-d833d0,feature_network_rebuild,МР Альшеевский,МР Благоварский,1.0,100
v5-20261009T121014Z-d833d0,feature_network_rebuild,МР Альшеевский,МР Благовещенский,0.0,100
v5-20261009T121014Z-d833d0,feature_network_rebuild,МР Альшеевский,МР Буздякский,1.0,100
v5-20261009T121014Z-d833d0,feature_network_rebuild,МР Альшеевский,МР Бураевский,1.0,100
v5-20261009T121014Z-d833d0,feature_network_rebuild,МР Альшеевский,МР Бурзянский,0.0,100
v5-20261009T121014Z-d833d0,feature_network_rebuild,МР Альшеевский,МР Гафурийский,0.62,100
v5-20261009T121014Z-d833d0,feature_network_rebuild,МР Альшеевский,МР Давлекановский,1.0,100
v5-20261009T121014Z-d833d0,feature_network_rebuild,МР Альшеевский,МР Дуванский,0.01,100
v5-20261009T121014Z-d833d0,feature_network_rebuild,МР Альшеевский,МР Дюртюлинский,0.0,100
v5-20261009T121014Z-d833d0,feature_network_rebuild,МР Альшеевский,МР Ермекеевский,1.0,100
v5-20261009T121014Z-d833d0,feature_network_rebuild,МР Альшеевский,МР Зианчуринский,0.06,100
v5-20261009T121014Z-d833d0,feature_network_rebuild,МР Альшеевский,МР Зилаирский,0.0,100
v5-20261009T121014Z-d833d0,feature_network_rebuild,МР Альшеевский,МР Иглинский,0.0,100
v5-20261009T121014Z-d833d0,feature_network_rebuild,МР Альшеевский,МР Илишевский,0.99,100
v5-20261009T121014Z-d833d0,feature_network_rebuild,МР Альшеевский,МР Ишимбайский,0.0,100
v5-20261009T121014Z-d833d0,feature_network_rebuild,МР Альшеевский,МР Калтасинский,1.0,100
v5-20261009T121014Z-d833d0,feature_network_rebuild,МР Альшеевский,МР Караидельский,1.0,100
v5-20261009T121014Z-d833d0,feature_network_rebuild,МР Альшеевский,МР Кармаскалинский,0.76,100
v5-20261009T121014Z-d833d0,feature_network_rebuild,МР Альшеевский,МР Кигинский,0.05,100
v5-20261009T121014Z-d833d0,feature_network_rebuild,МР Альшеевский,МР Краснокамский,1.0,100
v5-20261009T121014Z-d833d0,feature_network_rebuild,МР Альшеевский,МР Кугарчинский,0.08,100
v5-20261009T121014Z-d833d0,feature_network_rebuild,МР Альшеевский,МР Кушнаренковский,1.0,100
v5-20261009T121014Z-d833d0,feature_network_rebuild,МР Альшеевский,МР Куюргазинский,1.0,100
v5-20261009T121014Z-d833d0,feature_network_rebuild,МР Альшеевский,МР Мелеузовский,0.0,100
v5-20261009T121014Z-d833d0,feature_network_rebuild,МР Альшеевский,МР Мечетлинский,0.05,100
v5-20261009T121014Z-d833d0,feature_network_rebuild,МР Альшеевский,МР Мишкинский,1.0,100
v5-20261009T121014Z-d833d0,feature_network_rebuild,МР Альшеевский,МР Миякинский,1.0,100
v5-20261009T121014Z-d833d0,feature_network_rebuild,МР Альшеевский,МР Нуримановский,1.0,100
v5-20261009T121014Z-d833d0,feature_network_rebuild,МР Альшеевский,МР Салаватский,0.0,100
v5-20261009T121014Z-d833d0,feature_network_rebuild,МР Альшеевский,МР Стерлибашевский,1.0,100
v5-20261009T121014Z-d833d0,feature_network_rebuild,МР Альшеевский,МР Стерлитамакский,0.0,100
v5-20261009T121014Z-d833d0,feature_network_rebuild,МР Альшеевский,МР Татышлинский,0.08,100
v5-20261009T121014Z-d833d0,feature_network_rebuild,МР Альшеевский,МР Туймазинский,0.0,100
v5-20261009T121014Z-d833d0,feature_network_rebuild,МР Альшеевский,МР Уфимский,0.0,100
v5-20261009T121014Z-d833d0,feature_network_rebuild,МР Альшеевский,МР Учалинский,0.0,100
v5-20261009T121014Z-d833d0,feature_network_rebuild,МР Альшеевский,МР Федоровский,1.0,100
v5-20261009T121014Z-d833d0,feature_network_rebuild,МР Альшеевский,МР Хайбуллинский,0.0,100
v5-20261009T121014Z-d833d0,feature_network_rebuild,МР Альшеевский,МР Чекмагушевский,1.0,100
v5-20261009T121014Z-d833d0,feature_network_rebuild,МР Альшеевский,МР Чишминский,0.0,100
v5-20261009T121014Z-d833d0,feature_network_rebuild,МР Альшеевский,МР Шаранский,1.0,100
v5-20261009T121014Z-d833d0,feature_network_rebuild,МР Альшеевский,МР Янаульский,0.0,100
v5-20261009T121014Z-d833d0,feature_network_rebuild,МР Архангельский,МР Аскинский,0.25,100
v5-20261009T121014Z-d833d0,feature_network_rebuild,МР Архангельский,МР Аургазинский,1.0,100
v5-20261009T121014Z-d833d0,feature_network_rebuild,МР Архангельский,МР Баймакский,0.0,100
v5-20261009T121014Z-d833d0,feature_network_rebuild,МР Архангельский,МР Бакалинский,1.0,100
v5-20261009T121014Z-d833d0,feature_network_rebuild,МР Архангельский,МР Балтачевский,1.0,100
v5-20261009T121014Z-d833d0,feature_network_rebuild,МР Архангельский,МР Белебеевский,0.0,100
v5-20261009T121014Z-d833d0,feature_network_rebuild,МР Архангельский,МР Белокатайский,0.05,100
v5-20261009T121014Z-d833d0,feature_network_rebuild,МР Архангельский,МР Белорецкий,0.0,100
v5-20261009T121014Z-d833d0,feature_network_rebuild,МР Архангельский,МР Бижбулякский,1.0,100
v5-20261009T121014Z-d833d0,feature_network_rebuild,МР Архангельский,МР Бирский,0.0,100
v5-20261009T121014Z-d833d0,feature_network_rebuild,МР Архангельский,МР Благоварский,1.0,100
v5-20261009T121014Z-d833d0,feature_network_rebuild,МР Архангельский,МР Благовещенский,0.0,100
v5-20261009T121014Z-d833d0,feature_network_rebuild,МР Архангельский,МР Буздякский,1.0,100
v5-20261009T121014Z-d833d0,feature_network_rebuild,МР Архангельский,МР Бураевский,1.0,100
v5-20261009T121014Z-d833d0,feature_network_rebuild,МР Архангельский,МР Бурзянский,0.0,100
v5-20261009T121014Z-d833d0,feature_network_rebuild,МР Архангельский,МР Гафурийский,0.62,100
v5-20261009T121014Z-d833d0,feature_network_rebuild,МР Архангельский,МР Давлекановский,1.0,100
v5-20261009T121014Z-d833d0,feature_network_rebuild,МР Архангельский,МР Дуванский,0.01,100
v5-20261009T121014Z-d833d0,feature_network_rebuild,МР Архангельский,МР Дюртюлинский,0.0,100
v5-20261009T121014Z-d833d0,feature_network_rebuild,МР Архангельский,МР Ермекеевский,1.0,100
v5-20261009T121014Z-d833d0,feature_network_rebuild,МР Архангельский,МР Зианчуринский,0.06,100
v5-20261009T121014Z-d833d0,feature_network_rebuild,МР Архангельский,МР Зилаирский,0.0,100
v5-20261009T121014Z-d833d0,feature_network_rebuild,МР Архангельский,МР Иглинский,0.0,100
v5-20261009T121014Z-d833d0,feature_network_rebuild,МР Архангельский,МР Илишевский,0.99,100
v5-20261009T121014Z-d833d0,feature_network_rebuild,МР Архангельский,МР Ишимбайский,0.0,100
v5-20261009T121014Z-d833d0,feature_network_rebuild,МР Архангельский,МР Калтасинский,1.0,100
v5-20261009T121014Z-d833d0,feature_network_rebuild,МР Архангельский,МР Караидельский,1.0,100
v5-20261009T121014Z-d833d0,feature_network_rebuild,МР Архангельский,МР Кармаскалинский,0.76,100
v5-20261009T121014Z-d833d0,feature_network_rebuild,МР Архангельский,МР Кигинский,0.05,100
v5-20261009T121014Z-d833d0,feature_network_rebuild,МР Архангельский,МР Краснокамский,1.0,100
v5-20261009T121014Z-d833d0,feature_network_rebuild,МР Архангельский,МР Кугарчинский,0.08,100
v5-20261009T121014Z-d833d0,feature_network_rebuild,МР Архангельский,МР Кушнаренковский,1.0,100
v5-20261009T121014Z-d833d0,feature_network_rebuild,МР Архангельский,МР Куюргазинский,1.0,100
v5-20261009T121014Z-d833d0,feature_network_rebuild,МР Архангельский,МР Мелеузовский,0.0,100
v5-20261009T121014Z-d833d0,feature_network_rebuild,МР Архангельский,МР Мечетлинский,0.05,100
v5-20261009T121014Z-d833d0,feature_network_rebuild,МР Архангельский,МР Мишкинский,1.0,100
v5-20261009T121014Z-d833d0,feature_network_rebuild,МР Архангельский,МР Миякинский,1.0,100
v5-20261009T121014Z-d833d0,feature_network_rebuild,МР Архангельский,МР Нуримановский,1.0,100
v5-20261009T121014Z-d833d0,feature_network_rebuild,МР Архангельский,МР Салаватский,0.0,100
v5-20261009T121014Z-d833d0,feature_network_rebuild,МР Архангельский,МР Стерлибашевский,1.0,100
v5-20261009T121014Z-d833d0,feature_network_rebuild,МР Архангельский,МР Стерлитамакский,0.0,100
v5-20261009T121014Z-d833d0,feature_network_rebuild,МР Архангельский,МР Татышлинский,0.08,100
v5-20261009T121014Z-d833d0,feature_network_rebuild,МР Архангельский,МР Туймазинский,0.0,100
v5-20261009T121014Z-d833d0,feature_network_rebuild,МР Архангельский,МР Уфимский,0.0,100
v5-20261009T121014Z-d833d0,feature_network_rebuild,МР Архангельский,МР Учалинский,0.0,100
v5-20261009T121014Z-d833d0,feature_network_rebuild,МР Архангельский,МР Федоровский,1.0,100
v5-20261009T121014Z-d833d0,feature_network_rebuild,МР Архангельский,МР Хайбуллинский,0.0,100
v5-20261009T121014Z-d833d0,feature_network_rebuild,МР Архангельский,МР Чекмагушевский,1.0,100
v5-20261009T121014Z-d833d0,feature_network_rebuild,МР Архангельский,МР Чишминский,0.0,100
v5-20261009T121014Z-d833d0,feature_network_rebuild,МР Архангельский,МР Шаранский,1.0,100
v5-20261009T121014Z-d833d0,feature_network_rebuild,МР Архангельский,МР Янаульский,0.0,100
v5-20261009T121014Z-d833d0,feature_network_rebuild,МР Аскинский,МР Аургазинский,0.25,100
v5-20261009T121014Z-d833d0,feature_network_rebuild,МР Аскинский,МР Баймакский,0.75,100
v5-20261009T121014Z-d833d0,feature_network_rebuild,МР Аскинский,МР Бакалинский,0.25,100
v5-20261009T121014Z-d833d0,feature_network_rebuild,МР Аскинский,МР Балтачевский,0.25,100
v5-20261009T121014Z-d833d0,feature_network_rebuild,МР Аскинский,МР Белебеевский,0.0,100
v5-20261009T121014Z-d833d0,feature_network_rebuild,МР Аскинский,МР Белокатайский,0.8,100
v5-20261009T121014Z-d833d0,feature_network_rebuild,МР Аскинский,МР Белорецкий,0.0,100
v5-20261009T121014Z-d833d0,feature_network_rebuild,МР Аскинский,МР Бижбулякский,0.25,100
v5-20261009T121014Z-d833d0,feature_network_rebuild,МР Аскинский,МР Бирский,0.0,100
v5-20261009T121014Z-d833d0,feature_network_rebuild,МР Аскинский,МР Благоварский,0.25,100
v5-20261009T121014Z-d833d0,feature_network_rebuild,МР Аскинский,МР Благовещенский,0.0,100
v5-20261009T121014Z-d833d0,feature_network_rebuild,МР Аскинский,МР Буздякский,0.25,100
v5-20261009T121014Z-d833d0,feature_network_rebuild,МР Аскинский,МР Бураевский,0.25,100
v5-20261009T121014Z-d833d0,feature_network_rebuild,МР Аскинский,МР Бурзянский,0.75,100
v5-20261009T121014Z-d833d0,feature_network_rebuild,МР Аскинский,МР Гафурийский,0.33,100
v5-20261009T121014Z-d833d0,feature_network_rebuild,МР Аскинский,МР Давлекановский,0.25,100
v5-20261009T121014Z-d833d0,feature_network_rebuild,МР Аскинский,МР Дуванский,0.76,100
v5-20261009T121014Z-d833d0,feature_network_rebuild,МР Аскинский,МР Дюртюлинский,0.0,100
v5-20261009T121014Z-d833d0,feature_network_rebuild,МР Аскинский,МР Ермекеевский,0.25,100
v5-20261009T121014Z-d833d0,feature_network_rebuild,МР Аскинский,МР Зианчуринский,0.79,100
v5-20261009T121014Z-d833d0,feature_network_rebuild,МР Аскинский,МР Зилаирский,0.75,100
v5-20261009T121014Z-d833d0,feature_network_rebuild,МР Аскинский,МР Иглинский,0.0,100
v5-20261009T121014Z-d833d0,feature_network_rebuild,МР Аскинский,МР Илишевский,0.26,100
v5-20261009T121014Z-d833d0,feature_network_rebuild,МР Аскинский,МР Ишимбайский,0.0,100
v5-20261009T121014Z-d833d0,feature_network_rebuild,МР Аскинский,МР Калтасинский,0.25,100
v5-20261009T121014Z-d833d0,feature_network_rebuild,МР Аскинский,МР Караидельский,0.25,100
v5-20261009T121014Z-d833d0,feature_network_rebuild,МР Аскинский,МР Кармаскалинский,0.43,100
v5-20261009T121014Z-d833d0,feature_network_rebuild,МР Аскинский,МР Кигинский,0.8,100
v5-20261009T121014Z-d833d0,feature_network_rebuild,МР Аскинский,МР Краснокамский,0.25,100
v5-20261009T121014Z-d833d0,feature_network_rebuild,МР Аскинский,МР Кугарчинский,0.83,100
v5-20261009T121014Z-d833d0,feature_network_rebuild,МР Аскинский,МР Кушнаренковский,0.25,100
v5-20261009T121014Z-d833d0,feature_network_rebuild,МР Аскинский,МР Куюргазинский,0.25,100
v5-20261009T121014Z-d833d0,feature_network_rebuild,МР Аскинский,МР Мелеузовский,0.0,100
v5-20261009T121014Z-d833d0,feature_network_rebuild,МР Аскинский,МР Мечетлинский,0.8,100
v5-20261009T121014Z-d833d0,feature_network_rebuild,МР Аскинский,МР Мишкинский,0.25,100
v5-20261009T121014Z-d833d0,feature_network_rebuild,МР Аскинский,МР Миякинский,0.25,100
v5-20261009T121014Z-d833d0,feature_network_rebuild,МР Аскинский,МР Нуримановский,0.25,100
v5-20261009T121014Z-d833d0,feature_network_rebuild,МР Аскинский,МР Салаватский,0.75,100
v5-20261009T121014Z-d833d0,feature_network_rebuild,МР Аскинский,МР Стерлибашевский,0.25,100
v5-20261009T121014Z-d833d0,feature_network_rebuild,МР Аскинский,МР Стерлитамакский,0.0,100
v5-20261009T121014Z-d833d0,feature_network_rebuild,МР Аскинский,МР Татышлинский,0.83,100
v5-20261009T121014Z-d833d0,feature_network_rebuild,МР Аскинский,МР Туймазинский,0.0,100
v5-20261009T121014Z-d833d0,feature_network_rebuild,МР Аскинский,МР Уфимский,0.0,100
v5-20261009T121014Z-d833d0,feature_network_rebuild,МР Аскинский,МР Учалинский,0.0,100
v5-20261009T121014Z-d833d0,feature_network_rebuild,МР Аскинский,МР Федоровский,0.25,100
v5-20261009T121014Z-d833d0,feature_network_rebuild,МР Аскинский,МР Хайбуллинский,0.75,100
v5-20261009T121014Z-d833d0,feature_network_rebuild,МР Аскинский,МР Чекмагушевский,0.25,100
v5-20261009T121014Z-d833d0,feature_network_rebuild,МР Аскинский,МР Чишминский,0.0,100
v5-20261009T121014Z-d833d0,feature_network_rebuild,МР Аскинский,МР Шаранский,0.25,100
v5-20261009T121014Z-d833d0,feature_network_rebuild,МР Аскинский,МР Янаульский,0.0,100
v5-20261009T121014Z-d833d0,feature_network_rebuild,МР Аургазинский,МР Баймакский,0.0,100
v5-20261009T121014Z-d833d0,feature_network_rebuild,МР Аургазинский,МР Бакалинский,1.0,100
v5-20261009T121014Z-d833d0,feature_network_rebuild,МР Аургазинский,МР Балтачевский,1.0,100
v5-20261009T121014Z-d833d0,feature_network_rebuild,МР Аургазинский,МР Белебеевский,0.0,100
v5-20261009T121014Z-d833d0,feature_network_rebuild,МР Аургазинский,МР Белокатайский,0.05,100
v5-20261009T121014Z-d833d0,feature_network_rebuild,МР Аургазинский,МР Белорецкий,0.0,100
v5-20261009T121014Z-d833d0,feature_network_rebuild,МР Аургазинский,МР Бижбулякский,1.0,100
v5-20261009T121014Z-d833d0,feature_network_rebuild,МР Аургазинский,МР Бирский,0.0,100
v5-20261009T121014Z-d833d0,feature_network_rebuild,МР Аургазинский,МР Благоварский,1.0,100
v5-20261009T121014Z-d833d0,feature_network_rebuild,МР Аургазинский,МР Благовещенский,0.0,100
v5-20261009T121014Z-d833d0,feature_network_rebuild,МР Аургазинский,МР Буздякский,1.0,100
v5-20261009T121014Z-d833d0,feature_network_rebuild,МР Аургазинский,МР Бураевский,1.0,100
v5-20261009T121014Z-d833d0,feature_network_rebuild,МР Аургазинский,МР Бурзянский,0.0,100
v5-20261009T121014Z-d833d0,feature_network_rebuild,МР Аургазинский,МР Гафурийский,0.62,100
v5-20261009T121014Z-d833d0,feature_network_rebuild,МР Аургазинский,МР Давлекановский,1.0,100
v5-20261009T121014Z-d833d0,feature_network_rebuild,МР Аургазинский,МР Дуванский,0.01,100
v5-20261009T121014Z-d833d0,feature_network_rebuild,МР Аургазинский,МР Дюртюлинский,0.0,100
v5-20261009T121014Z-d833d0,feature_network_rebuild,МР Аургазинский,МР Ермекеевский,1.0,100
v5-20261009T121014Z-d833d0,feature_network_rebuild,МР Аургазинский,МР Зианчуринский,0.06,100
v5-20261009T121014Z-d833d0,feature_network_rebuild,МР Аургазинский,МР Зилаирский,0.0,100
v5-20261009T121014Z-d833d0,feature_network_rebuild,МР Аургазинский,МР Иглинский,0.0,100
v5-20261009T121014Z-d833d0,feature_network_rebuild,МР Аургазинский,МР Илишевский,0.99,100
v5-20261009T121014Z-d833d0,feature_network_rebuild,МР Аургазинский,МР Ишимбайский,0.0,100
v5-20261009T121014Z-d833d0,feature_network_rebuild,МР Аургазинский,МР Калтасинский,1.0,100
v5-20261009T121014Z-d833d0,feature_network_rebuild,МР Аургазинский,МР Караидельский,1.0,100
v5-20261009T121014Z-d833d0,feature_network_rebuild,МР Аургазинский,МР Кармаскалинский,0.76,100
v5-20261009T121014Z-d833d0,feature_network_rebuild,МР Аургазинский,МР Кигинский,0.05,100
v5-20261009T121014Z-d833d0,feature_network_rebuild,МР Аургазинский,МР Краснокамский,1.0,100
v5-20261009T121014Z-d833d0,feature_network_rebuild,МР Аургазинский,МР Кугарчинский,0.08,100
v5-20261009T121014Z-d833d0,feature_network_rebuild,МР Аургазинский,МР Кушнаренковский,1.0,100
v5-20261009T121014Z-d833d0,feature_network_rebuild,МР Аургазинский,МР Куюргазинский,1.0,100
v5-20261009T121014Z-d833d0,feature_network_rebuild,МР Аургазинский,МР Мелеузовский,0.0,100
v5-20261009T121014Z-d833d0,feature_network_rebuild,МР Аургазинский,МР Мечетлинский,0.05,100
v5-20261009T121014Z-d833d0,feature_network_rebuild,МР Аургазинский,МР Мишкинский,1.0,100
v5-20261009T121014Z-d833d0,feature_network_rebuild,МР Аургазинский,МР Миякинский,1.0,100
v5-20261009T121014Z-d833d0,feature_network_rebuild,МР Аургазинский,МР Нуримановский,1.0,100
v5-20261009T121014Z-d833d0,feature_network_rebuild,МР Аургазинский,МР Салаватский,0.0,100
v5-20261009T121014Z-d833d0,feature_network_rebuild,МР Аургазинский,МР Стерлибашевский,1.0,100
v5-20261009T121014Z-d833d0,feature_network_rebuild,МР Аургазинский,МР Стерлитамакский,0.0,100
v5-20261009T121014Z-d833d0,feature_network_rebuild,МР Аургазинский,МР Татышлинский,0.08,100
v5-20261009T121014Z-d833d0,feature_network_rebuild,МР Аургазинский,МР Туймазинский,0.0,100
v5-20261009T121014Z-d833d0,feature_network_rebuild,МР Аургазинский,МР Уфимский,0.0,100
v5-20261009T121014Z-d833d0,feature_network_rebuild,МР Аургазинский,МР Учалинский,0.0,100
v5-20261009T121014Z-d833d0,feature_network_rebuild,МР Аургазинский,МР Федоровский,1.0,100
v5-20261009T121014Z-d833d0,feature_network_rebuild,МР Аургазинский,МР Хайбуллинский,0.0,100
v5-20261009T121014Z-d833d0,feature_network_rebuild,МР Аургазинский,МР Чекмагушевский,1.0,100
v5-20261009T121014Z-d833d0,feature_network_rebuild,МР Аургазинский,МР Чишминский,0.0,100
v5-20261009T121014Z-d833d0,feature_network_rebuild,МР Аургазинский,МР Шаранский,1.0,100
v5-20261009T121014Z-d833d0,feature_network_rebuild,МР Аургазинский,МР Янаульский,0.0,100
v5-20261009T121014Z-d833d0,feature_network_rebuild,МР Баймакский,МР Бакалинский,0.0,100
v5-20261009T121014Z-d833d0,feature_network_rebuild,МР Баймакский,МР Балтачевский,0.0,100
v5-20261009T121014Z-d833d0,feature_network_rebuild,МР Баймакский,МР Белебеевский,0.0,100
v5-20261009T121014Z-d833d0,feature_network_rebuild,МР Баймакский,МР Белокатайский,0.95,100
v5-20261009T121014Z-d833d0,feature_network_rebuild,МР Баймакский,МР Белорецкий,0.0,100
v5-20261009T121014Z-d833d0,feature_network_rebuild,МР Баймакский,МР Бижбулякский,0.0,100
v5-20261009T121014Z-d833d0,feature_network_rebuild,МР Баймакский,МР Бирский,0.0,100
v5-20261009T121014Z-d833d0,feature_network_rebuild,МР Баймакский,МР Благоварский,0.0,100
v5-20261009T121014Z-d833d0,feature_network_rebuild,МР Баймакский,МР Благовещенский,0.0,100
v5-20261009T121014Z-d833d0,feature_network_rebuild,МР Баймакский,МР Буздякский,0.0,100
v5-20261009T121014Z-d833d0,feature_network_rebuild,МР Баймакский,МР Бураевский,0.0,100
v5-20261009T121014Z-d833d0,feature_network_rebuild,МР Баймакский,МР Бурзянский,1.0,100
v5-20261009T121014Z-d833d0,feature_network_rebuild,МР Баймакский,МР Гафурийский,0.38,100
v5-20261009T121014Z-d833d0,feature_network_rebuild,МР Баймакский,МР Давлекановский,0.0,100
v5-20261009T121014Z-d833d0,feature_network_rebuild,МР Баймакский,МР Дуванский,0.99,100
v5-20261009T121014Z-d833d0,feature_network_rebuild,МР Баймакский,МР Дюртюлинский,0.0,100
v5-20261009T121014Z-d833d0,feature_network_rebuild,МР Баймакский,МР Ермекеевский,0.0,100
v5-20261009T121014Z-d833d0,feature_network_rebuild,МР Баймакский,МР Зианчуринский,0.94,100
v5-20261009T121014Z-d833d0,feature_network_rebuild,МР Баймакский,МР Зилаирский,1.0,100
v5-20261009T121014Z-d833d0,feature_network_rebuild,МР Баймакский,МР Иглинский,0.0,100
v5-20261009T121014Z-d833d0,feature_network_rebuild,МР Баймакский,МР Илишевский,0.01,100
v5-20261009T121014Z-d833d0,feature_network_rebuild,МР Баймакский,МР Ишимбайский,0.0,100
v5-20261009T121014Z-d833d0,feature_network_rebuild,МР Баймакский,МР Калтасинский,0.0,100
v5-20261009T121014Z-d833d0,feature_network_rebuild,МР Баймакский,МР Караидельский,0.0,100
v5-20261009T121014Z-d833d0,feature_network_rebuild,МР Баймакский,МР Кармаскалинский,0.24,100
v5-20261009T121014Z-d833d0,feature_network_rebuild,МР Баймакский,МР Кигинский,0.95,100
v5-20261009T121014Z-d833d0,feature_network_rebuild,МР Баймакский,МР Краснокамский,0.0,100
v5-20261009T121014Z-d833d0,feature_network_rebuild,МР Баймакский,МР Кугарчинский,0.92,100
v5-20261009T121014Z-d833d0,feature_network_rebuild,МР Баймакский,МР Кушнаренковский,0.0,100
v5-20261009T121014Z-d833d0,feature_network_rebuild,МР Баймакский,МР Куюргазинский,0.0,100
v5-20261009T121014Z-d833d0,feature_network_rebuild,МР Баймакский,МР Мелеузовский,0.0,100
v5-20261009T121014Z-d833d0,feature_network_rebuild,МР Баймакский,МР Мечетлинский,0.95,100
v5-20261009T121014Z-d833d0,feature_network_rebuild,МР Баймакский,МР Мишкинский,0.0,100
v5-20261009T121014Z-d833d0,feature_network_rebuild,МР Баймакский,МР Миякинский,0.0,100
v5-20261009T121014Z-d833d0,feature_network_rebuild,МР Баймакский,МР Нуримановский,0.0,100
v5-20261009T121014Z-d833d0,feature_network_rebuild,МР Баймакский,МР Салаватский,1.0,100
v5-20261009T121014Z-d833d0,feature_network_rebuild,МР Баймакский,МР Стерлибашевский,0.0,100
v5-20261009T121014Z-d833d0,feature_network_rebuild,МР Баймакский,МР Стерлитамакский,0.0,100
v5-20261009T121014Z-d833d0,feature_network_rebuild,МР Баймакский,МР Татышлинский,0.92,100
v5-20261009T121014Z-d833d0,feature_network_rebuild,МР Баймакский,МР Туймазинский,0.0,100
v5-20261009T121014Z-d833d0,feature_network_rebuild,МР Баймакский,МР Уфимский,0.0,100
v5-20261009T121014Z-d833d0,feature_network_rebuild,МР Баймакский,МР Учалинский,0.0,100
v5-20261009T121014Z-d833d0,feature_network_rebuild,МР Баймакский,МР Федоровский,0.0,100
v5-20261009T121014Z-d833d0,feature_network_rebuild,МР Баймакский,МР Хайбуллинский,1.0,100
v5-20261009T121014Z-d833d0,feature_network_rebuild,МР Баймакский,МР Чекмагушевский,0.0,100
v5-20261009T121014Z-d833d0,feature_network_rebuild,МР Баймакский,МР Чишминский,0.0,100
v5-20261009T121014Z-d833d0,feature_network_rebuild,МР Баймакский,МР Шаранский,0.0,100
v5-20261009T121014Z-d833d0,feature_network_rebuild,МР Баймакский,МР Янаульский,0.0,100
v5-20261009T121014Z-d833d0,feature_network_rebuild,МР Бакалинский,МР Балтачевский,1.0,100
v5-20261009T121014Z-d833d0,feature_network_rebuild,МР Бакалинский,МР Белебеевский,0.0,100
v5-20261009T121014Z-d833d0,feature_network_rebuild,МР Бакалинский,МР Белокатайский,0.05,100
v5-20261009T121014Z-d833d0,feature_network_rebuild,МР Бакалинский,МР Белорецкий,0.0,100
v5-20261009T121014Z-d833d0,feature_network_rebuild,МР Бакалинский,МР Бижбулякский,1.0,100
v5-20261009T121014Z-d833d0,feature_network_rebuild,МР Бакалинский,МР Бирский,0.0,100
v5-20261009T121014Z-d833d0,feature_network_rebuild,МР Бакалинский,МР Благоварский,1.0,100
v5-20261009T121014Z-d833d0,feature_network_rebuild,МР Бакалинский,МР Благовещенский,0.0,100
v5-20261009T121014Z-d833d0,feature_network_rebuild,МР Бакалинский,МР Буздякский,1.0,100
v5-20261009T121014Z-d833d0,feature_network_rebuild,МР Бакалинский,МР Бураевский,1.0,100
v5-20261009T121014Z-d833d0,feature_network_rebuild,МР Бакалинский,МР Бурзянский,0.0,100
v5-20261009T121014Z-d833d0,feature_network_rebuild,МР Бакалинский,МР Гафурийский,0.62,100
v5-20261009T121014Z-d833d0,feature_network_rebuild,МР Бакалинский,МР Давлекановский,1.0,100
v5-20261009T121014Z-d833d0,feature_network_rebuild,МР Бакалинский,МР Дуванский,0.01,100
v5-20261009T121014Z-d833d0,feature_network_rebuild,МР Бакалинский,МР Дюртюлинский,0.0,100
v5-20261009T121014Z-d833d0,feature_network_rebuild,МР Бакалинский,МР Ермекеевский,1.0,100
v5-20261009T121014Z-d833d0,feature_network_rebuild,МР Бакалинский,МР Зианчуринский,0.06,100
v5-20261009T121014Z-d833d0,feature_network_rebuild,МР Бакалинский,МР Зилаирский,0.0,100
v5-20261009T121014Z-d833d0,feature_network_rebuild,МР Бакалинский,МР Иглинский,0.0,100
v5-20261009T121014Z-d833d0,feature_network_rebuild,МР Бакалинский,МР Илишевский,0.99,100
v5-20261009T121014Z-d833d0,feature_network_rebuild,МР Бакалинский,МР Ишимбайский,0.0,100
v5-20261009T121014Z-d833d0,feature_network_rebuild,МР Бакалинский,МР Калтасинский,1.0,100
v5-20261009T121014Z-d833d0,feature_network_rebuild,МР Бакалинский,МР Караидельский,1.0,100
v5-20261009T121014Z-d833d0,feature_network_rebuild,МР Бакалинский,МР Кармаскалинский,0.76,100
v5-20261009T121014Z-d833d0,feature_network_rebuild,МР Бакалинский,МР Кигинский,0.05,100
v5-20261009T121014Z-d833d0,feature_network_rebuild,МР Бакалинский,МР Краснокамский,1.0,100
v5-20261009T121014Z-d833d0,feature_network_rebuild,МР Бакалинский,МР Кугарчинский,0.08,100
v5-20261009T121014Z-d833d0,feature_network_rebuild,МР Бакалинский,МР Кушнаренковский,1.0,100
v5-20261009T121014Z-d833d0,feature_network_rebuild,МР Бакалинский,МР Куюргазинский,1.0,100
v5-20261009T121014Z-d833d0,feature_network_rebuild,МР Бакалинский,МР Мелеузовский,0.0,100
v5-20261009T121014Z-d833d0,feature_network_rebuild,МР Бакалинский,МР Мечетлинский,0.05,100
v5-20261009T121014Z-d833d0,feature_network_rebuild,МР Бакалинский,МР Мишкинский,1.0,100
v5-20261009T121014Z-d833d0,feature_network_rebuild,МР Бакалинский,МР Миякинский,1.0,100
v5-20261009T121014Z-d833d0,feature_network_rebuild,МР Бакалинский,МР Нуримановский,1.0,100
v5-20261009T121014Z-d833d0,feature_network_rebuild,МР Бакалинский,МР Салаватский,0.0,100
v5-20261009T121014Z-d833d0,feature_network_rebuild,МР Бакалинский,МР Стерлибашевский,1.0,100
v5-20261009T121014Z-d833d0,feature_network_rebuild,МР Бакалинский,МР Стерлитамакский,0.0,100
v5-20261009T121014Z-d833d0,feature_network_rebuild,МР Бакалинский,МР Татышлинский,0.08,100
v5-20261009T121014Z-d833d0,feature_network_rebuild,МР Бакалинский,МР Туймазинский,0.0,100
v5-20261009T121014Z-d833d0,feature_network_rebuild,МР Бакалинский,МР Уфимский,0.0,100
v5-20261009T121014Z-d833d0,feature_network_rebuild,МР Бакалинский,МР Учалинский,0.0,100
v5-20261009T121014Z-d833d0,feature_network_rebuild,МР Бакалинский,МР Федоровский,1.0,100
v5-20261009T121014Z-d833d0,feature_network_rebuild,МР Бакалинский,МР Хайбуллинский,0.0,100
v5-20261009T121014Z-d833d0,feature_network_rebuild,МР Бакалинский,МР Чекмагушевский,1.0,100
v5-20261009T121014Z-d833d0,feature_network_rebuild,МР Бакалинский,МР Чишминский,0.0,100
v5-20261009T121014Z-d833d0,feature_network_rebuild,МР Бакалинский,МР Шаранский,1.0,100
v5-20261009T121014Z-d833d0,feature_network_rebuild,МР Бакалинский,МР Янаульский,0.0,100
v5-20261009T121014Z-d833d0,feature_network_rebuild,МР Балтачевский,МР Белебеевский,0.0,100
v5-20261009T121014Z-d833d0,feature_network_rebuild,МР Балтачевский,МР Белокатайский,0.05,100
v5-20261009T121014Z-d833d0,feature_network_rebuild,МР Балтачевский,МР Белорецкий,0.0,100
v5-20261009T121014Z-d833d0,feature_network_rebuild,МР Балтачевский,МР Бижбулякский,1.0,100
v5-20261009T121014Z-d833d0,feature_network_rebuild,МР Балтачевский,МР Бирский,0.0,100
v5-20261009T121014Z-d833d0,feature_network_rebuild,МР Балтачевский,МР Благоварский,1.0,100
v5-20261009T121014Z-d833d0,feature_network_rebuild,МР Балтачевский,МР Благовещенский,0.0,100
v5-20261009T121014Z-d833d0,feature_network_rebuild,МР Балтачевский,МР Буздякский,1.0,100
v5-20261009T121014Z-d833d0,feature_network_rebuild,МР Балтачевский,МР Бураевский,1.0,100
v5-20261009T121014Z-d833d0,feature_network_rebuild,МР Балтачевский,МР Бурзянский,0.0,100
v5-20261009T121014Z-d833d0,feature_network_rebuild,МР Балтачевский,МР Гафурийский,0.62,100
v5-20261009T121014Z-d833d0,feature_network_rebuild,МР Балтачевский,МР Давлекановский,1.0,100
v5-20261009T121014Z-d833d0,feature_network_rebuild,МР Балтачевский,МР Дуванский,0.01,100
v5-20261009T121014Z-d833d0,feature_network_rebuild,МР Балтачевский,МР Дюртюлинский,0.0,100
v5-20261009T121014Z-d833d0,feature_network_rebuild,МР Балтачевский,МР Ермекеевский,1.0,100
v5-20261009T121014Z-d833d0,feature_network_rebuild,МР Балтачевский,МР Зианчуринский,0.06,100
v5-20261009T121014Z-d833d0,feature_network_rebuild,МР Балтачевский,МР Зилаирский,0.0,100
v5-20261009T121014Z-d833d0,feature_network_rebuild,МР Балтачевский,МР Иглинский,0.0,100
v5-20261009T121014Z-d833d0,feature_network_rebuild,МР Балтачевский,МР Илишевский,0.99,100
v5-20261009T121014Z-d833d0,feature_network_rebuild,МР Балтачевский,МР Ишимбайский,0.0,100
v5-20261009T121014Z-d833d0,feature_network_rebuild,МР Балтачевский,МР Калтасинский,1.0,100
v5-20261009T121014Z-d833d0,feature_network_rebuild,МР Балтачевский,МР Караидельский,1.0,100
v5-20261009T121014Z-d833d0,feature_network_rebuild,МР Балтачевский,МР Кармаскалинский,0.76,100
v5-20261009T121014Z-d833d0,feature_network_rebuild,МР Балтачевский,МР Кигинский,0.05,100
v5-20261009T121014Z-d833d0,feature_network_rebuild,МР Балтачевский,МР Краснокамский,1.0,100
v5-20261009T121014Z-d833d0,feature_network_rebuild,МР Балтачевский,МР Кугарчинский,0.08,100
v5-20261009T121014Z-d833d0,feature_network_rebuild,МР Балтачевский,МР Кушнаренковский,1.0,100
v5-20261009T121014Z-d833d0,feature_network_rebuild,МР Балтачевский,МР Куюргазинский,1.0,100
v5-20261009T121014Z-d833d0,feature_network_rebuild,МР Балтачевский,МР Мелеузовский,0.0,100
v5-20261009T121014Z-d833d0,feature_network_rebuild,МР Балтачевский,МР Мечетлинский,0.05,100
v5-20261009T121014Z-d833d0,feature_network_rebuild,МР Балтачевский,МР Мишкинский,1.0,100
v5-20261009T121014Z-d833d0,feature_network_rebuild,МР Балтачевский,МР Миякинский,1.0,100
v5-20261009T121014Z-d833d0,feature_network_rebuild,МР Балтачевский,МР Нуримановский,1.0,100
v5-20261009T121014Z-d833d0,feature_network_rebuild,МР Балтачевский,МР Салаватский,0.0,100
v5-20261009T121014Z-d833d0,feature_network_rebuild,МР Балтачевский,МР Стерлибашевский,1.0,100
v5-20261009T121014Z-d833d0,feature_network_rebuild,МР Балтачевский,МР Стерлитамакский,0.0,100
v5-20261009T121014Z-d833d0,feature_network_rebuild,МР Балтачевский,МР Татышлинский,0.08,100
v5-20261009T121014Z-d833d0,feature_network_rebuild,МР Балтачевский,МР Туймазинский,0.0,100
v5-20261009T121014Z-d833d0,feature_network_rebuild,МР Балтачевский,МР Уфимский,0.0,100
v5-20261009T121014Z-d833d0,feature_network_rebuild,МР Балтачевский,МР Учалинский,0.0,100
v5-20261009T121014Z-d833d0,feature_network_rebuild,МР Балтачевский,МР Федоровский,1.0,100
v5-20261009T121014Z-d833d0,feature_network_rebuild,МР Балтачевский,МР Хайбуллинский,0.0,100
v5-20261009T121014Z-d833d0,feature_network_rebuild,МР Балтачевский,МР Чекмагушевский,1.0,100
v5-20261009T121014Z-d833d0,feature_network_rebuild,МР Балтачевский,МР Чишминский,0.0,100
v5-20261009T121014Z-d833d0,feature_network_rebuild,МР Балтачевский,МР Шаранский,1.0,100
v5-20261009T121014Z-d833d0,feature_network_rebuild,МР Балтачевский,МР Янаульский,0.0,100
v5-20261009T121014Z-d833d0,feature_network_rebuild,МР Белебеевский,МР Белокатайский,0.0,100
v5-20261009T121014Z-d833d0,feature_network_rebuild,МР Белебеевский,МР Белорецкий,1.0,100
v5-20261009T121014Z-d833d0,feature_network_rebuild,МР Белебеевский,МР Бижбулякский,0.0,100
v5-20261009T121014Z-d833d0,feature_network_rebuild,МР Белебеевский,МР Бирский,1.0,100
v5-20261009T121014Z-d833d0,feature_network_rebuild,МР Белебеевский,МР Благоварский,0.0,100
v5-20261009T121014Z-d833d0,feature_network_rebuild,МР Белебеевский,МР Благовещенский,1.0,100
v5-20261009T121014Z-d833d0,feature_network_rebuild,МР Белебеевский,МР Буздякский,0.0,100
v5-20261009T121014Z-d833d0,feature_network_rebuild,МР Белебеевский,МР Бураевский,0.0,100
v5-20261009T121014Z-d833d0,feature_network_rebuild,МР Белебеевский,МР Бурзянский,0.0,100
v5-20261009T121014Z-d833d0,feature_network_rebuild,МР Белебеевский,МР Гафурийский,0.0,100
v5-20261009T121014Z-d833d0,feature_network_rebuild,МР Белебеевский,МР Давлекановский,0.0,100
v5-20261009T121014Z-d833d0,feature_network_rebuild,МР Белебеевский,МР Дуванский,0.0,100
v5-20261009T121014Z-d833d0,feature_network_rebuild,МР Белебеевский,МР Дюртюлинский,1.0,100
v5-20261009T121014Z-d833d0,feature_network_rebuild,МР Белебеевский,МР Ермекеевский,0.0,100
v5-20261009T121014Z-d833d0,feature_network_rebuild,МР Белебеевский,МР Зианчуринский,0.0,100
v5-20261009T121014Z-d833d0,feature_network_rebuild,МР Белебеевский,МР Зилаирский,0.0,100
v5-20261009T121014Z-d833d0,feature_network_rebuild,МР Белебеевский,МР Иглинский,1.0,100
v5-20261009T121014Z-d833d0,feature_network_rebuild,МР Белебеевский,МР Илишевский,0.0,100
v5-20261009T121014Z-d833d0,feature_network_rebuild,МР Белебеевский,МР Ишимбайский,1.0,100
v5-20261009T121014Z-d833d0,feature_network_rebuild,МР Белебеевский,МР Калтасинский,0.0,100
v5-20261009T121014Z-d833d0,feature_network_rebuild,МР Белебеевский,МР Караидельский,0.0,100
v5-20261009T121014Z-d833d0,feature_network_rebuild,МР Белебеевский,МР Кармаскалинский,0.0,100
v5-20261009T121014Z-d833d0,feature_network_rebuild,МР Белебеевский,МР Кигинский,0.0,100
v5-20261009T121014Z-d833d0,feature_network_rebuild,МР Белебеевский,МР Краснокамский,0.0,100
v5-20261009T121014Z-d833d0,feature_network_rebuild,МР Белебеевский,МР Кугарчинский,0.0,100
v5-20261009T121014Z-d833d0,feature_network_rebuild,МР Белебеевский,МР Кушнаренковский,0.0,100
v5-20261009T121014Z-d833d0,feature_network_rebuild,МР Белебеевский,МР Куюргазинский,0.0,100
v5-20261009T121014Z-d833d0,feature_network_rebuild,МР Белебеевский,МР Мелеузовский,1.0,100
v5-20261009T121014Z-d833d0,feature_network_rebuild,МР Белебеевский,МР Мечетлинский,0.0,100
v5-20261009T121014Z-d833d0,feature_network_rebuild,МР Белебеевский,МР Мишкинский,0.0,100
v5-20261009T121014Z-d833d0,feature_network_rebuild,МР Белебеевский,МР Миякинский,0.0,100
v5-20261009T121014Z-d833d0,feature_network_rebuild,МР Белебеевский,МР Нуримановский,0.0,100
v5-20261009T121014Z-d833d0,feature_network_rebuild,МР Белебеевский,МР Салаватский,0.0,100
v5-20261009T121014Z-d833d0,feature_network_rebuild,МР Белебеевский,МР Стерлибашевский,0.0,100
v5-20261009T121014Z-d833d0,feature_network_rebuild,МР Белебеевский,МР Стерлитамакский,1.0,100
v5-20261009T121014Z-d833d0,feature_network_rebuild,МР Белебеевский,МР Татышлинский,0.0,100
v5-20261009T121014Z-d833d0,feature_network_rebuild,МР Белебеевский,МР Туймазинский,1.0,100
v5-20261009T121014Z-d833d0,feature_network_rebuild,МР Белебеевский,МР Уфимский,1.0,100
v5-20261009T121014Z-d833d0,feature_network_rebuild,МР Белебеевский,МР Учалинский,1.0,100
v5-20261009T121014Z-d833d0,feature_network_rebuild,МР Белебеевский,МР Федоровский,0.0,100
v5-20261009T121014Z-d833d0,feature_network_rebuild,МР Белебеевский,МР Хайбуллинский,0.0,100
v5-20261009T121014Z-d833d0,feature_network_rebuild,МР Белебеевский,МР Чекмагушевский,0.0,100
v5-20261009T121014Z-d833d0,feature_network_rebuild,МР Белебеевский,МР Чишминский,1.0,100
v5-20261009T121014Z-d833d0,feature_network_rebuild,МР Белебеевский,МР Шаранский,0.0,100
v5-20261009T121014Z-d833d0,feature_network_rebuild,МР Белебеевский,МР Янаульский,1.0,100
v5-20261009T121014Z-d833d0,feature_network_rebuild,МР Белокатайский,МР Белорецкий,0.0,100
v5-20261009T121014Z-d833d0,feature_network_rebuild,МР Белокатайский,МР Бижбулякский,0.05,100
v5-20261009T121014Z-d833d0,feature_network_rebuild,МР Белокатайский,МР Бирский,0.0,100
v5-20261009T121014Z-d833d0,feature_network_rebuild,МР Белокатайский,МР Благоварский,0.05,100
v5-20261009T121014Z-d833d0,feature_network_rebuild,МР Белокатайский,МР Благовещенский,0.0,100
v5-20261009T121014Z-d833d0,feature_network_rebuild,МР Белокатайский,МР Буздякский,0.05,100
v5-20261009T121014Z-d833d0,feature_network_rebuild,МР Белокатайский,МР Бураевский,0.05,100
v5-20261009T121014Z-d833d0,feature_network_rebuild,МР Белокатайский,МР Бурзянский,0.95,100
v5-20261009T121014Z-d833d0,feature_network_rebuild,МР Белокатайский,МР Гафурийский,0.43,100
v5-20261009T121014Z-d833d0,feature_network_rebuild,МР Белокатайский,МР Давлекановский,0.05,100
v5-20261009T121014Z-d833d0,feature_network_rebuild,МР Белокатайский,МР Дуванский,0.96,100
v5-20261009T121014Z-d833d0,feature_network_rebuild,МР Белокатайский,МР Дюртюлинский,0.0,100
v5-20261009T121014Z-d833d0,feature_network_rebuild,МР Белокатайский,МР Ермекеевский,0.05,100
v5-20261009T121014Z-d833d0,feature_network_rebuild,МР Белокатайский,МР Зианчуринский,0.99,100
v5-20261009T121014Z-d833d0,feature_network_rebuild,МР Белокатайский,МР Зилаирский,0.95,100
v5-20261009T121014Z-d833d0,feature_network_rebuild,МР Белокатайский,МР Иглинский,0.0,100
v5-20261009T121014Z-d833d0,feature_network_rebuild,МР Белокатайский,МР Илишевский,0.06,100
v5-20261009T121014Z-d833d0,feature_network_rebuild,МР Белокатайский,МР Ишимбайский,0.0,100
v5-20261009T121014Z-d833d0,feature_network_rebuild,МР Белокатайский,МР Калтасинский,0.05,100
v5-20261009T121014Z-d833d0,feature_network_rebuild,МР Белокатайский,МР Караидельский,0.05,100
v5-20261009T121014Z-d833d0,feature_network_rebuild,МР Белокатайский,МР Кармаскалинский,0.29,100
v5-20261009T121014Z-d833d0,feature_network_rebuild,МР Белокатайский,МР Кигинский,1.0,100
v5-20261009T121014Z-d833d0,feature_network_rebuild,МР Белокатайский,МР Краснокамский,0.05,100
v5-20261009T121014Z-d833d0,feature_network_rebuild,МР Белокатайский,МР Кугарчинский,0.97,100
v5-20261009T121014Z-d833d0,feature_network_rebuild,МР Белокатайский,МР Кушнаренковский,0.05,100
v5-20261009T121014Z-d833d0,feature_network_rebuild,МР Белокатайский,МР Куюргазинский,0.05,100
v5-20261009T121014Z-d833d0,feature_network_rebuild,МР Белокатайский,МР Мелеузовский,0.0,100
v5-20261009T121014Z-d833d0,feature_network_rebuild,МР Белокатайский,МР Мечетлинский,1.0,100
v5-20261009T121014Z-d833d0,feature_network_rebuild,МР Белокатайский,МР Мишкинский,0.05,100
v5-20261009T121014Z-d833d0,feature_network_rebuild,МР Белокатайский,МР Миякинский,0.05,100
v5-20261009T121014Z-d833d0,feature_network_rebuild,МР Белокатайский,МР Нуримановский,0.05,100
v5-20261009T121014Z-d833d0,feature_network_rebuild,МР Белокатайский,МР Салаватский,0.95,100
v5-20261009T121014Z-d833d0,feature_network_rebuild,МР Белокатайский,МР Стерлибашевский,0.05,100
v5-20261009T121014Z-d833d0,feature_network_rebuild,МР Белокатайский,МР Стерлитамакский,0.0,100
v5-20261009T121014Z-d833d0,feature_network_rebuild,МР Белокатайский,МР Татышлинский,0.97,100
v5-20261009T121014Z-d833d0,feature_network_rebuild,МР Белокатайский,МР Туймазинский,0.0,100
v5-20261009T121014Z-d833d0,feature_network_rebuild,МР Белокатайский,МР Уфимский,0.0,100
v5-20261009T121014Z-d833d0,feature_network_rebuild,МР Белокатайский,МР Учалинский,0.0,100
v5-20261009T121014Z-d833d0,feature_network_rebuild,МР Белокатайский,МР Федоровский,0.05,100
v5-20261009T121014Z-d833d0,feature_network_rebuild,МР Белокатайский,МР Хайбуллинский,0.95,100
v5-20261009T121014Z-d833d0,feature_network_rebuild,МР Белокатайский,МР Чекмагушевский,0.05,100
v5-20261009T121014Z-d833d0,feature_network_rebuild,МР Белокатайский,МР Чишминский,0.0,100
v5-20261009T121014Z-d833d0,feature_network_rebuild,МР Белокатайский,МР Шаранский,0.05,100
v5-20261009T121014Z-d833d0,feature_network_rebuild,МР Белокатайский,МР Янаульский,0.0,100
v5-20261009T121014Z-d833d0,feature_network_rebuild,МР Белорецкий,МР Бижбулякский,0.0,100
v5-20261009T121014Z-d833d0,feature_network_rebuild,МР Белорецкий,МР Бирский,1.0,100
v5-20261009T121014Z-d833d0,feature_network_rebuild,МР Белорецкий,МР Благоварский,0.0,100
v5-20261009T121014Z-d833d0,feature_network_rebuild,МР Белорецкий,МР Благовещенский,1.0,100
v5-20261009T121014Z-d833d0,feature_network_rebuild,МР Белорецкий,МР Буздякский,0.0,100
v5-20261009T121014Z-d833d0,feature_network_rebuild,МР Белорецкий,МР Бураевский,0.0,100
v5-20261009T121014Z-d833d0,feature_network_rebuild,МР Белорецкий,МР Бурзянский,0.0,100
v5-20261009T121014Z-d833d0,feature_network_rebuild,МР Белорецкий,МР Гафурийский,0.0,100
v5-20261009T121014Z-d833d0,feature_network_rebuild,МР Белорецкий,МР Давлекановский,0.0,100
v5-20261009T121014Z-d833d0,feature_network_rebuild,МР Белорецкий,МР Дуванский,0.0,100
v5-20261009T121014Z-d833d0,feature_network_rebuild,МР Белорецкий,МР Дюртюлинский,1.0,100
v5-20261009T121014Z-d833d0,feature_network_rebuild,МР Белорецкий,МР Ермекеевский,0.0,100
v5-20261009T121014Z-d833d0,feature_network_rebuild,МР Белорецкий,МР Зианчуринский,0.0,100
v5-20261009T121014Z-d833d0,feature_network_rebuild,МР Белорецкий,МР Зилаирский,0.0,100
v5-20261009T121014Z-d833d0,feature_network_rebuild,МР Белорецкий,МР Иглинский,1.0,100
v5-20261009T121014Z-d833d0,feature_network_rebuild,МР Белорецкий,МР Илишевский,0.0,100
v5-20261009T121014Z-d833d0,feature_network_rebuild,МР Белорецкий,МР Ишимбайский,1.0,100
v5-20261009T121014Z-d833d0,feature_network_rebuild,МР Белорецкий,МР Калтасинский,0.0,100
v5-20261009T121014Z-d833d0,feature_network_rebuild,МР Белорецкий,МР Караидельский,0.0,100
v5-20261009T121014Z-d833d0,feature_network_rebuild,МР Белорецкий,МР Кармаскалинский,0.0,100
v5-20261009T121014Z-d833d0,feature_network_rebuild,МР Белорецкий,МР Кигинский,0.0,100
v5-20261009T121014Z-d833d0,feature_network_rebuild,МР Белорецкий,МР Краснокамский,0.0,100
v5-20261009T121014Z-d833d0,feature_network_rebuild,МР Белорецкий,МР Кугарчинский,0.0,100
v5-20261009T121014Z-d833d0,feature_network_rebuild,МР Белорецкий,МР Кушнаренковский,0.0,100
v5-20261009T121014Z-d833d0,feature_network_rebuild,МР Белорецкий,МР Куюргазинский,0.0,100
v5-20261009T121014Z-d833d0,feature_network_rebuild,МР Белорецкий,МР Мелеузовский,1.0,100
v5-20261009T121014Z-d833d0,feature_network_rebuild,МР Белорецкий,МР Мечетлинский,0.0,100
v5-20261009T121014Z-d833d0,feature_network_rebuild,МР Белорецкий,МР Мишкинский,0.0,100
v5-20261009T121014Z-d833d0,feature_network_rebuild,МР Белорецкий,МР Миякинский,0.0,100
v5-20261009T121014Z-d833d0,feature_network_rebuild,МР Белорецкий,МР Нуримановский,0.0,100
v5-20261009T121014Z-d833d0,feature_network_rebuild,МР Белорецкий,МР Салаватский,0.0,100
v5-20261009T121014Z-d833d0,feature_network_rebuild,МР Белорецкий,МР Стерлибашевский,0.0,100
v5-20261009T121014Z-d833d0,feature_network_rebuild,МР Белорецкий,МР Стерлитамакский,1.0,100
v5-20261009T121014Z-d833d0,feature_network_rebuild,МР Белорецкий,МР Татышлинский,0.0,100
v5-20261009T121014Z-d833d0,feature_network_rebuild,МР Белорецкий,МР Туймазинский,1.0,100
v5-20261009T121014Z-d833d0,feature_network_rebuild,МР Белорецкий,МР Уфимский,1.0,100
v5-20261009T121014Z-d833d0,feature_network_rebuild,МР Белорецкий,МР Учалинский,1.0,100
v5-20261009T121014Z-d833d0,feature_network_rebuild,МР Белорецкий,МР Федоровский,0.0,100
v5-20261009T121014Z-d833d0,feature_network_rebuild,МР Белорецкий,МР Хайбуллинский,0.0,100
v5-20261009T121014Z-d833d0,feature_network_rebuild,МР Белорецкий,МР Чекмагушевский,0.0,100
v5-20261009T121014Z-d833d0,feature_network_rebuild,МР Белорецкий,МР Чишминский,1.0,100
v5-20261009T121014Z-d833d0,feature_network_rebuild,МР Белорецкий,МР Шаранский,0.0,100
v5-20261009T121014Z-d833d0,feature_network_rebuild,МР Белорецкий,МР Янаульский,1.0,100
v5-20261009T121014Z-d833d0,feature_network_rebuild,МР Бижбулякский,МР Бирский,0.0,100
v5-20261009T121014Z-d833d0,feature_network_rebuild,МР Бижбулякский,МР Благоварский,1.0,100
v5-20261009T121014Z-d833d0,feature_network_rebuild,МР Бижбулякский,МР Благовещенский,0.0,100
v5-20261009T121014Z-d833d0,feature_network_rebuild,МР Бижбулякский,МР Буздякский,1.0,100
v5-20261009T121014Z-d833d0,feature_network_rebuild,МР Бижбулякский,МР Бураевский,1.0,100
v5-20261009T121014Z-d833d0,feature_network_rebuild,МР Бижбулякский,МР Бурзянский,0.0,100
v5-20261009T121014Z-d833d0,feature_network_rebuild,МР Бижбулякский,МР Гафурийский,0.62,100
v5-20261009T121014Z-d833d0,feature_network_rebuild,МР Бижбулякский,МР Давлекановский,1.0,100
v5-20261009T121014Z-d833d0,feature_network_rebuild,МР Бижбулякский,МР Дуванский,0.01,100
v5-20261009T121014Z-d833d0,feature_network_rebuild,МР Бижбулякский,МР Дюртюлинский,0.0,100
v5-20261009T121014Z-d833d0,feature_network_rebuild,МР Бижбулякский,МР Ермекеевский,1.0,100
v5-20261009T121014Z-d833d0,feature_network_rebuild,МР Бижбулякский,МР Зианчуринский,0.06,100
v5-20261009T121014Z-d833d0,feature_network_rebuild,МР Бижбулякский,МР Зилаирский,0.0,100
v5-20261009T121014Z-d833d0,feature_network_rebuild,МР Бижбулякский,МР Иглинский,0.0,100
v5-20261009T121014Z-d833d0,feature_network_rebuild,МР Бижбулякский,МР Илишевский,0.99,100
v5-20261009T121014Z-d833d0,feature_network_rebuild,МР Бижбулякский,МР Ишимбайский,0.0,100
v5-20261009T121014Z-d833d0,feature_network_rebuild,МР Бижбулякский,МР Калтасинский,1.0,100
v5-20261009T121014Z-d833d0,feature_network_rebuild,МР Бижбулякский,МР Караидельский,1.0,100
v5-20261009T121014Z-d833d0,feature_network_rebuild,МР Бижбулякский,МР Кармаскалинский,0.76,100
v5-20261009T121014Z-d833d0,feature_network_rebuild,МР Бижбулякский,МР Кигинский,0.05,100
v5-20261009T121014Z-d833d0,feature_network_rebuild,МР Бижбулякский,МР Краснокамский,1.0,100
v5-20261009T121014Z-d833d0,feature_network_rebuild,МР Бижбулякский,МР Кугарчинский,0.08,100
v5-20261009T121014Z-d833d0,feature_network_rebuild,МР Бижбулякский,МР Кушнаренковский,1.0,100
v5-20261009T121014Z-d833d0,feature_network_rebuild,МР Бижбулякский,МР Куюргазинский,1.0,100
v5-20261009T121014Z-d833d0,feature_network_rebuild,МР Бижбулякский,МР Мелеузовский,0.0,100
v5-20261009T121014Z-d833d0,feature_network_rebuild,МР Бижбулякский,МР Мечетлинский,0.05,100
v5-20261009T121014Z-d833d0,feature_network_rebuild,МР Бижбулякский,МР Мишкинский,1.0,100
v5-20261009T121014Z-d833d0,feature_network_rebuild,МР Бижбулякский,МР Миякинский,1.0,100
v5-20261009T121014Z-d833d0,feature_network_rebuild,МР Бижбулякский,МР Нуримановский,1.0,100
v5-20261009T121014Z-d833d0,feature_network_rebuild,МР Бижбулякский,МР Салаватский,0.0,100
v5-20261009T121014Z-d833d0,feature_network_rebuild,МР Бижбулякский,МР Стерлибашевский,1.0,100
v5-20261009T121014Z-d833d0,feature_network_rebuild,МР Бижбулякский,МР Стерлитамакский,0.0,100
v5-20261009T121014Z-d833d0,feature_network_rebuild,МР Бижбулякский,МР Татышлинский,0.08,100
v5-20261009T121014Z-d833d0,feature_network_rebuild,МР Бижбулякский,МР Туймазинский,0.0,100
v5-20261009T121014Z-d833d0,feature_network_rebuild,МР Бижбулякский,МР Уфимский,0.0,100
v5-20261009T121014Z-d833d0,feature_network_rebuild,МР Бижбулякский,МР Учалинский,0.0,100
v5-20261009T121014Z-d833d0,feature_network_rebuild,МР Бижбулякский,МР Федоровский,1.0,100
v5-20261009T121014Z-d833d0,feature_network_rebuild,МР Бижбулякский,МР Хайбуллинский,0.0,100
v5-20261009T121014Z-d833d0,feature_network_rebuild,МР Бижбулякский,МР Чекмагушевский,1.0,100
v5-20261009T121014Z-d833d0,feature_network_rebuild,МР Бижбулякский,МР Чишминский,0.0,100
v5-20261009T121014Z-d833d0,feature_network_rebuild,МР Бижбулякский,МР Шаранский,1.0,100
v5-20261009T121014Z-d833d0,feature_network_rebuild,МР Бижбулякский,МР Янаульский,0.0,100
v5-20261009T121014Z-d833d0,feature_network_rebuild,МР Бирский,МР Благоварский,0.0,100
v5-20261009T121014Z-d833d0,feature_network_rebuild,МР Бирский,МР Благовещенский,1.0,100
v5-20261009T121014Z-d833d0,feature_network_rebuild,МР Бирский,МР Буздякский,0.0,100
v5-20261009T121014Z-d833d0,feature_network_rebuild,МР Бирский,МР Бураевский,0.0,100
v5-20261009T121014Z-d833d0,feature_network_rebuild,МР Бирский,МР Бурзянский,0.0,100
v5-20261009T121014Z-d833d0,feature_network_rebuild,МР Бирский,МР Гафурийский,0.0,100
v5-20261009T121014Z-d833d0,feature_network_rebuild,МР Бирский,МР Давлекановский,0.0,100
v5-20261009T121014Z-d833d0,feature_network_rebuild,МР Бирский,МР Дуванский,0.0,100
v5-20261009T121014Z-d833d0,feature_network_rebuild,МР Бирский,МР Дюртюлинский,1.0,100
v5-20261009T121014Z-d833d0,feature_network_rebuild,МР Бирский,МР Ермекеевский,0.0,100
v5-20261009T121014Z-d833d0,feature_network_rebuild,МР Бирский,МР Зианчуринский,0.0,100
v5-20261009T121014Z-d833d0,feature_network_rebuild,МР Бирский,МР Зилаирский,0.0,100
v5-20261009T121014Z-d833d0,feature_network_rebuild,МР Бирский,МР Иглинский,1.0,100
v5-20261009T121014Z-d833d0,feature_network_rebuild,МР Бирский,МР Илишевский,0.0,100
v5-20261009T121014Z-d833d0,feature_network_rebuild,МР Бирский,МР Ишимбайский,1.0,100
v5-20261009T121014Z-d833d0,feature_network_rebuild,МР Бирский,МР Калтасинский,0.0,100
v5-20261009T121014Z-d833d0,feature_network_rebuild,МР Бирский,МР Караидельский,0.0,100
v5-20261009T121014Z-d833d0,feature_network_rebuild,МР Бирский,МР Кармаскалинский,0.0,100
v5-20261009T121014Z-d833d0,feature_network_rebuild,МР Бирский,МР Кигинский,0.0,100
v5-20261009T121014Z-d833d0,feature_network_rebuild,МР Бирский,МР Краснокамский,0.0,100
v5-20261009T121014Z-d833d0,feature_network_rebuild,МР Бирский,МР Кугарчинский,0.0,100
v5-20261009T121014Z-d833d0,feature_network_rebuild,МР Бирский,МР Кушнаренковский,0.0,100
v5-20261009T121014Z-d833d0,feature_network_rebuild,МР Бирский,МР Куюргазинский,0.0,100
v5-20261009T121014Z-d833d0,feature_network_rebuild,МР Бирский,МР Мелеузовский,1.0,100
v5-20261009T121014Z-d833d0,feature_network_rebuild,МР Бирский,МР Мечетлинский,0.0,100
v5-20261009T121014Z-d833d0,feature_network_rebuild,МР Бирский,МР Мишкинский,0.0,100
v5-20261009T121014Z-d833d0,feature_network_rebuild,МР Бирский,МР Миякинский,0.0,100
v5-20261009T121014Z-d833d0,feature_network_rebuild,МР Бирский,МР Нуримановский,0.0,100
v5-20261009T121014Z-d833d0,feature_network_rebuild,МР Бирский,МР Салаватский,0.0,100
v5-20261009T121014Z-d833d0,feature_network_rebuild,МР Бирский,МР Стерлибашевский,0.0,100
v5-20261009T121014Z-d833d0,feature_network_rebuild,МР Бирский,МР Стерлитамакский,1.0,100
v5-20261009T121014Z-d833d0,feature_network_rebuild,МР Бирский,МР Татышлинский,0.0,100
v5-20261009T121014Z-d833d0,feature_network_rebuild,МР Бирский,МР Туймазинский,1.0,100
v5-20261009T121014Z-d833d0,feature_network_rebuild,МР Бирский,МР Уфимский,1.0,100
v5-20261009T121014Z-d833d0,feature_network_rebuild,МР Бирский,МР Учалинский,1.0,100
v5-20261009T121014Z-d833d0,feature_network_rebuild,МР Бирский,МР Федоровский,0.0,100
v5-20261009T121014Z-d833d0,feature_network_rebuild,МР Бирский,МР Хайбуллинский,0.0,100
v5-20261009T121014Z-d833d0,feature_network_rebuild,МР Бирский,МР Чекмагушевский,0.0,100
v5-20261009T121014Z-d833d0,feature_network_rebuild,МР Бирский,МР Чишминский,1.0,100
v5-20261009T121014Z-d833d0,feature_network_rebuild,МР Бирский,МР Шаранский,0.0,100
v5-20261009T121014Z-d833d0,feature_network_rebuild,МР Бирский,МР Янаульский,1.0,100
v5-20261009T121014Z-d833d0,feature_network_rebuild,МР Благоварский,МР Благовещенский,0.0,100
v5-20261009T121014Z-d833d0,feature_network_rebuild,МР Благоварский,МР Буздякский,1.0,100
v5-20261009T121014Z-d833d0,feature_network_rebuild,МР Благоварский,МР Бураевский,1.0,100
v5-20261009T121014Z-d833d0,feature_network_rebuild,МР Благоварский,МР Бурзянский,0.0,100
v5-20261009T121014Z-d833d0,feature_network_rebuild,МР Благоварский,МР Гафурийский,0.62,100
v5-20261009T121014Z-d833d0,feature_network_rebuild,МР Благоварский,МР Давлекановский,1.0,100
v5-20261009T121014Z-d833d0,feature_network_rebuild,МР Благоварский,МР Дуванский,0.01,100
v5-20261009T121014Z-d833d0,feature_network_rebuild,МР Благоварский,МР Дюртюлинский,0.0,100
v5-20261009T121014Z-d833d0,feature_network_rebuild,МР Благоварский,МР Ермекеевский,1.0,100
v5-20261009T121014Z-d833d0,feature_network_rebuild,МР Благоварский,МР Зианчуринский,0.06,100
v5-20261009T121014Z-d833d0,feature_network_rebuild,МР Благоварский,МР Зилаирский,0.0,100
v5-20261009T121014Z-d833d0,feature_network_rebuild,МР Благоварский,МР Иглинский,0.0,100
v5-20261009T121014Z-d833d0,feature_network_rebuild,МР Благоварский,МР Илишевский,0.99,100
v5-20261009T121014Z-d833d0,feature_network_rebuild,МР Благоварский,МР Ишимбайский,0.0,100
v5-20261009T121014Z-d833d0,feature_network_rebuild,МР Благоварский,МР Калтасинский,1.0,100
v5-20261009T121014Z-d833d0,feature_network_rebuild,МР Благоварский,МР Караидельский,1.0,100
v5-20261009T121014Z-d833d0,feature_network_rebuild,МР Благоварский,МР Кармаскалинский,0.76,100
v5-20261009T121014Z-d833d0,feature_network_rebuild,МР Благоварский,МР Кигинский,0.05,100
v5-20261009T121014Z-d833d0,feature_network_rebuild,МР Благоварский,МР Краснокамский,1.0,100
v5-20261009T121014Z-d833d0,feature_network_rebuild,МР Благоварский,МР Кугарчинский,0.08,100
v5-20261009T121014Z-d833d0,feature_network_rebuild,МР Благоварский,МР Кушнаренковский,1.0,100
v5-20261009T121014Z-d833d0,feature_network_rebuild,МР Благоварский,МР Куюргазинский,1.0,100
v5-20261009T121014Z-d833d0,feature_network_rebuild,МР Благоварский,МР Мелеузовский,0.0,100
v5-20261009T121014Z-d833d0,feature_network_rebuild,МР Благоварский,МР Мечетлинский,0.05,100
v5-20261009T121014Z-d833d0,feature_network_rebuild,МР Благоварский,МР Мишкинский,1.0,100
v5-20261009T121014Z-d833d0,feature_network_rebuild,МР Благоварский,МР Миякинский,1.0,100
v5-20261009T121014Z-d833d0,feature_network_rebuild,МР Благоварский,МР Нуримановский,1.0,100
v5-20261009T121014Z-d833d0,feature_network_rebuild,МР Благоварский,МР Салаватский,0.0,100
v5-20261009T121014Z-d833d0,feature_network_rebuild,МР Благоварский,МР Стерлибашевский,1.0,100
v5-20261009T121014Z-d833d0,feature_network_rebuild,МР Благоварский,МР Стерлитамакский,0.0,100
v5-20261009T121014Z-d833d0,feature_network_rebuild,МР Благоварский,МР Татышлинский,0.08,100
v5-20261009T121014Z-d833d0,feature_network_rebuild,МР Благоварский,МР Туймазинский,0.0,100
v5-20261009T121014Z-d833d0,feature_network_rebuild,МР Благоварский,МР Уфимский,0.0,100
v5-20261009T121014Z-d833d0,feature_network_rebuild,МР Благоварский,МР Учалинский,0.0,100
v5-20261009T121014Z-d833d0,feature_network_rebuild,МР Благоварский,МР Федоровский,1.0,100
v5-20261009T121014Z-d833d0,feature_network_rebuild,МР Благоварский,МР Хайбуллинский,0.0,100
v5-20261009T121014Z-d833d0,feature_network_rebuild,МР Благоварский,МР Чекмагушевский,1.0,100
v5-20261009T121014Z-d833d0,feature_network_rebuild,МР Благоварский,МР Чишминский,0.0,100
v5-20261009T121014Z-d833d0,feature_network_rebuild,МР Благоварский,МР Шаранский,1.0,100
v5-20261009T121014Z-d833d0,feature_network_rebuild,МР Благоварский,МР Янаульский,0.0,100
v5-20261009T121014Z-d833d0,feature_network_rebuild,МР Благовещенский,МР Буздякский,0.0,100
v5-20261009T121014Z-d833d0,feature_network_rebuild,МР Благовещенский,МР Бураевский,0.0,100
v5-20261009T121014Z-d833d0,feature_network_rebuild,МР Благовещенский,МР Бурзянский,0.0,100
v5-20261009T121014Z-d833d0,feature_network_rebuild,МР Благовещенский,МР Гафурийский,0.0,100
v5-20261009T121014Z-d833d0,feature_network_rebuild,МР Благовещенский,МР Давлекановский,0.0,100
v5-20261009T121014Z-d833d0,feature_network_rebuild,МР Благовещенский,МР Дуванский,0.0,100
v5-20261009T121014Z-d833d0,feature_network_rebuild,МР Благовещенский,МР Дюртюлинский,1.0,100
v5-20261009T121014Z-d833d0,feature_network_rebuild,МР Благовещенский,МР Ермекеевский,0.0,100
v5-20261009T121014Z-d833d0,feature_network_rebuild,МР Благовещенский,МР Зианчуринский,0.0,100
v5-20261009T121014Z-d833d0,feature_network_rebuild,МР Благовещенский,МР Зилаирский,0.0,100
v5-20261009T121014Z-d833d0,feature_network_rebuild,МР Благовещенский,МР Иглинский,1.0,100
v5-20261009T121014Z-d833d0,feature_network_rebuild,МР Благовещенский,МР Илишевский,0.0,100
v5-20261009T121014Z-d833d0,feature_network_rebuild,МР Благовещенский,МР Ишимбайский,1.0,100
v5-20261009T121014Z-d833d0,feature_network_rebuild,МР Благовещенский,МР Калтасинский,0.0,100
v5-20261009T121014Z-d833d0,feature_network_rebuild,МР Благовещенский,МР Караидельский,0.0,100
v5-20261009T121014Z-d833d0,feature_network_rebuild,МР Благовещенский,МР Кармаскалинский,0.0,100
v5-20261009T121014Z-d833d0,feature_network_rebuild,МР Благовещенский,МР Кигинский,0.0,100
v5-20261009T121014Z-d833d0,feature_network_rebuild,МР Благовещенский,МР Краснокамский,0.0,100
v5-20261009T121014Z-d833d0,feature_network_rebuild,МР Благовещенский,МР Кугарчинский,0.0,100
v5-20261009T121014Z-d833d0,feature_network_rebuild,МР Благовещенский,МР Кушнаренковский,0.0,100
v5-20261009T121014Z-d833d0,feature_network_rebuild,МР Благовещенский,МР Куюргазинский,0.0,100
v5-20261009T121014Z-d833d0,feature_network_rebuild,МР Благовещенский,МР Мелеузовский,1.0,100
v5-20261009T121014Z-d833d0,feature_network_rebuild,МР Благовещенский,МР Мечетлинский,0.0,100
v5-20261009T121014Z-d833d0,feature_network_rebuild,МР Благовещенский,МР Мишкинский,0.0,100
v5-20261009T121014Z-d833d0,feature_network_rebuild,МР Благовещенский,МР Миякинский,0.0,100
v5-20261009T121014Z-d833d0,feature_network_rebuild,МР Благовещенский,МР Нуримановский,0.0,100
v5-20261009T121014Z-d833d0,feature_network_rebuild,МР Благовещенский,МР Салаватский,0.0,100
v5-20261009T121014Z-d833d0,feature_network_rebuild,МР Благовещенский,МР Стерлибашевский,0.0,100
v5-20261009T121014Z-d833d0,feature_network_rebuild,МР Благовещенский,МР Стерлитамакский,1.0,100
v5-20261009T121014Z-d833d0,feature_network_rebuild,МР Благовещенский,МР Татышлинский,0.0,100
v5-20261009T121014Z-d833d0,feature_network_rebuild,МР Благовещенский,МР Туймазинский,1.0,100
v5-20261009T121014Z-d833d0,feature_network_rebuild,МР Благовещенский,МР Уфимский,1.0,100
v5-20261009T121014Z-d833d0,feature_network_rebuild,МР Благовещенский,МР Учалинский,1.0,100
v5-20261009T121014Z-d833d0,feature_network_rebuild,МР Благовещенский,МР Федоровский,0.0,100
v5-20261009T121014Z-d833d0,feature_network_rebuild,МР Благовещенский,МР Хайбуллинский,0.0,100
v5-20261009T121014Z-d833d0,feature_network_rebuild,МР Благовещенский,МР Чекмагушевский,0.0,100
v5-20261009T121014Z-d833d0,feature_network_rebuild,МР Благовещенский,МР Чишминский,1.0,100
v5-20261009T121014Z-d833d0,feature_network_rebuild,МР Благовещенский,МР Шаранский,0.0,100
v5-20261009T121014Z-d833d0,feature_network_rebuild,МР Благовещенский,МР Янаульский,1.0,100
v5-20261009T121014Z-d833d0,feature_network_rebuild,МР Буздякский,МР Бураевский,1.0,100
v5-20261009T121014Z-d833d0,feature_network_rebuild,МР Буздякский,МР Бурзянский,0.0,100
v5-20261009T121014Z-d833d0,feature_network_rebuild,МР Буздякский,МР Гафурийский,0.62,100
v5-20261009T121014Z-d833d0,feature_network_rebuild,МР Буздякский,МР Давлекановский,1.0,100
v5-20261009T121014Z-d833d0,feature_network_rebuild,МР Буздякский,МР Дуванский,0.01,100
v5-20261009T121014Z-d833d0,feature_network_rebuild,МР Буздякский,МР Дюртюлинский,0.0,100
v5-20261009T121014Z-d833d0,feature_network_rebuild,МР Буздякский,МР Ермекеевский,1.0,100
v5-20261009T121014Z-d833d0,feature_network_rebuild,МР Буздякский,МР Зианчуринский,0.06,100
v5-20261009T121014Z-d833d0,feature_network_rebuild,МР Буздякский,МР Зилаирский,0.0,100
v5-20261009T121014Z-d833d0,feature_network_rebuild,МР Буздякский,МР Иглинский,0.0,100
v5-20261009T121014Z-d833d0,feature_network_rebuild,МР Буздякский,МР Илишевский,0.99,100
v5-20261009T121014Z-d833d0,feature_network_rebuild,МР Буздякский,МР Ишимбайский,0.0,100
v5-20261009T121014Z-d833d0,feature_network_rebuild,МР Буздякский,МР Калтасинский,1.0,100
v5-20261009T121014Z-d833d0,feature_network_rebuild,МР Буздякский,МР Караидельский,1.0,100
v5-20261009T121014Z-d833d0,feature_network_rebuild,МР Буздякский,МР Кармаскалинский,0.76,100
v5-20261009T121014Z-d833d0,feature_network_rebuild,МР Буздякский,МР Кигинский,0.05,100
v5-20261009T121014Z-d833d0,feature_network_rebuild,МР Буздякский,МР Краснокамский,1.0,100
v5-20261009T121014Z-d833d0,feature_network_rebuild,МР Буздякский,МР Кугарчинский,0.08,100
v5-20261009T121014Z-d833d0,feature_network_rebuild,МР Буздякский,МР Кушнаренковский,1.0,100
v5-20261009T121014Z-d833d0,feature_network_rebuild,МР Буздякский,МР Куюргазинский,1.0,100
v5-20261009T121014Z-d833d0,feature_network_rebuild,МР Буздякский,МР Мелеузовский,0.0,100
v5-20261009T121014Z-d833d0,feature_network_rebuild,МР Буздякский,МР Мечетлинский,0.05,100
v5-20261009T121014Z-d833d0,feature_network_rebuild,МР Буздякский,МР Мишкинский,1.0,100
v5-20261009T121014Z-d833d0,feature_network_rebuild,МР Буздякский,МР Миякинский,1.0,100
v5-20261009T121014Z-d833d0,feature_network_rebuild,МР Буздякский,МР Нуримановский,1.0,100
v5-20261009T121014Z-d833d0,feature_network_rebuild,МР Буздякский,МР Салаватский,0.0,100
v5-20261009T121014Z-d833d0,feature_network_rebuild,МР Буздякский,МР Стерлибашевский,1.0,100
v5-20261009T121014Z-d833d0,feature_network_rebuild,МР Буздякский,МР Стерлитамакский,0.0,100
v5-20261009T121014Z-d833d0,feature_network_rebuild,МР Буздякский,МР Татышлинский,0.08,100
v5-20261009T121014Z-d833d0,feature_network_rebuild,МР Буздякский,МР Туймазинский,0.0,100
v5-20261009T121014Z-d833d0,feature_network_rebuild,МР Буздякский,МР Уфимский,0.0,100
v5-20261009T121014Z-d833d0,feature_network_rebuild,МР Буздякский,МР Учалинский,0.0,100
v5-20261009T121014Z-d833d0,feature_network_rebuild,МР Буздякский,МР Федоровский,1.0,100
v5-20261009T121014Z-d833d0,feature_network_rebuild,МР Буздякский,МР Хайбуллинский,0.0,100
v5-20261009T121014Z-d833d0,feature_network_rebuild,МР Буздякский,МР Чекмагушевский,1.0,100
v5-20261009T121014Z-d833d0,feature_network_rebuild,МР Буздякский,МР Чишминский,0.0,100
v5-20261009T121014Z-d833d0,feature_network_rebuild,МР Буздякский,МР Шаранский,1.0,100
v5-20261009T121014Z-d833d0,feature_network_rebuild,МР Буздякский,МР Янаульский,0.0,100
v5-20261009T121014Z-d833d0,feature_network_rebuild,МР Бураевский,МР Бурзянский,0.0,100
v5-20261009T121014Z-d833d0,feature_network_rebuild,МР Бураевский,МР Гафурийский,0.62,100
v5-20261009T121014Z-d833d0,feature_network_rebuild,МР Бураевский,МР Давлекановский,1.0,100
v5-20261009T121014Z-d833d0,feature_network_rebuild,МР Бураевский,МР Дуванский,0.01,100
v5-20261009T121014Z-d833d0,feature_network_rebuild,МР Бураевский,МР Дюртюлинский,0.0,100
v5-20261009T121014Z-d833d0,feature_network_rebuild,МР Бураевский,МР Ермекеевский,1.0,100
v5-20261009T121014Z-d833d0,feature_network_rebuild,МР Бураевский,МР Зианчуринский,0.06,100
v5-20261009T121014Z-d833d0,feature_network_rebuild,МР Бураевский,МР Зилаирский,0.0,100
v5-20261009T121014Z-d833d0,feature_network_rebuild,МР Бураевский,МР Иглинский,0.0,100
v5-20261009T121014Z-d833d0,feature_network_rebuild,МР Бураевский,МР Илишевский,0.99,100
v5-20261009T121014Z-d833d0,feature_network_rebuild,МР Бураевский,МР Ишимбайский,0.0,100
v5-20261009T121014Z-d833d0,feature_network_rebuild,МР Бураевский,МР Калтасинский,1.0,100
v5-20261009T121014Z-d833d0,feature_network_rebuild,МР Бураевский,МР Караидельский,1.0,100
v5-20261009T121014Z-d833d0,feature_network_rebuild,МР Бураевский,МР Кармаскалинский,0.76,100
v5-20261009T121014Z-d833d0,feature_network_rebuild,МР Бураевский,МР Кигинский,0.05,100
v5-20261009T121014Z-d833d0,feature_network_rebuild,МР Бураевский,МР Краснокамский,1.0,100
v5-20261009T121014Z-d833d0,feature_network_rebuild,МР Бураевский,МР Кугарчинский,0.08,100
v5-20261009T121014Z-d833d0,feature_network_rebuild,МР Бураевский,МР Кушнаренковский,1.0,100
v5-20261009T121014Z-d833d0,feature_network_rebuild,МР Бураевский,МР Куюргазинский,1.0,100
v5-20261009T121014Z-d833d0,feature_network_rebuild,МР Бураевский,МР Мелеузовский,0.0,100
v5-20261009T121014Z-d833d0,feature_network_rebuild,МР Бураевский,МР Мечетлинский,0.05,100
v5-20261009T121014Z-d833d0,feature_network_rebuild,МР Бураевский,МР Мишкинский,1.0,100
v5-20261009T121014Z-d833d0,feature_network_rebuild,МР Бураевский,МР Миякинский,1.0,100
v5-20261009T121014Z-d833d0,feature_network_rebuild,МР Бураевский,МР Нуримановский,1.0,100
v5-20261009T121014Z-d833d0,feature_network_rebuild,МР Бураевский,МР Салаватский,0.0,100
v5-20261009T121014Z-d833d0,feature_network_rebuild,МР Бураевский,МР Стерлибашевский,1.0,100
v5-20261009T121014Z-d833d0,feature_network_rebuild,МР Бураевский,МР Стерлитамакский,0.0,100
v5-20261009T121014Z-d833d0,feature_network_rebuild,МР Бураевский,МР Татышлинский,0.08,100
v5-20261009T121014Z-d833d0,feature_network_rebuild,МР Бураевский,МР Туймазинский,0.0,100
v5-20261009T121014Z-d833d0,feature_network_rebuild,МР Бураевский,МР Уфимский,0.0,100
v5-20261009T121014Z-d833d0,feature_network_rebuild,МР Бураевский,МР Учалинский,0.0,100
v5-20261009T121014Z-d833d0,feature_network_rebuild,МР Бураевский,МР Федоровский,1.0,100
v5-20261009T121014Z-d833d0,feature_network_rebuild,МР Бураевский,МР Хайбуллинский,0.0,100
v5-20261009T121014Z-d833d0,feature_network_rebuild,МР Бураевский,МР Чекмагушевский,1.0,100
v5-20261009T121014Z-d833d0,feature_network_rebuild,МР Бураевский,МР Чишминский,0.0,100
v5-20261009T121014Z-d833d0,feature_network_rebuild,МР Бураевский,МР Шаранский,1.0,100
v5-20261009T121014Z-d833d0,feature_network_rebuild,МР Бураевский,МР Янаульский,0.0,100
v5-20261009T121014Z-d833d0,feature_network_rebuild,МР Бурзянский,МР Гафурийский,0.38,100
v5-20261009T121014Z-d833d0,feature_network_rebuild,МР Бурзянский,МР Давлекановский,0.0,100
v5-20261009T121014Z-d833d0,feature_network_rebuild,МР Бурзянский,МР Дуванский,0.99,100
v5-20261009T121014Z-d833d0,feature_network_rebuild,МР Бурзянский,МР Дюртюлинский,0.0,100
v5-20261009T121014Z-d833d0,feature_network_rebuild,МР Бурзянский,МР Ермекеевский,0.0,100
v5-20261009T121014Z-d833d0,feature_network_rebuild,МР Бурзянский,МР Зианчуринский,0.94,100
v5-20261009T121014Z-d833d0,feature_network_rebuild,МР Бурзянский,МР Зилаирский,1.0,100
v5-20261009T121014Z-d833d0,feature_network_rebuild,МР Бурзянский,МР Иглинский,0.0,100
v5-20261009T121014Z-d833d0,feature_network_rebuild,МР Бурзянский,МР Илишевский,0.01,100
v5-20261009T121014Z-d833d0,feature_network_rebuild,МР Бурзянский,МР Ишимбайский,0.0,100
v5-20261009T121014Z-d833d0,feature_network_rebuild,МР Бурзянский,МР Калтасинский,0.0,100
v5-20261009T121014Z-d833d0,feature_network_rebuild,МР Бурзянский,МР Караидельский,0.0,100
v5-20261009T121014Z-d833d0,feature_network_rebuild,МР Бурзянский,МР Кармаскалинский,0.24,100
v5-20261009T121014Z-d833d0,feature_network_rebuild,МР Бурзянский,МР Кигинский,0.95,100
v5-20261009T121014Z-d833d0,feature_network_rebuild,МР Бурзянский,МР Краснокамский,0.0,100
v5-20261009T121014Z-d833d0,feature_network_rebuild,МР Бурзянский,МР Кугарчинский,0.92,100
v5-20261009T121014Z-d833d0,feature_network_rebuild,МР Бурзянский,МР Кушнаренковский,0.0,100
v5-20261009T121014Z-d833d0,feature_network_rebuild,МР Бурзянский,МР Куюргазинский,0.0,100
v5-20261009T121014Z-d833d0,feature_network_rebuild,МР Бурзянский,МР Мелеузовский,0.0,100
v5-20261009T121014Z-d833d0,feature_network_rebuild,МР Бурзянский,МР Мечетлинский,0.95,100
v5-20261009T121014Z-d833d0,feature_network_rebuild,МР Бурзянский,МР Мишкинский,0.0,100
v5-20261009T121014Z-d833d0,feature_network_rebuild,МР Бурзянский,МР Миякинский,0.0,100
v5-20261009T121014Z-d833d0,feature_network_rebuild,МР Бурзянский,МР Нуримановский,0.0,100
v5-20261009T121014Z-d833d0,feature_network_rebuild,МР Бурзянский,МР Салаватский,1.0,100
v5-20261009T121014Z-d833d0,feature_network_rebuild,МР Бурзянский,МР Стерлибашевский,0.0,100
v5-20261009T121014Z-d833d0,feature_network_rebuild,МР Бурзянский,МР Стерлитамакский,0.0,100
v5-20261009T121014Z-d833d0,feature_network_rebuild,МР Бурзянский,МР Татышлинский,0.92,100
v5-20261009T121014Z-d833d0,feature_network_rebuild,МР Бурзянский,МР Туймазинский,0.0,100
v5-20261009T121014Z-d833d0,feature_network_rebuild,МР Бурзянский,МР Уфимский,0.0,100
v5-20261009T121014Z-d833d0,feature_network_rebuild,МР Бурзянский,МР Учалинский,0.0,100
v5-20261009T121014Z-d833d0,feature_network_rebuild,МР Бурзянский,МР Федоровский,0.0,100
v5-20261009T121014Z-d833d0,feature_network_rebuild,МР Бурзянский,МР Хайбуллинский,1.0,100
v5-20261009T121014Z-d833d0,feature_network_rebuild,МР Бурзянский,МР Чекмагушевский,0.0,100
v5-20261009T121014Z-d833d0,feature_network_rebuild,МР Бурзянский,МР Чишминский,0.0,100
v5-20261009T121014Z-d833d0,feature_network_rebuild,МР Бурзянский,МР Шаранский,0.0,100
v5-20261009T121014Z-d833d0,feature_network_rebuild,МР Бурзянский,МР Янаульский,0.0,100
v5-20261009T121014Z-d833d0,feature_network_rebuild,МР Гафурийский,МР Давлекановский,0.62,100
v5-20261009T121014Z-d833d0,feature_network_rebuild,МР Гафурийский,МР Дуванский,0.39,100
v5-20261009T121014Z-d833d0,feature_network_rebuild,МР Гафурийский,МР Дюртюлинский,0.0,100
v5-20261009T121014Z-d833d0,feature_network_rebuild,МР Гафурийский,МР Ермекеевский,0.62,100
v5-20261009T121014Z-d833d0,feature_network_rebuild,МР Гафурийский,МР Зианчуринский,0.42,100
v5-20261009T121014Z-d833d0,feature_network_rebuild,МР Гафурийский,МР Зилаирский,0.38,100
v5-20261009T121014Z-d833d0,feature_network_rebuild,МР Гафурийский,МР Иглинский,0.0,100
v5-20261009T121014Z-d833d0,feature_network_rebuild,МР Гафурийский,МР Илишевский,0.63,100
v5-20261009T121014Z-d833d0,feature_network_rebuild,МР Гафурийский,МР Ишимбайский,0.0,100
v5-20261009T121014Z-d833d0,feature_network_rebuild,МР Гафурийский,МР Калтасинский,0.62,100
v5-20261009T121014Z-d833d0,feature_network_rebuild,МР Гафурийский,МР Караидельский,0.62,100
v5-20261009T121014Z-d833d0,feature_network_rebuild,МР Гафурийский,МР Кармаскалинский,0.86,100
v5-20261009T121014Z-d833d0,feature_network_rebuild,МР Гафурийский,МР Кигинский,0.43,100
v5-20261009T121014Z-d833d0,feature_network_rebuild,МР Гафурийский,МР Краснокамский,0.62,100
v5-20261009T121014Z-d833d0,feature_network_rebuild,МР Гафурийский,МР Кугарчинский,0.46,100
v5-20261009T121014Z-d833d0,feature_network_rebuild,МР Гафурийский,МР Кушнаренковский,0.62,100
v5-20261009T121014Z-d833d0,feature_network_rebuild,МР Гафурийский,МР Куюргазинский,0.62,100
v5-20261009T121014Z-d833d0,feature_network_rebuild,МР Гафурийский,МР Мелеузовский,0.0,100
v5-20261009T121014Z-d833d0,feature_network_rebuild,МР Гафурийский,МР Мечетлинский,0.43,100
v5-20261009T121014Z-d833d0,feature_network_rebuild,МР Гафурийский,МР Мишкинский,0.62,100
v5-20261009T121014Z-d833d0,feature_network_rebuild,МР Гафурийский,МР Миякинский,0.62,100
v5-20261009T121014Z-d833d0,feature_network_rebuild,МР Гафурийский,МР Нуримановский,0.62,100
v5-20261009T121014Z-d833d0,feature_network_rebuild,МР Гафурийский,МР Салаватский,0.38,100
v5-20261009T121014Z-d833d0,feature_network_rebuild,МР Гафурийский,МР Стерлибашевский,0.62,100
v5-20261009T121014Z-d833d0,feature_network_rebuild,МР Гафурийский,МР Стерлитамакский,0.0,100
v5-20261009T121014Z-d833d0,feature_network_rebuild,МР Гафурийский,МР Татышлинский,0.46,100
v5-20261009T121014Z-d833d0,feature_network_rebuild,МР Гафурийский,МР Туймазинский,0.0,100
v5-20261009T121014Z-d833d0,feature_network_rebuild,МР Гафурийский,МР Уфимский,0.0,100
v5-20261009T121014Z-d833d0,feature_network_rebuild,МР Гафурийский,МР Учалинский,0.0,100
v5-20261009T121014Z-d833d0,feature_network_rebuild,МР Гафурийский,МР Федоровский,0.62,100
v5-20261009T121014Z-d833d0,feature_network_rebuild,МР Гафурийский,МР Хайбуллинский,0.38,100
v5-20261009T121014Z-d833d0,feature_network_rebuild,МР Гафурийский,МР Чекмагушевский,0.62,100
v5-20261009T121014Z-d833d0,feature_network_rebuild,МР Гафурийский,МР Чишминский,0.0,100
v5-20261009T121014Z-d833d0,feature_network_rebuild,МР Гафурийский,МР Шаранский,0.62,100
v5-20261009T121014Z-d833d0,feature_network_rebuild,МР Гафурийский,МР Янаульский,0.0,100
v5-20261009T121014Z-d833d0,feature_network_rebuild,МР Давлекановский,МР Дуванский,0.01,100
v5-20261009T121014Z-d833d0,feature_network_rebuild,МР Давлекановский,МР Дюртюлинский,0.0,100
v5-20261009T121014Z-d833d0,feature_network_rebuild,МР Давлекановский,МР Ермекеевский,1.0,100
v5-20261009T121014Z-d833d0,feature_network_rebuild,МР Давлекановский,МР Зианчуринский,0.06,100
v5-20261009T121014Z-d833d0,feature_network_rebuild,МР Давлекановский,МР Зилаирский,0.0,100
v5-20261009T121014Z-d833d0,feature_network_rebuild,МР Давлекановский,МР Иглинский,0.0,100
v5-20261009T121014Z-d833d0,feature_network_rebuild,МР Давлекановский,МР Илишевский,0.99,100
v5-20261009T121014Z-d833d0,feature_network_rebuild,МР Давлекановский,МР Ишимбайский,0.0,100
v5-20261009T121014Z-d833d0,feature_network_rebuild,МР Давлекановский,МР Калтасинский,1.0,100
v5-20261009T121014Z-d833d0,feature_network_rebuild,МР Давлекановский,МР Караидельский,1.0,100
v5-20261009T121014Z-d833d0,feature_network_rebuild,МР Давлекановский,МР Кармаскалинский,0.76,100
v5-20261009T121014Z-d833d0,feature_network_rebuild,МР Давлекановский,МР Кигинский,0.05,100
v5-20261009T121014Z-d833d0,feature_network_rebuild,МР Давлекановский,МР Краснокамский,1.0,100
v5-20261009T121014Z-d833d0,feature_network_rebuild,МР Давлекановский,МР Кугарчинский,0.08,100
v5-20261009T121014Z-d833d0,feature_network_rebuild,МР Давлекановский,МР Кушнаренковский,1.0,100
v5-20261009T121014Z-d833d0,feature_network_rebuild,МР Давлекановский,МР Куюргазинский,1.0,100
v5-20261009T121014Z-d833d0,feature_network_rebuild,МР Давлекановский,МР Мелеузовский,0.0,100
v5-20261009T121014Z-d833d0,feature_network_rebuild,МР Давлекановский,МР Мечетлинский,0.05,100
v5-20261009T121014Z-d833d0,feature_network_rebuild,МР Давлекановский,МР Мишкинский,1.0,100
v5-20261009T121014Z-d833d0,feature_network_rebuild,МР Давлекановский,МР Миякинский,1.0,100
v5-20261009T121014Z-d833d0,feature_network_rebuild,МР Давлекановский,МР Нуримановский,1.0,100
v5-20261009T121014Z-d833d0,feature_network_rebuild,МР Давлекановский,МР Салаватский,0.0,100
v5-20261009T121014Z-d833d0,feature_network_rebuild,МР Давлекановский,МР Стерлибашевский,1.0,100
v5-20261009T121014Z-d833d0,feature_network_rebuild,МР Давлекановский,МР Стерлитамакский,0.0,100
v5-20261009T121014Z-d833d0,feature_network_rebuild,МР Давлекановский,МР Татышлинский,0.08,100
v5-20261009T121014Z-d833d0,feature_network_rebuild,МР Давлекановский,МР Туймазинский,0.0,100
v5-20261009T121014Z-d833d0,feature_network_rebuild,МР Давлекановский,МР Уфимский,0.0,100
v5-20261009T121014Z-d833d0,feature_network_rebuild,МР Давлекановский,МР Учалинский,0.0,100
v5-20261009T121014Z-d833d0,feature_network_rebuild,МР Давлекановский,МР Федоровский,1.0,100
v5-20261009T121014Z-d833d0,feature_network_rebuild,МР Давлекановский,МР Хайбуллинский,0.0,100
v5-20261009T121014Z-d833d0,feature_network_rebuild,МР Давлекановский,МР Чекмагушевский,1.0,100
v5-20261009T121014Z-d833d0,feature_network_rebuild,МР Давлекановский,МР Чишминский,0.0,100
v5-20261009T121014Z-d833d0,feature_network_rebuild,МР Давлекановский,МР Шаранский,1.0,100
v5-20261009T121014Z-d833d0,feature_network_rebuild,МР Давлекановский,МР Янаульский,0.0,100
v5-20261009T121014Z-d833d0,feature_network_rebuild,МР Дуванский,МР Дюртюлинский,0.0,100
v5-20261009T121014Z-d833d0,feature_network_rebuild,МР Дуванский,МР Ермекеевский,0.01,100
v5-20261009T121014Z-d833d0,feature_network_rebuild,МР Дуванский,МР Зианчуринский,0.95,100
v5-20261009T121014Z-d833d0,feature_network_rebuild,МР Дуванский,МР Зилаирский,0.99,100
v5-20261009T121014Z-d833d0,feature_network_rebuild,МР Дуванский,МР Иглинский,0.0,100
v5-20261009T121014Z-d833d0,feature_network_rebuild,МР Дуванский,МР Илишевский,0.02,100
v5-20261009T121014Z-d833d0,feature_network_rebuild,МР Дуванский,МР Ишимбайский,0.0,100
v5-20261009T121014Z-d833d0,feature_network_rebuild,МР Дуванский,МР Калтасинский,0.01,100
v5-20261009T121014Z-d833d0,feature_network_rebuild,МР Дуванский,МР Караидельский,0.01,100
v5-20261009T121014Z-d833d0,feature_network_rebuild,МР Дуванский,МР Кармаскалинский,0.25,100
v5-20261009T121014Z-d833d0,feature_network_rebuild,МР Дуванский,МР Кигинский,0.96,100
v5-20261009T121014Z-d833d0,feature_network_rebuild,МР Дуванский,МР Краснокамский,0.01,100
v5-20261009T121014Z-d833d0,feature_network_rebuild,МР Дуванский,МР Кугарчинский,0.93,100
v5-20261009T121014Z-d833d0,feature_network_rebuild,МР Дуванский,МР Кушнаренковский,0.01,100
v5-20261009T121014Z-d833d0,feature_network_rebuild,МР Дуванский,МР Куюргазинский,0.01,100
v5-20261009T121014Z-d833d0,feature_network_rebuild,МР Дуванский,МР Мелеузовский,0.0,100
v5-20261009T121014Z-d833d0,feature_network_rebuild,МР Дуванский,МР Мечетлинский,0.96,100
v5-20261009T121014Z-d833d0,feature_network_rebuild,МР Дуванский,МР Мишкинский,0.01,100
v5-20261009T121014Z-d833d0,feature_network_rebuild,МР Дуванский,МР Миякинский,0.01,100
v5-20261009T121014Z-d833d0,feature_network_rebuild,МР Дуванский,МР Нуримановский,0.01,100
v5-20261009T121014Z-d833d0,feature_network_rebuild,МР Дуванский,МР Салаватский,0.99,100
v5-20261009T121014Z-d833d0,feature_network_rebuild,МР Дуванский,МР Стерлибашевский,0.01,100
v5-20261009T121014Z-d833d0,feature_network_rebuild,МР Дуванский,МР Стерлитамакский,0.0,100
v5-20261009T121014Z-d833d0,feature_network_rebuild,МР Дуванский,МР Татышлинский,0.93,100
v5-20261009T121014Z-d833d0,feature_network_rebuild,МР Дуванский,МР Туймазинский,0.0,100
v5-20261009T121014Z-d833d0,feature_network_rebuild,МР Дуванский,МР Уфимский,0.0,100
v5-20261009T121014Z-d833d0,feature_network_rebuild,МР Дуванский,МР Учалинский,0.0,100
v5-20261009T121014Z-d833d0,feature_network_rebuild,МР Дуванский,МР Федоровский,0.01,100
v5-20261009T121014Z-d833d0,feature_network_rebuild,МР Дуванский,МР Хайбуллинский,0.99,100
v5-20261009T121014Z-d833d0,feature_network_rebuild,МР Дуванский,МР Чекмагушевский,0.01,100
v5-20261009T121014Z-d833d0,feature_network_rebuild,МР Дуванский,МР Чишминский,0.0,100
v5-20261009T121014Z-d833d0,feature_network_rebuild,МР Дуванский,МР Шаранский,0.01,100
v5-20261009T121014Z-d833d0,feature_network_rebuild,МР Дуванский,МР Янаульский,0.0,100
v5-20261009T121014Z-d833d0,feature_network_rebuild,МР Дюртюлинский,МР Ермекеевский,0.0,100
v5-20261009T121014Z-d833d0,feature_network_rebuild,МР Дюртюлинский,МР Зианчуринский,0.0,100
v5-20261009T121014Z-d833d0,feature_network_rebuild,МР Дюртюлинский,МР Зилаирский,0.0,100
v5-20261009T121014Z-d833d0,feature_network_rebuild,МР Дюртюлинский,МР Иглинский,1.0,100
v5-20261009T121014Z-d833d0,feature_network_rebuild,МР Дюртюлинский,МР Илишевский,0.0,100
v5-20261009T121014Z-d833d0,feature_network_rebuild,МР Дюртюлинский,МР Ишимбайский,1.0,100
v5-20261009T121014Z-d833d0,feature_network_rebuild,МР Дюртюлинский,МР Калтасинский,0.0,100
v5-20261009T121014Z-d833d0,feature_network_rebuild,МР Дюртюлинский,МР Караидельский,0.0,100
v5-20261009T121014Z-d833d0,feature_network_rebuild,МР Дюртюлинский,МР Кармаскалинский,0.0,100
v5-20261009T121014Z-d833d0,feature_network_rebuild,МР Дюртюлинский,МР Кигинский,0.0,100
v5-20261009T121014Z-d833d0,feature_network_rebuild,МР Дюртюлинский,МР Краснокамский,0.0,100
v5-20261009T121014Z-d833d0,feature_network_rebuild,МР Дюртюлинский,МР Кугарчинский,0.0,100
v5-20261009T121014Z-d833d0,feature_network_rebuild,МР Дюртюлинский,МР Кушнаренковский,0.0,100
v5-20261009T121014Z-d833d0,feature_network_rebuild,МР Дюртюлинский,МР Куюргазинский,0.0,100
v5-20261009T121014Z-d833d0,feature_network_rebuild,МР Дюртюлинский,МР Мелеузовский,1.0,100
v5-20261009T121014Z-d833d0,feature_network_rebuild,МР Дюртюлинский,МР Мечетлинский,0.0,100
v5-20261009T121014Z-d833d0,feature_network_rebuild,МР Дюртюлинский,МР Мишкинский,0.0,100
v5-20261009T121014Z-d833d0,feature_network_rebuild,МР Дюртюлинский,МР Миякинский,0.0,100
v5-20261009T121014Z-d833d0,feature_network_rebuild,МР Дюртюлинский,МР Нуримановский,0.0,100
v5-20261009T121014Z-d833d0,feature_network_rebuild,МР Дюртюлинский,МР Салаватский,0.0,100
v5-20261009T121014Z-d833d0,feature_network_rebuild,МР Дюртюлинский,МР Стерлибашевский,0.0,100
v5-20261009T121014Z-d833d0,feature_network_rebuild,МР Дюртюлинский,МР Стерлитамакский,1.0,100
v5-20261009T121014Z-d833d0,feature_network_rebuild,МР Дюртюлинский,МР Татышлинский,0.0,100
v5-20261009T121014Z-d833d0,feature_network_rebuild,МР Дюртюлинский,МР Туймазинский,1.0,100
v5-20261009T121014Z-d833d0,feature_network_rebuild,МР Дюртюлинский,МР Уфимский,1.0,100
v5-20261009T121014Z-d833d0,feature_network_rebuild,МР Дюртюлинский,МР Учалинский,1.0,100
v5-20261009T121014Z-d833d0,feature_network_rebuild,МР Дюртюлинский,МР Федоровский,0.0,100
v5-20261009T121014Z-d833d0,feature_network_rebuild,МР Дюртюлинский,МР Хайбуллинский,0.0,100
v5-20261009T121014Z-d833d0,feature_network_rebuild,МР Дюртюлинский,МР Чекмагушевский,0.0,100
v5-20261009T121014Z-d833d0,feature_network_rebuild,МР Дюртюлинский,МР Чишминский,1.0,100
v5-20261009T121014Z-d833d0,feature_network_rebuild,МР Дюртюлинский,МР Шаранский,0.0,100
v5-20261009T121014Z-d833d0,feature_network_rebuild,МР Дюртюлинский,МР Янаульский,1.0,100
v5-20261009T121014Z-d833d0,feature_network_rebuild,МР Ермекеевский,МР Зианчуринский,0.06,100
v5-20261009T121014Z-d833d0,feature_network_rebuild,МР Ермекеевский,МР Зилаирский,0.0,100
v5-20261009T121014Z-d833d0,feature_network_rebuild,МР Ермекеевский,МР Иглинский,0.0,100
v5-20261009T121014Z-d833d0,feature_network_rebuild,МР Ермекеевский,МР Илишевский,0.99,100
v5-20261009T121014Z-d833d0,feature_network_rebuild,МР Ермекеевский,МР Ишимбайский,0.0,100
v5-20261009T121014Z-d833d0,feature_network_rebuild,МР Ермекеевский,МР Калтасинский,1.0,100
v5-20261009T121014Z-d833d0,feature_network_rebuild,МР Ермекеевский,МР Караидельский,1.0,100
v5-20261009T121014Z-d833d0,feature_network_rebuild,МР Ермекеевский,МР Кармаскалинский,0.76,100
v5-20261009T121014Z-d833d0,feature_network_rebuild,МР Ермекеевский,МР Кигинский,0.05,100
v5-20261009T121014Z-d833d0,feature_network_rebuild,МР Ермекеевский,МР Краснокамский,1.0,100
v5-20261009T121014Z-d833d0,feature_network_rebuild,МР Ермекеевский,МР Кугарчинский,0.08,100
v5-20261009T121014Z-d833d0,feature_network_rebuild,МР Ермекеевский,МР Кушнаренковский,1.0,100
v5-20261009T121014Z-d833d0,feature_network_rebuild,МР Ермекеевский,МР Куюргазинский,1.0,100
v5-20261009T121014Z-d833d0,feature_network_rebuild,МР Ермекеевский,МР Мелеузовский,0.0,100
v5-20261009T121014Z-d833d0,feature_network_rebuild,МР Ермекеевский,МР Мечетлинский,0.05,100
v5-20261009T121014Z-d833d0,feature_network_rebuild,МР Ермекеевский,МР Мишкинский,1.0,100
v5-20261009T121014Z-d833d0,feature_network_rebuild,МР Ермекеевский,МР Миякинский,1.0,100
v5-20261009T121014Z-d833d0,feature_network_rebuild,МР Ермекеевский,МР Нуримановский,1.0,100
v5-20261009T121014Z-d833d0,feature_network_rebuild,МР Ермекеевский,МР Салаватский,0.0,100
v5-20261009T121014Z-d833d0,feature_network_rebuild,МР Ермекеевский,МР Стерлибашевский,1.0,100
v5-20261009T121014Z-d833d0,feature_network_rebuild,МР Ермекеевский,МР Стерлитамакский,0.0,100
v5-20261009T121014Z-d833d0,feature_network_rebuild,МР Ермекеевский,МР Татышлинский,0.08,100
v5-20261009T121014Z-d833d0,feature_network_rebuild,МР Ермекеевский,МР Туймазинский,0.0,100
v5-20261009T121014Z-d833d0,feature_network_rebuild,МР Ермекеевский,МР Уфимский,0.0,100
v5-20261009T121014Z-d833d0,feature_network_rebuild,МР Ермекеевский,МР Учалинский,0.0,100
v5-20261009T121014Z-d833d0,feature_network_rebuild,МР Ермекеевский,МР Федоровский,1.0,100
v5-20261009T121014Z-d833d0,feature_network_rebuild,МР Ермекеевский,МР Хайбуллинский,0.0,100
v5-20261009T121014Z-d833d0,feature_network_rebuild,МР Ермекеевский,МР Чекмагушевский,1.0,100
v5-20261009T121014Z-d833d0,feature_network_rebuild,МР Ермекеевский,МР Чишминский,0.0,100
v5-20261009T121014Z-d833d0,feature_network_rebuild,МР Ермекеевский,МР Шаранский,1.0,100
v5-20261009T121014Z-d833d0,feature_network_rebuild,МР Ермекеевский,МР Янаульский,0.0,100
v5-20261009T121014Z-d833d0,feature_network_rebuild,МР Зианчуринский,МР Зилаирский,0.94,100
v5-20261009T121014Z-d833d0,feature_network_rebuild,МР Зианчуринский,МР Иглинский,0.0,100
v5-20261009T121014Z-d833d0,feature_network_rebuild,МР Зианчуринский,МР Илишевский,0.07,100
v5-20261009T121014Z-d833d0,feature_network_rebuild,МР Зианчуринский,МР Ишимбайский,0.0,100
v5-20261009T121014Z-d833d0,feature_network_rebuild,МР Зианчуринский,МР Калтасинский,0.06,100
v5-20261009T121014Z-d833d0,feature_network_rebuild,МР Зианчуринский,МР Караидельский,0.06,100
v5-20261009T121014Z-d833d0,feature_network_rebuild,МР Зианчуринский,МР Кармаскалинский,0.28,100
v5-20261009T121014Z-d833d0,feature_network_rebuild,МР Зианчуринский,МР Кигинский,0.99,100
v5-20261009T121014Z-d833d0,feature_network_rebuild,МР Зианчуринский,МР Краснокамский,0.06,100
v5-20261009T121014Z-d833d0,feature_network_rebuild,МР Зианчуринский,МР Кугарчинский,0.96,100
v5-20261009T121014Z-d833d0,feature_network_rebuild,МР Зианчуринский,МР Кушнаренковский,0.06,100
v5-20261009T121014Z-d833d0,feature_network_rebuild,МР Зианчуринский,МР Куюргазинский,0.06,100
v5-20261009T121014Z-d833d0,feature_network_rebuild,МР Зианчуринский,МР Мелеузовский,0.0,100
v5-20261009T121014Z-d833d0,feature_network_rebuild,МР Зианчуринский,МР Мечетлинский,0.99,100
v5-20261009T121014Z-d833d0,feature_network_rebuild,МР Зианчуринский,МР Мишкинский,0.06,100
v5-20261009T121014Z-d833d0,feature_network_rebuild,МР Зианчуринский,МР Миякинский,0.06,100
v5-20261009T121014Z-d833d0,feature_network_rebuild,МР Зианчуринский,МР Нуримановский,0.06,100
v5-20261009T121014Z-d833d0,feature_network_rebuild,МР Зианчуринский,МР Салаватский,0.94,100
v5-20261009T121014Z-d833d0,feature_network_rebuild,МР Зианчуринский,МР Стерлибашевский,0.06,100
v5-20261009T121014Z-d833d0,feature_network_rebuild,МР Зианчуринский,МР Стерлитамакский,0.0,100
v5-20261009T121014Z-d833d0,feature_network_rebuild,МР Зианчуринский,МР Татышлинский,0.96,100
v5-20261009T121014Z-d833d0,feature_network_rebuild,МР Зианчуринский,МР Туймазинский,0.0,100
v5-20261009T121014Z-d833d0,feature_network_rebuild,МР Зианчуринский,МР Уфимский,0.0,100
v5-20261009T121014Z-d833d0,feature_network_rebuild,МР Зианчуринский,МР Учалинский,0.0,100
v5-20261009T121014Z-d833d0,feature_network_rebuild,МР Зианчуринский,МР Федоровский,0.06,100
v5-20261009T121014Z-d833d0,feature_network_rebuild,МР Зианчуринский,МР Хайбуллинский,0.94,100
v5-20261009T121014Z-d833d0,feature_network_rebuild,МР Зианчуринский,МР Чекмагушевский,0.06,100
v5-20261009T121014Z-d833d0,feature_network_rebuild,МР Зианчуринский,МР Чишминский,0.0,100
v5-20261009T121014Z-d833d0,feature_network_rebuild,МР Зианчуринский,МР Шаранский,0.06,100
v5-20261009T121014Z-d833d0,feature_network_rebuild,МР Зианчуринский,МР Янаульский,0.0,100
v5-20261009T121014Z-d833d0,feature_network_rebuild,МР Зилаирский,МР Иглинский,0.0,100
v5-20261009T121014Z-d833d0,feature_network_rebuild,МР Зилаирский,МР Илишевский,0.01,100
v5-20261009T121014Z-d833d0,feature_network_rebuild,МР Зилаирский,МР Ишимбайский,0.0,100
v5-20261009T121014Z-d833d0,feature_network_rebuild,МР Зилаирский,МР Калтасинский,0.0,100
v5-20261009T121014Z-d833d0,feature_network_rebuild,МР Зилаирский,МР Караидельский,0.0,100
v5-20261009T121014Z-d833d0,feature_network_rebuild,МР Зилаирский,МР Кармаскалинский,0.24,100
v5-20261009T121014Z-d833d0,feature_network_rebuild,МР Зилаирский,МР Кигинский,0.95,100
v5-20261009T121014Z-d833d0,feature_network_rebuild,МР Зилаирский,МР Краснокамский,0.0,100
v5-20261009T121014Z-d833d0,feature_network_rebuild,МР Зилаирский,МР Кугарчинский,0.92,100
v5-20261009T121014Z-d833d0,feature_network_rebuild,МР Зилаирский,МР Кушнаренковский,0.0,100
v5-20261009T121014Z-d833d0,feature_network_rebuild,МР Зилаирский,МР Куюргазинский,0.0,100
v5-20261009T121014Z-d833d0,feature_network_rebuild,МР Зилаирский,МР Мелеузовский,0.0,100
v5-20261009T121014Z-d833d0,feature_network_rebuild,МР Зилаирский,МР Мечетлинский,0.95,100
v5-20261009T121014Z-d833d0,feature_network_rebuild,МР Зилаирский,МР Мишкинский,0.0,100
v5-20261009T121014Z-d833d0,feature_network_rebuild,МР Зилаирский,МР Миякинский,0.0,100
v5-20261009T121014Z-d833d0,feature_network_rebuild,МР Зилаирский,МР Нуримановский,0.0,100
v5-20261009T121014Z-d833d0,feature_network_rebuild,МР Зилаирский,МР Салаватский,1.0,100
v5-20261009T121014Z-d833d0,feature_network_rebuild,МР Зилаирский,МР Стерлибашевский,0.0,100
v5-20261009T121014Z-d833d0,feature_network_rebuild,МР Зилаирский,МР Стерлитамакский,0.0,100
v5-20261009T121014Z-d833d0,feature_network_rebuild,МР Зилаирский,МР Татышлинский,0.92,100
v5-20261009T121014Z-d833d0,feature_network_rebuild,МР Зилаирский,МР Туймазинский,0.0,100
v5-20261009T121014Z-d833d0,feature_network_rebuild,МР Зилаирский,МР Уфимский,0.0,100
v5-20261009T121014Z-d833d0,feature_network_rebuild,МР Зилаирский,МР Учалинский,0.0,100
v5-20261009T121014Z-d833d0,feature_network_rebuild,МР Зилаирский,МР Федоровский,0.0,100
v5-20261009T121014Z-d833d0,feature_network_rebuild,МР Зилаирский,МР Хайбуллинский,1.0,100
v5-20261009T121014Z-d833d0,feature_network_rebuild,МР Зилаирский,МР Чекмагушевский,0.0,100
v5-20261009T121014Z-d833d0,feature_network_rebuild,МР Зилаирский,МР Чишминский,0.0,100
v5-20261009T121014Z-d833d0,feature_network_rebuild,МР Зилаирский,МР Шаранский,0.0,100
v5-20261009T121014Z-d833d0,feature_network_rebuild,МР Зилаирский,МР Янаульский,0.0,100
v5-20261009T121014Z-d833d0,feature_network_rebuild,МР Иглинский,МР Илишевский,0.0,100
v5-20261009T121014Z-d833d0,feature_network_rebuild,МР Иглинский,МР Ишимбайский,1.0,100
v5-20261009T121014Z-d833d0,feature_network_rebuild,МР Иглинский,МР Калтасинский,0.0,100
v5-20261009T121014Z-d833d0,feature_network_rebuild,МР Иглинский,МР Караидельский,0.0,100
v5-20261009T121014Z-d833d0,feature_network_rebuild,МР Иглинский,МР Кармаскалинский,0.0,100
v5-20261009T121014Z-d833d0,feature_network_rebuild,МР Иглинский,МР Кигинский,0.0,100
v5-20261009T121014Z-d833d0,feature_network_rebuild,МР Иглинский,МР Краснокамский,0.0,100
v5-20261009T121014Z-d833d0,feature_network_rebuild,МР Иглинский,МР Кугарчинский,0.0,100
v5-20261009T121014Z-d833d0,feature_network_rebuild,МР Иглинский,МР Кушнаренковский,0.0,100
v5-20261009T121014Z-d833d0,feature_network_rebuild,МР Иглинский,МР Куюргазинский,0.0,100
v5-20261009T121014Z-d833d0,feature_network_rebuild,МР Иглинский,МР Мелеузовский,1.0,100
v5-20261009T121014Z-d833d0,feature_network_rebuild,МР Иглинский,МР Мечетлинский,0.0,100
v5-20261009T121014Z-d833d0,feature_network_rebuild,МР Иглинский,МР Мишкинский,0.0,100
v5-20261009T121014Z-d833d0,feature_network_rebuild,МР Иглинский,МР Миякинский,0.0,100
v5-20261009T121014Z-d833d0,feature_network_rebuild,МР Иглинский,МР Нуримановский,0.0,100
v5-20261009T121014Z-d833d0,feature_network_rebuild,МР Иглинский,МР Салаватский,0.0,100
v5-20261009T121014Z-d833d0,feature_network_rebuild,МР Иглинский,МР Стерлибашевский,0.0,100
v5-20261009T121014Z-d833d0,feature_network_rebuild,МР Иглинский,МР Стерлитамакский,1.0,100
v5-20261009T121014Z-d833d0,feature_network_rebuild,МР Иглинский,МР Татышлинский,0.0,100
v5-20261009T121014Z-d833d0,feature_network_rebuild,МР Иглинский,МР Туймазинский,1.0,100
v5-20261009T121014Z-d833d0,feature_network_rebuild,МР Иглинский,МР Уфимский,1.0,100
v5-20261009T121014Z-d833d0,feature_network_rebuild,МР Иглинский,МР Учалинский,1.0,100
v5-20261009T121014Z-d833d0,feature_network_rebuild,МР Иглинский,МР Федоровский,0.0,100
v5-20261009T121014Z-d833d0,feature_network_rebuild,МР Иглинский,МР Хайбуллинский,0.0,100
v5-20261009T121014Z-d833d0,feature_network_rebuild,МР Иглинский,МР Чекмагушевский,0.0,100
v5-20261009T121014Z-d833d0,feature_network_rebuild,МР Иглинский,МР Чишминский,1.0,100
v5-20261009T121014Z-d833d0,feature_network_rebuild,МР Иглинский,МР Шаранский,0.0,100
v5-20261009T121014Z-d833d0,feature_network_rebuild,МР Иглинский,МР Янаульский,1.0,100
v5-20261009T121014Z-d833d0,feature_network_rebuild,МР Илишевский,МР Ишимбайский,0.0,100
v5-20261009T121014Z-d833d0,feature_network_rebuild,МР Илишевский,МР Калтасинский,0.99,100
v5-20261009T121014Z-d833d0,feature_network_rebuild,МР Илишевский,МР Караидельский,0.99,100
v5-20261009T121014Z-d833d0,feature_network_rebuild,МР Илишевский,МР Кармаскалинский,0.77,100
v5-20261009T121014Z-d833d0,feature_network_rebuild,МР Илишевский,МР Кигинский,0.06,100
v5-20261009T121014Z-d833d0,feature_network_rebuild,МР Илишевский,МР Краснокамский,0.99,100
v5-20261009T121014Z-d833d0,feature_network_rebuild,МР Илишевский,МР Кугарчинский,0.09,100
v5-20261009T121014Z-d833d0,feature_network_rebuild,МР Илишевский,МР Кушнаренковский,0.99,100
v5-20261009T121014Z-d833d0,feature_network_rebuild,МР Илишевский,МР Куюргазинский,0.99,100
v5-20261009T121014Z-d833d0,feature_network_rebuild,МР Илишевский,МР Мелеузовский,0.0,100
v5-20261009T121014Z-d833d0,feature_network_rebuild,МР Илишевский,МР Мечетлинский,0.06,100
v5-20261009T121014Z-d833d0,feature_network_rebuild,МР Илишевский,МР Мишкинский,0.99,100
v5-20261009T121014Z-d833d0,feature_network_rebuild,МР Илишевский,МР Миякинский,0.99,100
v5-20261009T121014Z-d833d0,feature_network_rebuild,МР Илишевский,МР Нуримановский,0.99,100
v5-20261009T121014Z-d833d0,feature_network_rebuild,МР Илишевский,МР Салаватский,0.01,100
v5-20261009T121014Z-d833d0,feature_network_rebuild,МР Илишевский,МР Стерлибашевский,0.99,100
v5-20261009T121014Z-d833d0,feature_network_rebuild,МР Илишевский,МР Стерлитамакский,0.0,100
v5-20261009T121014Z-d833d0,feature_network_rebuild,МР Илишевский,МР Татышлинский,0.09,100
v5-20261009T121014Z-d833d0,feature_network_rebuild,МР Илишевский,МР Туймазинский,0.0,100
v5-20261009T121014Z-d833d0,feature_network_rebuild,МР Илишевский,МР Уфимский,0.0,100
v5-20261009T121014Z-d833d0,feature_network_rebuild,МР Илишевский,МР Учалинский,0.0,100
v5-20261009T121014Z-d833d0,feature_network_rebuild,МР Илишевский,МР Федоровский,0.99,100
v5-20261009T121014Z-d833d0,feature_network_rebuild,МР Илишевский,МР Хайбуллинский,0.01,100
v5-20261009T121014Z-d833d0,feature_network_rebuild,МР Илишевский,МР Чекмагушевский,0.99,100
v5-20261009T121014Z-d833d0,feature_network_rebuild,МР Илишевский,МР Чишминский,0.0,100
v5-20261009T121014Z-d833d0,feature_network_rebuild,МР Илишевский,МР Шаранский,0.99,100
v5-20261009T121014Z-d833d0,feature_network_rebuild,МР Илишевский,МР Янаульский,0.0,100
v5-20261009T121014Z-d833d0,feature_network_rebuild,МР Ишимбайский,МР Калтасинский,0.0,100
v5-20261009T121014Z-d833d0,feature_network_rebuild,МР Ишимбайский,МР Караидельский,0.0,100
v5-20261009T121014Z-d833d0,feature_network_rebuild,МР Ишимбайский,МР Кармаскалинский,0.0,100
v5-20261009T121014Z-d833d0,feature_network_rebuild,МР Ишимбайский,МР Кигинский,0.0,100
v5-20261009T121014Z-d833d0,feature_network_rebuild,МР Ишимбайский,МР Краснокамский,0.0,100
v5-20261009T121014Z-d833d0,feature_network_rebuild,МР Ишимбайский,МР Кугарчинский,0.0,100
v5-20261009T121014Z-d833d0,feature_network_rebuild,МР Ишимбайский,МР Кушнаренковский,0.0,100
v5-20261009T121014Z-d833d0,feature_network_rebuild,МР Ишимбайский,МР Куюргазинский,0.0,100
v5-20261009T121014Z-d833d0,feature_network_rebuild,МР Ишимбайский,МР Мелеузовский,1.0,100
v5-20261009T121014Z-d833d0,feature_network_rebuild,МР Ишимбайский,МР Мечетлинский,0.0,100
v5-20261009T121014Z-d833d0,feature_network_rebuild,МР Ишимбайский,МР Мишкинский,0.0,100
v5-20261009T121014Z-d833d0,feature_network_rebuild,МР Ишимбайский,МР Миякинский,0.0,100
v5-20261009T121014Z-d833d0,feature_network_rebuild,МР Ишимбайский,МР Нуримановский,0.0,100
v5-20261009T121014Z-d833d0,feature_network_rebuild,МР Ишимбайский,МР Салаватский,0.0,100
v5-20261009T121014Z-d833d0,feature_network_rebuild,МР Ишимбайский,МР Стерлибашевский,0.0,100
v5-20261009T121014Z-d833d0,feature_network_rebuild,МР Ишимбайский,МР Стерлитамакский,1.0,100
v5-20261009T121014Z-d833d0,feature_network_rebuild,МР Ишимбайский,МР Татышлинский,0.0,100
v5-20261009T121014Z-d833d0,feature_network_rebuild,МР Ишимбайский,МР Туймазинский,1.0,100
v5-20261009T121014Z-d833d0,feature_network_rebuild,МР Ишимбайский,МР Уфимский,1.0,100
v5-20261009T121014Z-d833d0,feature_network_rebuild,МР Ишимбайский,МР Учалинский,1.0,100
v5-20261009T121014Z-d833d0,feature_network_rebuild,МР Ишимбайский,МР Федоровский,0.0,100
v5-20261009T121014Z-d833d0,feature_network_rebuild,МР Ишимбайский,МР Хайбуллинский,0.0,100
v5-20261009T121014Z-d833d0,feature_network_rebuild,МР Ишимбайский,МР Чекмагушевский,0.0,100
v5-20261009T121014Z-d833d0,feature_network_rebuild,МР Ишимбайский,МР Чишминский,1.0,100
v5-20261009T121014Z-d833d0,feature_network_rebuild,МР Ишимбайский,МР Шаранский,0.0,100
v5-20261009T121014Z-d833d0,feature_network_rebuild,МР Ишимбайский,МР Янаульский,1.0,100
v5-20261009T121014Z-d833d0,feature_network_rebuild,МР Калтасинский,МР Караидельский,1.0,100
v5-20261009T121014Z-d833d0,feature_network_rebuild,МР Калтасинский,МР Кармаскалинский,0.76,100
v5-20261009T121014Z-d833d0,feature_network_rebuild,МР Калтасинский,МР Кигинский,0.05,100
v5-20261009T121014Z-d833d0,feature_network_rebuild,МР Калтасинский,МР Краснокамский,1.0,100
v5-20261009T121014Z-d833d0,feature_network_rebuild,МР Калтасинский,МР Кугарчинский,0.08,100
v5-20261009T121014Z-d833d0,feature_network_rebuild,МР Калтасинский,МР Кушнаренковский,1.0,100
v5-20261009T121014Z-d833d0,feature_network_rebuild,МР Калтасинский,МР Куюргазинский,1.0,100
v5-20261009T121014Z-d833d0,feature_network_rebuild,МР Калтасинский,МР Мелеузовский,0.0,100
v5-20261009T121014Z-d833d0,feature_network_rebuild,МР Калтасинский,МР Мечетлинский,0.05,100
v5-20261009T121014Z-d833d0,feature_network_rebuild,МР Калтасинский,МР Мишкинский,1.0,100
v5-20261009T121014Z-d833d0,feature_network_rebuild,МР Калтасинский,МР Миякинский,1.0,100
v5-20261009T121014Z-d833d0,feature_network_rebuild,МР Калтасинский,МР Нуримановский,1.0,100
v5-20261009T121014Z-d833d0,feature_network_rebuild,МР Калтасинский,МР Салаватский,0.0,100
v5-20261009T121014Z-d833d0,feature_network_rebuild,МР Калтасинский,МР Стерлибашевский,1.0,100
v5-20261009T121014Z-d833d0,feature_network_rebuild,МР Калтасинский,МР Стерлитамакский,0.0,100
v5-20261009T121014Z-d833d0,feature_network_rebuild,МР Калтасинский,МР Татышлинский,0.08,100
v5-20261009T121014Z-d833d0,feature_network_rebuild,МР Калтасинский,МР Туймазинский,0.0,100
v5-20261009T121014Z-d833d0,feature_network_rebuild,МР Калтасинский,МР Уфимский,0.0,100
v5-20261009T121014Z-d833d0,feature_network_rebuild,МР Калтасинский,МР Учалинский,0.0,100
v5-20261009T121014Z-d833d0,feature_network_rebuild,МР Калтасинский,МР Федоровский,1.0,100
v5-20261009T121014Z-d833d0,feature_network_rebuild,МР Калтасинский,МР Хайбуллинский,0.0,100
v5-20261009T121014Z-d833d0,feature_network_rebuild,МР Калтасинский,МР Чекмагушевский,1.0,100
v5-20261009T121014Z-d833d0,feature_network_rebuild,МР Калтасинский,МР Чишминский,0.0,100
v5-20261009T121014Z-d833d0,feature_network_rebuild,МР Калтасинский,МР Шаранский,1.0,100
v5-20261009T121014Z-d833d0,feature_network_rebuild,МР Калтасинский,МР Янаульский,0.0,100
v5-20261009T121014Z-d833d0,feature_network_rebuild,МР Караидельский,МР Кармаскалинский,0.76,100
v5-20261009T121014Z-d833d0,feature_network_rebuild,МР Караидельский,МР Кигинский,0.05,100
v5-20261009T121014Z-d833d0,feature_network_rebuild,МР Караидельский,МР Краснокамский,1.0,100
v5-20261009T121014Z-d833d0,feature_network_rebuild,МР Караидельский,МР Кугарчинский,0.08,100
v5-20261009T121014Z-d833d0,feature_network_rebuild,МР Караидельский,МР Кушнаренковский,1.0,100
v5-20261009T121014Z-d833d0,feature_network_rebuild,МР Караидельский,МР Куюргазинский,1.0,100
v5-20261009T121014Z-d833d0,feature_network_rebuild,МР Караидельский,МР Мелеузовский,0.0,100
v5-20261009T121014Z-d833d0,feature_network_rebuild,МР Караидельский,МР Мечетлинский,0.05,100
v5-20261009T121014Z-d833d0,feature_network_rebuild,МР Караидельский,МР Мишкинский,1.0,100
v5-20261009T121014Z-d833d0,feature_network_rebuild,МР Караидельский,МР Миякинский,1.0,100
v5-20261009T121014Z-d833d0,feature_network_rebuild,МР Караидельский,МР Нуримановский,1.0,100
v5-20261009T121014Z-d833d0,feature_network_rebuild,МР Караидельский,МР Салаватский,0.0,100
v5-20261009T121014Z-d833d0,feature_network_rebuild,МР Караидельский,МР Стерлибашевский,1.0,100
v5-20261009T121014Z-d833d0,feature_network_rebuild,МР Караидельский,МР Стерлитамакский,0.0,100
v5-20261009T121014Z-d833d0,feature_network_rebuild,МР Караидельский,МР Татышлинский,0.08,100
v5-20261009T121014Z-d833d0,feature_network_rebuild,МР Караидельский,МР Туймазинский,0.0,100
v5-20261009T121014Z-d833d0,feature_network_rebuild,МР Караидельский,МР Уфимский,0.0,100
v5-20261009T121014Z-d833d0,feature_network_rebuild,МР Караидельский,МР Учалинский,0.0,100
v5-20261009T121014Z-d833d0,feature_network_rebuild,МР Караидельский,МР Федоровский,1.0,100
v5-20261009T121014Z-d833d0,feature_network_rebuild,МР Караидельский,МР Хайбуллинский,0.0,100
v5-20261009T121014Z-d833d0,feature_network_rebuild,МР Караидельский,МР Чекмагушевский,1.0,100
v5-20261009T121014Z-d833d0,feature_network_rebuild,МР Караидельский,МР Чишминский,0.0,100
v5-20261009T121014Z-d833d0,feature_network_rebuild,МР Караидельский,МР Шаранский,1.0,100
v5-20261009T121014Z-d833d0,feature_network_rebuild,МР Караидельский,МР Янаульский,0.0,100
v5-20261009T121014Z-d833d0,feature_network_rebuild,МР Кармаскалинский,МР Кигинский,0.29,100
v5-20261009T121014Z-d833d0,feature_network_rebuild,МР Кармаскалинский,МР Краснокамский,0.76,100
v5-20261009T121014Z-d833d0,feature_network_rebuild,МР Кармаскалинский,МР Кугарчинский,0.32,100
v5-20261009T121014Z-d833d0,feature_network_rebuild,МР Кармаскалинский,МР Кушнаренковский,0.76,100
v5-20261009T121014Z-d833d0,feature_network_rebuild,МР Кармаскалинский,МР Куюргазинский,0.76,100
v5-20261009T121014Z-d833d0,feature_network_rebuild,МР Кармаскалинский,МР Мелеузовский,0.0,100
v5-20261009T121014Z-d833d0,feature_network_rebuild,МР Кармаскалинский,МР Мечетлинский,0.29,100
v5-20261009T121014Z-d833d0,feature_network_rebuild,МР Кармаскалинский,МР Мишкинский,0.76,100
v5-20261009T121014Z-d833d0,feature_network_rebuild,МР Кармаскалинский,МР Миякинский,0.76,100
v5-20261009T121014Z-d833d0,feature_network_rebuild,МР Кармаскалинский,МР Нуримановский,0.76,100
v5-20261009T121014Z-d833d0,feature_network_rebuild,МР Кармаскалинский,МР Салаватский,0.24,100
v5-20261009T121014Z-d833d0,feature_network_rebuild,МР Кармаскалинский,МР Стерлибашевский,0.76,100
v5-20261009T121014Z-d833d0,feature_network_rebuild,МР Кармаскалинский,МР Стерлитамакский,0.0,100
v5-20261009T121014Z-d833d0,feature_network_rebuild,МР Кармаскалинский,МР Татышлинский,0.32,100
v5-20261009T121014Z-d833d0,feature_network_rebuild,МР Кармаскалинский,МР Туймазинский,0.0,100
v5-20261009T121014Z-d833d0,feature_network_rebuild,МР Кармаскалинский,МР Уфимский,0.0,100
v5-20261009T121014Z-d833d0,feature_network_rebuild,МР Кармаскалинский,МР Учалинский,0.0,100
v5-20261009T121014Z-d833d0,feature_network_rebuild,МР Кармаскалинский,МР Федоровский,0.76,100
v5-20261009T121014Z-d833d0,feature_network_rebuild,МР Кармаскалинский,МР Хайбуллинский,0.24,100
v5-20261009T121014Z-d833d0,feature_network_rebuild,МР Кармаскалинский,МР Чекмагушевский,0.76,100
v5-20261009T121014Z-d833d0,feature_network_rebuild,МР Кармаскалинский,МР Чишминский,0.0,100
v5-20261009T121014Z-d833d0,feature_network_rebuild,МР Кармаскалинский,МР Шаранский,0.76,100
v5-20261009T121014Z-d833d0,feature_network_rebuild,МР Кармаскалинский,МР Янаульский,0.0,100
v5-20261009T121014Z-d833d0,feature_network_rebuild,МР Кигинский,МР Краснокамский,0.05,100
v5-20261009T121014Z-d833d0,feature_network_rebuild,МР Кигинский,МР Кугарчинский,0.97,100
v5-20261009T121014Z-d833d0,feature_network_rebuild,МР Кигинский,МР Кушнаренковский,0.05,100
v5-20261009T121014Z-d833d0,feature_network_rebuild,МР Кигинский,МР Куюргазинский,0.05,100
v5-20261009T121014Z-d833d0,feature_network_rebuild,МР Кигинский,МР Мелеузовский,0.0,100
v5-20261009T121014Z-d833d0,feature_network_rebuild,МР Кигинский,МР Мечетлинский,1.0,100
v5-20261009T121014Z-d833d0,feature_network_rebuild,МР Кигинский,МР Мишкинский,0.05,100
v5-20261009T121014Z-d833d0,feature_network_rebuild,МР Кигинский,МР Миякинский,0.05,100
v5-20261009T121014Z-d833d0,feature_network_rebuild,МР Кигинский,МР Нуримановский,0.05,100
v5-20261009T121014Z-d833d0,feature_network_rebuild,МР Кигинский,МР Салаватский,0.95,100
v5-20261009T121014Z-d833d0,feature_network_rebuild,МР Кигинский,МР Стерлибашевский,0.05,100
v5-20261009T121014Z-d833d0,feature_network_rebuild,МР Кигинский,МР Стерлитамакский,0.0,100
v5-20261009T121014Z-d833d0,feature_network_rebuild,МР Кигинский,МР Татышлинский,0.97,100
v5-20261009T121014Z-d833d0,feature_network_rebuild,МР Кигинский,МР Туймазинский,0.0,100
v5-20261009T121014Z-d833d0,feature_network_rebuild,МР Кигинский,МР Уфимский,0.0,100
v5-20261009T121014Z-d833d0,feature_network_rebuild,МР Кигинский,МР Учалинский,0.0,100
v5-20261009T121014Z-d833d0,feature_network_rebuild,МР Кигинский,МР Федоровский,0.05,100
v5-20261009T121014Z-d833d0,feature_network_rebuild,МР Кигинский,МР Хайбуллинский,0.95,100
v5-20261009T121014Z-d833d0,feature_network_rebuild,МР Кигинский,МР Чекмагушевский,0.05,100
v5-20261009T121014Z-d833d0,feature_network_rebuild,МР Кигинский,МР Чишминский,0.0,100
v5-20261009T121014Z-d833d0,feature_network_rebuild,МР Кигинский,МР Шаранский,0.05,100
v5-20261009T121014Z-d833d0,feature_network_rebuild,МР Кигинский,МР Янаульский,0.0,100
v5-20261009T121014Z-d833d0,feature_network_rebuild,МР Краснокамский,МР Кугарчинский,0.08,100
v5-20261009T121014Z-d833d0,feature_network_rebuild,МР Краснокамский,МР Кушнаренковский,1.0,100
v5-20261009T121014Z-d833d0,feature_network_rebuild,МР Краснокамский,МР Куюргазинский,1.0,100
v5-20261009T121014Z-d833d0,feature_network_rebuild,МР Краснокамский,МР Мелеузовский,0.0,100
v5-20261009T121014Z-d833d0,feature_network_rebuild,МР Краснокамский,МР Мечетлинский,0.05,100
v5-20261009T121014Z-d833d0,feature_network_rebuild,МР Краснокамский,МР Мишкинский,1.0,100
v5-20261009T121014Z-d833d0,feature_network_rebuild,МР Краснокамский,МР Миякинский,1.0,100
v5-20261009T121014Z-d833d0,feature_network_rebuild,МР Краснокамский,МР Нуримановский,1.0,100
v5-20261009T121014Z-d833d0,feature_network_rebuild,МР Краснокамский,МР Салаватский,0.0,100
v5-20261009T121014Z-d833d0,feature_network_rebuild,МР Краснокамский,МР Стерлибашевский,1.0,100
v5-20261009T121014Z-d833d0,feature_network_rebuild,МР Краснокамский,МР Стерлитамакский,0.0,100
v5-20261009T121014Z-d833d0,feature_network_rebuild,МР Краснокамский,МР Татышлинский,0.08,100
v5-20261009T121014Z-d833d0,feature_network_rebuild,МР Краснокамский,МР Туймазинский,0.0,100
v5-20261009T121014Z-d833d0,feature_network_rebuild,МР Краснокамский,МР Уфимский,0.0,100
v5-20261009T121014Z-d833d0,feature_network_rebuild,МР Краснокамский,МР Учалинский,0.0,100
v5-20261009T121014Z-d833d0,feature_network_rebuild,МР Краснокамский,МР Федоровский,1.0,100
v5-20261009T121014Z-d833d0,feature_network_rebuild,МР Краснокамский,МР Хайбуллинский,0.0,100
v5-20261009T121014Z-d833d0,feature_network_rebuild,МР Краснокамский,МР Чекмагушевский,1.0,100
v5-20261009T121014Z-d833d0,feature_network_rebuild,МР Краснокамский,МР Чишминский,0.0,100
v5-20261009T121014Z-d833d0,feature_network_rebuild,МР Краснокамский,МР Шаранский,1.0,100
v5-20261009T121014Z-d833d0,feature_network_rebuild,МР Краснокамский,МР Янаульский,0.0,100
v5-20261009T121014Z-d833d0,feature_network_rebuild,МР Кугарчинский,МР Кушнаренковский,0.08,100
v5-20261009T121014Z-d833d0,feature_network_rebuild,МР Кугарчинский,МР Куюргазинский,0.08,100
v5-20261009T121014Z-d833d0,feature_network_rebuild,МР Кугарчинский,МР Мелеузовский,0.0,100
v5-20261009T121014Z-d833d0,feature_network_rebuild,МР Кугарчинский,МР Мечетлинский,0.97,100
v5-20261009T121014Z-d833d0,feature_network_rebuild,МР Кугарчинский,МР Мишкинский,0.08,100
v5-20261009T121014Z-d833d0,feature_network_rebuild,МР Кугарчинский,МР Миякинский,0.08,100
v5-20261009T121014Z-d833d0,feature_network_rebuild,МР Кугарчинский,МР Нуримановский,0.08,100
v5-20261009T121014Z-d833d0,feature_network_rebuild,МР Кугарчинский,МР Салаватский,0.92,100
v5-20261009T121014Z-d833d0,feature_network_rebuild,МР Кугарчинский,МР Стерлибашевский,0.08,100
v5-20261009T121014Z-d833d0,feature_network_rebuild,МР Кугарчинский,МР Стерлитамакский,0.0,100
v5-20261009T121014Z-d833d0,feature_network_rebuild,МР Кугарчинский,МР Татышлинский,1.0,100
v5-20261009T121014Z-d833d0,feature_network_rebuild,МР Кугарчинский,МР Туймазинский,0.0,100
v5-20261009T121014Z-d833d0,feature_network_rebuild,МР Кугарчинский,МР Уфимский,0.0,100
v5-20261009T121014Z-d833d0,feature_network_rebuild,МР Кугарчинский,МР Учалинский,0.0,100
v5-20261009T121014Z-d833d0,feature_network_rebuild,МР Кугарчинский,МР Федоровский,0.08,100
v5-20261009T121014Z-d833d0,feature_network_rebuild,МР Кугарчинский,МР Хайбуллинский,0.92,100
v5-20261009T121014Z-d833d0,feature_network_rebuild,МР Кугарчинский,МР Чекмагушевский,0.08,100
v5-20261009T121014Z-d833d0,feature_network_rebuild,МР Кугарчинский,МР Чишминский,0.0,100
v5-20261009T121014Z-d833d0,feature_network_rebuild,МР Кугарчинский,МР Шаранский,0.08,100
v5-20261009T121014Z-d833d0,feature_network_rebuild,МР Кугарчинский,МР Янаульский,0.0,100
v5-20261009T121014Z-d833d0,feature_network_rebuild,МР Кушнаренковский,МР Куюргазинский,1.0,100
v5-20261009T121014Z-d833d0,feature_network_rebuild,МР Кушнаренковский,МР Мелеузовский,0.0,100
v5-20261009T121014Z-d833d0,feature_network_rebuild,МР Кушнаренковский,МР Мечетлинский,0.05,100
v5-20261009T121014Z-d833d0,feature_network_rebuild,МР Кушнаренковский,МР Мишкинский,1.0,100
v5-20261009T121014Z-d833d0,feature_network_rebuild,МР Кушнаренковский,МР Миякинский,1.0,100
v5-20261009T121014Z-d833d0,feature_network_rebuild,МР Кушнаренковский,МР Нуримановский,1.0,100
v5-20261009T121014Z-d833d0,feature_network_rebuild,МР Кушнаренковский,МР Салаватский,0.0,100
v5-20261009T121014Z-d833d0,feature_network_rebuild,МР Кушнаренковский,МР Стерлибашевский,1.0,100
v5-20261009T121014Z-d833d0,feature_network_rebuild,МР Кушнаренковский,МР Стерлитамакский,0.0,100
v5-20261009T121014Z-d833d0,feature_network_rebuild,МР Кушнаренковский,МР Татышлинский,0.08,100
v5-20261009T121014Z-d833d0,feature_network_rebuild,МР Кушнаренковский,МР Туймазинский,0.0,100
v5-20261009T121014Z-d833d0,feature_network_rebuild,МР Кушнаренковский,МР Уфимский,0.0,100
v5-20261009T121014Z-d833d0,feature_network_rebuild,МР Кушнаренковский,МР Учалинский,0.0,100
v5-20261009T121014Z-d833d0,feature_network_rebuild,МР Кушнаренковский,МР Федоровский,1.0,100
v5-20261009T121014Z-d833d0,feature_network_rebuild,МР Кушнаренковский,МР Хайбуллинский,0.0,100
v5-20261009T121014Z-d833d0,feature_network_rebuild,МР Кушнаренковский,МР Чекмагушевский,1.0,100
v5-20261009T121014Z-d833d0,feature_network_rebuild,МР Кушнаренковский,МР Чишминский,0.0,100
v5-20261009T121014Z-d833d0,feature_network_rebuild,МР Кушнаренковский,МР Шаранский,1.0,100
v5-20261009T121014Z-d833d0,feature_network_rebuild,МР Кушнаренковский,МР Янаульский,0.0,100
v5-20261009T121014Z-d833d0,feature_network_rebuild,МР Куюргазинский,МР Мелеузовский,0.0,100
v5-20261009T121014Z-d833d0,feature_network_rebuild,МР Куюргазинский,МР Мечетлинский,0.05,100
v5-20261009T121014Z-d833d0,feature_network_rebuild,МР Куюргазинский,МР Мишкинский,1.0,100
v5-20261009T121014Z-d833d0,feature_network_rebuild,МР Куюргазинский,МР Миякинский,1.0,100
v5-20261009T121014Z-d833d0,feature_network_rebuild,МР Куюргазинский,МР Нуримановский,1.0,100
v5-20261009T121014Z-d833d0,feature_network_rebuild,МР Куюргазинский,МР Салаватский,0.0,100
v5-20261009T121014Z-d833d0,feature_network_rebuild,МР Куюргазинский,МР Стерлибашевский,1.0,100
v5-20261009T121014Z-d833d0,feature_network_rebuild,МР Куюргазинский,МР Стерлитамакский,0.0,100
v5-20261009T121014Z-d833d0,feature_network_rebuild,МР Куюргазинский,МР Татышлинский,0.08,100
v5-20261009T121014Z-d833d0,feature_network_rebuild,МР Куюргазинский,МР Туймазинский,0.0,100
v5-20261009T121014Z-d833d0,feature_network_rebuild,МР Куюргазинский,МР Уфимский,0.0,100
v5-20261009T121014Z-d833d0,feature_network_rebuild,МР Куюргазинский,МР Учалинский,0.0,100
v5-20261009T121014Z-d833d0,feature_network_rebuild,МР Куюргазинский,МР Федоровский,1.0,100
v5-20261009T121014Z-d833d0,feature_network_rebuild,МР Куюргазинский,МР Хайбуллинский,0.0,100
v5-20261009T121014Z-d833d0,feature_network_rebuild,МР Куюргазинский,МР Чекмагушевский,1.0,100
v5-20261009T121014Z-d833d0,feature_network_rebuild,МР Куюргазинский,МР Чишминский,0.0,100
v5-20261009T121014Z-d833d0,feature_network_rebuild,МР Куюргазинский,МР Шаранский,1.0,100
v5-20261009T121014Z-d833d0,feature_network_rebuild,МР Куюргазинский,МР Янаульский,0.0,100
v5-20261009T121014Z-d833d0,feature_network_rebuild,МР Мелеузовский,МР Мечетлинский,0.0,100
v5-20261009T121014Z-d833d0,feature_network_rebuild,МР Мелеузовский,МР Мишкинский,0.0,100
v5-20261009T121014Z-d833d0,feature_network_rebuild,МР Мелеузовский,МР Миякинский,0.0,100
v5-20261009T121014Z-d833d0,feature_network_rebuild,МР Мелеузовский,МР Нуримановский,0.0,100
v5-20261009T121014Z-d833d0,feature_network_rebuild,МР Мелеузовский,МР Салаватский,0.0,100
v5-20261009T121014Z-d833d0,feature_network_rebuild,МР Мелеузовский,МР Стерлибашевский,0.0,100
v5-20261009T121014Z-d833d0,feature_network_rebuild,МР Мелеузовский,МР Стерлитамакский,1.0,100
v5-20261009T121014Z-d833d0,feature_network_rebuild,МР Мелеузовский,МР Татышлинский,0.0,100
v5-20261009T121014Z-d833d0,feature_network_rebuild,МР Мелеузовский,МР Туймазинский,1.0,100
v5-20261009T121014Z-d833d0,feature_network_rebuild,МР Мелеузовский,МР Уфимский,1.0,100
v5-20261009T121014Z-d833d0,feature_network_rebuild,МР Мелеузовский,МР Учалинский,1.0,100
v5-20261009T121014Z-d833d0,feature_network_rebuild,МР Мелеузовский,МР Федоровский,0.0,100
v5-20261009T121014Z-d833d0,feature_network_rebuild,МР Мелеузовский,МР Хайбуллинский,0.0,100
v5-20261009T121014Z-d833d0,feature_network_rebuild,МР Мелеузовский,МР Чекмагушевский,0.0,100
v5-20261009T121014Z-d833d0,feature_network_rebuild,МР Мелеузовский,МР Чишминский,1.0,100
v5-20261009T121014Z-d833d0,feature_network_rebuild,МР Мелеузовский,МР Шаранский,0.0,100
v5-20261009T121014Z-d833d0,feature_network_rebuild,МР Мелеузовский,МР Янаульский,1.0,100
v5-20261009T121014Z-d833d0,feature_network_rebuild,МР Мечетлинский,МР Мишкинский,0.05,100
v5-20261009T121014Z-d833d0,feature_network_rebuild,МР Мечетлинский,МР Миякинский,0.05,100
v5-20261009T121014Z-d833d0,feature_network_rebuild,МР Мечетлинский,МР Нуримановский,0.05,100
v5-20261009T121014Z-d833d0,feature_network_rebuild,МР Мечетлинский,МР Салаватский,0.95,100
v5-20261009T121014Z-d833d0,feature_network_rebuild,МР Мечетлинский,МР Стерлибашевский,0.05,100
v5-20261009T121014Z-d833d0,feature_network_rebuild,МР Мечетлинский,МР Стерлитамакский,0.0,100
v5-20261009T121014Z-d833d0,feature_network_rebuild,МР Мечетлинский,МР Татышлинский,0.97,100
v5-20261009T121014Z-d833d0,feature_network_rebuild,МР Мечетлинский,МР Туймазинский,0.0,100
v5-20261009T121014Z-d833d0,feature_network_rebuild,МР Мечетлинский,МР Уфимский,0.0,100
v5-20261009T121014Z-d833d0,feature_network_rebuild,МР Мечетлинский,МР Учалинский,0.0,100
v5-20261009T121014Z-d833d0,feature_network_rebuild,МР Мечетлинский,МР Федоровский,0.05,100
v5-20261009T121014Z-d833d0,feature_network_rebuild,МР Мечетлинский,МР Хайбуллинский,0.95,100
v5-20261009T121014Z-d833d0,feature_network_rebuild,МР Мечетлинский,МР Чекмагушевский,0.05,100
v5-20261009T121014Z-d833d0,feature_network_rebuild,МР Мечетлинский,МР Чишминский,0.0,100
v5-20261009T121014Z-d833d0,feature_network_rebuild,МР Мечетлинский,МР Шаранский,0.05,100
v5-20261009T121014Z-d833d0,feature_network_rebuild,МР Мечетлинский,МР Янаульский,0.0,100
v5-20261009T121014Z-d833d0,feature_network_rebuild,МР Мишкинский,МР Миякинский,1.0,100
v5-20261009T121014Z-d833d0,feature_network_rebuild,МР Мишкинский,МР Нуримановский,1.0,100
v5-20261009T121014Z-d833d0,feature_network_rebuild,МР Мишкинский,МР Салаватский,0.0,100
v5-20261009T121014Z-d833d0,feature_network_rebuild,МР Мишкинский,МР Стерлибашевский,1.0,100
v5-20261009T121014Z-d833d0,feature_network_rebuild,МР Мишкинский,МР Стерлитамакский,0.0,100
v5-20261009T121014Z-d833d0,feature_network_rebuild,МР Мишкинский,МР Татышлинский,0.08,100
v5-20261009T121014Z-d833d0,feature_network_rebuild,МР Мишкинский,МР Туймазинский,0.0,100
v5-20261009T121014Z-d833d0,feature_network_rebuild,МР Мишкинский,МР Уфимский,0.0,100
v5-20261009T121014Z-d833d0,feature_network_rebuild,МР Мишкинский,МР Учалинский,0.0,100
v5-20261009T121014Z-d833d0,feature_network_rebuild,МР Мишкинский,МР Федоровский,1.0,100
v5-20261009T121014Z-d833d0,feature_network_rebuild,МР Мишкинский,МР Хайбуллинский,0.0,100
v5-20261009T121014Z-d833d0,feature_network_rebuild,МР Мишкинский,МР Чекмагушевский,1.0,100
v5-20261009T121014Z-d833d0,feature_network_rebuild,МР Мишкинский,МР Чишминский,0.0,100
v5-20261009T121014Z-d833d0,feature_network_rebuild,МР Мишкинский,МР Шаранский,1.0,100
v5-20261009T121014Z-d833d0,feature_network_rebuild,МР Мишкинский,МР Янаульский,0.0,100
v5-20261009T121014Z-d833d0,feature_network_rebuild,МР Миякинский,МР Нуримановский,1.0,100
v5-20261009T121014Z-d833d0,feature_network_rebuild,МР Миякинский,МР Салаватский,0.0,100
v5-20261009T121014Z-d833d0,feature_network_rebuild,МР Миякинский,МР Стерлибашевский,1.0,100
v5-20261009T121014Z-d833d0,feature_network_rebuild,МР Миякинский,МР Стерлитамакский,0.0,100
v5-20261009T121014Z-d833d0,feature_network_rebuild,МР Миякинский,МР Татышлинский,0.08,100
v5-20261009T121014Z-d833d0,feature_network_rebuild,МР Миякинский,МР Туймазинский,0.0,100
v5-20261009T121014Z-d833d0,feature_network_rebuild,МР Миякинский,МР Уфимский,0.0,100
v5-20261009T121014Z-d833d0,feature_network_rebuild,МР Миякинский,МР Учалинский,0.0,100
v5-20261009T121014Z-d833d0,feature_network_rebuild,МР Миякинский,МР Федоровский,1.0,100
v5-20261009T121014Z-d833d0,feature_network_rebuild,МР Миякинский,МР Хайбуллинский,0.0,100
v5-20261009T121014Z-d833d0,feature_network_rebuild,МР Миякинский,МР Чекмагушевский,1.0,100
v5-20261009T121014Z-d833d0,feature_network_rebuild,МР Миякинский,МР Чишминский,0.0,100
v5-20261009T121014Z-d833d0,feature_network_rebuild,МР Миякинский,МР Шаранский,1.0,100
v5-20261009T121014Z-d833d0,feature_network_rebuild,МР Миякинский,МР Янаульский,0.0,100
v5-20261009T121014Z-d833d0,feature_network_rebuild,МР Нуримановский,МР Салаватский,0.0,100
v5-20261009T121014Z-d833d0,feature_network_rebuild,МР Нуримановский,МР Стерлибашевский,1.0,100
v5-20261009T121014Z-d833d0,feature_network_rebuild,МР Нуримановский,МР Стерлитамакский,0.0,100
v5-20261009T121014Z-d833d0,feature_network_rebuild,МР Нуримановский,МР Татышлинский,0.08,100
v5-20261009T121014Z-d833d0,feature_network_rebuild,МР Нуримановский,МР Туймазинский,0.0,100
v5-20261009T121014Z-d833d0,feature_network_rebuild,МР Нуримановский,МР Уфимский,0.0,100
v5-20261009T121014Z-d833d0,feature_network_rebuild,МР Нуримановский,МР Учалинский,0.0,100
v5-20261009T121014Z-d833d0,feature_network_rebuild,МР Нуримановский,МР Федоровский,1.0,100
v5-20261009T121014Z-d833d0,feature_network_rebuild,МР Нуримановский,МР Хайбуллинский,0.0,100
v5-20261009T121014Z-d833d0,feature_network_rebuild,МР Нуримановский,МР Чекмагушевский,1.0,100
v5-20261009T121014Z-d833d0,feature_network_rebuild,МР Нуримановский,МР Чишминский,0.0,100
v5-20261009T121014Z-d833d0,feature_network_rebuild,МР Нуримановский,МР Шаранский,1.0,100
v5-20261009T121014Z-d833d0,feature_network_rebuild,МР Нуримановский,МР Янаульский,0.0,100
v5-20261009T121014Z-d833d0,feature_network_rebuild,МР Салаватский,МР Стерлибашевский,0.0,100
v5-20261009T121014Z-d833d0,feature_network_rebuild,МР Салаватский,МР Стерлитамакский,0.0,100
v5-20261009T121014Z-d833d0,feature_network_rebuild,МР Салаватский,МР Татышлинский,0.92,100
v5-20261009T121014Z-d833d0,feature_network_rebuild,МР Салаватский,МР Туймазинский,0.0,100
v5-20261009T121014Z-d833d0,feature_network_rebuild,МР Салаватский,МР Уфимский,0.0,100
v5-20261009T121014Z-d833d0,feature_network_rebuild,МР Салаватский,МР Учалинский,0.0,100
v5-20261009T121014Z-d833d0,feature_network_rebuild,МР Салаватский,МР Федоровский,0.0,100
v5-20261009T121014Z-d833d0,feature_network_rebuild,МР Салаватский,МР Хайбуллинский,1.0,100
v5-20261009T121014Z-d833d0,feature_network_rebuild,МР Салаватский,МР Чекмагушевский,0.0,100
v5-20261009T121014Z-d833d0,feature_network_rebuild,МР Салаватский,МР Чишминский,0.0,100
v5-20261009T121014Z-d833d0,feature_network_rebuild,МР Салаватский,МР Шаранский,0.0,100
v5-20261009T121014Z-d833d0,feature_network_rebuild,МР Салаватский,МР Янаульский,0.0,100
v5-20261009T121014Z-d833d0,feature_network_rebuild,МР Стерлибашевский,МР Стерлитамакский,0.0,100
v5-20261009T121014Z-d833d0,feature_network_rebuild,МР Стерлибашевский,МР Татышлинский,0.08,100
v5-20261009T121014Z-d833d0,feature_network_rebuild,МР Стерлибашевский,МР Туймазинский,0.0,100
v5-20261009T121014Z-d833d0,feature_network_rebuild,МР Стерлибашевский,МР Уфимский,0.0,100
v5-20261009T121014Z-d833d0,feature_network_rebuild,МР Стерлибашевский,МР Учалинский,0.0,100
v5-20261009T121014Z-d833d0,feature_network_rebuild,МР Стерлибашевский,МР Федоровский,1.0,100
v5-20261009T121014Z-d833d0,feature_network_rebuild,МР Стерлибашевский,МР Хайбуллинский,0.0,100
v5-20261009T121014Z-d833d0,feature_network_rebuild,МР Стерлибашевский,МР Чекмагушевский,1.0,100
v5-20261009T121014Z-d833d0,feature_network_rebuild,МР Стерлибашевский,МР Чишминский,0.0,100
v5-20261009T121014Z-d833d0,feature_network_rebuild,МР Стерлибашевский,МР Шаранский,1.0,100
v5-20261009T121014Z-d833d0,feature_network_rebuild,МР Стерлибашевский,МР Янаульский,0.0,100
v5-20261009T121014Z-d833d0,feature_network_rebuild,МР Стерлитамакский,МР Татышлинский,0.0,100
v5-20261009T121014Z-d833d0,feature_network_rebuild,МР Стерлитамакский,МР Туймазинский,1.0,100
v5-20261009T121014Z-d833d0,feature_network_rebuild,МР Стерлитамакский,МР Уфимский,1.0,100
v5-20261009T121014Z-d833d0,feature_network_rebuild,МР Стерлитамакский,МР Учалинский,1.0,100
v5-20261009T121014Z-d833d0,feature_network_rebuild,МР Стерлитамакский,МР Федоровский,0.0,100
v5-20261009T121014Z-d833d0,feature_network_rebuild,МР Стерлитамакский,МР Хайбуллинский,0.0,100
v5-20261009T121014Z-d833d0,feature_network_rebuild,МР Стерлитамакский,МР Чекмагушевский,0.0,100
v5-20261009T121014Z-d833d0,feature_network_rebuild,МР Стерлитамакский,МР Чишминский,1.0,100
v5-20261009T121014Z-d833d0,feature_network_rebuild,МР Стерлитамакский,МР Шаранский,0.0,100
v5-20261009T121014Z-d833d0,feature_network_rebuild,МР Стерлитамакский,МР Янаульский,1.0,100
v5-20261009T121014Z-d833d0,feature_network_rebuild,МР Татышлинский,МР Туймазинский,0.0,100
v5-20261009T121014Z-d833d0,feature_network_rebuild,МР Татышлинский,МР Уфимский,0.0,100
v5-20261009T121014Z-d833d0,feature_network_rebuild,МР Татышлинский,МР Учалинский,0.0,100
v5-20261009T121014Z-d833d0,feature_network_rebuild,МР Татышлинский,МР Федоровский,0.08,100
v5-20261009T121014Z-d833d0,feature_network_rebuild,МР Татышлинский,МР Хайбуллинский,0.92,100
v5-20261009T121014Z-d833d0,feature_network_rebuild,МР Татышлинский,МР Чекмагушевский,0.08,100
v5-20261009T121014Z-d833d0,feature_network_rebuild,МР Татышлинский,МР Чишминский,0.0,100
v5-20261009T121014Z-d833d0,feature_network_rebuild,МР Татышлинский,МР Шаранский,0.08,100
v5-20261009T121014Z-d833d0,feature_network_rebuild,МР Татышлинский,МР Янаульский,0.0,100
v5-20261009T121014Z-d833d0,feature_network_rebuild,МР Туймазинский,МР Уфимский,1.0,100
v5-20261009T121014Z-d833d0,feature_network_rebuild,МР Туймазинский,МР Учалинский,1.0,100
v5-20261009T121014Z-d833d0,feature_network_rebuild,МР Туймазинский,МР Федоровский,0.0,100
v5-20261009T121014Z-d833d0,feature_network_rebuild,МР Туймазинский,МР Хайбуллинский,0.0,100
v5-20261009T121014Z-d833d0,feature_network_rebuild,МР Туймазинский,МР Чекмагушевский,0.0,100
v5-20261009T121014Z-d833d0,feature_network_rebuild,МР Туймазинский,МР Чишминский,1.0,100
v5-20261009T121014Z-d833d0,feature_network_rebuild,МР Туймазинский,МР Шаранский,0.0,100
v5-20261009T121014Z-d833d0,feature_network_rebuild,МР Туймазинский,МР Янаульский,1.0,100
v5-20261009T121014Z-d833d0,feature_network_rebuild,МР Уфимский,МР Учалинский,1.0,100
v5-20261009T121014Z-d833d0,feature_network_rebuild,МР Уфимский,МР Федоровский,0.0,100
v5-20261009T121014Z-d833d0,feature_network_rebuild,МР Уфимский,МР Хайбуллинский,0.0,100
v5-20261009T121014Z-d833d0,feature_network_rebuild,МР Уфимский,МР Чекмагушевский,0.0,100
v5-20261009T121014Z-d833d0,feature_network_rebuild,МР Уфимский,МР Чишминский,1.0,100
v5-20261009T121014Z-d833d0,feature_network_rebuild,МР Уфимский,МР Шаранский,0.0,100
v5-20261009T121014Z-d833d0,feature_network_rebuild,МР Уфимский,МР Янаульский,1.0,100
v5-20261009T121014Z-d833d0,feature_network_rebuild,МР Учалинский,МР Федоровский,0.0,100
v5-20261009T121014Z-d833d0,feature_network_rebuild,МР Учалинский,МР Хайбуллинский,0.0,100
v5-20261009T121014Z-d833d0,feature_network_rebuild,МР Учалинский,МР Чекмагушевский,0.0,100
v5-20261009T121014Z-d833d0,feature_network_rebuild,МР Учалинский,МР Чишминский,1.0,100
v5-20261009T121014Z-d833d0,feature_network_rebuild,МР Учалинский,МР Шаранский,0.0,100
v5-20261009T121014Z-d833d0,feature_network_rebuild,МР Учалинский,МР Янаульский,1.0,100
v5-20261009T121014Z-d833d0,feature_network_rebuild,МР Федоровский,МР Хайбуллинский,0.0,100
v5-20261009T121014Z-d833d0,feature_network_rebuild,МР Федоровский,МР Чекмагушевский,1.0,100
v5-20261009T121014Z-d833d0,feature_network_rebuild,МР Федоровский,МР Чишминский,0.0,100
v5-20261009T121014Z-d833d0,feature_network_rebuild,МР Федоровский,МР Шаранский,1.0,100
v5-20261009T121014Z-d833d0,feature_network_rebuild,МР Федоровский,МР Янаульский,0.0,100
v5-20261009T121014Z-d833d0,feature_network_rebuild,МР Хайбуллинский,МР Чекмагушевский,0.0,100
v5-20261009T121014Z-d833d0,feature_network_rebuild,МР Хайбуллинский,МР Чишминский,0.0,100
v5-20261009T121014Z-d833d0,feature_network_rebuild,МР Хайбуллинский,МР Шаранский,0.0,100
v5-20261009T121014Z-d833d0,feature_network_rebuild,МР Хайбуллинский,МР Янаульский,0.0,100
v5-20261009T121014Z-d833d0,feature_network_rebuild,МР Чекмагушевский,МР Чишминский,0.0,100
v5-20261009T121014Z-d833d0,feature_network_rebuild,МР Чекмагушевский,МР Шаранский,1.0,100
v5-20261009T121014Z-d833d0,feature_network_rebuild,МР Чекмагушевский,МР Янаульский,0.0,100
v5-20261009T121014Z-d833d0,feature_network_rebuild,МР Чишминский,МР Шаранский,0.0,100
v5-20261009T121014Z-d833d0,feature_network_rebuild,МР Чишминский,МР Янаульский,1.0,100
v5-20261009T121014Z-d833d0,feature_network_rebuild,МР Шаранский,МР Янаульский,0.0,100
v5-20261009T121014Z-d833d0,node_subsample_detailed,ГО Агидель,ГО Кумертау,0.0,142
v5-20261009T121014Z-d833d0,node_subsample_detailed,ГО Агидель,ГО Нефтекамск,0.015267175572519083,131
v5-20261009T121014Z-d833d0,node_subsample_detailed,ГО Агидель,ГО Октябрьский,0.0,130
v5-20261009T121014Z-d833d0,node_subsample_detailed,ГО Агидель,ГО Салават,0.0,140
v5-20261009T121014Z-d833d0,node_subsample_detailed,ГО Агидель,ГО Сибай,0.0,140
v5-20261009T121014Z-d833d0,node_subsample_detailed,ГО Агидель,ГО Стерлитамак,0.0072992700729927005,137
v5-20261009T121014Z-d833d0,node_subsample_detailed,ГО Агидель,ГО Уфа,0.0,140
v5-20261009T121014Z-d833d0,node_subsample_detailed,ГО Агидель,МР Абзелиловский,0.022556390977443608,133
v5-20261009T121014Z-d833d0,node_subsample_detailed,ГО Агидель,МР Альшеевский,0.014705882352941176,136
v5-20261009T121014Z-d833d0,node_subsample_detailed,ГО Агидель,МР Архангельский,0.2753623188405797,138
v5-20261009T121014Z-d833d0,node_subsample_detailed,ГО Агидель,МР Аскинский,0.0,137
v5-20261009T121014Z-d833d0,node_subsample_detailed,ГО Агидель,МР Аургазинский,0.42962962962962964,135
v5-20261009T121014Z-d833d0,node_subsample_detailed,ГО Агидель,МР Баймакский,0.0,132
v5-20261009T121014Z-d833d0,node_subsample_detailed,ГО Агидель,МР Бакалинский,0.04895104895104895,143
v5-20261009T121014Z-d833d0,node_subsample_detailed,ГО Агидель,МР Балтачевский,0.015625,128
v5-20261009T121014Z-d833d0,node_subsample_detailed,ГО Агидель,МР Белебеевский,0.0,128
v5-20261009T121014Z-d833d0,node_subsample_detailed,ГО Агидель,МР Белокатайский,0.0,134
v5-20261009T121014Z-d833d0,node_subsample_detailed,ГО Агидель,МР Белорецкий,0.007575757575757576,132
v5-20261009T121014Z-d833d0,node_subsample_detailed,ГО Агидель,МР Бижбулякский,0.3076923076923077,130
v5-20261009T121014Z-d833d0,node_subsample_detailed,ГО Агидель,МР Бирский,0.0,134
v5-20261009T121014Z-d833d0,node_subsample_detailed,ГО Агидель,МР Благоварский,0.5073529411764706,136
v5-20261009T121014Z-d833d0,node_subsample_detailed,ГО Агидель,МР Благовещенский,0.0,134
v5-20261009T121014Z-d833d0,node_subsample_detailed,ГО Агидель,МР Буздякский,0.1532258064516129,124
v5-20261009T121014Z-d833d0,node_subsample_detailed,ГО Агидель,МР Бураевский,0.5808823529411765,136
v5-20261009T121014Z-d833d0,node_subsample_detailed,ГО Агидель,МР Бурзянский,0.0,133
v5-20261009T121014Z-d833d0,node_subsample_detailed,ГО Агидель,МР Гафурийский,0.5488721804511278,133
v5-20261009T121014Z-d833d0,node_subsample_detailed,ГО Агидель,МР Давлекановский,0.007575757575757576,132
v5-20261009T121014Z-d833d0,node_subsample_detailed,ГО Агидель,МР Дуванский,0.0,136
v5-20261009T121014Z-d833d0,node_subsample_detailed,ГО Агидель,МР Дюртюлинский,0.02877697841726619,139
v5-20261009T121014Z-d833d0,node_subsample_detailed,ГО Агидель,МР Ермекеевский,0.09774436090225563,133
v5-20261009T121014Z-d833d0,node_subsample_detailed,ГО Агидель,МР Зианчуринский,0.021739130434782608,138
v5-20261009T121014Z-d833d0,node_subsample_detailed,ГО Агидель,МР Зилаирский,0.0,142
v5-20261009T121014Z-d833d0,node_subsample_detailed,ГО Агидель,МР Иглинский,0.0,126
v5-20261009T121014Z-d833d0,node_subsample_detailed,ГО Агидель,МР Илишевский,0.0,130
v5-20261009T121014Z-d833d0,node_subsample_detailed,ГО Агидель,МР Ишимбайский,0.0,131
v5-20261009T121014Z-d833d0,node_subsample_detailed,ГО Агидель,МР Калтасинский,0.11940298507462686,134
v5-20261009T121014Z-d833d0,node_subsample_detailed,ГО Агидель,МР Караидельский,0.022058823529411766,136
v5-20261009T121014Z-d833d0,node_subsample_detailed,ГО Агидель,МР Кармаскалинский,0.2605633802816901,142
v5-20261009T121014Z-d833d0,node_subsample_detailed,ГО Агидель,МР Кигинский,0.0,127
v5-20261009T121014Z-d833d0,node_subsample_detailed,ГО Агидель,МР Краснокамский,0.3828125,128
v5-20261009T121014Z-d833d0,node_subsample_detailed,ГО Агидель,МР Кугарчинский,0.0,124
v5-20261009T121014Z-d833d0,node_subsample_detailed,ГО Агидель,МР Кушнаренковский,0.15555555555555556,135
v5-20261009T121014Z-d833d0,node_subsample_detailed,ГО Агидель,МР Куюргазинский,0.07575757575757576,132
v5-20261009T121014Z-d833d0,node_subsample_detailed,ГО Агидель,МР Мелеузовский,0.015384615384615385,130
v5-20261009T121014Z-d833d0,node_subsample_detailed,ГО Агидель,МР Мечетлинский,0.007352941176470588,136
v5-20261009T121014Z-d833d0,node_subsample_detailed,ГО Агидель,МР Мишкинский,0.22627737226277372,137
v5-20261009T121014Z-d833d0,node_subsample_detailed,ГО Агидель,МР Миякинский,0.17557251908396945,131
v5-20261009T121014Z-d833d0,node_subsample_detailed,ГО Агидель,МР Нуримановский,0.43478260869565216,138
v5-20261009T121014Z-d833d0,node_subsample_detailed,ГО Агидель,МР Салаватский,0.05303030303030303,132
v5-20261009T121014Z-d833d0,node_subsample_detailed,ГО Агидель,МР Стерлибашевский,0.2845528455284553,123
v5-20261009T121014Z-d833d0,node_subsample_detailed,ГО Агидель,МР Стерлитамакский,0.014285714285714285,140
v5-20261009T121014Z-d833d0,node_subsample_detailed,ГО Агидель,МР Татышлинский,0.0,134
v5-20261009T121014Z-d833d0,node_subsample_detailed,ГО Агидель,МР Туймазинский,0.0,141
v5-20261009T121014Z-d833d0,node_subsample_detailed,ГО Агидель,МР Уфимский,0.0,141
v5-20261009T121014Z-d833d0,node_subsample_detailed,ГО Агидель,МР Учалинский,0.015748031496062992,127
v5-20261009T121014Z-d833d0,node_subsample_detailed,ГО Агидель,МР Федоровский,0.22058823529411764,136
v5-20261009T121014Z-d833d0,node_subsample_detailed,ГО Агидель,МР Хайбуллинский,0.0,137
v5-20261009T121014Z-d833d0,node_subsample_detailed,ГО Агидель,МР Чекмагушевский,0.10294117647058823,136
v5-20261009T121014Z-d833d0,node_subsample_detailed,ГО Агидель,МР Чишминский,0.014285714285714285,140
v5-20261009T121014Z-d833d0,node_subsample_detailed,ГО Агидель,МР Шаранский,0.06201550387596899,129
v5-20261009T121014Z-d833d0,node_subsample_detailed,ГО Агидель,МР Янаульский,0.09701492537313433,134
v5-20261009T121014Z-d833d0,node_subsample_detailed,ГО Кумертау,ГО Нефтекамск,0.5267175572519084,131
v5-20261009T121014Z-d833d0,node_subsample_detailed,ГО Кумертау,ГО Октябрьский,0.944,125
v5-20261009T121014Z-d833d0,node_subsample_detailed,ГО Кумертау,ГО Салават,0.9492753623188406,138
v5-20261009T121014Z-d833d0,node_subsample_detailed,ГО Кумертау,ГО Сибай,0.006993006993006993,143
v5-20261009T121014Z-d833d0,node_subsample_detailed,ГО Кумертау,ГО Стерлитамак,0.6715328467153284,137
v5-20261009T121014Z-d833d0,node_subsample_detailed,ГО Кумертау,ГО Уфа,0.7762237762237763,143
v5-20261009T121014Z-d833d0,node_subsample_detailed,ГО Кумертау,МР Абзелиловский,0.0,133
v5-20261009T121014Z-d833d0,node_subsample_detailed,ГО Кумертау,МР Альшеевский,0.0,136
v5-20261009T121014Z-d833d0,node_subsample_detailed,ГО Кумертау,МР Архангельский,0.0,139
v5-20261009T121014Z-d833d0,node_subsample_detailed,ГО Кумертау,МР Аскинский,0.0,132
v5-20261009T121014Z-d833d0,node_subsample_detailed,ГО Кумертау,МР Аургазинский,0.007633587786259542,131
v5-20261009T121014Z-d833d0,node_subsample_detailed,ГО Кумертау,МР Баймакский,0.0,133
v5-20261009T121014Z-d833d0,node_subsample_detailed,ГО Кумертау,МР Бакалинский,0.014184397163120567,141
v5-20261009T121014Z-d833d0,node_subsample_detailed,ГО Кумертау,МР Балтачевский,0.0,129
v5-20261009T121014Z-d833d0,node_subsample_detailed,ГО Кумертау,МР Белебеевский,0.9609375,128
v5-20261009T121014Z-d833d0,node_subsample_detailed,ГО Кумертау,МР Белокатайский,0.0,130
v5-20261009T121014Z-d833d0,node_subsample_detailed,ГО Кумертау,МР Белорецкий,0.022900763358778626,131
v5-20261009T121014Z-d833d0,node_subsample_detailed,ГО Кумертау,МР Бижбулякский,0.030303030303030304,132
v5-20261009T121014Z-d833d0,node_subsample_detailed,ГО Кумертау,МР Бирский,0.007462686567164179,134
v5-20261009T121014Z-d833d0,node_subsample_detailed,ГО Кумертау,МР Благоварский,0.0,134
v5-20261009T121014Z-d833d0,node_subsample_detailed,ГО Кумертау,МР Благовещенский,0.0,132
v5-20261009T121014Z-d833d0,node_subsample_detailed,ГО Кумертау,МР Буздякский,0.015873015873015872,126
v5-20261009T121014Z-d833d0,node_subsample_detailed,ГО Кумертау,МР Бураевский,0.0,132
v5-20261009T121014Z-d833d0,node_subsample_detailed,ГО Кумертау,МР Бурзянский,0.0,132
v5-20261009T121014Z-d833d0,node_subsample_detailed,ГО Кумертау,МР Гафурийский,0.0,132
v5-20261009T121014Z-d833d0,node_subsample_detailed,ГО Кумертау,МР Давлекановский,0.0,132
v5-20261009T121014Z-d833d0,node_subsample_detailed,ГО Кумертау,МР Дуванский,0.0,138
v5-20261009T121014Z-d833d0,node_subsample_detailed,ГО Кумертау,МР Дюртюлинский,0.19708029197080293,137
v5-20261009T121014Z-d833d0,node_subsample_detailed,ГО Кумертау,МР Ермекеевский,0.044444444444444446,135
v5-20261009T121014Z-d833d0,node_subsample_detailed,ГО Кумертау,МР Зианчуринский,0.0,134
v5-20261009T121014Z-d833d0,node_subsample_detailed,ГО Кумертау,МР Зилаирский,0.0,137
v5-20261009T121014Z-d833d0,node_subsample_detailed,ГО Кумертау,МР Иглинский,0.0,124
v5-20261009T121014Z-d833d0,node_subsample_detailed,ГО Кумертау,МР Илишевский,0.007874015748031496,127
v5-20261009T121014Z-d833d0,node_subsample_detailed,ГО Кумертау,МР Ишимбайский,0.8473282442748091,131
v5-20261009T121014Z-d833d0,node_subsample_detailed,ГО Кумертау,МР Калтасинский,0.0,129
v5-20261009T121014Z-d833d0,node_subsample_detailed,ГО Кумертау,МР Караидельский,0.0,132
v5-20261009T121014Z-d833d0,node_subsample_detailed,ГО Кумертау,МР Кармаскалинский,0.0,139
v5-20261009T121014Z-d833d0,node_subsample_detailed,ГО Кумертау,МР Кигинский,0.0,130
v5-20261009T121014Z-d833d0,node_subsample_detailed,ГО Кумертау,МР Краснокамский,0.0,130
v5-20261009T121014Z-d833d0,node_subsample_detailed,ГО Кумертау,МР Кугарчинский,0.0,121
v5-20261009T121014Z-d833d0,node_subsample_detailed,ГО Кумертау,МР Кушнаренковский,0.0,136
v5-20261009T121014Z-d833d0,node_subsample_detailed,ГО Кумертау,МР Куюргазинский,0.007462686567164179,134
v5-20261009T121014Z-d833d0,node_subsample_detailed,ГО Кумертау,МР Мелеузовский,0.6984126984126984,126
v5-20261009T121014Z-d833d0,node_subsample_detailed,ГО Кумертау,МР Мечетлинский,0.0,132
v5-20261009T121014Z-d833d0,node_subsample_detailed,ГО Кумертау,МР Мишкинский,0.0,138
v5-20261009T121014Z-d833d0,node_subsample_detailed,ГО Кумертау,МР Миякинский,0.007692307692307693,130
v5-20261009T121014Z-d833d0,node_subsample_detailed,ГО Кумертау,МР Нуримановский,0.0,136
v5-20261009T121014Z-d833d0,node_subsample_detailed,ГО Кумертау,МР Салаватский,0.0,130
v5-20261009T121014Z-d833d0,node_subsample_detailed,ГО Кумертау,МР Стерлибашевский,0.0,124
v5-20261009T121014Z-d833d0,node_subsample_detailed,ГО Кумертау,МР Стерлитамакский,0.302158273381295,139
v5-20261009T121014Z-d833d0,node_subsample_detailed,ГО Кумертау,МР Татышлинский,0.0,135
v5-20261009T121014Z-d833d0,node_subsample_detailed,ГО Кумертау,МР Туймазинский,0.46715328467153283,137
v5-20261009T121014Z-d833d0,node_subsample_detailed,ГО Кумертау,МР Уфимский,0.04895104895104895,143
v5-20261009T121014Z-d833d0,node_subsample_detailed,ГО Кумертау,МР Учалинский,0.2727272727272727,132
v5-20261009T121014Z-d833d0,node_subsample_detailed,ГО Кумертау,МР Федоровский,0.051470588235294115,136
v5-20261009T121014Z-d833d0,node_subsample_detailed,ГО Кумертау,МР Хайбуллинский,0.0,138
v5-20261009T121014Z-d833d0,node_subsample_detailed,ГО Кумертау,МР Чекмагушевский,0.0,135
v5-20261009T121014Z-d833d0,node_subsample_detailed,ГО Кумертау,МР Чишминский,0.0,138
v5-20261009T121014Z-d833d0,node_subsample_detailed,ГО Кумертау,МР Шаранский,0.0,130
v5-20261009T121014Z-d833d0,node_subsample_detailed,ГО Кумертау,МР Янаульский,0.09022556390977443,133
v5-20261009T121014Z-d833d0,node_subsample_detailed,ГО Нефтекамск,ГО Октябрьский,0.5126050420168067,119
v5-20261009T121014Z-d833d0,node_subsample_detailed,ГО Нефтекамск,ГО Салават,0.5692307692307692,130
v5-20261009T121014Z-d833d0,node_subsample_detailed,ГО Нефтекамск,ГО Сибай,0.09701492537313433,134
v5-20261009T121014Z-d833d0,node_subsample_detailed,ГО Нефтекамск,ГО Стерлитамак,0.8421052631578947,133
v5-20261009T121014Z-d833d0,node_subsample_detailed,ГО Нефтекамск,ГО Уфа,0.7651515151515151,132
v5-20261009T121014Z-d833d0,node_subsample_detailed,ГО Нефтекамск,МР Абзелиловский,0.0,125
v5-20261009T121014Z-d833d0,node_subsample_detailed,ГО Нефтекамск,МР Альшеевский,0.030303030303030304,132
v5-20261009T121014Z-d833d0,node_subsample_detailed,ГО Нефтекамск,МР Архангельский,0.0,131
v5-20261009T121014Z-d833d0,node_subsample_detailed,ГО Нефтекамск,МР Аскинский,0.0,128
v5-20261009T121014Z-d833d0,node_subsample_detailed,ГО Нефтекамск,МР Аургазинский,0.016,125
v5-20261009T121014Z-d833d0,node_subsample_detailed,ГО Нефтекамск,МР Баймакский,0.0,124
v5-20261009T121014Z-d833d0,node_subsample_detailed,ГО Нефтекамск,МР Бакалинский,0.007518796992481203,133
v5-20261009T121014Z-d833d0,node_subsample_detailed,ГО Нефтекамск,МР Балтачевский,0.0,122
v5-20261009T121014Z-d833d0,node_subsample_detailed,ГО Нефтекамск,МР Белебеевский,0.48333333333333334,120
v5-20261009T121014Z-d833d0,node_subsample_detailed,ГО Нефтекамск,МР Белокатайский,0.0,127
v5-20261009T121014Z-d833d0,node_subsample_detailed,ГО Нефтекамск,МР Белорецкий,0.047244094488188976,127
v5-20261009T121014Z-d833d0,node_subsample_detailed,ГО Нефтекамск,МР Бижбулякский,0.015873015873015872,126
v5-20261009T121014Z-d833d0,node_subsample_detailed,ГО Нефтекамск,МР Бирский,0.23255813953488372,129
v5-20261009T121014Z-d833d0,node_subsample_detailed,ГО Нефтекамск,МР Благоварский,0.0,130
v5-20261009T121014Z-d833d0,node_subsample_detailed,ГО Нефтекамск,МР Благовещенский,0.1,130
v5-20261009T121014Z-d833d0,node_subsample_detailed,ГО Нефтекамск,МР Буздякский,0.03278688524590164,122
v5-20261009T121014Z-d833d0,node_subsample_detailed,ГО Нефтекамск,МР Бураевский,0.0234375,128
v5-20261009T121014Z-d833d0,node_subsample_detailed,ГО Нефтекамск,МР Бурзянский,0.0,127
v5-20261009T121014Z-d833d0,node_subsample_detailed,ГО Нефтекамск,МР Гафурийский,0.00819672131147541,122
v5-20261009T121014Z-d833d0,node_subsample_detailed,ГО Нефтекамск,МР Давлекановский,0.016666666666666666,120
v5-20261009T121014Z-d833d0,node_subsample_detailed,ГО Нефтекамск,МР Дуванский,0.007575757575757576,132
v5-20261009T121014Z-d833d0,node_subsample_detailed,ГО Нефтекамск,МР Дюртюлинский,0.046875,128
v5-20261009T121014Z-d833d0,node_subsample_detailed,ГО Нефтекамск,МР Ермекеевский,0.04201680672268908,119
v5-20261009T121014Z-d833d0,node_subsample_detailed,ГО Нефтекамск,МР Зианчуринский,0.0,129
v5-20261009T121014Z-d833d0,node_subsample_detailed,ГО Нефтекамск,МР Зилаирский,0.007352941176470588,136
v5-20261009T121014Z-d833d0,node_subsample_detailed,ГО Нефтекамск,МР Иглинский,0.23529411764705882,119
v5-20261009T121014Z-d833d0,node_subsample_detailed,ГО Нефтекамск,МР Илишевский,0.0,128
v5-20261009T121014Z-d833d0,node_subsample_detailed,ГО Нефтекамск,МР Ишимбайский,0.4365079365079365,126
v5-20261009T121014Z-d833d0,node_subsample_detailed,ГО Нефтекамск,МР Калтасинский,0.008130081300813009,123
v5-20261009T121014Z-d833d0,node_subsample_detailed,ГО Нефтекамск,МР Караидельский,0.0,128
v5-20261009T121014Z-d833d0,node_subsample_detailed,ГО Нефтекамск,МР Кармаскалинский,0.007518796992481203,133
v5-20261009T121014Z-d833d0,node_subsample_detailed,ГО Нефтекамск,МР Кигинский,0.00847457627118644,118
v5-20261009T121014Z-d833d0,node_subsample_detailed,ГО Нефтекамск,МР Краснокамский,0.00819672131147541,122
v5-20261009T121014Z-d833d0,node_subsample_detailed,ГО Нефтекамск,МР Кугарчинский,0.0,118
v5-20261009T121014Z-d833d0,node_subsample_detailed,ГО Нефтекамск,МР Кушнаренковский,0.0,126
v5-20261009T121014Z-d833d0,node_subsample_detailed,ГО Нефтекамск,МР Куюргазинский,0.03968253968253968,126
v5-20261009T121014Z-d833d0,node_subsample_detailed,ГО Нефтекамск,МР Мелеузовский,0.5619834710743802,121
v5-20261009T121014Z-d833d0,node_subsample_detailed,ГО Нефтекамск,МР Мечетлинский,0.007751937984496124,129
v5-20261009T121014Z-d833d0,node_subsample_detailed,ГО Нефтекамск,МР Мишкинский,0.0,127
v5-20261009T121014Z-d833d0,node_subsample_detailed,ГО Нефтекамск,МР Миякинский,0.015625,128
v5-20261009T121014Z-d833d0,node_subsample_detailed,ГО Нефтекамск,МР Нуримановский,0.0,130
v5-20261009T121014Z-d833d0,node_subsample_detailed,ГО Нефтекамск,МР Салаватский,0.0,126
v5-20261009T121014Z-d833d0,node_subsample_detailed,ГО Нефтекамск,МР Стерлибашевский,0.0,121
v5-20261009T121014Z-d833d0,node_subsample_detailed,ГО Нефтекамск,МР Стерлитамакский,0.6940298507462687,134
v5-20261009T121014Z-d833d0,node_subsample_detailed,ГО Нефтекамск,МР Татышлинский,0.0,129
v5-20261009T121014Z-d833d0,node_subsample_detailed,ГО Нефтекамск,МР Туймазинский,0.22900763358778625,131
v5-20261009T121014Z-d833d0,node_subsample_detailed,ГО Нефтекамск,МР Уфимский,0.44360902255639095,133
v5-20261009T121014Z-d833d0,node_subsample_detailed,ГО Нефтекамск,МР Учалинский,0.19658119658119658,117
v5-20261009T121014Z-d833d0,node_subsample_detailed,ГО Нефтекамск,МР Федоровский,0.047244094488188976,127
v5-20261009T121014Z-d833d0,node_subsample_detailed,ГО Нефтекамск,МР Хайбуллинский,0.0,132
v5-20261009T121014Z-d833d0,node_subsample_detailed,ГО Нефтекамск,МР Чекмагушевский,0.007692307692307693,130
v5-20261009T121014Z-d833d0,node_subsample_detailed,ГО Нефтекамск,МР Чишминский,0.05384615384615385,130
v5-20261009T121014Z-d833d0,node_subsample_detailed,ГО Нефтекамск,МР Шаранский,0.0,121
v5-20261009T121014Z-d833d0,node_subsample_detailed,ГО Нефтекамск,МР Янаульский,0.03937007874015748,127
v5-20261009T121014Z-d833d0,node_subsample_detailed,ГО Октябрьский,ГО Салават,0.8914728682170543,129
v5-20261009T121014Z-d833d0,node_subsample_detailed,ГО Октябрьский,ГО Сибай,0.015748031496062992,127
v5-20261009T121014Z-d833d0,node_subsample_detailed,ГО Октябрьский,ГО Стерлитамак,0.6171875,128
v5-20261009T121014Z-d833d0,node_subsample_detailed,ГО Октябрьский,ГО Уфа,0.7364341085271318,129
v5-20261009T121014Z-d833d0,node_subsample_detailed,ГО Октябрьский,МР Абзелиловский,0.0,122
v5-20261009T121014Z-d833d0,node_subsample_detailed,ГО Октябрьский,МР Альшеевский,0.0,125
v5-20261009T121014Z-d833d0,node_subsample_detailed,ГО Октябрьский,МР Архангельский,0.0,127
v5-20261009T121014Z-d833d0,node_subsample_detailed,ГО Октябрьский,МР Аскинский,0.0,123
v5-20261009T121014Z-d833d0,node_subsample_detailed,ГО Октябрьский,МР Аургазинский,0.0,119
v5-20261009T121014Z-d833d0,node_subsample_detailed,ГО Октябрьский,МР Баймакский,0.0,120
v5-20261009T121014Z-d833d0,node_subsample_detailed,ГО Октябрьский,МР Бакалинский,0.015503875968992248,129
v5-20261009T121014Z-d833d0,node_subsample_detailed,ГО Октябрьский,МР Балтачевский,0.0,120
v5-20261009T121014Z-d833d0,node_subsample_detailed,ГО Октябрьский,МР Белебеевский,0.9739130434782609,115
v5-20261009T121014Z-d833d0,node_subsample_detailed,ГО Октябрьский,МР Белокатайский,0.0,122
v5-20261009T121014Z-d833d0,node_subsample_detailed,ГО Октябрьский,МР Белорецкий,0.01652892561983471,121
v5-20261009T121014Z-d833d0,node_subsample_detailed,ГО Октябрьский,МР Бижбулякский,0.03361344537815126,119
v5-20261009T121014Z-d833d0,node_subsample_detailed,ГО Октябрьский,МР Бирский,0.008264462809917356,121
v5-20261009T121014Z-d833d0,node_subsample_detailed,ГО Октябрьский,МР Благоварский,0.0,126
v5-20261009T121014Z-d833d0,node_subsample_detailed,ГО Октябрьский,МР Благовещенский,0.0,121
v5-20261009T121014Z-d833d0,node_subsample_detailed,ГО Октябрьский,МР Буздякский,0.02586206896551724,116
v5-20261009T121014Z-d833d0,node_subsample_detailed,ГО Октябрьский,МР Бураевский,0.0,119
v5-20261009T121014Z-d833d0,node_subsample_detailed,ГО Октябрьский,МР Бурзянский,0.0,118
v5-20261009T121014Z-d833d0,node_subsample_detailed,ГО Октябрьский,МР Гафурийский,0.0,121
v5-20261009T121014Z-d833d0,node_subsample_detailed,ГО Октябрьский,МР Давлекановский,0.0,117
v5-20261009T121014Z-d833d0,node_subsample_detailed,ГО Октябрьский,МР Дуванский,0.0,128
v5-20261009T121014Z-d833d0,node_subsample_detailed,ГО Октябрьский,МР Дюртюлинский,0.176,125
v5-20261009T121014Z-d833d0,node_subsample_detailed,ГО Октябрьский,МР Ермекеевский,0.05982905982905983,117
v5-20261009T121014Z-d833d0,node_subsample_detailed,ГО Октябрьский,МР Зианчуринский,0.0,124
v5-20261009T121014Z-d833d0,node_subsample_detailed,ГО Октябрьский,МР Зилаирский,0.0,129
v5-20261009T121014Z-d833d0,node_subsample_detailed,ГО Октябрьский,МР Иглинский,0.0,114
v5-20261009T121014Z-d833d0,node_subsample_detailed,ГО Октябрьский,МР Илишевский,0.008547008547008548,117
v5-20261009T121014Z-d833d0,node_subsample_detailed,ГО Октябрьский,МР Ишимбайский,0.8016528925619835,121
v5-20261009T121014Z-d833d0,node_subsample_detailed,ГО Октябрьский,МР Калтасинский,0.0,119
v5-20261009T121014Z-d833d0,node_subsample_detailed,ГО Октябрьский,МР Караидельский,0.0,123
v5-20261009T121014Z-d833d0,node_subsample_detailed,ГО Октябрьский,МР Кармаскалинский,0.0,128
v5-20261009T121014Z-d833d0,node_subsample_detailed,ГО Октябрьский,МР Кигинский,0.0,115
v5-20261009T121014Z-d833d0,node_subsample_detailed,ГО Октябрьский,МР Краснокамский,0.0,116
v5-20261009T121014Z-d833d0,node_subsample_detailed,ГО Октябрьский,МР Кугарчинский,0.0,114
v5-20261009T121014Z-d833d0,node_subsample_detailed,ГО Октябрьский,МР Кушнаренковский,0.0,120
v5-20261009T121014Z-d833d0,node_subsample_detailed,ГО Октябрьский,МР Куюргазинский,0.0,123
v5-20261009T121014Z-d833d0,node_subsample_detailed,ГО Октябрьский,МР Мелеузовский,0.7603305785123967,121
v5-20261009T121014Z-d833d0,node_subsample_detailed,ГО Октябрьский,МР Мечетлинский,0.0,121
v5-20261009T121014Z-d833d0,node_subsample_detailed,ГО Октябрьский,МР Мишкинский,0.0,125
v5-20261009T121014Z-d833d0,node_subsample_detailed,ГО Октябрьский,МР Миякинский,0.008264462809917356,121
v5-20261009T121014Z-d833d0,node_subsample_detailed,ГО Октябрьский,МР Нуримановский,0.0,128
v5-20261009T121014Z-d833d0,node_subsample_detailed,ГО Октябрьский,МР Салаватский,0.0,119
v5-20261009T121014Z-d833d0,node_subsample_detailed,ГО Октябрьский,МР Стерлибашевский,0.0,115
v5-20261009T121014Z-d833d0,node_subsample_detailed,ГО Октябрьский,МР Стерлитамакский,0.2204724409448819,127
v5-20261009T121014Z-d833d0,node_subsample_detailed,ГО Октябрьский,МР Татышлинский,0.0,123
v5-20261009T121014Z-d833d0,node_subsample_detailed,ГО Октябрьский,МР Туймазинский,0.552,125
v5-20261009T121014Z-d833d0,node_subsample_detailed,ГО Октябрьский,МР Уфимский,0.022900763358778626,131
v5-20261009T121014Z-d833d0,node_subsample_detailed,ГО Октябрьский,МР Учалинский,0.3162393162393162,117
v5-20261009T121014Z-d833d0,node_subsample_detailed,ГО Октябрьский,МР Федоровский,0.04878048780487805,123
v5-20261009T121014Z-d833d0,node_subsample_detailed,ГО Октябрьский,МР Хайбуллинский,0.0,124
v5-20261009T121014Z-d833d0,node_subsample_detailed,ГО Октябрьский,МР Чекмагушевский,0.0,123
v5-20261009T121014Z-d833d0,node_subsample_detailed,ГО Октябрьский,МР Чишминский,0.0,126
v5-20261009T121014Z-d833d0,node_subsample_detailed,ГО Октябрьский,МР Шаранский,0.0,115
v5-20261009T121014Z-d833d0,node_subsample_detailed,ГО Октябрьский,МР Янаульский,0.11382113821138211,123
v5-20261009T121014Z-d833d0,node_subsample_detailed,ГО Салават,ГО Сибай,0.02112676056338028,142
v5-20261009T121014Z-d833d0,node_subsample_detailed,ГО Салават,ГО Стерлитамак,0.7536231884057971,138
v5-20261009T121014Z-d833d0,node_subsample_detailed,ГО Салават,ГО Уфа,0.8169014084507042,142
v5-20261009T121014Z-d833d0,node_subsample_detailed,ГО Салават,МР Абзелиловский,0.0,137
v5-20261009T121014Z-d833d0,node_subsample_detailed,ГО Салават,МР Альшеевский,0.0,141
v5-20261009T121014Z-d833d0,node_subsample_detailed,ГО Салават,МР Архангельский,0.0,140
v5-20261009T121014Z-d833d0,node_subsample_detailed,ГО Салават,МР Аскинский,0.0,136
v5-20261009T121014Z-d833d0,node_subsample_detailed,ГО Салават,МР Аургазинский,0.021897810218978103,137
v5-20261009T121014Z-d833d0,node_subsample_detailed,ГО Салават,МР Баймакский,0.0,136
v5-20261009T121014Z-d833d0,node_subsample_detailed,ГО Салават,МР Бакалинский,0.007194244604316547,139
v5-20261009T121014Z-d833d0,node_subsample_detailed,ГО Салават,МР Балтачевский,0.0,130
v5-20261009T121014Z-d833d0,node_subsample_detailed,ГО Салават,МР Белебеевский,0.9692307692307692,130
v5-20261009T121014Z-d833d0,node_subsample_detailed,ГО Салават,МР Белокатайский,0.0,136
v5-20261009T121014Z-d833d0,node_subsample_detailed,ГО Салават,МР Белорецкий,0.0,135
v5-20261009T121014Z-d833d0,node_subsample_detailed,ГО Салават,МР Бижбулякский,0.022900763358778626,131
v5-20261009T121014Z-d833d0,node_subsample_detailed,ГО Салават,МР Бирский,0.021739130434782608,138
v5-20261009T121014Z-d833d0,node_subsample_detailed,ГО Салават,МР Благоварский,0.0,137
v5-20261009T121014Z-d833d0,node_subsample_detailed,ГО Салават,МР Благовещенский,0.0,136
v5-20261009T121014Z-d833d0,node_subsample_detailed,ГО Салават,МР Буздякский,0.022727272727272728,132
v5-20261009T121014Z-d833d0,node_subsample_detailed,ГО Салават,МР Бураевский,0.0,135
v5-20261009T121014Z-d833d0,node_subsample_detailed,ГО Салават,МР Бурзянский,0.0,132
v5-20261009T121014Z-d833d0,node_subsample_detailed,ГО Салават,МР Гафурийский,0.0,134
v5-20261009T121014Z-d833d0,node_subsample_detailed,ГО Салават,МР Давлекановский,0.0,133
v5-20261009T121014Z-d833d0,node_subsample_detailed,ГО Салават,МР Дуванский,0.0,134
v5-20261009T121014Z-d833d0,node_subsample_detailed,ГО Салават,МР Дюртюлинский,0.12318840579710146,138
v5-20261009T121014Z-d833d0,node_subsample_detailed,ГО Салават,МР Ермекеевский,0.03759398496240601,133
v5-20261009T121014Z-d833d0,node_subsample_detailed,ГО Салават,МР Зианчуринский,0.0,134
v5-20261009T121014Z-d833d0,node_subsample_detailed,ГО Салават,МР Зилаирский,0.014084507042253521,142
v5-20261009T121014Z-d833d0,node_subsample_detailed,ГО Салават,МР Иглинский,0.0,124
v5-20261009T121014Z-d833d0,node_subsample_detailed,ГО Салават,МР Илишевский,0.0,132
v5-20261009T121014Z-d833d0,node_subsample_detailed,ГО Салават,МР Ишимбайский,0.8604651162790697,129
v5-20261009T121014Z-d833d0,node_subsample_detailed,ГО Салават,МР Калтасинский,0.007407407407407408,135
v5-20261009T121014Z-d833d0,node_subsample_detailed,ГО Салават,МР Караидельский,0.007575757575757576,132
v5-20261009T121014Z-d833d0,node_subsample_detailed,ГО Салават,МР Кармаскалинский,0.007246376811594203,138
v5-20261009T121014Z-d833d0,node_subsample_detailed,ГО Салават,МР Кигинский,0.0,126
v5-20261009T121014Z-d833d0,node_subsample_detailed,ГО Салават,МР Краснокамский,0.0,128
v5-20261009T121014Z-d833d0,node_subsample_detailed,ГО Салават,МР Кугарчинский,0.0,124
v5-20261009T121014Z-d833d0,node_subsample_detailed,ГО Салават,МР Кушнаренковский,0.0,135
v5-20261009T121014Z-d833d0,node_subsample_detailed,ГО Салават,МР Куюргазинский,0.014598540145985401,137
v5-20261009T121014Z-d833d0,node_subsample_detailed,ГО Салават,МР Мелеузовский,0.6153846153846154,130
v5-20261009T121014Z-d833d0,node_subsample_detailed,ГО Салават,МР Мечетлинский,0.0,133
v5-20261009T121014Z-d833d0,node_subsample_detailed,ГО Салават,МР Мишкинский,0.0,136
v5-20261009T121014Z-d833d0,node_subsample_detailed,ГО Салават,МР Миякинский,0.007407407407407408,135
v5-20261009T121014Z-d833d0,node_subsample_detailed,ГО Салават,МР Нуримановский,0.0,139
v5-20261009T121014Z-d833d0,node_subsample_detailed,ГО Салават,МР Салаватский,0.007692307692307693,130
v5-20261009T121014Z-d833d0,node_subsample_detailed,ГО Салават,МР Стерлибашевский,0.007874015748031496,127
v5-20261009T121014Z-d833d0,node_subsample_detailed,ГО Салават,МР Стерлитамакский,0.375,144
v5-20261009T121014Z-d833d0,node_subsample_detailed,ГО Салават,МР Татышлинский,0.0,134
v5-20261009T121014Z-d833d0,node_subsample_detailed,ГО Салават,МР Туймазинский,0.3829787234042553,141
v5-20261009T121014Z-d833d0,node_subsample_detailed,ГО Салават,МР Уфимский,0.06338028169014084,142
v5-20261009T121014Z-d833d0,node_subsample_detailed,ГО Салават,МР Учалинский,0.140625,128
v5-20261009T121014Z-d833d0,node_subsample_detailed,ГО Салават,МР Федоровский,0.06428571428571428,140
v5-20261009T121014Z-d833d0,node_subsample_detailed,ГО Салават,МР Хайбуллинский,0.007194244604316547,139
v5-20261009T121014Z-d833d0,node_subsample_detailed,ГО Салават,МР Чекмагушевский,0.0,137
v5-20261009T121014Z-d833d0,node_subsample_detailed,ГО Салават,МР Чишминский,0.0,144
v5-20261009T121014Z-d833d0,node_subsample_detailed,ГО Салават,МР Шаранский,0.0,130
v5-20261009T121014Z-d833d0,node_subsample_detailed,ГО Салават,МР Янаульский,0.043478260869565216,138
v5-20261009T121014Z-d833d0,node_subsample_detailed,ГО Сибай,ГО Стерлитамак,0.014084507042253521,142
v5-20261009T121014Z-d833d0,node_subsample_detailed,ГО Сибай,ГО Уфа,0.04195804195804196,143
v5-20261009T121014Z-d833d0,node_subsample_detailed,ГО Сибай,МР Абзелиловский,0.02962962962962963,135
v5-20261009T121014Z-d833d0,node_subsample_detailed,ГО Сибай,МР Альшеевский,0.0,142
v5-20261009T121014Z-d833d0,node_subsample_detailed,ГО Сибай,МР Архангельский,0.006944444444444444,144
v5-20261009T121014Z-d833d0,node_subsample_detailed,ГО Сибай,МР Аскинский,0.0,137
v5-20261009T121014Z-d833d0,node_subsample_detailed,ГО Сибай,МР Аургазинский,0.007518796992481203,133
v5-20261009T121014Z-d833d0,node_subsample_detailed,ГО Сибай,МР Баймакский,0.15827338129496402,139
v5-20261009T121014Z-d833d0,node_subsample_detailed,ГО Сибай,МР Бакалинский,0.013793103448275862,145
v5-20261009T121014Z-d833d0,node_subsample_detailed,ГО Сибай,МР Балтачевский,0.0,131
v5-20261009T121014Z-d833d0,node_subsample_detailed,ГО Сибай,МР Белебеевский,0.015037593984962405,133
v5-20261009T121014Z-d833d0,node_subsample_detailed,ГО Сибай,МР Белокатайский,0.0,137
v5-20261009T121014Z-d833d0,node_subsample_detailed,ГО Сибай,МР Белорецкий,0.6642335766423357,137
v5-20261009T121014Z-d833d0,node_subsample_detailed,ГО Сибай,МР Бижбулякский,0.03759398496240601,133
v5-20261009T121014Z-d833d0,node_subsample_detailed,ГО Сибай,МР Бирский,0.6716417910447762,134
v5-20261009T121014Z-d833d0,node_subsample_detailed,ГО Сибай,МР Благоварский,0.014084507042253521,142
v5-20261009T121014Z-d833d0,node_subsample_detailed,ГО Сибай,МР Благовещенский,0.6231884057971014,138
v5-20261009T121014Z-d833d0,node_subsample_detailed,ГО Сибай,МР Буздякский,0.007633587786259542,131
v5-20261009T121014Z-d833d0,node_subsample_detailed,ГО Сибай,МР Бураевский,0.0,131
v5-20261009T121014Z-d833d0,node_subsample_detailed,ГО Сибай,МР Бурзянский,0.07462686567164178,134
v5-20261009T121014Z-d833d0,node_subsample_detailed,ГО Сибай,МР Гафурийский,0.007575757575757576,132
v5-20261009T121014Z-d833d0,node_subsample_detailed,ГО Сибай,МР Давлекановский,0.0,133
v5-20261009T121014Z-d833d0,node_subsample_detailed,ГО Сибай,МР Дуванский,0.0072992700729927005,137
v5-20261009T121014Z-d833d0,node_subsample_detailed,ГО Сибай,МР Дюртюлинский,0.10638297872340426,141
v5-20261009T121014Z-d833d0,node_subsample_detailed,ГО Сибай,МР Ермекеевский,0.050724637681159424,138
v5-20261009T121014Z-d833d0,node_subsample_detailed,ГО Сибай,МР Зианчуринский,0.014084507042253521,142
v5-20261009T121014Z-d833d0,node_subsample_detailed,ГО Сибай,МР Зилаирский,0.32867132867132864,143
v5-20261009T121014Z-d833d0,node_subsample_detailed,ГО Сибай,МР Иглинский,0.4596774193548387,124
v5-20261009T121014Z-d833d0,node_subsample_detailed,ГО Сибай,МР Илишевский,0.0,133
v5-20261009T121014Z-d833d0,node_subsample_detailed,ГО Сибай,МР Ишимбайский,0.0,132
v5-20261009T121014Z-d833d0,node_subsample_detailed,ГО Сибай,МР Калтасинский,0.0,129
v5-20261009T121014Z-d833d0,node_subsample_detailed,ГО Сибай,МР Караидельский,0.0,139
v5-20261009T121014Z-d833d0,node_subsample_detailed,ГО Сибай,МР Кармаскалинский,0.18439716312056736,141
v5-20261009T121014Z-d833d0,node_subsample_detailed,ГО Сибай,МР Кигинский,0.0,128
v5-20261009T121014Z-d833d0,node_subsample_detailed,ГО Сибай,МР Краснокамский,0.0,132
v5-20261009T121014Z-d833d0,node_subsample_detailed,ГО Сибай,МР Кугарчинский,0.007874015748031496,127
v5-20261009T121014Z-d833d0,node_subsample_detailed,ГО Сибай,МР Кушнаренковский,0.0,140
v5-20261009T121014Z-d833d0,node_subsample_detailed,ГО Сибай,МР Куюргазинский,0.10218978102189781,137
v5-20261009T121014Z-d833d0,node_subsample_detailed,ГО Сибай,МР Мелеузовский,0.1865671641791045,134
v5-20261009T121014Z-d833d0,node_subsample_detailed,ГО Сибай,МР Мечетлинский,0.007246376811594203,138
v5-20261009T121014Z-d833d0,node_subsample_detailed,ГО Сибай,МР Мишкинский,0.007142857142857143,140
v5-20261009T121014Z-d833d0,node_subsample_detailed,ГО Сибай,МР Миякинский,0.04477611940298507,134
v5-20261009T121014Z-d833d0,node_subsample_detailed,ГО Сибай,МР Нуримановский,0.014184397163120567,141
v5-20261009T121014Z-d833d0,node_subsample_detailed,ГО Сибай,МР Салаватский,0.2196969696969697,132
v5-20261009T121014Z-d833d0,node_subsample_detailed,ГО Сибай,МР Стерлибашевский,0.0,132
v5-20261009T121014Z-d833d0,node_subsample_detailed,ГО Сибай,МР Стерлитамакский,0.176056338028169,142
v5-20261009T121014Z-d833d0,node_subsample_detailed,ГО Сибай,МР Татышлинский,0.0,139
v5-20261009T121014Z-d833d0,node_subsample_detailed,ГО Сибай,МР Туймазинский,0.15384615384615385,143
v5-20261009T121014Z-d833d0,node_subsample_detailed,ГО Сибай,МР Уфимский,0.4097222222222222,144
v5-20261009T121014Z-d833d0,node_subsample_detailed,ГО Сибай,МР Учалинский,0.2734375,128
v5-20261009T121014Z-d833d0,node_subsample_detailed,ГО Сибай,МР Федоровский,0.028985507246376812,138
v5-20261009T121014Z-d833d0,node_subsample_detailed,ГО Сибай,МР Хайбуллинский,0.2876712328767123,146
v5-20261009T121014Z-d833d0,node_subsample_detailed,ГО Сибай,МР Чекмагушевский,0.0,139
v5-20261009T121014Z-d833d0,node_subsample_detailed,ГО Сибай,МР Чишминский,0.48201438848920863,139
v5-20261009T121014Z-d833d0,node_subsample_detailed,ГО Сибай,МР Шаранский,0.0,131
v5-20261009T121014Z-d833d0,node_subsample_detailed,ГО Сибай,МР Янаульский,0.05185185185185185,135
v5-20261009T121014Z-d833d0,node_subsample_detailed,ГО Стерлитамак,ГО Уфа,0.8985507246376812,138
v5-20261009T121014Z-d833d0,node_subsample_detailed,ГО Стерлитамак,МР Абзелиловский,0.0,137
v5-20261009T121014Z-d833d0,node_subsample_detailed,ГО Стерлитамак,МР Альшеевский,0.022058823529411766,136
v5-20261009T121014Z-d833d0,node_subsample_detailed,ГО Стерлитамак,МР Архангельский,0.0,144
v5-20261009T121014Z-d833d0,node_subsample_detailed,ГО Стерлитамак,МР Аскинский,0.0,139
v5-20261009T121014Z-d833d0,node_subsample_detailed,ГО Стерлитамак,МР Аургазинский,0.015503875968992248,129
v5-20261009T121014Z-d833d0,node_subsample_detailed,ГО Стерлитамак,МР Баймакский,0.0,130
v5-20261009T121014Z-d833d0,node_subsample_detailed,ГО Стерлитамак,МР Бакалинский,0.014492753623188406,138
v5-20261009T121014Z-d833d0,node_subsample_detailed,ГО Стерлитамак,МР Балтачевский,0.0,129
v5-20261009T121014Z-d833d0,node_subsample_detailed,ГО Стерлитамак,МР Белебеевский,0.68,125
v5-20261009T121014Z-d833d0,node_subsample_detailed,ГО Стерлитамак,МР Белокатайский,0.0,136
v5-20261009T121014Z-d833d0,node_subsample_detailed,ГО Стерлитамак,МР Белорецкий,0.0,134
v5-20261009T121014Z-d833d0,node_subsample_detailed,ГО Стерлитамак,МР Бижбулякский,0.015384615384615385,130
v5-20261009T121014Z-d833d0,node_subsample_detailed,ГО Стерлитамак,МР Бирский,0.12121212121212122,132
v5-20261009T121014Z-d833d0,node_subsample_detailed,ГО Стерлитамак,МР Благоварский,0.007352941176470588,136
v5-20261009T121014Z-d833d0,node_subsample_detailed,ГО Стерлитамак,МР Благовещенский,0.0425531914893617,141
v5-20261009T121014Z-d833d0,node_subsample_detailed,ГО Стерлитамак,МР Буздякский,0.03125,128
v5-20261009T121014Z-d833d0,node_subsample_detailed,ГО Стерлитамак,МР Бураевский,0.007575757575757576,132
v5-20261009T121014Z-d833d0,node_subsample_detailed,ГО Стерлитамак,МР Бурзянский,0.0,132
v5-20261009T121014Z-d833d0,node_subsample_detailed,ГО Стерлитамак,МР Гафурийский,0.007751937984496124,129
v5-20261009T121014Z-d833d0,node_subsample_detailed,ГО Стерлитамак,МР Давлекановский,0.0,129
v5-20261009T121014Z-d833d0,node_subsample_detailed,ГО Стерлитамак,МР Дуванский,0.0,135
v5-20261009T121014Z-d833d0,node_subsample_detailed,ГО Стерлитамак,МР Дюртюлинский,0.022058823529411766,136
v5-20261009T121014Z-d833d0,node_subsample_detailed,ГО Стерлитамак,МР Ермекеевский,0.007936507936507936,126
v5-20261009T121014Z-d833d0,node_subsample_detailed,ГО Стерлитамак,МР Зианчуринский,0.0,133
v5-20261009T121014Z-d833d0,node_subsample_detailed,ГО Стерлитамак,МР Зилаирский,0.0,143
v5-20261009T121014Z-d833d0,node_subsample_detailed,ГО Стерлитамак,МР Иглинский,0.16129032258064516,124
v5-20261009T121014Z-d833d0,node_subsample_detailed,ГО Стерлитамак,МР Илишевский,0.007352941176470588,136
v5-20261009T121014Z-d833d0,node_subsample_detailed,ГО Стерлитамак,МР Ишимбайский,0.5833333333333334,132
v5-20261009T121014Z-d833d0,node_subsample_detailed,ГО Стерлитамак,МР Калтасинский,0.0,130
v5-20261009T121014Z-d833d0,node_subsample_detailed,ГО Стерлитамак,МР Караидельский,0.0,137
v5-20261009T121014Z-d833d0,node_subsample_detailed,ГО Стерлитамак,МР Кармаскалинский,0.0072992700729927005,137
v5-20261009T121014Z-d833d0,node_subsample_detailed,ГО Стерлитамак,МР Кигинский,0.0,126
v5-20261009T121014Z-d833d0,node_subsample_detailed,ГО Стерлитамак,МР Краснокамский,0.008,125
v5-20261009T121014Z-d833d0,node_subsample_detailed,ГО Стерлитамак,МР Кугарчинский,0.0,121
v5-20261009T121014Z-d833d0,node_subsample_detailed,ГО Стерлитамак,МР Кушнаренковский,0.007352941176470588,136
v5-20261009T121014Z-d833d0,node_subsample_detailed,ГО Стерлитамак,МР Куюргазинский,0.014925373134328358,134
v5-20261009T121014Z-d833d0,node_subsample_detailed,ГО Стерлитамак,МР Мелеузовский,0.5303030303030303,132
v5-20261009T121014Z-d833d0,node_subsample_detailed,ГО Стерлитамак,МР Мечетлинский,0.0,130
v5-20261009T121014Z-d833d0,node_subsample_detailed,ГО Стерлитамак,МР Мишкинский,0.0,138
v5-20261009T121014Z-d833d0,node_subsample_detailed,ГО Стерлитамак,МР Миякинский,0.0,133
v5-20261009T121014Z-d833d0,node_subsample_detailed,ГО Стерлитамак,МР Нуримановский,0.0,138
v5-20261009T121014Z-d833d0,node_subsample_detailed,ГО Стерлитамак,МР Салаватский,0.0,133
v5-20261009T121014Z-d833d0,node_subsample_detailed,ГО Стерлитамак,МР Стерлибашевский,0.008,125
v5-20261009T121014Z-d833d0,node_subsample_detailed,ГО Стерлитамак,МР Стерлитамакский,0.6643356643356644,143
v5-20261009T121014Z-d833d0,node_subsample_detailed,ГО Стерлитамак,МР Татышлинский,0.0,131
v5-20261009T121014Z-d833d0,node_subsample_detailed,ГО Стерлитамак,МР Туймазинский,0.20437956204379562,137
v5-20261009T121014Z-d833d0,node_subsample_detailed,ГО Стерлитамак,МР Уфимский,0.34285714285714286,140
v5-20261009T121014Z-d833d0,node_subsample_detailed,ГО Стерлитамак,МР Учалинский,0.10569105691056911,123
v5-20261009T121014Z-d833d0,node_subsample_detailed,ГО Стерлитамак,МР Федоровский,0.058823529411764705,136
v5-20261009T121014Z-d833d0,node_subsample_detailed,ГО Стерлитамак,МР Хайбуллинский,0.0,136
v5-20261009T121014Z-d833d0,node_subsample_detailed,ГО Стерлитамак,МР Чекмагушевский,0.007633587786259542,131
v5-20261009T121014Z-d833d0,node_subsample_detailed,ГО Стерлитамак,МР Чишминский,0.022388059701492536,134
v5-20261009T121014Z-d833d0,node_subsample_detailed,ГО Стерлитамак,МР Шаранский,0.0,132
v5-20261009T121014Z-d833d0,node_subsample_detailed,ГО Стерлитамак,МР Янаульский,0.007575757575757576,132
v5-20261009T121014Z-d833d0,node_subsample_detailed,ГО Уфа,МР Абзелиловский,0.0,132
v5-20261009T121014Z-d833d0,node_subsample_detailed,ГО Уфа,МР Альшеевский,0.021897810218978103,137
v5-20261009T121014Z-d833d0,node_subsample_detailed,ГО Уфа,МР Архангельский,0.0,140
v5-20261009T121014Z-d833d0,node_subsample_detailed,ГО Уфа,МР Аскинский,0.0,138
v5-20261009T121014Z-d833d0,node_subsample_detailed,ГО Уфа,МР Аургазинский,0.007462686567164179,134
v5-20261009T121014Z-d833d0,node_subsample_detailed,ГО Уфа,МР Баймакский,0.0,141
v5-20261009T121014Z-d833d0,node_subsample_detailed,ГО Уфа,МР Бакалинский,0.0070921985815602835,141
v5-20261009T121014Z-d833d0,node_subsample_detailed,ГО Уфа,МР Балтачевский,0.0,133
v5-20261009T121014Z-d833d0,node_subsample_detailed,ГО Уфа,МР Белебеевский,0.7674418604651163,129
v5-20261009T121014Z-d833d0,node_subsample_detailed,ГО Уфа,МР Белокатайский,0.0,138
v5-20261009T121014Z-d833d0,node_subsample_detailed,ГО Уфа,МР Белорецкий,0.0,133
v5-20261009T121014Z-d833d0,node_subsample_detailed,ГО Уфа,МР Бижбулякский,0.022556390977443608,133
v5-20261009T121014Z-d833d0,node_subsample_detailed,ГО Уфа,МР Бирский,0.10294117647058823,136
v5-20261009T121014Z-d833d0,node_subsample_detailed,ГО Уфа,МР Благоварский,0.0,137
v5-20261009T121014Z-d833d0,node_subsample_detailed,ГО Уфа,МР Благовещенский,0.02877697841726619,139
v5-20261009T121014Z-d833d0,node_subsample_detailed,ГО Уфа,МР Буздякский,0.0234375,128
v5-20261009T121014Z-d833d0,node_subsample_detailed,ГО Уфа,МР Бураевский,0.0,135
v5-20261009T121014Z-d833d0,node_subsample_detailed,ГО Уфа,МР Бурзянский,0.0,132
v5-20261009T121014Z-d833d0,node_subsample_detailed,ГО Уфа,МР Гафурийский,0.007518796992481203,133
v5-20261009T121014Z-d833d0,node_subsample_detailed,ГО Уфа,МР Давлекановский,0.0,132
v5-20261009T121014Z-d833d0,node_subsample_detailed,ГО Уфа,МР Дуванский,0.0,136
v5-20261009T121014Z-d833d0,node_subsample_detailed,ГО Уфа,МР Дюртюлинский,0.08823529411764706,136
v5-20261009T121014Z-d833d0,node_subsample_detailed,ГО Уфа,МР Ермекеевский,0.015037593984962405,133
v5-20261009T121014Z-d833d0,node_subsample_detailed,ГО Уфа,МР Зианчуринский,0.0,134
v5-20261009T121014Z-d833d0,node_subsample_detailed,ГО Уфа,МР Зилаирский,0.0,146
v5-20261009T121014Z-d833d0,node_subsample_detailed,ГО Уфа,МР Иглинский,0.10569105691056911,123
v5-20261009T121014Z-d833d0,node_subsample_detailed,ГО Уфа,МР Илишевский,0.0,130
v5-20261009T121014Z-d833d0,node_subsample_detailed,ГО Уфа,МР Ишимбайский,0.6439393939393939,132
v5-20261009T121014Z-d833d0,node_subsample_detailed,ГО Уфа,МР Калтасинский,0.0,132
v5-20261009T121014Z-d833d0,node_subsample_detailed,ГО Уфа,МР Караидельский,0.0,133
v5-20261009T121014Z-d833d0,node_subsample_detailed,ГО Уфа,МР Кармаскалинский,0.0,139
v5-20261009T121014Z-d833d0,node_subsample_detailed,ГО Уфа,МР Кигинский,0.0,133
v5-20261009T121014Z-d833d0,node_subsample_detailed,ГО Уфа,МР Краснокамский,0.0,132
v5-20261009T121014Z-d833d0,node_subsample_detailed,ГО Уфа,МР Кугарчинский,0.0,121
v5-20261009T121014Z-d833d0,node_subsample_detailed,ГО Уфа,МР Кушнаренковский,0.007462686567164179,134
v5-20261009T121014Z-d833d0,node_subsample_detailed,ГО Уфа,МР Куюргазинский,0.007407407407407408,135
v5-20261009T121014Z-d833d0,node_subsample_detailed,ГО Уфа,МР Мелеузовский,0.6590909090909091,132
v5-20261009T121014Z-d833d0,node_subsample_detailed,ГО Уфа,МР Мечетлинский,0.0,135
v5-20261009T121014Z-d833d0,node_subsample_detailed,ГО Уфа,МР Мишкинский,0.0,137
v5-20261009T121014Z-d833d0,node_subsample_detailed,ГО Уфа,МР Миякинский,0.0,133
v5-20261009T121014Z-d833d0,node_subsample_detailed,ГО Уфа,МР Нуримановский,0.0,140
v5-20261009T121014Z-d833d0,node_subsample_detailed,ГО Уфа,МР Салаватский,0.0,131
v5-20261009T121014Z-d833d0,node_subsample_detailed,ГО Уфа,МР Стерлибашевский,0.0,129
v5-20261009T121014Z-d833d0,node_subsample_detailed,ГО Уфа,МР Стерлитамакский,0.5434782608695652,138
v5-20261009T121014Z-d833d0,node_subsample_detailed,ГО Уфа,МР Татышлинский,0.0,133
v5-20261009T121014Z-d833d0,node_subsample_detailed,ГО Уфа,МР Туймазинский,0.3381294964028777,139
v5-20261009T121014Z-d833d0,node_subsample_detailed,ГО Уфа,МР Уфимский,0.2727272727272727,143
v5-20261009T121014Z-d833d0,node_subsample_detailed,ГО Уфа,МР Учалинский,0.2265625,128
v5-20261009T121014Z-d833d0,node_subsample_detailed,ГО Уфа,МР Федоровский,0.07194244604316546,139
v5-20261009T121014Z-d833d0,node_subsample_detailed,ГО Уфа,МР Хайбуллинский,0.0,139
v5-20261009T121014Z-d833d0,node_subsample_detailed,ГО Уфа,МР Чекмагушевский,0.0,138
v5-20261009T121014Z-d833d0,node_subsample_detailed,ГО Уфа,МР Чишминский,0.0,139
v5-20261009T121014Z-d833d0,node_subsample_detailed,ГО Уфа,МР Шаранский,0.0,127
v5-20261009T121014Z-d833d0,node_subsample_detailed,ГО Уфа,МР Янаульский,0.022222222222222223,135
v5-20261009T121014Z-d833d0,node_subsample_detailed,МР Абзелиловский,МР Альшеевский,0.0,132
v5-20261009T121014Z-d833d0,node_subsample_detailed,МР Абзелиловский,МР Архангельский,0.050359712230215826,139
v5-20261009T121014Z-d833d0,node_subsample_detailed,МР Абзелиловский,МР Аскинский,0.0,127
v5-20261009T121014Z-d833d0,node_subsample_detailed,МР Абзелиловский,МР Аургазинский,0.023809523809523808,126
v5-20261009T121014Z-d833d0,node_subsample_detailed,МР Абзелиловский,МР Баймакский,0.952755905511811,127
v5-20261009T121014Z-d833d0,node_subsample_detailed,МР Абзелиловский,МР Бакалинский,0.007462686567164179,134
v5-20261009T121014Z-d833d0,node_subsample_detailed,МР Абзелиловский,МР Балтачевский,0.0,127
v5-20261009T121014Z-d833d0,node_subsample_detailed,МР Абзелиловский,МР Белебеевский,0.0,122
v5-20261009T121014Z-d833d0,node_subsample_detailed,МР Абзелиловский,МР Белокатайский,0.047244094488188976,127
v5-20261009T121014Z-d833d0,node_subsample_detailed,МР Абзелиловский,МР Белорецкий,0.0546875,128
v5-20261009T121014Z-d833d0,node_subsample_detailed,МР Абзелиловский,МР Бижбулякский,0.007751937984496124,129
v5-20261009T121014Z-d833d0,node_subsample_detailed,МР Абзелиловский,МР Бирский,0.007633587786259542,131
v5-20261009T121014Z-d833d0,node_subsample_detailed,МР Абзелиловский,МР Благоварский,0.015151515151515152,132
v5-20261009T121014Z-d833d0,node_subsample_detailed,МР Абзелиловский,МР Благовещенский,0.007407407407407408,135
v5-20261009T121014Z-d833d0,node_subsample_detailed,МР Абзелиловский,МР Буздякский,0.0078125,128
v5-20261009T121014Z-d833d0,node_subsample_detailed,МР Абзелиловский,МР Бураевский,0.015625,128
v5-20261009T121014Z-d833d0,node_subsample_detailed,МР Абзелиловский,МР Бурзянский,0.9689922480620154,129
v5-20261009T121014Z-d833d0,node_subsample_detailed,МР Абзелиловский,МР Гафурийский,0.031496062992125984,127
v5-20261009T121014Z-d833d0,node_subsample_detailed,МР Абзелиловский,МР Давлекановский,0.016,125
v5-20261009T121014Z-d833d0,node_subsample_detailed,МР Абзелиловский,МР Дуванский,0.10077519379844961,129
v5-20261009T121014Z-d833d0,node_subsample_detailed,МР Абзелиловский,МР Дюртюлинский,0.007518796992481203,133
v5-20261009T121014Z-d833d0,node_subsample_detailed,МР Абзелиловский,МР Ермекеевский,0.05426356589147287,129
v5-20261009T121014Z-d833d0,node_subsample_detailed,МР Абзелиловский,МР Зианчуринский,0.0546875,128
v5-20261009T121014Z-d833d0,node_subsample_detailed,МР Абзелиловский,МР Зилаирский,0.7481481481481481,135
v5-20261009T121014Z-d833d0,node_subsample_detailed,МР Абзелиловский,МР Иглинский,0.00819672131147541,122
v5-20261009T121014Z-d833d0,node_subsample_detailed,МР Абзелиловский,МР Илишевский,0.0,128
v5-20261009T121014Z-d833d0,node_subsample_detailed,МР Абзелиловский,МР Ишимбайский,0.008333333333333333,120
v5-20261009T121014Z-d833d0,node_subsample_detailed,МР Абзелиловский,МР Калтасинский,0.0078125,128
v5-20261009T121014Z-d833d0,node_subsample_detailed,МР Абзелиловский,МР Караидельский,0.0,132
v5-20261009T121014Z-d833d0,node_subsample_detailed,МР Абзелиловский,МР Кармаскалинский,0.0,133
v5-20261009T121014Z-d833d0,node_subsample_detailed,МР Абзелиловский,МР Кигинский,0.05555555555555555,126
v5-20261009T121014Z-d833d0,node_subsample_detailed,МР Абзелиловский,МР Краснокамский,0.008130081300813009,123
v5-20261009T121014Z-d833d0,node_subsample_detailed,МР Абзелиловский,МР Кугарчинский,0.02564102564102564,117
v5-20261009T121014Z-d833d0,node_subsample_detailed,МР Абзелиловский,МР Кушнаренковский,0.007751937984496124,129
v5-20261009T121014Z-d833d0,node_subsample_detailed,МР Абзелиловский,МР Куюргазинский,0.022900763358778626,131
v5-20261009T121014Z-d833d0,node_subsample_detailed,МР Абзелиловский,МР Мелеузовский,0.007874015748031496,127
v5-20261009T121014Z-d833d0,node_subsample_detailed,МР Абзелиловский,МР Мечетлинский,0.023076923076923078,130
v5-20261009T121014Z-d833d0,node_subsample_detailed,МР Абзелиловский,МР Мишкинский,0.0364963503649635,137
v5-20261009T121014Z-d833d0,node_subsample_detailed,МР Абзелиловский,МР Миякинский,0.015748031496062992,127
v5-20261009T121014Z-d833d0,node_subsample_detailed,МР Абзелиловский,МР Нуримановский,0.044444444444444446,135
v5-20261009T121014Z-d833d0,node_subsample_detailed,МР Абзелиловский,МР Салаватский,0.368,125
v5-20261009T121014Z-d833d0,node_subsample_detailed,МР Абзелиловский,МР Стерлибашевский,0.00847457627118644,118
v5-20261009T121014Z-d833d0,node_subsample_detailed,МР Абзелиловский,МР Стерлитамакский,0.0,133
v5-20261009T121014Z-d833d0,node_subsample_detailed,МР Абзелиловский,МР Татышлинский,0.0,129
v5-20261009T121014Z-d833d0,node_subsample_detailed,МР Абзелиловский,МР Туймазинский,0.007575757575757576,132
v5-20261009T121014Z-d833d0,node_subsample_detailed,МР Абзелиловский,МР Уфимский,0.007142857142857143,140
v5-20261009T121014Z-d833d0,node_subsample_detailed,МР Абзелиловский,МР Учалинский,0.024793388429752067,121
v5-20261009T121014Z-d833d0,node_subsample_detailed,МР Абзелиловский,МР Федоровский,0.015267175572519083,131
v5-20261009T121014Z-d833d0,node_subsample_detailed,МР Абзелиловский,МР Хайбуллинский,0.8106060606060606,132
v5-20261009T121014Z-d833d0,node_subsample_detailed,МР Абзелиловский,МР Чекмагушевский,0.0,132
v5-20261009T121014Z-d833d0,node_subsample_detailed,МР Абзелиловский,МР Чишминский,0.007633587786259542,131
v5-20261009T121014Z-d833d0,node_subsample_detailed,МР Абзелиловский,МР Шаранский,0.007874015748031496,127
v5-20261009T121014Z-d833d0,node_subsample_detailed,МР Абзелиловский,МР Янаульский,0.015151515151515152,132
v5-20261009T121014Z-d833d0,node_subsample_detailed,МР Альшеевский,МР Архангельский,0.13138686131386862,137
v5-20261009T121014Z-d833d0,node_subsample_detailed,МР Альшеевский,МР Аскинский,0.0,130
v5-20261009T121014Z-d833d0,node_subsample_detailed,МР Альшеевский,МР Аургазинский,0.05384615384615385,130
v5-20261009T121014Z-d833d0,node_subsample_detailed,МР Альшеевский,МР Баймакский,0.0,130
v5-20261009T121014Z-d833d0,node_subsample_detailed,МР Альшеевский,МР Бакалинский,0.697841726618705,139
v5-20261009T121014Z-d833d0,node_subsample_detailed,МР Альшеевский,МР Балтачевский,0.06153846153846154,130
v5-20261009T121014Z-d833d0,node_subsample_detailed,МР Альшеевский,МР Белебеевский,0.03937007874015748,127
v5-20261009T121014Z-d833d0,node_subsample_detailed,МР Альшеевский,МР Белокатайский,0.0,133
v5-20261009T121014Z-d833d0,node_subsample_detailed,МР Альшеевский,МР Белорецкий,0.007462686567164179,134
v5-20261009T121014Z-d833d0,node_subsample_detailed,МР Альшеевский,МР Бижбулякский,0.17829457364341086,129
v5-20261009T121014Z-d833d0,node_subsample_detailed,МР Альшеевский,МР Бирский,0.007633587786259542,131
v5-20261009T121014Z-d833d0,node_subsample_detailed,МР Альшеевский,МР Благоварский,0.06666666666666667,135
v5-20261009T121014Z-d833d0,node_subsample_detailed,МР Альшеевский,МР Благовещенский,0.007518796992481203,133
v5-20261009T121014Z-d833d0,node_subsample_detailed,МР Альшеевский,МР Буздякский,0.5196850393700787,127
v5-20261009T121014Z-d833d0,node_subsample_detailed,МР Альшеевский,МР Бураевский,0.007518796992481203,133
v5-20261009T121014Z-d833d0,node_subsample_detailed,МР Альшеевский,МР Бурзянский,0.0,130
v5-20261009T121014Z-d833d0,node_subsample_detailed,МР Альшеевский,МР Гафурийский,0.06818181818181818,132
v5-20261009T121014Z-d833d0,node_subsample_detailed,МР Альшеевский,МР Давлекановский,0.8257575757575758,132
v5-20261009T121014Z-d833d0,node_subsample_detailed,МР Альшеевский,МР Дуванский,0.007575757575757576,132
v5-20261009T121014Z-d833d0,node_subsample_detailed,МР Альшеевский,МР Дюртюлинский,0.007407407407407408,135
v5-20261009T121014Z-d833d0,node_subsample_detailed,МР Альшеевский,МР Ермекеевский,0.2890625,128
v5-20261009T121014Z-d833d0,node_subsample_detailed,МР Альшеевский,МР Зианчуринский,0.2932330827067669,133
v5-20261009T121014Z-d833d0,node_subsample_detailed,МР Альшеевский,МР Зилаирский,0.0,137
v5-20261009T121014Z-d833d0,node_subsample_detailed,МР Альшеевский,МР Иглинский,0.008064516129032258,124
v5-20261009T121014Z-d833d0,node_subsample_detailed,МР Альшеевский,МР Илишевский,0.05223880597014925,134
v5-20261009T121014Z-d833d0,node_subsample_detailed,МР Альшеевский,МР Ишимбайский,0.0,129
v5-20261009T121014Z-d833d0,node_subsample_detailed,МР Альшеевский,МР Калтасинский,0.07692307692307693,130
v5-20261009T121014Z-d833d0,node_subsample_detailed,МР Альшеевский,МР Караидельский,0.022222222222222223,135
v5-20261009T121014Z-d833d0,node_subsample_detailed,МР Альшеевский,МР Кармаскалинский,0.022058823529411766,136
v5-20261009T121014Z-d833d0,node_subsample_detailed,МР Альшеевский,МР Кигинский,0.007936507936507936,126
v5-20261009T121014Z-d833d0,node_subsample_detailed,МР Альшеевский,МР Краснокамский,0.0,129
v5-20261009T121014Z-d833d0,node_subsample_detailed,МР Альшеевский,МР Кугарчинский,0.008264462809917356,121
v5-20261009T121014Z-d833d0,node_subsample_detailed,МР Альшеевский,МР Кушнаренковский,0.7037037037037037,135
v5-20261009T121014Z-d833d0,node_subsample_detailed,МР Альшеевский,МР Куюргазинский,0.30303030303030304,132
v5-20261009T121014Z-d833d0,node_subsample_detailed,МР Альшеевский,МР Мелеузовский,0.0,129
v5-20261009T121014Z-d833d0,node_subsample_detailed,МР Альшеевский,МР Мечетлинский,0.014925373134328358,134
v5-20261009T121014Z-d833d0,node_subsample_detailed,МР Альшеевский,МР Мишкинский,0.17164179104477612,134
v5-20261009T121014Z-d833d0,node_subsample_detailed,МР Альшеевский,МР Миякинский,0.11029411764705882,136
v5-20261009T121014Z-d833d0,node_subsample_detailed,МР Альшеевский,МР Нуримановский,0.043795620437956206,137
v5-20261009T121014Z-d833d0,node_subsample_detailed,МР Альшеевский,МР Салаватский,0.031496062992125984,127
v5-20261009T121014Z-d833d0,node_subsample_detailed,МР Альшеевский,МР Стерлибашевский,0.112,125
v5-20261009T121014Z-d833d0,node_subsample_detailed,МР Альшеевский,МР Стерлитамакский,0.02158273381294964,139
v5-20261009T121014Z-d833d0,node_subsample_detailed,МР Альшеевский,МР Татышлинский,0.022388059701492536,134
v5-20261009T121014Z-d833d0,node_subsample_detailed,МР Альшеевский,МР Туймазинский,0.014598540145985401,137
v5-20261009T121014Z-d833d0,node_subsample_detailed,МР Альшеевский,МР Уфимский,0.02142857142857143,140
v5-20261009T121014Z-d833d0,node_subsample_detailed,МР Альшеевский,МР Учалинский,0.0,126
v5-20261009T121014Z-d833d0,node_subsample_detailed,МР Альшеевский,МР Федоровский,0.4166666666666667,132
v5-20261009T121014Z-d833d0,node_subsample_detailed,МР Альшеевский,МР Хайбуллинский,0.0,139
v5-20261009T121014Z-d833d0,node_subsample_detailed,МР Альшеевский,МР Чекмагушевский,0.5488721804511278,133
v5-20261009T121014Z-d833d0,node_subsample_detailed,МР Альшеевский,МР Чишминский,0.02158273381294964,139
v5-20261009T121014Z-d833d0,node_subsample_detailed,МР Альшеевский,МР Шаранский,0.8064516129032258,124
v5-20261009T121014Z-d833d0,node_subsample_detailed,МР Альшеевский,МР Янаульский,0.0,135
v5-20261009T121014Z-d833d0,node_subsample_detailed,МР Архангельский,МР Аскинский,0.007462686567164179,134
v5-20261009T121014Z-d833d0,node_subsample_detailed,МР Архангельский,МР Аургазинский,0.015625,128
v5-20261009T121014Z-d833d0,node_subsample_detailed,МР Архангельский,МР Баймакский,0.014925373134328358,134
v5-20261009T121014Z-d833d0,node_subsample_detailed,МР Архангельский,МР Бакалинский,0.3191489361702128,141
v5-20261009T121014Z-d833d0,node_subsample_detailed,МР Архангельский,МР Балтачевский,0.015625,128
v5-20261009T121014Z-d833d0,node_subsample_detailed,МР Архангельский,МР Белебеевский,0.0,128
v5-20261009T121014Z-d833d0,node_subsample_detailed,МР Архангельский,МР Белокатайский,0.021897810218978103,137
v5-20261009T121014Z-d833d0,node_subsample_detailed,МР Архангельский,МР Белорецкий,0.021897810218978103,137
v5-20261009T121014Z-d833d0,node_subsample_detailed,МР Архангельский,МР Бижбулякский,0.015037593984962405,133
v5-20261009T121014Z-d833d0,node_subsample_detailed,МР Архангельский,МР Бирский,0.007407407407407408,135
v5-20261009T121014Z-d833d0,node_subsample_detailed,МР Архангельский,МР Благоварский,0.5639097744360902,133
v5-20261009T121014Z-d833d0,node_subsample_detailed,МР Архангельский,МР Благовещенский,0.05755395683453238,139
v5-20261009T121014Z-d833d0,node_subsample_detailed,МР Архангельский,МР Буздякский,0.14728682170542637,129
v5-20261009T121014Z-d833d0,node_subsample_detailed,МР Архангельский,МР Бураевский,0.015384615384615385,130
v5-20261009T121014Z-d833d0,node_subsample_detailed,МР Архангельский,МР Бурзянский,0.0,133
v5-20261009T121014Z-d833d0,node_subsample_detailed,МР Архангельский,МР Гафурийский,0.20610687022900764,131
v5-20261009T121014Z-d833d0,node_subsample_detailed,МР Архангельский,МР Давлекановский,0.16030534351145037,131
v5-20261009T121014Z-d833d0,node_subsample_detailed,МР Архангельский,МР Дуванский,0.014814814814814815,135
v5-20261009T121014Z-d833d0,node_subsample_detailed,МР Архангельский,МР Дюртюлинский,0.028985507246376812,138
v5-20261009T121014Z-d833d0,node_subsample_detailed,МР Архангельский,МР Ермекеевский,0.08148148148148149,135
v5-20261009T121014Z-d833d0,node_subsample_detailed,МР Архангельский,МР Зианчуринский,0.08208955223880597,134
v5-20261009T121014Z-d833d0,node_subsample_detailed,МР Архангельский,МР Зилаирский,0.007194244604316547,139
v5-20261009T121014Z-d833d0,node_subsample_detailed,МР Архангельский,МР Иглинский,0.10236220472440945,127
v5-20261009T121014Z-d833d0,node_subsample_detailed,МР Архангельский,МР Илишевский,0.022222222222222223,135
v5-20261009T121014Z-d833d0,node_subsample_detailed,МР Архангельский,МР Ишимбайский,0.0,131
v5-20261009T121014Z-d833d0,node_subsample_detailed,МР Архангельский,МР Калтасинский,0.022900763358778626,131
v5-20261009T121014Z-d833d0,node_subsample_detailed,МР Архангельский,МР Караидельский,0.03007518796992481,133
v5-20261009T121014Z-d833d0,node_subsample_detailed,МР Архангельский,МР Кармаскалинский,0.1897810218978102,137
v5-20261009T121014Z-d833d0,node_subsample_detailed,МР Архангельский,МР Кигинский,0.03937007874015748,127
v5-20261009T121014Z-d833d0,node_subsample_detailed,МР Архангельский,МР Краснокамский,0.015384615384615385,130
v5-20261009T121014Z-d833d0,node_subsample_detailed,МР Архангельский,МР Кугарчинский,0.024193548387096774,124
v5-20261009T121014Z-d833d0,node_subsample_detailed,МР Архангельский,МР Кушнаренковский,0.2028985507246377,138
v5-20261009T121014Z-d833d0,node_subsample_detailed,МР Архангельский,МР Куюргазинский,0.12030075187969924,133
v5-20261009T121014Z-d833d0,node_subsample_detailed,МР Архангельский,МР Мелеузовский,0.023076923076923078,130
v5-20261009T121014Z-d833d0,node_subsample_detailed,МР Архангельский,МР Мечетлинский,0.030534351145038167,131
v5-20261009T121014Z-d833d0,node_subsample_detailed,МР Архангельский,МР Мишкинский,0.7794117647058824,136
v5-20261009T121014Z-d833d0,node_subsample_detailed,МР Архангельский,МР Миякинский,0.030303030303030304,132
v5-20261009T121014Z-d833d0,node_subsample_detailed,МР Архангельский,МР Нуримановский,0.8992805755395683,139
v5-20261009T121014Z-d833d0,node_subsample_detailed,МР Архангельский,МР Салаватский,0.10687022900763359,131
v5-20261009T121014Z-d833d0,node_subsample_detailed,МР Архангельский,МР Стерлибашевский,0.007751937984496124,129
v5-20261009T121014Z-d833d0,node_subsample_detailed,МР Архангельский,МР Стерлитамакский,0.0,142
v5-20261009T121014Z-d833d0,node_subsample_detailed,МР Архангельский,МР Татышлинский,0.007462686567164179,134
v5-20261009T121014Z-d833d0,node_subsample_detailed,МР Архангельский,МР Туймазинский,0.007246376811594203,138
v5-20261009T121014Z-d833d0,node_subsample_detailed,МР Архангельский,МР Уфимский,0.035211267605633804,142
v5-20261009T121014Z-d833d0,node_subsample_detailed,МР Архангельский,МР Учалинский,0.024193548387096774,124
v5-20261009T121014Z-d833d0,node_subsample_detailed,МР Архангельский,МР Федоровский,0.029197080291970802,137
v5-20261009T121014Z-d833d0,node_subsample_detailed,МР Архангельский,МР Хайбуллинский,0.0,135
v5-20261009T121014Z-d833d0,node_subsample_detailed,МР Архангельский,МР Чекмагушевский,0.07352941176470588,136
v5-20261009T121014Z-d833d0,node_subsample_detailed,МР Архангельский,МР Чишминский,0.10144927536231885,138
v5-20261009T121014Z-d833d0,node_subsample_detailed,МР Архангельский,МР Шаранский,0.1171875,128
v5-20261009T121014Z-d833d0,node_subsample_detailed,МР Архангельский,МР Янаульский,0.007462686567164179,134
v5-20261009T121014Z-d833d0,node_subsample_detailed,МР Аскинский,МР Аургазинский,0.0,130
v5-20261009T121014Z-d833d0,node_subsample_detailed,МР Аскинский,МР Баймакский,0.0,128
v5-20261009T121014Z-d833d0,node_subsample_detailed,МР Аскинский,МР Бакалинский,0.007142857142857143,140
v5-20261009T121014Z-d833d0,node_subsample_detailed,МР Аскинский,МР Балтачевский,0.968,125
v5-20261009T121014Z-d833d0,node_subsample_detailed,МР Аскинский,МР Белебеевский,0.0,123
v5-20261009T121014Z-d833d0,node_subsample_detailed,МР Аскинский,МР Белокатайский,0.007751937984496124,129
v5-20261009T121014Z-d833d0,node_subsample_detailed,МР Аскинский,МР Белорецкий,0.0,127
v5-20261009T121014Z-d833d0,node_subsample_detailed,МР Аскинский,МР Бижбулякский,0.0,126
v5-20261009T121014Z-d833d0,node_subsample_detailed,МР Аскинский,МР Бирский,0.0,130
v5-20261009T121014Z-d833d0,node_subsample_detailed,МР Аскинский,МР Благоварский,0.0,135
v5-20261009T121014Z-d833d0,node_subsample_detailed,МР Аскинский,МР Благовещенский,0.0,133
v5-20261009T121014Z-d833d0,node_subsample_detailed,МР Аскинский,МР Буздякский,0.00819672131147541,122
v5-20261009T121014Z-d833d0,node_subsample_detailed,МР Аскинский,МР Бураевский,0.0,129
v5-20261009T121014Z-d833d0,node_subsample_detailed,МР Аскинский,МР Бурзянский,0.0,131
v5-20261009T121014Z-d833d0,node_subsample_detailed,МР Аскинский,МР Гафурийский,0.05555555555555555,126
v5-20261009T121014Z-d833d0,node_subsample_detailed,МР Аскинский,МР Давлекановский,0.0,124
v5-20261009T121014Z-d833d0,node_subsample_detailed,МР Аскинский,МР Дуванский,0.0,133
v5-20261009T121014Z-d833d0,node_subsample_detailed,МР Аскинский,МР Дюртюлинский,0.03816793893129771,131
v5-20261009T121014Z-d833d0,node_subsample_detailed,МР Аскинский,МР Ермекеевский,0.0,124
v5-20261009T121014Z-d833d0,node_subsample_detailed,МР Аскинский,МР Зианчуринский,0.0,128
v5-20261009T121014Z-d833d0,node_subsample_detailed,МР Аскинский,МР Зилаирский,0.0,143
v5-20261009T121014Z-d833d0,node_subsample_detailed,МР Аскинский,МР Иглинский,0.0,121
v5-20261009T121014Z-d833d0,node_subsample_detailed,МР Аскинский,МР Илишевский,0.6062992125984252,127
v5-20261009T121014Z-d833d0,node_subsample_detailed,МР Аскинский,МР Ишимбайский,0.0,130
v5-20261009T121014Z-d833d0,node_subsample_detailed,МР Аскинский,МР Калтасинский,0.512,125
v5-20261009T121014Z-d833d0,node_subsample_detailed,МР Аскинский,МР Караидельский,0.9083969465648855,131
v5-20261009T121014Z-d833d0,node_subsample_detailed,МР Аскинский,МР Кармаскалинский,0.0,133
v5-20261009T121014Z-d833d0,node_subsample_detailed,МР Аскинский,МР Кигинский,0.04065040650406504,123
v5-20261009T121014Z-d833d0,node_subsample_detailed,МР Аскинский,МР Краснокамский,0.0,126
v5-20261009T121014Z-d833d0,node_subsample_detailed,МР Аскинский,МР Кугарчинский,0.15126050420168066,119
v5-20261009T121014Z-d833d0,node_subsample_detailed,МР Аскинский,МР Кушнаренковский,0.0,132
v5-20261009T121014Z-d833d0,node_subsample_detailed,МР Аскинский,МР Куюргазинский,0.15789473684210525,133
v5-20261009T121014Z-d833d0,node_subsample_detailed,МР Аскинский,МР Мелеузовский,0.0,129
v5-20261009T121014Z-d833d0,node_subsample_detailed,МР Аскинский,МР Мечетлинский,0.0,131
v5-20261009T121014Z-d833d0,node_subsample_detailed,МР Аскинский,МР Мишкинский,0.038461538461538464,130
v5-20261009T121014Z-d833d0,node_subsample_detailed,МР Аскинский,МР Миякинский,0.0,132
v5-20261009T121014Z-d833d0,node_subsample_detailed,МР Аскинский,МР Нуримановский,0.0,137
v5-20261009T121014Z-d833d0,node_subsample_detailed,МР Аскинский,МР Салаватский,0.18461538461538463,130
v5-20261009T121014Z-d833d0,node_subsample_detailed,МР Аскинский,МР Стерлибашевский,0.0,122
v5-20261009T121014Z-d833d0,node_subsample_detailed,МР Аскинский,МР Стерлитамакский,0.0,135
v5-20261009T121014Z-d833d0,node_subsample_detailed,МР Аскинский,МР Татышлинский,0.9696969696969697,132
v5-20261009T121014Z-d833d0,node_subsample_detailed,МР Аскинский,МР Туймазинский,0.0,134
v5-20261009T121014Z-d833d0,node_subsample_detailed,МР Аскинский,МР Уфимский,0.0,138
v5-20261009T121014Z-d833d0,node_subsample_detailed,МР Аскинский,МР Учалинский,0.0,119
v5-20261009T121014Z-d833d0,node_subsample_detailed,МР Аскинский,МР Федоровский,0.0,132
v5-20261009T121014Z-d833d0,node_subsample_detailed,МР Аскинский,МР Хайбуллинский,0.0,134
v5-20261009T121014Z-d833d0,node_subsample_detailed,МР Аскинский,МР Чекмагушевский,0.007518796992481203,133
v5-20261009T121014Z-d833d0,node_subsample_detailed,МР Аскинский,МР Чишминский,0.0,133
v5-20261009T121014Z-d833d0,node_subsample_detailed,МР Аскинский,МР Шаранский,0.0,127
v5-20261009T121014Z-d833d0,node_subsample_detailed,МР Аскинский,МР Янаульский,0.05303030303030303,132
v5-20261009T121014Z-d833d0,node_subsample_detailed,МР Аургазинский,МР Баймакский,0.0,130
v5-20261009T121014Z-d833d0,node_subsample_detailed,МР Аургазинский,МР Бакалинский,0.0,138
v5-20261009T121014Z-d833d0,node_subsample_detailed,МР Аургазинский,МР Балтачевский,0.008064516129032258,124
v5-20261009T121014Z-d833d0,node_subsample_detailed,МР Аургазинский,МР Белебеевский,0.0,122
v5-20261009T121014Z-d833d0,node_subsample_detailed,МР Аургазинский,МР Белокатайский,0.0,129
v5-20261009T121014Z-d833d0,node_subsample_detailed,МР Аургазинский,МР Белорецкий,0.0,128
v5-20261009T121014Z-d833d0,node_subsample_detailed,МР Аургазинский,МР Бижбулякский,0.2222222222222222,126
v5-20261009T121014Z-d833d0,node_subsample_detailed,МР Аургазинский,МР Бирский,0.008,125
v5-20261009T121014Z-d833d0,node_subsample_detailed,МР Аургазинский,МР Благоварский,0.038461538461538464,130
v5-20261009T121014Z-d833d0,node_subsample_detailed,МР Аургазинский,МР Благовещенский,0.0,131
v5-20261009T121014Z-d833d0,node_subsample_detailed,МР Аургазинский,МР Буздякский,0.024390243902439025,123
v5-20261009T121014Z-d833d0,node_subsample_detailed,МР Аургазинский,МР Бураевский,0.6434108527131783,129
v5-20261009T121014Z-d833d0,node_subsample_detailed,МР Аургазинский,МР Бурзянский,0.0,126
v5-20261009T121014Z-d833d0,node_subsample_detailed,МР Аургазинский,МР Гафурийский,0.140625,128
v5-20261009T121014Z-d833d0,node_subsample_detailed,МР Аургазинский,МР Давлекановский,0.015625,128
v5-20261009T121014Z-d833d0,node_subsample_detailed,МР Аургазинский,МР Дуванский,0.0,129
v5-20261009T121014Z-d833d0,node_subsample_detailed,МР Аургазинский,МР Дюртюлинский,0.014814814814814815,135
v5-20261009T121014Z-d833d0,node_subsample_detailed,МР Аургазинский,МР Ермекеевский,0.1487603305785124,121
v5-20261009T121014Z-d833d0,node_subsample_detailed,МР Аургазинский,МР Зианчуринский,0.0,130
v5-20261009T121014Z-d833d0,node_subsample_detailed,МР Аургазинский,МР Зилаирский,0.007462686567164179,134
v5-20261009T121014Z-d833d0,node_subsample_detailed,МР Аургазинский,МР Иглинский,0.0,119
v5-20261009T121014Z-d833d0,node_subsample_detailed,МР Аургазинский,МР Илишевский,0.0,131
v5-20261009T121014Z-d833d0,node_subsample_detailed,МР Аургазинский,МР Ишимбайский,0.00819672131147541,122
v5-20261009T121014Z-d833d0,node_subsample_detailed,МР Аургазинский,МР Калтасинский,0.4596774193548387,124
v5-20261009T121014Z-d833d0,node_subsample_detailed,МР Аургазинский,МР Караидельский,0.0546875,128
v5-20261009T121014Z-d833d0,node_subsample_detailed,МР Аургазинский,МР Кармаскалинский,0.015267175572519083,131
v5-20261009T121014Z-d833d0,node_subsample_detailed,МР Аургазинский,МР Кигинский,0.0,122
v5-20261009T121014Z-d833d0,node_subsample_detailed,МР Аургазинский,МР Краснокамский,0.184,125
v5-20261009T121014Z-d833d0,node_subsample_detailed,МР Аургазинский,МР Кугарчинский,0.01694915254237288,118
v5-20261009T121014Z-d833d0,node_subsample_detailed,МР Аургазинский,МР Кушнаренковский,0.183206106870229,131
v5-20261009T121014Z-d833d0,node_subsample_detailed,МР Аургазинский,МР Куюргазинский,0.03816793893129771,131
v5-20261009T121014Z-d833d0,node_subsample_detailed,МР Аургазинский,МР Мелеузовский,0.0,123
v5-20261009T121014Z-d833d0,node_subsample_detailed,МР Аургазинский,МР Мечетлинский,0.0,129
v5-20261009T121014Z-d833d0,node_subsample_detailed,МР Аургазинский,МР Мишкинский,0.015151515151515152,132
v5-20261009T121014Z-d833d0,node_subsample_detailed,МР Аургазинский,МР Миякинский,0.2890625,128
v5-20261009T121014Z-d833d0,node_subsample_detailed,МР Аургазинский,МР Нуримановский,0.037037037037037035,135
v5-20261009T121014Z-d833d0,node_subsample_detailed,МР Аургазинский,МР Салаватский,0.007936507936507936,126
v5-20261009T121014Z-d833d0,node_subsample_detailed,МР Аургазинский,МР Стерлибашевский,0.975609756097561,123
v5-20261009T121014Z-d833d0,node_subsample_detailed,МР Аургазинский,МР Стерлитамакский,0.029197080291970802,137
v5-20261009T121014Z-d833d0,node_subsample_detailed,МР Аургазинский,МР Татышлинский,0.0,128
v5-20261009T121014Z-d833d0,node_subsample_detailed,МР Аургазинский,МР Туймазинский,0.015037593984962405,133
v5-20261009T121014Z-d833d0,node_subsample_detailed,МР Аургазинский,МР Уфимский,0.0,134
v5-20261009T121014Z-d833d0,node_subsample_detailed,МР Аургазинский,МР Учалинский,0.0,121
v5-20261009T121014Z-d833d0,node_subsample_detailed,МР Аургазинский,МР Федоровский,0.3435114503816794,131
v5-20261009T121014Z-d833d0,node_subsample_detailed,МР Аургазинский,МР Хайбуллинский,0.007462686567164179,134
v5-20261009T121014Z-d833d0,node_subsample_detailed,МР Аургазинский,МР Чекмагушевский,0.5190839694656488,131
v5-20261009T121014Z-d833d0,node_subsample_detailed,МР Аургазинский,МР Чишминский,0.0,136
v5-20261009T121014Z-d833d0,node_subsample_detailed,МР Аургазинский,МР Шаранский,0.22764227642276422,123
v5-20261009T121014Z-d833d0,node_subsample_detailed,МР Аургазинский,МР Янаульский,0.022900763358778626,131
v5-20261009T121014Z-d833d0,node_subsample_detailed,МР Баймакский,МР Бакалинский,0.0,135
v5-20261009T121014Z-d833d0,node_subsample_detailed,МР Баймакский,МР Балтачевский,0.0,123
v5-20261009T121014Z-d833d0,node_subsample_detailed,МР Баймакский,МР Белебеевский,0.0,119
v5-20261009T121014Z-d833d0,node_subsample_detailed,МР Баймакский,МР Белокатайский,0.015503875968992248,129
v5-20261009T121014Z-d833d0,node_subsample_detailed,МР Баймакский,МР Белорецкий,0.05511811023622047,127
v5-20261009T121014Z-d833d0,node_subsample_detailed,МР Баймакский,МР Бижбулякский,0.0,127
v5-20261009T121014Z-d833d0,node_subsample_detailed,МР Баймакский,МР Бирский,0.0078125,128
v5-20261009T121014Z-d833d0,node_subsample_detailed,МР Баймакский,МР Благоварский,0.0,131
v5-20261009T121014Z-d833d0,node_subsample_detailed,МР Баймакский,МР Благовещенский,0.0,129
v5-20261009T121014Z-d833d0,node_subsample_detailed,МР Баймакский,МР Буздякский,0.0,126
v5-20261009T121014Z-d833d0,node_subsample_detailed,МР Баймакский,МР Бураевский,0.0,126
v5-20261009T121014Z-d833d0,node_subsample_detailed,МР Баймакский,МР Бурзянский,1.0,131
v5-20261009T121014Z-d833d0,node_subsample_detailed,МР Баймакский,МР Гафурийский,0.008064516129032258,124
v5-20261009T121014Z-d833d0,node_subsample_detailed,МР Баймакский,МР Давлекановский,0.008130081300813009,123
v5-20261009T121014Z-d833d0,node_subsample_detailed,МР Баймакский,МР Дуванский,0.06153846153846154,130
v5-20261009T121014Z-d833d0,node_subsample_detailed,МР Баймакский,МР Дюртюлинский,0.0,129
v5-20261009T121014Z-d833d0,node_subsample_detailed,МР Баймакский,МР Ермекеевский,0.03125,128
v5-20261009T121014Z-d833d0,node_subsample_detailed,МР Баймакский,МР Зианчуринский,0.03875968992248062,129
v5-20261009T121014Z-d833d0,node_subsample_detailed,МР Баймакский,МР Зилаирский,0.8759124087591241,137
v5-20261009T121014Z-d833d0,node_subsample_detailed,МР Баймакский,МР Иглинский,0.0,118
v5-20261009T121014Z-d833d0,node_subsample_detailed,МР Баймакский,МР Илишевский,0.0,126
v5-20261009T121014Z-d833d0,node_subsample_detailed,МР Баймакский,МР Ишимбайский,0.0,123
v5-20261009T121014Z-d833d0,node_subsample_detailed,МР Баймакский,МР Калтасинский,0.0,127
v5-20261009T121014Z-d833d0,node_subsample_detailed,МР Баймакский,МР Караидельский,0.0,131
v5-20261009T121014Z-d833d0,node_subsample_detailed,МР Баймакский,МР Кармаскалинский,0.0,131
v5-20261009T121014Z-d833d0,node_subsample_detailed,МР Баймакский,МР Кигинский,0.024193548387096774,124
v5-20261009T121014Z-d833d0,node_subsample_detailed,МР Баймакский,МР Краснокамский,0.0,124
v5-20261009T121014Z-d833d0,node_subsample_detailed,МР Баймакский,МР Кугарчинский,0.0,119
v5-20261009T121014Z-d833d0,node_subsample_detailed,МР Баймакский,МР Кушнаренковский,0.007751937984496124,129
v5-20261009T121014Z-d833d0,node_subsample_detailed,МР Баймакский,МР Куюргазинский,0.007751937984496124,129
v5-20261009T121014Z-d833d0,node_subsample_detailed,МР Баймакский,МР Мелеузовский,0.008264462809917356,121
v5-20261009T121014Z-d833d0,node_subsample_detailed,МР Баймакский,МР Мечетлинский,0.015873015873015872,126
v5-20261009T121014Z-d833d0,node_subsample_detailed,МР Баймакский,МР Мишкинский,0.015384615384615385,130
v5-20261009T121014Z-d833d0,node_subsample_detailed,МР Баймакский,МР Миякинский,0.0,127
v5-20261009T121014Z-d833d0,node_subsample_detailed,МР Баймакский,МР Нуримановский,0.007518796992481203,133
v5-20261009T121014Z-d833d0,node_subsample_detailed,МР Баймакский,МР Салаватский,0.4645669291338583,127
v5-20261009T121014Z-d833d0,node_subsample_detailed,МР Баймакский,МР Стерлибашевский,0.0,123
v5-20261009T121014Z-d833d0,node_subsample_detailed,МР Баймакский,МР Стерлитамакский,0.0,139
v5-20261009T121014Z-d833d0,node_subsample_detailed,МР Баймакский,МР Татышлинский,0.0,126
v5-20261009T121014Z-d833d0,node_subsample_detailed,МР Баймакский,МР Туймазинский,0.0,132
v5-20261009T121014Z-d833d0,node_subsample_detailed,МР Баймакский,МР Уфимский,0.0,134
v5-20261009T121014Z-d833d0,node_subsample_detailed,МР Баймакский,МР Учалинский,0.0,121
v5-20261009T121014Z-d833d0,node_subsample_detailed,МР Баймакский,МР Федоровский,0.0,132
v5-20261009T121014Z-d833d0,node_subsample_detailed,МР Баймакский,МР Хайбуллинский,0.9411764705882353,136
v5-20261009T121014Z-d833d0,node_subsample_detailed,МР Баймакский,МР Чекмагушевский,0.0,132
v5-20261009T121014Z-d833d0,node_subsample_detailed,МР Баймакский,МР Чишминский,0.0,133
v5-20261009T121014Z-d833d0,node_subsample_detailed,МР Баймакский,МР Шаранский,0.0,125
v5-20261009T121014Z-d833d0,node_subsample_detailed,МР Баймакский,МР Янаульский,0.0,127
v5-20261009T121014Z-d833d0,node_subsample_detailed,МР Бакалинский,МР Балтачевский,0.06870229007633588,131
v5-20261009T121014Z-d833d0,node_subsample_detailed,МР Бакалинский,МР Белебеевский,0.047244094488188976,127
v5-20261009T121014Z-d833d0,node_subsample_detailed,МР Бакалинский,МР Белокатайский,0.0,134
v5-20261009T121014Z-d833d0,node_subsample_detailed,МР Бакалинский,МР Белорецкий,0.0,136
v5-20261009T121014Z-d833d0,node_subsample_detailed,МР Бакалинский,МР Бижбулякский,0.25735294117647056,136
v5-20261009T121014Z-d833d0,node_subsample_detailed,МР Бакалинский,МР Бирский,0.0,134
v5-20261009T121014Z-d833d0,node_subsample_detailed,МР Бакалинский,МР Благоварский,0.19852941176470587,136
v5-20261009T121014Z-d833d0,node_subsample_detailed,МР Бакалинский,МР Благовещенский,0.0,138
v5-20261009T121014Z-d833d0,node_subsample_detailed,МР Бакалинский,МР Буздякский,0.5538461538461539,130
v5-20261009T121014Z-d833d0,node_subsample_detailed,МР Бакалинский,МР Бураевский,0.058823529411764705,136
v5-20261009T121014Z-d833d0,node_subsample_detailed,МР Бакалинский,МР Бурзянский,0.0,132
v5-20261009T121014Z-d833d0,node_subsample_detailed,МР Бакалинский,МР Гафурийский,0.014925373134328358,134
v5-20261009T121014Z-d833d0,node_subsample_detailed,МР Бакалинский,МР Давлекановский,0.5725190839694656,131
v5-20261009T121014Z-d833d0,node_subsample_detailed,МР Бакалинский,МР Дуванский,0.007246376811594203,138
v5-20261009T121014Z-d833d0,node_subsample_detailed,МР Бакалинский,МР Дюртюлинский,0.02857142857142857,140
v5-20261009T121014Z-d833d0,node_subsample_detailed,МР Бакалинский,МР Ермекеевский,0.38345864661654133,133
v5-20261009T121014Z-d833d0,node_subsample_detailed,МР Бакалинский,МР Зианчуринский,0.20437956204379562,137
v5-20261009T121014Z-d833d0,node_subsample_detailed,МР Бакалинский,МР Зилаирский,0.0,143
v5-20261009T121014Z-d833d0,node_subsample_detailed,МР Бакалинский,МР Иглинский,0.007751937984496124,129
v5-20261009T121014Z-d833d0,node_subsample_detailed,МР Бакалинский,МР Илишевский,0.11940298507462686,134
v5-20261009T121014Z-d833d0,node_subsample_detailed,МР Бакалинский,МР Ишимбайский,0.007575757575757576,132
v5-20261009T121014Z-d833d0,node_subsample_detailed,МР Бакалинский,МР Калтасинский,0.045112781954887216,133
v5-20261009T121014Z-d833d0,node_subsample_detailed,МР Бакалинский,МР Караидельский,0.0072992700729927005,137
v5-20261009T121014Z-d833d0,node_subsample_detailed,МР Бакалинский,МР Кармаскалинский,0.07142857142857142,140
v5-20261009T121014Z-d833d0,node_subsample_detailed,МР Бакалинский,МР Кигинский,0.0,134
v5-20261009T121014Z-d833d0,node_subsample_detailed,МР Бакалинский,МР Краснокамский,0.08270676691729323,133
v5-20261009T121014Z-d833d0,node_subsample_detailed,МР Бакалинский,МР Кугарчинский,0.01639344262295082,122
v5-20261009T121014Z-d833d0,node_subsample_detailed,МР Бакалинский,МР Кушнаренковский,0.5755395683453237,139
v5-20261009T121014Z-d833d0,node_subsample_detailed,МР Бакалинский,МР Куюргазинский,0.25,132
v5-20261009T121014Z-d833d0,node_subsample_detailed,МР Бакалинский,МР Мелеузовский,0.007575757575757576,132
v5-20261009T121014Z-d833d0,node_subsample_detailed,МР Бакалинский,МР Мечетлинский,0.007246376811594203,138
v5-20261009T121014Z-d833d0,node_subsample_detailed,МР Бакалинский,МР Мишкинский,0.3475177304964539,141
v5-20261009T121014Z-d833d0,node_subsample_detailed,МР Бакалинский,МР Миякинский,0.17293233082706766,133
v5-20261009T121014Z-d833d0,node_subsample_detailed,МР Бакалинский,МР Нуримановский,0.23357664233576642,137
v5-20261009T121014Z-d833d0,node_subsample_detailed,МР Бакалинский,МР Салаватский,0.05185185185185185,135
v5-20261009T121014Z-d833d0,node_subsample_detailed,МР Бакалинский,МР Стерлибашевский,0.06153846153846154,130
v5-20261009T121014Z-d833d0,node_subsample_detailed,МР Бакалинский,МР Стерлитамакский,0.0070921985815602835,141
v5-20261009T121014Z-d833d0,node_subsample_detailed,МР Бакалинский,МР Татышлинский,0.014598540145985401,137
v5-20261009T121014Z-d833d0,node_subsample_detailed,МР Бакалинский,МР Туймазинский,0.04285714285714286,140
v5-20261009T121014Z-d833d0,node_subsample_detailed,МР Бакалинский,МР Уфимский,0.0070921985815602835,141
v5-20261009T121014Z-d833d0,node_subsample_detailed,МР Бакалинский,МР Учалинский,0.0,126
v5-20261009T121014Z-d833d0,node_subsample_detailed,МР Бакалинский,МР Федоровский,0.28888888888888886,135
v5-20261009T121014Z-d833d0,node_subsample_detailed,МР Бакалинский,МР Хайбуллинский,0.0,144
v5-20261009T121014Z-d833d0,node_subsample_detailed,МР Бакалинский,МР Чекмагушевский,0.30714285714285716,140
v5-20261009T121014Z-d833d0,node_subsample_detailed,МР Бакалинский,МР Чишминский,0.021739130434782608,138
v5-20261009T121014Z-d833d0,node_subsample_detailed,МР Бакалинский,МР Шаранский,0.5190839694656488,131
v5-20261009T121014Z-d833d0,node_subsample_detailed,МР Бакалинский,МР Янаульский,0.007407407407407408,135
v5-20261009T121014Z-d833d0,node_subsample_detailed,МР Балтачевский,МР Белебеевский,0.0,114
v5-20261009T121014Z-d833d0,node_subsample_detailed,МР Балтачевский,МР Белокатайский,0.0,122
v5-20261009T121014Z-d833d0,node_subsample_detailed,МР Балтачевский,МР Белорецкий,0.0,120
v5-20261009T121014Z-d833d0,node_subsample_detailed,МР Балтачевский,МР Бижбулякский,0.10084033613445378,119
v5-20261009T121014Z-d833d0,node_subsample_detailed,МР Балтачевский,МР Бирский,0.0,124
v5-20261009T121014Z-d833d0,node_subsample_detailed,МР Балтачевский,МР Благоварский,0.01639344262295082,122
v5-20261009T121014Z-d833d0,node_subsample_detailed,МР Балтачевский,МР Благовещенский,0.0,131
v5-20261009T121014Z-d833d0,node_subsample_detailed,МР Балтачевский,МР Буздякский,0.11666666666666667,120
v5-20261009T121014Z-d833d0,node_subsample_detailed,МР Балтачевский,МР Бураевский,0.03225806451612903,124
v5-20261009T121014Z-d833d0,node_subsample_detailed,МР Балтачевский,МР Бурзянский,0.0,125
v5-20261009T121014Z-d833d0,node_subsample_detailed,МР Балтачевский,МР Гафурийский,0.08547008547008547,117
v5-20261009T121014Z-d833d0,node_subsample_detailed,МР Балтачевский,МР Давлекановский,0.024,125
v5-20261009T121014Z-d833d0,node_subsample_detailed,МР Балтачевский,МР Дуванский,0.0,123
v5-20261009T121014Z-d833d0,node_subsample_detailed,МР Балтачевский,МР Дюртюлинский,0.047244094488188976,127
v5-20261009T121014Z-d833d0,node_subsample_detailed,МР Балтачевский,МР Ермекеевский,0.07377049180327869,122
v5-20261009T121014Z-d833d0,node_subsample_detailed,МР Балтачевский,МР Зианчуринский,0.0,126
v5-20261009T121014Z-d833d0,node_subsample_detailed,МР Балтачевский,МР Зилаирский,0.0,131
v5-20261009T121014Z-d833d0,node_subsample_detailed,МР Балтачевский,МР Иглинский,0.0,112
v5-20261009T121014Z-d833d0,node_subsample_detailed,МР Балтачевский,МР Илишевский,0.6062992125984252,127
v5-20261009T121014Z-d833d0,node_subsample_detailed,МР Балтачевский,МР Ишимбайский,0.0,121
v5-20261009T121014Z-d833d0,node_subsample_detailed,МР Балтачевский,МР Калтасинский,0.3898305084745763,118
v5-20261009T121014Z-d833d0,node_subsample_detailed,МР Балтачевский,МР Караидельский,0.7619047619047619,126
v5-20261009T121014Z-d833d0,node_subsample_detailed,МР Балтачевский,МР Кармаскалинский,0.031007751937984496,129
v5-20261009T121014Z-d833d0,node_subsample_detailed,МР Балтачевский,МР Кигинский,0.025,120
v5-20261009T121014Z-d833d0,node_subsample_detailed,МР Балтачевский,МР Краснокамский,0.049586776859504134,121
v5-20261009T121014Z-d833d0,node_subsample_detailed,МР Балтачевский,МР Кугарчинский,0.19298245614035087,114
v5-20261009T121014Z-d833d0,node_subsample_detailed,МР Балтачевский,МР Кушнаренковский,0.016,125
v5-20261009T121014Z-d833d0,node_subsample_detailed,МР Балтачевский,МР Куюргазинский,0.09917355371900827,121
v5-20261009T121014Z-d833d0,node_subsample_detailed,МР Балтачевский,МР Мелеузовский,0.0,123
v5-20261009T121014Z-d833d0,node_subsample_detailed,МР Балтачевский,МР Мечетлинский,0.0,130
v5-20261009T121014Z-d833d0,node_subsample_detailed,МР Балтачевский,МР Мишкинский,0.08661417322834646,127
v5-20261009T121014Z-d833d0,node_subsample_detailed,МР Балтачевский,МР Миякинский,0.024193548387096774,124
v5-20261009T121014Z-d833d0,node_subsample_detailed,МР Балтачевский,МР Нуримановский,0.0,131
v5-20261009T121014Z-d833d0,node_subsample_detailed,МР Балтачевский,МР Салаватский,0.11290322580645161,124
v5-20261009T121014Z-d833d0,node_subsample_detailed,МР Балтачевский,МР Стерлибашевский,0.008695652173913044,115
v5-20261009T121014Z-d833d0,node_subsample_detailed,МР Балтачевский,МР Стерлитамакский,0.0,129
v5-20261009T121014Z-d833d0,node_subsample_detailed,МР Балтачевский,МР Татышлинский,0.8943089430894309,123
v5-20261009T121014Z-d833d0,node_subsample_detailed,МР Балтачевский,МР Туймазинский,0.0,129
v5-20261009T121014Z-d833d0,node_subsample_detailed,МР Балтачевский,МР Уфимский,0.0,128
v5-20261009T121014Z-d833d0,node_subsample_detailed,МР Балтачевский,МР Учалинский,0.008695652173913044,115
v5-20261009T121014Z-d833d0,node_subsample_detailed,МР Балтачевский,МР Федоровский,0.0234375,128
v5-20261009T121014Z-d833d0,node_subsample_detailed,МР Балтачевский,МР Хайбуллинский,0.0,129
v5-20261009T121014Z-d833d0,node_subsample_detailed,МР Балтачевский,МР Чекмагушевский,0.0078125,128
v5-20261009T121014Z-d833d0,node_subsample_detailed,МР Балтачевский,МР Чишминский,0.0,131
v5-20261009T121014Z-d833d0,node_subsample_detailed,МР Балтачевский,МР Шаранский,0.00847457627118644,118
v5-20261009T121014Z-d833d0,node_subsample_detailed,МР Балтачевский,МР Янаульский,0.09448818897637795,127
v5-20261009T121014Z-d833d0,node_subsample_detailed,МР Белебеевский,МР Белокатайский,0.0,124
v5-20261009T121014Z-d833d0,node_subsample_detailed,МР Белебеевский,МР Белорецкий,0.0,124
v5-20261009T121014Z-d833d0,node_subsample_detailed,МР Белебеевский,МР Бижбулякский,0.04838709677419355,124
v5-20261009T121014Z-d833d0,node_subsample_detailed,МР Белебеевский,МР Бирский,0.0,120
v5-20261009T121014Z-d833d0,node_subsample_detailed,МР Белебеевский,МР Благоварский,0.0,129
v5-20261009T121014Z-d833d0,node_subsample_detailed,МР Белебеевский,МР Благовещенский,0.0,123
v5-20261009T121014Z-d833d0,node_subsample_detailed,МР Белебеевский,МР Буздякский,0.03333333333333333,120
v5-20261009T121014Z-d833d0,node_subsample_detailed,МР Белебеевский,МР Бураевский,0.0,124
v5-20261009T121014Z-d833d0,node_subsample_detailed,МР Белебеевский,МР Бурзянский,0.0,119
v5-20261009T121014Z-d833d0,node_subsample_detailed,МР Белебеевский,МР Гафурийский,0.0,124
v5-20261009T121014Z-d833d0,node_subsample_detailed,МР Белебеевский,МР Давлекановский,0.025210084033613446,119
v5-20261009T121014Z-d833d0,node_subsample_detailed,МР Белебеевский,МР Дуванский,0.0,124
v5-20261009T121014Z-d833d0,node_subsample_detailed,МР Белебеевский,МР Дюртюлинский,0.14393939393939395,132
v5-20261009T121014Z-d833d0,node_subsample_detailed,МР Белебеевский,МР Ермекеевский,0.07563025210084033,119
v5-20261009T121014Z-d833d0,node_subsample_detailed,МР Белебеевский,МР Зианчуринский,0.007936507936507936,126
v5-20261009T121014Z-d833d0,node_subsample_detailed,МР Белебеевский,МР Зилаирский,0.0,132
v5-20261009T121014Z-d833d0,node_subsample_detailed,МР Белебеевский,МР Иглинский,0.0,119
v5-20261009T121014Z-d833d0,node_subsample_detailed,МР Белебеевский,МР Илишевский,0.0,121
v5-20261009T121014Z-d833d0,node_subsample_detailed,МР Белебеевский,МР Ишимбайский,0.819672131147541,122
v5-20261009T121014Z-d833d0,node_subsample_detailed,МР Белебеевский,МР Калтасинский,0.0,120
v5-20261009T121014Z-d833d0,node_subsample_detailed,МР Белебеевский,МР Караидельский,0.0,123
v5-20261009T121014Z-d833d0,node_subsample_detailed,МР Белебеевский,МР Кармаскалинский,0.0,124
v5-20261009T121014Z-d833d0,node_subsample_detailed,МР Белебеевский,МР Кигинский,0.0,113
v5-20261009T121014Z-d833d0,node_subsample_detailed,МР Белебеевский,МР Краснокамский,0.0,122
v5-20261009T121014Z-d833d0,node_subsample_detailed,МР Белебеевский,МР Кугарчинский,0.0,117
v5-20261009T121014Z-d833d0,node_subsample_detailed,МР Белебеевский,МР Кушнаренковский,0.016,125
v5-20261009T121014Z-d833d0,node_subsample_detailed,МР Белебеевский,МР Куюргазинский,0.007874015748031496,127
v5-20261009T121014Z-d833d0,node_subsample_detailed,МР Белебеевский,МР Мелеузовский,0.6747967479674797,123
v5-20261009T121014Z-d833d0,node_subsample_detailed,МР Белебеевский,МР Мечетлинский,0.0,125
v5-20261009T121014Z-d833d0,node_subsample_detailed,МР Белебеевский,МР Мишкинский,0.0,127
v5-20261009T121014Z-d833d0,node_subsample_detailed,МР Белебеевский,МР Миякинский,0.01639344262295082,122
v5-20261009T121014Z-d833d0,node_subsample_detailed,МР Белебеевский,МР Нуримановский,0.0,128
v5-20261009T121014Z-d833d0,node_subsample_detailed,МР Белебеевский,МР Салаватский,0.0,122
v5-20261009T121014Z-d833d0,node_subsample_detailed,МР Белебеевский,МР Стерлибашевский,0.0,117
v5-20261009T121014Z-d833d0,node_subsample_detailed,МР Белебеевский,МР Стерлитамакский,0.2692307692307692,130
v5-20261009T121014Z-d833d0,node_subsample_detailed,МР Белебеевский,МР Татышлинский,0.0,124
v5-20261009T121014Z-d833d0,node_subsample_detailed,МР Белебеевский,МР Туймазинский,0.4883720930232558,129
v5-20261009T121014Z-d833d0,node_subsample_detailed,МР Белебеевский,МР Уфимский,0.007633587786259542,131
v5-20261009T121014Z-d833d0,node_subsample_detailed,МР Белебеевский,МР Учалинский,0.19658119658119658,117
v5-20261009T121014Z-d833d0,node_subsample_detailed,МР Белебеевский,МР Федоровский,0.056,125
v5-20261009T121014Z-d833d0,node_subsample_detailed,МР Белебеевский,МР Хайбуллинский,0.0,128
v5-20261009T121014Z-d833d0,node_subsample_detailed,МР Белебеевский,МР Чекмагушевский,0.0,127
v5-20261009T121014Z-d833d0,node_subsample_detailed,МР Белебеевский,МР Чишминский,0.0,124
v5-20261009T121014Z-d833d0,node_subsample_detailed,МР Белебеевский,МР Шаранский,0.008771929824561403,114
v5-20261009T121014Z-d833d0,node_subsample_detailed,МР Белебеевский,МР Янаульский,0.023622047244094488,127
v5-20261009T121014Z-d833d0,node_subsample_detailed,МР Белокатайский,МР Белорецкий,0.0,128
v5-20261009T121014Z-d833d0,node_subsample_detailed,МР Белокатайский,МР Бижбулякский,0.0,127
v5-20261009T121014Z-d833d0,node_subsample_detailed,МР Белокатайский,МР Бирский,0.0,132
v5-20261009T121014Z-d833d0,node_subsample_detailed,МР Белокатайский,МР Благоварский,0.007575757575757576,132
v5-20261009T121014Z-d833d0,node_subsample_detailed,МР Белокатайский,МР Благовещенский,0.0,135
v5-20261009T121014Z-d833d0,node_subsample_detailed,МР Белокатайский,МР Буздякский,0.0,127
v5-20261009T121014Z-d833d0,node_subsample_detailed,МР Белокатайский,МР Бураевский,0.0,132
v5-20261009T121014Z-d833d0,node_subsample_detailed,МР Белокатайский,МР Бурзянский,0.0,126
v5-20261009T121014Z-d833d0,node_subsample_detailed,МР Белокатайский,МР Гафурийский,0.19083969465648856,131
v5-20261009T121014Z-d833d0,node_subsample_detailed,МР Белокатайский,МР Давлекановский,0.032520325203252036,123
v5-20261009T121014Z-d833d0,node_subsample_detailed,МР Белокатайский,МР Дуванский,1.0,128
v5-20261009T121014Z-d833d0,node_subsample_detailed,МР Белокатайский,МР Дюртюлинский,0.0,135
v5-20261009T121014Z-d833d0,node_subsample_detailed,МР Белокатайский,МР Ермекеевский,0.007751937984496124,129
v5-20261009T121014Z-d833d0,node_subsample_detailed,МР Белокатайский,МР Зианчуринский,0.7218045112781954,133
v5-20261009T121014Z-d833d0,node_subsample_detailed,МР Белокатайский,МР Зилаирский,0.007407407407407408,135
v5-20261009T121014Z-d833d0,node_subsample_detailed,МР Белокатайский,МР Иглинский,0.0,120
v5-20261009T121014Z-d833d0,node_subsample_detailed,МР Белокатайский,МР Илишевский,0.0,127
v5-20261009T121014Z-d833d0,node_subsample_detailed,МР Белокатайский,МР Ишимбайский,0.0,129
v5-20261009T121014Z-d833d0,node_subsample_detailed,МР Белокатайский,МР Калтасинский,0.016129032258064516,124
v5-20261009T121014Z-d833d0,node_subsample_detailed,МР Белокатайский,МР Караидельский,0.0078125,128
v5-20261009T121014Z-d833d0,node_subsample_detailed,МР Белокатайский,МР Кармаскалинский,0.015625,128
v5-20261009T121014Z-d833d0,node_subsample_detailed,МР Белокатайский,МР Кигинский,0.991869918699187,123
v5-20261009T121014Z-d833d0,node_subsample_detailed,МР Белокатайский,МР Краснокамский,0.0,126
v5-20261009T121014Z-d833d0,node_subsample_detailed,МР Белокатайский,МР Кугарчинский,0.8442622950819673,122
v5-20261009T121014Z-d833d0,node_subsample_detailed,МР Белокатайский,МР Кушнаренковский,0.0,132
v5-20261009T121014Z-d833d0,node_subsample_detailed,МР Белокатайский,МР Куюргазинский,0.2,130
v5-20261009T121014Z-d833d0,node_subsample_detailed,МР Белокатайский,МР Мелеузовский,0.0,122
v5-20261009T121014Z-d833d0,node_subsample_detailed,МР Белокатайский,МР Мечетлинский,1.0,127
v5-20261009T121014Z-d833d0,node_subsample_detailed,МР Белокатайский,МР Мишкинский,0.0,130
v5-20261009T121014Z-d833d0,node_subsample_detailed,МР Белокатайский,МР Миякинский,0.16923076923076924,130
v5-20261009T121014Z-d833d0,node_subsample_detailed,МР Белокатайский,МР Нуримановский,0.0,137
v5-20261009T121014Z-d833d0,node_subsample_detailed,МР Белокатайский,МР Салаватский,0.008,125
v5-20261009T121014Z-d833d0,node_subsample_detailed,МР Белокатайский,МР Стерлибашевский,0.0,123
v5-20261009T121014Z-d833d0,node_subsample_detailed,МР Белокатайский,МР Стерлитамакский,0.0,134
v5-20261009T121014Z-d833d0,node_subsample_detailed,МР Белокатайский,МР Татышлинский,0.0078125,128
v5-20261009T121014Z-d833d0,node_subsample_detailed,МР Белокатайский,МР Туймазинский,0.0,134
v5-20261009T121014Z-d833d0,node_subsample_detailed,МР Белокатайский,МР Уфимский,0.0,133
v5-20261009T121014Z-d833d0,node_subsample_detailed,МР Белокатайский,МР Учалинский,0.0,123
v5-20261009T121014Z-d833d0,node_subsample_detailed,МР Белокатайский,МР Федоровский,0.13846153846153847,130
v5-20261009T121014Z-d833d0,node_subsample_detailed,МР Белокатайский,МР Хайбуллинский,0.014705882352941176,136
v5-20261009T121014Z-d833d0,node_subsample_detailed,МР Белокатайский,МР Чекмагушевский,0.0,131
v5-20261009T121014Z-d833d0,node_subsample_detailed,МР Белокатайский,МР Чишминский,0.0,131
v5-20261009T121014Z-d833d0,node_subsample_detailed,МР Белокатайский,МР Шаранский,0.0,123
v5-20261009T121014Z-d833d0,node_subsample_detailed,МР Белокатайский,МР Янаульский,0.0,126
v5-20261009T121014Z-d833d0,node_subsample_detailed,МР Белорецкий,МР Бижбулякский,0.0,126
v5-20261009T121014Z-d833d0,node_subsample_detailed,МР Белорецкий,МР Бирский,0.6201550387596899,129
v5-20261009T121014Z-d833d0,node_subsample_detailed,МР Белорецкий,МР Благоварский,0.0234375,128
v5-20261009T121014Z-d833d0,node_subsample_detailed,МР Белорецкий,МР Благовещенский,0.6818181818181818,132
v5-20261009T121014Z-d833d0,node_subsample_detailed,МР Белорецкий,МР Буздякский,0.03278688524590164,122
v5-20261009T121014Z-d833d0,node_subsample_detailed,МР Белорецкий,МР Бураевский,0.007751937984496124,129
v5-20261009T121014Z-d833d0,node_subsample_detailed,МР Белорецкий,МР Бурзянский,0.07086614173228346,127
v5-20261009T121014Z-d833d0,node_subsample_detailed,МР Белорецкий,МР Гафурийский,0.023622047244094488,127
v5-20261009T121014Z-d833d0,node_subsample_detailed,МР Белорецкий,МР Давлекановский,0.0,126
v5-20261009T121014Z-d833d0,node_subsample_detailed,МР Белорецкий,МР Дуванский,0.015267175572519083,131
v5-20261009T121014Z-d833d0,node_subsample_detailed,МР Белорецкий,МР Дюртюлинский,0.31297709923664124,131
v5-20261009T121014Z-d833d0,node_subsample_detailed,МР Белорецкий,МР Ермекеевский,0.0,124
v5-20261009T121014Z-d833d0,node_subsample_detailed,МР Белорецкий,МР Зианчуринский,0.015384615384615385,130
v5-20261009T121014Z-d833d0,node_subsample_detailed,МР Белорецкий,МР Зилаирский,0.18518518518518517,135
v5-20261009T121014Z-d833d0,node_subsample_detailed,МР Белорецкий,МР Иглинский,0.45081967213114754,122
v5-20261009T121014Z-d833d0,node_subsample_detailed,МР Белорецкий,МР Илишевский,0.03968253968253968,126
v5-20261009T121014Z-d833d0,node_subsample_detailed,МР Белорецкий,МР Ишимбайский,0.08,125
v5-20261009T121014Z-d833d0,node_subsample_detailed,МР Белорецкий,МР Калтасинский,0.0,125
v5-20261009T121014Z-d833d0,node_subsample_detailed,МР Белорецкий,МР Караидельский,0.0,130
v5-20261009T121014Z-d833d0,node_subsample_detailed,МР Белорецкий,МР Кармаскалинский,0.25190839694656486,131
v5-20261009T121014Z-d833d0,node_subsample_detailed,МР Белорецкий,МР Кигинский,0.008,125
v5-20261009T121014Z-d833d0,node_subsample_detailed,МР Белорецкий,МР Краснокамский,0.031746031746031744,126
v5-20261009T121014Z-d833d0,node_subsample_detailed,МР Белорецкий,МР Кугарчинский,0.00819672131147541,122
v5-20261009T121014Z-d833d0,node_subsample_detailed,МР Белорецкий,МР Кушнаренковский,0.015037593984962405,133
v5-20261009T121014Z-d833d0,node_subsample_detailed,МР Белорецкий,МР Куюргазинский,0.046511627906976744,129
v5-20261009T121014Z-d833d0,node_subsample_detailed,МР Белорецкий,МР Мелеузовский,0.136,125
v5-20261009T121014Z-d833d0,node_subsample_detailed,МР Белорецкий,МР Мечетлинский,0.023622047244094488,127
v5-20261009T121014Z-d833d0,node_subsample_detailed,МР Белорецкий,МР Мишкинский,0.0,132
v5-20261009T121014Z-d833d0,node_subsample_detailed,МР Белорецкий,МР Миякинский,0.016260162601626018,123
v5-20261009T121014Z-d833d0,node_subsample_detailed,МР Белорецкий,МР Нуримановский,0.015151515151515152,132
v5-20261009T121014Z-d833d0,node_subsample_detailed,МР Белорецкий,МР Салаватский,0.07874015748031496,127
v5-20261009T121014Z-d833d0,node_subsample_detailed,МР Белорецкий,МР Стерлибашевский,0.0,122
v5-20261009T121014Z-d833d0,node_subsample_detailed,МР Белорецкий,МР Стерлитамакский,0.12878787878787878,132
v5-20261009T121014Z-d833d0,node_subsample_detailed,МР Белорецкий,МР Татышлинский,0.0,128
v5-20261009T121014Z-d833d0,node_subsample_detailed,МР Белорецкий,МР Туймазинский,0.21052631578947367,133
v5-20261009T121014Z-d833d0,node_subsample_detailed,МР Белорецкий,МР Уфимский,0.37404580152671757,131
v5-20261009T121014Z-d833d0,node_subsample_detailed,МР Белорецкий,МР Учалинский,0.33613445378151263,119
v5-20261009T121014Z-d833d0,node_subsample_detailed,МР Белорецкий,МР Федоровский,0.0546875,128
v5-20261009T121014Z-d833d0,node_subsample_detailed,МР Белорецкий,МР Хайбуллинский,0.14925373134328357,134
v5-20261009T121014Z-d833d0,node_subsample_detailed,МР Белорецкий,МР Чекмагушевский,0.0,129
v5-20261009T121014Z-d833d0,node_subsample_detailed,МР Белорецкий,МР Чишминский,0.674074074074074,135
v5-20261009T121014Z-d833d0,node_subsample_detailed,МР Белорецкий,МР Шаранский,0.0,121
v5-20261009T121014Z-d833d0,node_subsample_detailed,МР Белорецкий,МР Янаульский,0.1590909090909091,132
v5-20261009T121014Z-d833d0,node_subsample_detailed,МР Бижбулякский,МР Бирский,0.0,127
v5-20261009T121014Z-d833d0,node_subsample_detailed,МР Бижбулякский,МР Благоварский,0.21875,128
v5-20261009T121014Z-d833d0,node_subsample_detailed,МР Бижбулякский,МР Благовещенский,0.0,130
v5-20261009T121014Z-d833d0,node_subsample_detailed,МР Бижбулякский,МР Буздякский,0.2975206611570248,121
v5-20261009T121014Z-d833d0,node_subsample_detailed,МР Бижбулякский,МР Бураевский,0.5703125,128
v5-20261009T121014Z-d833d0,node_subsample_detailed,МР Бижбулякский,МР Бурзянский,0.0,124
v5-20261009T121014Z-d833d0,node_subsample_detailed,МР Бижбулякский,МР Гафурийский,0.1349206349206349,126
v5-20261009T121014Z-d833d0,node_subsample_detailed,МР Бижбулякский,МР Давлекановский,0.112,125
v5-20261009T121014Z-d833d0,node_subsample_detailed,МР Бижбулякский,МР Дуванский,0.007575757575757576,132
v5-20261009T121014Z-d833d0,node_subsample_detailed,МР Бижбулякский,МР Дюртюлинский,0.045454545454545456,132
v5-20261009T121014Z-d833d0,node_subsample_detailed,МР Бижбулякский,МР Ермекеевский,0.696,125
v5-20261009T121014Z-d833d0,node_subsample_detailed,МР Бижбулякский,МР Зианчуринский,0.015873015873015872,126
v5-20261009T121014Z-d833d0,node_subsample_detailed,МР Бижбулякский,МР Зилаирский,0.0,134
v5-20261009T121014Z-d833d0,node_subsample_detailed,МР Бижбулякский,МР Иглинский,0.008130081300813009,123
v5-20261009T121014Z-d833d0,node_subsample_detailed,МР Бижбулякский,МР Илишевский,0.0390625,128
v5-20261009T121014Z-d833d0,node_subsample_detailed,МР Бижбулякский,МР Ишимбайский,0.016260162601626018,123
v5-20261009T121014Z-d833d0,node_subsample_detailed,МР Бижбулякский,МР Калтасинский,0.05555555555555555,126
v5-20261009T121014Z-d833d0,node_subsample_detailed,МР Бижбулякский,МР Караидельский,0.022727272727272728,132
v5-20261009T121014Z-d833d0,node_subsample_detailed,МР Бижбулякский,МР Кармаскалинский,0.19696969696969696,132
v5-20261009T121014Z-d833d0,node_subsample_detailed,МР Бижбулякский,МР Кигинский,0.0,122
v5-20261009T121014Z-d833d0,node_subsample_detailed,МР Бижбулякский,МР Краснокамский,0.6363636363636364,121
v5-20261009T121014Z-d833d0,node_subsample_detailed,МР Бижбулякский,МР Кугарчинский,0.0,116
v5-20261009T121014Z-d833d0,node_subsample_detailed,МР Бижбулякский,МР Кушнаренковский,0.125,128
v5-20261009T121014Z-d833d0,node_subsample_detailed,МР Бижбулякский,МР Куюргазинский,0.12307692307692308,130
v5-20261009T121014Z-d833d0,node_subsample_detailed,МР Бижбулякский,МР Мелеузовский,0.023809523809523808,126
v5-20261009T121014Z-d833d0,node_subsample_detailed,МР Бижбулякский,МР Мечетлинский,0.0,129
v5-20261009T121014Z-d833d0,node_subsample_detailed,МР Бижбулякский,МР Мишкинский,0.09090909090909091,132
v5-20261009T121014Z-d833d0,node_subsample_detailed,МР Бижбулякский,МР Миякинский,0.6428571428571429,126
v5-20261009T121014Z-d833d0,node_subsample_detailed,МР Бижбулякский,МР Нуримановский,0.030303030303030304,132
v5-20261009T121014Z-d833d0,node_subsample_detailed,МР Бижбулякский,МР Салаватский,0.0,129
v5-20261009T121014Z-d833d0,node_subsample_detailed,МР Бижбулякский,МР Стерлибашевский,0.2440944881889764,127
v5-20261009T121014Z-d833d0,node_subsample_detailed,МР Бижбулякский,МР Стерлитамакский,0.023076923076923078,130
v5-20261009T121014Z-d833d0,node_subsample_detailed,МР Бижбулякский,МР Татышлинский,0.007936507936507936,126
v5-20261009T121014Z-d833d0,node_subsample_detailed,МР Бижбулякский,МР Туймазинский,0.015151515151515152,132
v5-20261009T121014Z-d833d0,node_subsample_detailed,МР Бижбулякский,МР Уфимский,0.022222222222222223,135
v5-20261009T121014Z-d833d0,node_subsample_detailed,МР Бижбулякский,МР Учалинский,0.0,122
v5-20261009T121014Z-d833d0,node_subsample_detailed,МР Бижбулякский,МР Федоровский,0.1796875,128
v5-20261009T121014Z-d833d0,node_subsample_detailed,МР Бижбулякский,МР Хайбуллинский,0.0,134
v5-20261009T121014Z-d833d0,node_subsample_detailed,МР Бижбулякский,МР Чекмагушевский,0.061068702290076333,131
v5-20261009T121014Z-d833d0,node_subsample_detailed,МР Бижбулякский,МР Чишминский,0.007575757575757576,132
v5-20261009T121014Z-d833d0,node_subsample_detailed,МР Бижбулякский,МР Шаранский,0.07627118644067797,118
v5-20261009T121014Z-d833d0,node_subsample_detailed,МР Бижбулякский,МР Янаульский,0.12598425196850394,127
v5-20261009T121014Z-d833d0,node_subsample_detailed,МР Бирский,МР Благоварский,0.022727272727272728,132
v5-20261009T121014Z-d833d0,node_subsample_detailed,МР Бирский,МР Благовещенский,0.924812030075188,133
v5-20261009T121014Z-d833d0,node_subsample_detailed,МР Бирский,МР Буздякский,0.0078125,128
v5-20261009T121014Z-d833d0,node_subsample_detailed,МР Бирский,МР Бураевский,0.0,130
v5-20261009T121014Z-d833d0,node_subsample_detailed,МР Бирский,МР Бурзянский,0.0,128
v5-20261009T121014Z-d833d0,node_subsample_detailed,МР Бирский,МР Гафурийский,0.007692307692307693,130
v5-20261009T121014Z-d833d0,node_subsample_detailed,МР Бирский,МР Давлекановский,0.0,127
v5-20261009T121014Z-d833d0,node_subsample_detailed,МР Бирский,МР Дуванский,0.0,133
v5-20261009T121014Z-d833d0,node_subsample_detailed,МР Бирский,МР Дюртюлинский,0.03759398496240601,133
v5-20261009T121014Z-d833d0,node_subsample_detailed,МР Бирский,МР Ермекеевский,0.0,125
v5-20261009T121014Z-d833d0,node_subsample_detailed,МР Бирский,МР Зианчуринский,0.0,131
v5-20261009T121014Z-d833d0,node_subsample_detailed,МР Бирский,МР Зилаирский,0.05223880597014925,134
v5-20261009T121014Z-d833d0,node_subsample_detailed,МР Бирский,МР Иглинский,0.8760330578512396,121
v5-20261009T121014Z-d833d0,node_subsample_detailed,МР Бирский,МР Илишевский,0.0,127
v5-20261009T121014Z-d833d0,node_subsample_detailed,МР Бирский,МР Ишимбайский,0.0,129
v5-20261009T121014Z-d833d0,node_subsample_detailed,МР Бирский,МР Калтасинский,0.0,122
v5-20261009T121014Z-d833d0,node_subsample_detailed,МР Бирский,МР Караидельский,0.0,127
v5-20261009T121014Z-d833d0,node_subsample_detailed,МР Бирский,МР Кармаскалинский,0.21705426356589147,129
v5-20261009T121014Z-d833d0,node_subsample_detailed,МР Бирский,МР Кигинский,0.0,125
v5-20261009T121014Z-d833d0,node_subsample_detailed,МР Бирский,МР Краснокамский,0.0,126
v5-20261009T121014Z-d833d0,node_subsample_detailed,МР Бирский,МР Кугарчинский,0.0,120
v5-20261009T121014Z-d833d0,node_subsample_detailed,МР Бирский,МР Кушнаренковский,0.0,129
v5-20261009T121014Z-d833d0,node_subsample_detailed,МР Бирский,МР Куюргазинский,0.023255813953488372,129
v5-20261009T121014Z-d833d0,node_subsample_detailed,МР Бирский,МР Мелеузовский,0.088,125
v5-20261009T121014Z-d833d0,node_subsample_detailed,МР Бирский,МР Мечетлинский,0.0,127
v5-20261009T121014Z-d833d0,node_subsample_detailed,МР Бирский,МР Мишкинский,0.0,135
v5-20261009T121014Z-d833d0,node_subsample_detailed,МР Бирский,МР Миякинский,0.0,127
v5-20261009T121014Z-d833d0,node_subsample_detailed,МР Бирский,МР Нуримановский,0.014925373134328358,134
v5-20261009T121014Z-d833d0,node_subsample_detailed,МР Бирский,МР Салаватский,0.007936507936507936,126
v5-20261009T121014Z-d833d0,node_subsample_detailed,МР Бирский,МР Стерлибашевский,0.0,125
v5-20261009T121014Z-d833d0,node_subsample_detailed,МР Бирский,МР Стерлитамакский,0.49624060150375937,133
v5-20261009T121014Z-d833d0,node_subsample_detailed,МР Бирский,МР Татышлинский,0.0,129
v5-20261009T121014Z-d833d0,node_subsample_detailed,МР Бирский,МР Туймазинский,0.08955223880597014,134
v5-20261009T121014Z-d833d0,node_subsample_detailed,МР Бирский,МР Уфимский,0.7883211678832117,137
v5-20261009T121014Z-d833d0,node_subsample_detailed,МР Бирский,МР Учалинский,0.112,125
v5-20261009T121014Z-d833d0,node_subsample_detailed,МР Бирский,МР Федоровский,0.015267175572519083,131
v5-20261009T121014Z-d833d0,node_subsample_detailed,МР Бирский,МР Хайбуллинский,0.022727272727272728,132
v5-20261009T121014Z-d833d0,node_subsample_detailed,МР Бирский,МР Чекмагушевский,0.0,132
v5-20261009T121014Z-d833d0,node_subsample_detailed,МР Бирский,МР Чишминский,0.6742424242424242,132
v5-20261009T121014Z-d833d0,node_subsample_detailed,МР Бирский,МР Шаранский,0.0,123
v5-20261009T121014Z-d833d0,node_subsample_detailed,МР Бирский,МР Янаульский,0.0,130
v5-20261009T121014Z-d833d0,node_subsample_detailed,МР Благоварский,МР Благовещенский,0.05970149253731343,134
v5-20261009T121014Z-d833d0,node_subsample_detailed,МР Благоварский,МР Буздякский,0.34108527131782945,129
v5-20261009T121014Z-d833d0,node_subsample_detailed,МР Благоварский,МР Бураевский,0.12307692307692308,130
v5-20261009T121014Z-d833d0,node_subsample_detailed,МР Благоварский,МР Бурзянский,0.007692307692307693,130
v5-20261009T121014Z-d833d0,node_subsample_detailed,МР Благоварский,МР Гафурийский,0.5074626865671642,134
v5-20261009T121014Z-d833d0,node_subsample_detailed,МР Благоварский,МР Давлекановский,0.015748031496062992,127
v5-20261009T121014Z-d833d0,node_subsample_detailed,МР Благоварский,МР Дуванский,0.007518796992481203,133
v5-20261009T121014Z-d833d0,node_subsample_detailed,МР Благоварский,МР Дюртюлинский,0.044444444444444446,135
v5-20261009T121014Z-d833d0,node_subsample_detailed,МР Благоварский,МР Ермекеевский,0.078125,128
v5-20261009T121014Z-d833d0,node_subsample_detailed,МР Благоварский,МР Зианчуринский,0.022388059701492536,134
v5-20261009T121014Z-d833d0,node_subsample_detailed,МР Благоварский,МР Зилаирский,0.007194244604316547,139
v5-20261009T121014Z-d833d0,node_subsample_detailed,МР Благоварский,МР Иглинский,0.08,125
v5-20261009T121014Z-d833d0,node_subsample_detailed,МР Благоварский,МР Илишевский,0.05384615384615385,130
v5-20261009T121014Z-d833d0,node_subsample_detailed,МР Благоварский,МР Ишимбайский,0.0,129
v5-20261009T121014Z-d833d0,node_subsample_detailed,МР Благоварский,МР Калтасинский,0.0,126
v5-20261009T121014Z-d833d0,node_subsample_detailed,МР Благоварский,МР Караидельский,0.007462686567164179,134
v5-20261009T121014Z-d833d0,node_subsample_detailed,МР Благоварский,МР Кармаскалинский,0.42962962962962964,135
v5-20261009T121014Z-d833d0,node_subsample_detailed,МР Благоварский,МР Кигинский,0.008,125
v5-20261009T121014Z-d833d0,node_subsample_detailed,МР Благоварский,МР Краснокамский,0.13709677419354838,124
v5-20261009T121014Z-d833d0,node_subsample_detailed,МР Благоварский,МР Кугарчинский,0.007936507936507936,126
v5-20261009T121014Z-d833d0,node_subsample_detailed,МР Благоварский,МР Кушнаренковский,0.125,128
v5-20261009T121014Z-d833d0,node_subsample_detailed,МР Благоварский,МР Куюргазинский,0.029850746268656716,134
v5-20261009T121014Z-d833d0,node_subsample_detailed,МР Благоварский,МР Мелеузовский,0.031496062992125984,127
v5-20261009T121014Z-d833d0,node_subsample_detailed,МР Благоварский,МР Мечетлинский,0.007518796992481203,133
v5-20261009T121014Z-d833d0,node_subsample_detailed,МР Благоварский,МР Мишкинский,0.5766423357664233,137
v5-20261009T121014Z-d833d0,node_subsample_detailed,МР Благоварский,МР Миякинский,0.10526315789473684,133
v5-20261009T121014Z-d833d0,node_subsample_detailed,МР Благоварский,МР Нуримановский,0.7611940298507462,134
v5-20261009T121014Z-d833d0,node_subsample_detailed,МР Благоварский,МР Салаватский,0.1875,128
v5-20261009T121014Z-d833d0,node_subsample_detailed,МР Благоварский,МР Стерлибашевский,0.007936507936507936,126
v5-20261009T121014Z-d833d0,node_subsample_detailed,МР Благоварский,МР Стерлитамакский,0.02142857142857143,140
v5-20261009T121014Z-d833d0,node_subsample_detailed,МР Благоварский,МР Татышлинский,0.022900763358778626,131
v5-20261009T121014Z-d833d0,node_subsample_detailed,МР Благоварский,МР Туймазинский,0.028985507246376812,138
v5-20261009T121014Z-d833d0,node_subsample_detailed,МР Благоварский,МР Уфимский,0.04964539007092199,141
v5-20261009T121014Z-d833d0,node_subsample_detailed,МР Благоварский,МР Учалинский,0.031496062992125984,127
v5-20261009T121014Z-d833d0,node_subsample_detailed,МР Благоварский,МР Федоровский,0.03787878787878788,132
v5-20261009T121014Z-d833d0,node_subsample_detailed,МР Благоварский,МР Хайбуллинский,0.0,134
v5-20261009T121014Z-d833d0,node_subsample_detailed,МР Благоварский,МР Чекмагушевский,0.007518796992481203,133
v5-20261009T121014Z-d833d0,node_subsample_detailed,МР Благоварский,МР Чишминский,0.11029411764705882,136
v5-20261009T121014Z-d833d0,node_subsample_detailed,МР Благоварский,МР Шаранский,0.01639344262295082,122
v5-20261009T121014Z-d833d0,node_subsample_detailed,МР Благоварский,МР Янаульский,0.04477611940298507,134
v5-20261009T121014Z-d833d0,node_subsample_detailed,МР Благовещенский,МР Буздякский,0.007936507936507936,126
v5-20261009T121014Z-d833d0,node_subsample_detailed,МР Благовещенский,МР Бураевский,0.0,131
v5-20261009T121014Z-d833d0,node_subsample_detailed,МР Благовещенский,МР Бурзянский,0.0,131
v5-20261009T121014Z-d833d0,node_subsample_detailed,МР Благовещенский,МР Гафурийский,0.007575757575757576,132
v5-20261009T121014Z-d833d0,node_subsample_detailed,МР Благовещенский,МР Давлекановский,0.007575757575757576,132
v5-20261009T121014Z-d833d0,node_subsample_detailed,МР Благовещенский,МР Дуванский,0.0,133
v5-20261009T121014Z-d833d0,node_subsample_detailed,МР Благовещенский,МР Дюртюлинский,0.05925925925925926,135
v5-20261009T121014Z-d833d0,node_subsample_detailed,МР Благовещенский,МР Ермекеевский,0.0,129
v5-20261009T121014Z-d833d0,node_subsample_detailed,МР Благовещенский,МР Зианчуринский,0.0,128
v5-20261009T121014Z-d833d0,node_subsample_detailed,МР Благовещенский,МР Зилаирский,0.02142857142857143,140
v5-20261009T121014Z-d833d0,node_subsample_detailed,МР Благовещенский,МР Иглинский,0.9586776859504132,121
v5-20261009T121014Z-d833d0,node_subsample_detailed,МР Благовещенский,МР Илишевский,0.0,133
v5-20261009T121014Z-d833d0,node_subsample_detailed,МР Благовещенский,МР Ишимбайский,0.0,126
v5-20261009T121014Z-d833d0,node_subsample_detailed,МР Благовещенский,МР Калтасинский,0.0,127
v5-20261009T121014Z-d833d0,node_subsample_detailed,МР Благовещенский,МР Караидельский,0.0,134
v5-20261009T121014Z-d833d0,node_subsample_detailed,МР Благовещенский,МР Кармаскалинский,0.3409090909090909,132
v5-20261009T121014Z-d833d0,node_subsample_detailed,МР Благовещенский,МР Кигинский,0.0,127
v5-20261009T121014Z-d833d0,node_subsample_detailed,МР Благовещенский,МР Краснокамский,0.0,124
v5-20261009T121014Z-d833d0,node_subsample_detailed,МР Благовещенский,МР Кугарчинский,0.0,122
v5-20261009T121014Z-d833d0,node_subsample_detailed,МР Благовещенский,МР Кушнаренковский,0.007462686567164179,134
v5-20261009T121014Z-d833d0,node_subsample_detailed,МР Благовещенский,МР Куюргазинский,0.03759398496240601,133
v5-20261009T121014Z-d833d0,node_subsample_detailed,МР Благовещенский,МР Мелеузовский,0.0,131
v5-20261009T121014Z-d833d0,node_subsample_detailed,МР Благовещенский,МР Мечетлинский,0.0,132
v5-20261009T121014Z-d833d0,node_subsample_detailed,МР Благовещенский,МР Мишкинский,0.015037593984962405,133
v5-20261009T121014Z-d833d0,node_subsample_detailed,МР Благовещенский,МР Миякинский,0.0,130
v5-20261009T121014Z-d833d0,node_subsample_detailed,МР Благовещенский,МР Нуримановский,0.06521739130434782,138
v5-20261009T121014Z-d833d0,node_subsample_detailed,МР Благовещенский,МР Салаватский,0.0,132
v5-20261009T121014Z-d833d0,node_subsample_detailed,МР Благовещенский,МР Стерлибашевский,0.0,124
v5-20261009T121014Z-d833d0,node_subsample_detailed,МР Благовещенский,МР Стерлитамакский,0.41304347826086957,138
v5-20261009T121014Z-d833d0,node_subsample_detailed,МР Благовещенский,МР Татышлинский,0.0,128
v5-20261009T121014Z-d833d0,node_subsample_detailed,МР Благовещенский,МР Туймазинский,0.014598540145985401,137
v5-20261009T121014Z-d833d0,node_subsample_detailed,МР Благовещенский,МР Уфимский,0.7898550724637681,138
v5-20261009T121014Z-d833d0,node_subsample_detailed,МР Благовещенский,МР Учалинский,0.024193548387096774,124
v5-20261009T121014Z-d833d0,node_subsample_detailed,МР Благовещенский,МР Федоровский,0.022556390977443608,133
v5-20261009T121014Z-d833d0,node_subsample_detailed,МР Благовещенский,МР Хайбуллинский,0.0,134
v5-20261009T121014Z-d833d0,node_subsample_detailed,МР Благовещенский,МР Чекмагушевский,0.0,136
v5-20261009T121014Z-d833d0,node_subsample_detailed,МР Благовещенский,МР Чишминский,0.8059701492537313,134
v5-20261009T121014Z-d833d0,node_subsample_detailed,МР Благовещенский,МР Шаранский,0.0,125
v5-20261009T121014Z-d833d0,node_subsample_detailed,МР Благовещенский,МР Янаульский,0.0,132
v5-20261009T121014Z-d833d0,node_subsample_detailed,МР Буздякский,МР Бураевский,0.13114754098360656,122
v5-20261009T121014Z-d833d0,node_subsample_detailed,МР Буздякский,МР Бурзянский,0.007936507936507936,126
v5-20261009T121014Z-d833d0,node_subsample_detailed,МР Буздякский,МР Гафурийский,0.15447154471544716,123
v5-20261009T121014Z-d833d0,node_subsample_detailed,МР Буздякский,МР Давлекановский,0.3387096774193548,124
v5-20261009T121014Z-d833d0,node_subsample_detailed,МР Буздякский,МР Дуванский,0.0,126
v5-20261009T121014Z-d833d0,node_subsample_detailed,МР Буздякский,МР Дюртюлинский,0.12698412698412698,126
v5-20261009T121014Z-d833d0,node_subsample_detailed,МР Буздякский,МР Ермекеевский,0.23577235772357724,123
v5-20261009T121014Z-d833d0,node_subsample_detailed,МР Буздякский,МР Зианчуринский,0.07086614173228346,127
v5-20261009T121014Z-d833d0,node_subsample_detailed,МР Буздякский,МР Зилаирский,0.0078125,128
v5-20261009T121014Z-d833d0,node_subsample_detailed,МР Буздякский,МР Иглинский,0.008620689655172414,116
v5-20261009T121014Z-d833d0,node_subsample_detailed,МР Буздякский,МР Илишевский,0.25,120
v5-20261009T121014Z-d833d0,node_subsample_detailed,МР Буздякский,МР Ишимбайский,0.0,118
v5-20261009T121014Z-d833d0,node_subsample_detailed,МР Буздякский,МР Калтасинский,0.00819672131147541,122
v5-20261009T121014Z-d833d0,node_subsample_detailed,МР Буздякский,МР Караидельский,0.007936507936507936,126
v5-20261009T121014Z-d833d0,node_subsample_detailed,МР Буздякский,МР Кармаскалинский,0.23622047244094488,127
v5-20261009T121014Z-d833d0,node_subsample_detailed,МР Буздякский,МР Кигинский,0.00819672131147541,122
v5-20261009T121014Z-d833d0,node_subsample_detailed,МР Буздякский,МР Краснокамский,0.09243697478991597,119
v5-20261009T121014Z-d833d0,node_subsample_detailed,МР Буздякский,МР Кугарчинский,0.0,116
v5-20261009T121014Z-d833d0,node_subsample_detailed,МР Буздякский,МР Кушнаренковский,0.456,125
v5-20261009T121014Z-d833d0,node_subsample_detailed,МР Буздякский,МР Куюргазинский,0.10569105691056911,123
v5-20261009T121014Z-d833d0,node_subsample_detailed,МР Буздякский,МР Мелеузовский,0.03389830508474576,118
v5-20261009T121014Z-d833d0,node_subsample_detailed,МР Буздякский,МР Мечетлинский,0.0,125
v5-20261009T121014Z-d833d0,node_subsample_detailed,МР Буздякский,МР Мишкинский,0.3053435114503817,131
v5-20261009T121014Z-d833d0,node_subsample_detailed,МР Буздякский,МР Миякинский,0.07317073170731707,123
v5-20261009T121014Z-d833d0,node_subsample_detailed,МР Буздякский,МР Нуримановский,0.19083969465648856,131
v5-20261009T121014Z-d833d0,node_subsample_detailed,МР Буздякский,МР Салаватский,0.058333333333333334,120
v5-20261009T121014Z-d833d0,node_subsample_detailed,МР Буздякский,МР Стерлибашевский,0.07563025210084033,119
v5-20261009T121014Z-d833d0,node_subsample_detailed,МР Буздякский,МР Стерлитамакский,0.022556390977443608,133
v5-20261009T121014Z-d833d0,node_subsample_detailed,МР Буздякский,МР Татышлинский,0.0234375,128
v5-20261009T121014Z-d833d0,node_subsample_detailed,МР Буздякский,МР Туймазинский,0.1484375,128
v5-20261009T121014Z-d833d0,node_subsample_detailed,МР Буздякский,МР Уфимский,0.03125,128
v5-20261009T121014Z-d833d0,node_subsample_detailed,МР Буздякский,МР Учалинский,0.06956521739130435,115
v5-20261009T121014Z-d833d0,node_subsample_detailed,МР Буздякский,МР Федоровский,0.2755905511811024,127
v5-20261009T121014Z-d833d0,node_subsample_detailed,МР Буздякский,МР Хайбуллинский,0.0,128
v5-20261009T121014Z-d833d0,node_subsample_detailed,МР Буздякский,МР Чекмагушевский,0.1640625,128
v5-20261009T121014Z-d833d0,node_subsample_detailed,МР Буздякский,МР Чишминский,0.0234375,128
v5-20261009T121014Z-d833d0,node_subsample_detailed,МР Буздякский,МР Шаранский,0.4322033898305085,118
v5-20261009T121014Z-d833d0,node_subsample_detailed,МР Буздякский,МР Янаульский,0.11382113821138211,123
v5-20261009T121014Z-d833d0,node_subsample_detailed,МР Бураевский,МР Бурзянский,0.0,130
v5-20261009T121014Z-d833d0,node_subsample_detailed,МР Бураевский,МР Гафурийский,0.2076923076923077,130
v5-20261009T121014Z-d833d0,node_subsample_detailed,МР Бураевский,МР Давлекановский,0.007936507936507936,126
v5-20261009T121014Z-d833d0,node_subsample_detailed,МР Бураевский,МР Дуванский,0.0,129
v5-20261009T121014Z-d833d0,node_subsample_detailed,МР Бураевский,МР Дюртюлинский,0.022556390977443608,133
v5-20261009T121014Z-d833d0,node_subsample_detailed,МР Бураевский,МР Ермекеевский,0.34959349593495936,123
v5-20261009T121014Z-d833d0,node_subsample_detailed,МР Бураевский,МР Зианчуринский,0.0,131
v5-20261009T121014Z-d833d0,node_subsample_detailed,МР Бураевский,МР Зилаирский,0.0,136
v5-20261009T121014Z-d833d0,node_subsample_detailed,МР Бураевский,МР Иглинский,0.0,118
v5-20261009T121014Z-d833d0,node_subsample_detailed,МР Бураевский,МР Илишевский,0.0,124
v5-20261009T121014Z-d833d0,node_subsample_detailed,МР Бураевский,МР Ишимбайский,0.0,121
v5-20261009T121014Z-d833d0,node_subsample_detailed,МР Бураевский,МР Калтасинский,0.14173228346456693,127
v5-20261009T121014Z-d833d0,node_subsample_detailed,МР Бураевский,МР Караидельский,0.032,125
v5-20261009T121014Z-d833d0,node_subsample_detailed,МР Бураевский,МР Кармаскалинский,0.06201550387596899,129
v5-20261009T121014Z-d833d0,node_subsample_detailed,МР Бураевский,МР Кигинский,0.0,118
v5-20261009T121014Z-d833d0,node_subsample_detailed,МР Бураевский,МР Краснокамский,0.608,125
v5-20261009T121014Z-d833d0,node_subsample_detailed,МР Бураевский,МР Кугарчинский,0.0,116
v5-20261009T121014Z-d833d0,node_subsample_detailed,МР Бураевский,МР Кушнаренковский,0.09022556390977443,133
v5-20261009T121014Z-d833d0,node_subsample_detailed,МР Бураевский,МР Куюргазинский,0.046153846153846156,130
v5-20261009T121014Z-d833d0,node_subsample_detailed,МР Бураевский,МР Мелеузовский,0.008,125
v5-20261009T121014Z-d833d0,node_subsample_detailed,МР Бураевский,МР Мечетлинский,0.0,128
v5-20261009T121014Z-d833d0,node_subsample_detailed,МР Бураевский,МР Мишкинский,0.015267175572519083,131
v5-20261009T121014Z-d833d0,node_subsample_detailed,МР Бураевский,МР Миякинский,0.48031496062992124,127
v5-20261009T121014Z-d833d0,node_subsample_detailed,МР Бураевский,МР Нуримановский,0.06766917293233082,133
v5-20261009T121014Z-d833d0,node_subsample_detailed,МР Бураевский,МР Салаватский,0.015384615384615385,130
v5-20261009T121014Z-d833d0,node_subsample_detailed,МР Бураевский,МР Стерлибашевский,0.5833333333333334,120
v5-20261009T121014Z-d833d0,node_subsample_detailed,МР Бураевский,МР Стерлитамакский,0.021897810218978103,137
v5-20261009T121014Z-d833d0,node_subsample_detailed,МР Бураевский,МР Татышлинский,0.0,126
v5-20261009T121014Z-d833d0,node_subsample_detailed,МР Бураевский,МР Туймазинский,0.0,135
v5-20261009T121014Z-d833d0,node_subsample_detailed,МР Бураевский,МР Уфимский,0.0,132
v5-20261009T121014Z-d833d0,node_subsample_detailed,МР Бураевский,МР Учалинский,0.016260162601626018,123
v5-20261009T121014Z-d833d0,node_subsample_detailed,МР Бураевский,МР Федоровский,0.25757575757575757,132
v5-20261009T121014Z-d833d0,node_subsample_detailed,МР Бураевский,МР Хайбуллинский,0.0,135
v5-20261009T121014Z-d833d0,node_subsample_detailed,МР Бураевский,МР Чекмагушевский,0.2076923076923077,130
v5-20261009T121014Z-d833d0,node_subsample_detailed,МР Бураевский,МР Чишминский,0.015151515151515152,132
v5-20261009T121014Z-d833d0,node_subsample_detailed,МР Бураевский,МР Шаранский,0.0743801652892562,121
v5-20261009T121014Z-d833d0,node_subsample_detailed,МР Бураевский,МР Янаульский,0.14615384615384616,130
v5-20261009T121014Z-d833d0,node_subsample_detailed,МР Бурзянский,МР Гафурийский,0.0078125,128
v5-20261009T121014Z-d833d0,node_subsample_detailed,МР Бурзянский,МР Давлекановский,0.0,129
v5-20261009T121014Z-d833d0,node_subsample_detailed,МР Бурзянский,МР Дуванский,0.015873015873015872,126
v5-20261009T121014Z-d833d0,node_subsample_detailed,МР Бурзянский,МР Дюртюлинский,0.0,128
v5-20261009T121014Z-d833d0,node_subsample_detailed,МР Бурзянский,МР Ермекеевский,0.022556390977443608,133
v5-20261009T121014Z-d833d0,node_subsample_detailed,МР Бурзянский,МР Зианчуринский,0.03816793893129771,131
v5-20261009T121014Z-d833d0,node_subsample_detailed,МР Бурзянский,МР Зилаирский,0.9022556390977443,133
v5-20261009T121014Z-d833d0,node_subsample_detailed,МР Бурзянский,МР Иглинский,0.0,118
v5-20261009T121014Z-d833d0,node_subsample_detailed,МР Бурзянский,МР Илишевский,0.0,129
v5-20261009T121014Z-d833d0,node_subsample_detailed,МР Бурзянский,МР Ишимбайский,0.0,124
v5-20261009T121014Z-d833d0,node_subsample_detailed,МР Бурзянский,МР Калтасинский,0.0,122
v5-20261009T121014Z-d833d0,node_subsample_detailed,МР Бурзянский,МР Караидельский,0.0,128
v5-20261009T121014Z-d833d0,node_subsample_detailed,МР Бурзянский,МР Кармаскалинский,0.0,131
v5-20261009T121014Z-d833d0,node_subsample_detailed,МР Бурзянский,МР Кигинский,0.0,120
v5-20261009T121014Z-d833d0,node_subsample_detailed,МР Бурзянский,МР Краснокамский,0.0,124
v5-20261009T121014Z-d833d0,node_subsample_detailed,МР Бурзянский,МР Кугарчинский,0.0,116
v5-20261009T121014Z-d833d0,node_subsample_detailed,МР Бурзянский,МР Кушнаренковский,0.007633587786259542,131
v5-20261009T121014Z-d833d0,node_subsample_detailed,МР Бурзянский,МР Куюргазинский,0.007575757575757576,132
v5-20261009T121014Z-d833d0,node_subsample_detailed,МР Бурзянский,МР Мелеузовский,0.0,124
v5-20261009T121014Z-d833d0,node_subsample_detailed,МР Бурзянский,МР Мечетлинский,0.0,131
v5-20261009T121014Z-d833d0,node_subsample_detailed,МР Бурзянский,МР Мишкинский,0.023076923076923078,130
v5-20261009T121014Z-d833d0,node_subsample_detailed,МР Бурзянский,МР Миякинский,0.0,133
v5-20261009T121014Z-d833d0,node_subsample_detailed,МР Бурзянский,МР Нуримановский,0.0,136
v5-20261009T121014Z-d833d0,node_subsample_detailed,МР Бурзянский,МР Салаватский,0.49606299212598426,127
v5-20261009T121014Z-d833d0,node_subsample_detailed,МР Бурзянский,МР Стерлибашевский,0.0,120
v5-20261009T121014Z-d833d0,node_subsample_detailed,МР Бурзянский,МР Стерлитамакский,0.0,138
v5-20261009T121014Z-d833d0,node_subsample_detailed,МР Бурзянский,МР Татышлинский,0.007518796992481203,133
v5-20261009T121014Z-d833d0,node_subsample_detailed,МР Бурзянский,МР Туймазинский,0.0,133
v5-20261009T121014Z-d833d0,node_subsample_detailed,МР Бурзянский,МР Уфимский,0.0,136
v5-20261009T121014Z-d833d0,node_subsample_detailed,МР Бурзянский,МР Учалинский,0.025210084033613446,119
v5-20261009T121014Z-d833d0,node_subsample_detailed,МР Бурзянский,МР Федоровский,0.0,134
v5-20261009T121014Z-d833d0,node_subsample_detailed,МР Бурзянский,МР Хайбуллинский,0.9609375,128
v5-20261009T121014Z-d833d0,node_subsample_detailed,МР Бурзянский,МР Чекмагушевский,0.0,133
v5-20261009T121014Z-d833d0,node_subsample_detailed,МР Бурзянский,МР Чишминский,0.0,136
v5-20261009T121014Z-d833d0,node_subsample_detailed,МР Бурзянский,МР Шаранский,0.0,121
v5-20261009T121014Z-d833d0,node_subsample_detailed,МР Бурзянский,МР Янаульский,0.0,127
v5-20261009T121014Z-d833d0,node_subsample_detailed,МР Гафурийский,МР Давлекановский,0.064,125
v5-20261009T121014Z-d833d0,node_subsample_detailed,МР Гафурийский,МР Дуванский,0.15625,128
v5-20261009T121014Z-d833d0,node_subsample_detailed,МР Гафурийский,МР Дюртюлинский,0.029411764705882353,136
v5-20261009T121014Z-d833d0,node_subsample_detailed,МР Гафурийский,МР Ермекеевский,0.007936507936507936,126
v5-20261009T121014Z-d833d0,node_subsample_detailed,МР Гафурийский,МР Зианчуринский,0.13076923076923078,130
v5-20261009T121014Z-d833d0,node_subsample_detailed,МР Гафурийский,МР Зилаирский,0.0,134
v5-20261009T121014Z-d833d0,node_subsample_detailed,МР Гафурийский,МР Иглинский,0.00847457627118644,118
v5-20261009T121014Z-d833d0,node_subsample_detailed,МР Гафурийский,МР Илишевский,0.07142857142857142,126
v5-20261009T121014Z-d833d0,node_subsample_detailed,МР Гафурийский,МР Ишимбайский,0.0,123
v5-20261009T121014Z-d833d0,node_subsample_detailed,МР Гафурийский,МР Калтасинский,0.032520325203252036,123
v5-20261009T121014Z-d833d0,node_subsample_detailed,МР Гафурийский,МР Караидельский,0.022900763358778626,131
v5-20261009T121014Z-d833d0,node_subsample_detailed,МР Гафурийский,МР Кармаскалинский,0.2578125,128
v5-20261009T121014Z-d833d0,node_subsample_detailed,МР Гафурийский,МР Кигинский,0.19672131147540983,122
v5-20261009T121014Z-d833d0,node_subsample_detailed,МР Гафурийский,МР Краснокамский,0.13934426229508196,122
v5-20261009T121014Z-d833d0,node_subsample_detailed,МР Гафурийский,МР Кугарчинский,0.21551724137931033,116
v5-20261009T121014Z-d833d0,node_subsample_detailed,МР Гафурийский,МР Кушнаренковский,0.1015625,128
v5-20261009T121014Z-d833d0,node_subsample_detailed,МР Гафурийский,МР Куюргазинский,0.10687022900763359,131
v5-20261009T121014Z-d833d0,node_subsample_detailed,МР Гафурийский,МР Мелеузовский,0.016129032258064516,124
v5-20261009T121014Z-d833d0,node_subsample_detailed,МР Гафурийский,МР Мечетлинский,0.2204724409448819,127
v5-20261009T121014Z-d833d0,node_subsample_detailed,МР Гафурийский,МР Мишкинский,0.22900763358778625,131
v5-20261009T121014Z-d833d0,node_subsample_detailed,МР Гафурийский,МР Миякинский,0.048,125
v5-20261009T121014Z-d833d0,node_subsample_detailed,МР Гафурийский,МР Нуримановский,0.3712121212121212,132
v5-20261009T121014Z-d833d0,node_subsample_detailed,МР Гафурийский,МР Салаватский,0.2032520325203252,123
v5-20261009T121014Z-d833d0,node_subsample_detailed,МР Гафурийский,МР Стерлибашевский,0.02459016393442623,122
v5-20261009T121014Z-d833d0,node_subsample_detailed,МР Гафурийский,МР Стерлитамакский,0.014492753623188406,138
v5-20261009T121014Z-d833d0,node_subsample_detailed,МР Гафурийский,МР Татышлинский,0.20155038759689922,129
v5-20261009T121014Z-d833d0,node_subsample_detailed,МР Гафурийский,МР Туймазинский,0.0,130
v5-20261009T121014Z-d833d0,node_subsample_detailed,МР Гафурийский,МР Уфимский,0.014925373134328358,134
v5-20261009T121014Z-d833d0,node_subsample_detailed,МР Гафурийский,МР Учалинский,0.01639344262295082,122
v5-20261009T121014Z-d833d0,node_subsample_detailed,МР Гафурийский,МР Федоровский,0.17557251908396945,131
v5-20261009T121014Z-d833d0,node_subsample_detailed,МР Гафурийский,МР Хайбуллинский,0.0,131
v5-20261009T121014Z-d833d0,node_subsample_detailed,МР Гафурийский,МР Чекмагушевский,0.05384615384615385,130
v5-20261009T121014Z-d833d0,node_subsample_detailed,МР Гафурийский,МР Чишминский,0.03076923076923077,130
v5-20261009T121014Z-d833d0,node_subsample_detailed,МР Гафурийский,МР Шаранский,0.042735042735042736,117
v5-20261009T121014Z-d833d0,node_subsample_detailed,МР Гафурийский,МР Янаульский,0.1015625,128
v5-20261009T121014Z-d833d0,node_subsample_detailed,МР Давлекановский,МР Дуванский,0.046511627906976744,129
v5-20261009T121014Z-d833d0,node_subsample_detailed,МР Давлекановский,МР Дюртюлинский,0.023622047244094488,127
v5-20261009T121014Z-d833d0,node_subsample_detailed,МР Давлекановский,МР Ермекеевский,0.344,125
v5-20261009T121014Z-d833d0,node_subsample_detailed,МР Давлекановский,МР Зианчуринский,0.3023255813953488,129
v5-20261009T121014Z-d833d0,node_subsample_detailed,МР Давлекановский,МР Зилаирский,0.015037593984962405,133
v5-20261009T121014Z-d833d0,node_subsample_detailed,МР Давлекановский,МР Иглинский,0.008333333333333333,120
v5-20261009T121014Z-d833d0,node_subsample_detailed,МР Давлекановский,МР Илишевский,0.031496062992125984,127
v5-20261009T121014Z-d833d0,node_subsample_detailed,МР Давлекановский,МР Ишимбайский,0.0,120
v5-20261009T121014Z-d833d0,node_subsample_detailed,МР Давлекановский,МР Калтасинский,0.07142857142857142,126
v5-20261009T121014Z-d833d0,node_subsample_detailed,МР Давлекановский,МР Караидельский,0.06299212598425197,127
v5-20261009T121014Z-d833d0,node_subsample_detailed,МР Давлекановский,МР Кармаскалинский,0.0390625,128
v5-20261009T121014Z-d833d0,node_subsample_detailed,МР Давлекановский,МР Кигинский,0.047619047619047616,126
v5-20261009T121014Z-d833d0,node_subsample_detailed,МР Давлекановский,МР Краснокамский,0.024,125
v5-20261009T121014Z-d833d0,node_subsample_detailed,МР Давлекановский,МР Кугарчинский,0.06140350877192982,114
v5-20261009T121014Z-d833d0,node_subsample_detailed,МР Давлекановский,МР Кушнаренковский,0.6106870229007634,131
v5-20261009T121014Z-d833d0,node_subsample_detailed,МР Давлекановский,МР Куюргазинский,0.42063492063492064,126
v5-20261009T121014Z-d833d0,node_subsample_detailed,МР Давлекановский,МР Мелеузовский,0.0,126
v5-20261009T121014Z-d833d0,node_subsample_detailed,МР Давлекановский,МР Мечетлинский,0.046511627906976744,129
v5-20261009T121014Z-d833d0,node_subsample_detailed,МР Давлекановский,МР Мишкинский,0.13636363636363635,132
v5-20261009T121014Z-d833d0,node_subsample_detailed,МР Давлекановский,МР Миякинский,0.136,125
v5-20261009T121014Z-d833d0,node_subsample_detailed,МР Давлекановский,МР Нуримановский,0.046153846153846156,130
v5-20261009T121014Z-d833d0,node_subsample_detailed,МР Давлекановский,МР Салаватский,0.06451612903225806,124
v5-20261009T121014Z-d833d0,node_subsample_detailed,МР Давлекановский,МР Стерлибашевский,0.07563025210084033,119
v5-20261009T121014Z-d833d0,node_subsample_detailed,МР Давлекановский,МР Стерлитамакский,0.0,134
v5-20261009T121014Z-d833d0,node_subsample_detailed,МР Давлекановский,МР Татышлинский,0.03076923076923077,130
v5-20261009T121014Z-d833d0,node_subsample_detailed,МР Давлекановский,МР Туймазинский,0.0,131
v5-20261009T121014Z-d833d0,node_subsample_detailed,МР Давлекановский,МР Уфимский,0.0,134
v5-20261009T121014Z-d833d0,node_subsample_detailed,МР Давлекановский,МР Учалинский,0.008547008547008548,117
v5-20261009T121014Z-d833d0,node_subsample_detailed,МР Давлекановский,МР Федоровский,0.3358208955223881,134
v5-20261009T121014Z-d833d0,node_subsample_detailed,МР Давлекановский,МР Хайбуллинский,0.0078125,128
v5-20261009T121014Z-d833d0,node_subsample_detailed,МР Давлекановский,МР Чекмагушевский,0.5984251968503937,127
v5-20261009T121014Z-d833d0,node_subsample_detailed,МР Давлекановский,МР Чишминский,0.030303030303030304,132
v5-20261009T121014Z-d833d0,node_subsample_detailed,МР Давлекановский,МР Шаранский,0.7288135593220338,118
v5-20261009T121014Z-d833d0,node_subsample_detailed,МР Давлекановский,МР Янаульский,0.007751937984496124,129
v5-20261009T121014Z-d833d0,node_subsample_detailed,МР Дуванский,МР Дюртюлинский,0.0,130
v5-20261009T121014Z-d833d0,node_subsample_detailed,МР Дуванский,МР Ермекеевский,0.007936507936507936,126
v5-20261009T121014Z-d833d0,node_subsample_detailed,МР Дуванский,МР Зианчуринский,0.7272727272727273,132
v5-20261009T121014Z-d833d0,node_subsample_detailed,МР Дуванский,МР Зилаирский,0.02142857142857143,140
v5-20261009T121014Z-d833d0,node_subsample_detailed,МР Дуванский,МР Иглинский,0.0,123
v5-20261009T121014Z-d833d0,node_subsample_detailed,МР Дуванский,МР Илишевский,0.0,129
v5-20261009T121014Z-d833d0,node_subsample_detailed,МР Дуванский,МР Ишимбайский,0.0,126
v5-20261009T121014Z-d833d0,node_subsample_detailed,МР Дуванский,МР Калтасинский,0.023809523809523808,126
v5-20261009T121014Z-d833d0,node_subsample_detailed,МР Дуванский,МР Караидельский,0.028985507246376812,138
v5-20261009T121014Z-d833d0,node_subsample_detailed,МР Дуванский,МР Кармаскалинский,0.021897810218978103,137
v5-20261009T121014Z-d833d0,node_subsample_detailed,МР Дуванский,МР Кигинский,0.9606299212598425,127
v5-20261009T121014Z-d833d0,node_subsample_detailed,МР Дуванский,МР Краснокамский,0.016,125
v5-20261009T121014Z-d833d0,node_subsample_detailed,МР Дуванский,МР Кугарчинский,0.775,120
v5-20261009T121014Z-d833d0,node_subsample_detailed,МР Дуванский,МР Кушнаренковский,0.0,128
v5-20261009T121014Z-d833d0,node_subsample_detailed,МР Дуванский,МР Куюргазинский,0.16296296296296298,135
v5-20261009T121014Z-d833d0,node_subsample_detailed,МР Дуванский,МР Мелеузовский,0.0,127
v5-20261009T121014Z-d833d0,node_subsample_detailed,МР Дуванский,МР Мечетлинский,0.9618320610687023,131
v5-20261009T121014Z-d833d0,node_subsample_detailed,МР Дуванский,МР Мишкинский,0.0,133
v5-20261009T121014Z-d833d0,node_subsample_detailed,МР Дуванский,МР Миякинский,0.13178294573643412,129
v5-20261009T121014Z-d833d0,node_subsample_detailed,МР Дуванский,МР Нуримановский,0.0,137
v5-20261009T121014Z-d833d0,node_subsample_detailed,МР Дуванский,МР Салаватский,0.015625,128
v5-20261009T121014Z-d833d0,node_subsample_detailed,МР Дуванский,МР Стерлибашевский,0.0,125
v5-20261009T121014Z-d833d0,node_subsample_detailed,МР Дуванский,МР Стерлитамакский,0.0,137
v5-20261009T121014Z-d833d0,node_subsample_detailed,МР Дуванский,МР Татышлинский,0.0,134
v5-20261009T121014Z-d833d0,node_subsample_detailed,МР Дуванский,МР Туймазинский,0.0,134
v5-20261009T121014Z-d833d0,node_subsample_detailed,МР Дуванский,МР Уфимский,0.0,140
v5-20261009T121014Z-d833d0,node_subsample_detailed,МР Дуванский,МР Учалинский,0.0,121
v5-20261009T121014Z-d833d0,node_subsample_detailed,МР Дуванский,МР Федоровский,0.11363636363636363,132
v5-20261009T121014Z-d833d0,node_subsample_detailed,МР Дуванский,МР Хайбуллинский,0.03676470588235294,136
v5-20261009T121014Z-d833d0,node_subsample_detailed,МР Дуванский,МР Чекмагушевский,0.0,131
v5-20261009T121014Z-d833d0,node_subsample_detailed,МР Дуванский,МР Чишминский,0.0,135
v5-20261009T121014Z-d833d0,node_subsample_detailed,МР Дуванский,МР Шаранский,0.0,125
v5-20261009T121014Z-d833d0,node_subsample_detailed,МР Дуванский,МР Янаульский,0.0,133
v5-20261009T121014Z-d833d0,node_subsample_detailed,МР Дюртюлинский,МР Ермекеевский,0.0234375,128
v5-20261009T121014Z-d833d0,node_subsample_detailed,МР Дюртюлинский,МР Зианчуринский,0.0,137
v5-20261009T121014Z-d833d0,node_subsample_detailed,МР Дюртюлинский,МР Зилаирский,0.007246376811594203,138
v5-20261009T121014Z-d833d0,node_subsample_detailed,МР Дюртюлинский,МР Иглинский,0.015873015873015872,126
v5-20261009T121014Z-d833d0,node_subsample_detailed,МР Дюртюлинский,МР Илишевский,0.453125,128
v5-20261009T121014Z-d833d0,node_subsample_detailed,МР Дюртюлинский,МР Ишимбайский,0.3875968992248062,129
v5-20261009T121014Z-d833d0,node_subsample_detailed,МР Дюртюлинский,МР Калтасинский,0.0390625,128
v5-20261009T121014Z-d833d0,node_subsample_detailed,МР Дюртюлинский,МР Караидельский,0.022900763358778626,131
v5-20261009T121014Z-d833d0,node_subsample_detailed,МР Дюртюлинский,МР Кармаскалинский,0.2647058823529412,136
v5-20261009T121014Z-d833d0,node_subsample_detailed,МР Дюртюлинский,МР Кигинский,0.008064516129032258,124
v5-20261009T121014Z-d833d0,node_subsample_detailed,МР Дюртюлинский,МР Краснокамский,0.2366412213740458,131
v5-20261009T121014Z-d833d0,node_subsample_detailed,МР Дюртюлинский,МР Кугарчинский,0.0,124
v5-20261009T121014Z-d833d0,node_subsample_detailed,МР Дюртюлинский,МР Кушнаренковский,0.022222222222222223,135
v5-20261009T121014Z-d833d0,node_subsample_detailed,МР Дюртюлинский,МР Куюргазинский,0.015037593984962405,133
v5-20261009T121014Z-d833d0,node_subsample_detailed,МР Дюртюлинский,МР Мелеузовский,0.2248062015503876,129
v5-20261009T121014Z-d833d0,node_subsample_detailed,МР Дюртюлинский,МР Мечетлинский,0.0,133
v5-20261009T121014Z-d833d0,node_subsample_detailed,МР Дюртюлинский,МР Мишкинский,0.02962962962962963,135
v5-20261009T121014Z-d833d0,node_subsample_detailed,МР Дюртюлинский,МР Миякинский,0.037037037037037035,135
v5-20261009T121014Z-d833d0,node_subsample_detailed,МР Дюртюлинский,МР Нуримановский,0.014705882352941176,136
v5-20261009T121014Z-d833d0,node_subsample_detailed,МР Дюртюлинский,МР Салаватский,0.007633587786259542,131
v5-20261009T121014Z-d833d0,node_subsample_detailed,МР Дюртюлинский,МР Стерлибашевский,0.01639344262295082,122
v5-20261009T121014Z-d833d0,node_subsample_detailed,МР Дюртюлинский,МР Стерлитамакский,0.0070921985815602835,141
v5-20261009T121014Z-d833d0,node_subsample_detailed,МР Дюртюлинский,МР Татышлинский,0.10606060606060606,132
v5-20261009T121014Z-d833d0,node_subsample_detailed,МР Дюртюлинский,МР Туймазинский,0.5703703703703704,135
v5-20261009T121014Z-d833d0,node_subsample_detailed,МР Дюртюлинский,МР Уфимский,0.007194244604316547,139
v5-20261009T121014Z-d833d0,node_subsample_detailed,МР Дюртюлинский,МР Учалинский,0.6640625,128
v5-20261009T121014Z-d833d0,node_subsample_detailed,МР Дюртюлинский,МР Федоровский,0.04477611940298507,134
v5-20261009T121014Z-d833d0,node_subsample_detailed,МР Дюртюлинский,МР Хайбуллинский,0.0,136
v5-20261009T121014Z-d833d0,node_subsample_detailed,МР Дюртюлинский,МР Чекмагушевский,0.007407407407407408,135
v5-20261009T121014Z-d833d0,node_subsample_detailed,МР Дюртюлинский,МР Чишминский,0.2962962962962963,135
v5-20261009T121014Z-d833d0,node_subsample_detailed,МР Дюртюлинский,МР Шаранский,0.007874015748031496,127
v5-20261009T121014Z-d833d0,node_subsample_detailed,МР Дюртюлинский,МР Янаульский,0.7368421052631579,133
v5-20261009T121014Z-d833d0,node_subsample_detailed,МР Ермекеевский,МР Зианчуринский,0.0390625,128
v5-20261009T121014Z-d833d0,node_subsample_detailed,МР Ермекеевский,МР Зилаирский,0.022222222222222223,135
v5-20261009T121014Z-d833d0,node_subsample_detailed,МР Ермекеевский,МР Иглинский,0.0,119
v5-20261009T121014Z-d833d0,node_subsample_detailed,МР Ермекеевский,МР Илишевский,0.04132231404958678,121
v5-20261009T121014Z-d833d0,node_subsample_detailed,МР Ермекеевский,МР Ишимбайский,0.016,125
v5-20261009T121014Z-d833d0,node_subsample_detailed,МР Ермекеевский,МР Калтасинский,0.0975609756097561,123
v5-20261009T121014Z-d833d0,node_subsample_detailed,МР Ермекеевский,МР Караидельский,0.023809523809523808,126
v5-20261009T121014Z-d833d0,node_subsample_detailed,МР Ермекеевский,МР Кармаскалинский,0.09848484848484848,132
v5-20261009T121014Z-d833d0,node_subsample_detailed,МР Ермекеевский,МР Кигинский,0.0,124
v5-20261009T121014Z-d833d0,node_subsample_detailed,МР Ермекеевский,МР Краснокамский,0.4462809917355372,121
v5-20261009T121014Z-d833d0,node_subsample_detailed,МР Ермекеевский,МР Кугарчинский,0.008547008547008548,117
v5-20261009T121014Z-d833d0,node_subsample_detailed,МР Ермекеевский,МР Кушнаренковский,0.14285714285714285,126
v5-20261009T121014Z-d833d0,node_subsample_detailed,МР Ермекеевский,МР Куюргазинский,0.3076923076923077,130
v5-20261009T121014Z-d833d0,node_subsample_detailed,МР Ермекеевский,МР Мелеузовский,0.032,125
v5-20261009T121014Z-d833d0,node_subsample_detailed,МР Ермекеевский,МР Мечетлинский,0.008,125
v5-20261009T121014Z-d833d0,node_subsample_detailed,МР Ермекеевский,МР Мишкинский,0.0859375,128
v5-20261009T121014Z-d833d0,node_subsample_detailed,МР Ермекеевский,МР Миякинский,0.6111111111111112,126
v5-20261009T121014Z-d833d0,node_subsample_detailed,МР Ермекеевский,МР Нуримановский,0.022222222222222223,135
v5-20261009T121014Z-d833d0,node_subsample_detailed,МР Ермекеевский,МР Салаватский,0.048,125
v5-20261009T121014Z-d833d0,node_subsample_detailed,МР Ермекеевский,МР Стерлибашевский,0.21008403361344538,119
v5-20261009T121014Z-d833d0,node_subsample_detailed,МР Ермекеевский,МР Стерлитамакский,0.014814814814814815,135
v5-20261009T121014Z-d833d0,node_subsample_detailed,МР Ермекеевский,МР Татышлинский,0.0,128
v5-20261009T121014Z-d833d0,node_subsample_detailed,МР Ермекеевский,МР Туймазинский,0.022727272727272728,132
v5-20261009T121014Z-d833d0,node_subsample_detailed,МР Ермекеевский,МР Уфимский,0.014814814814814815,135
v5-20261009T121014Z-d833d0,node_subsample_detailed,МР Ермекеевский,МР Учалинский,0.017094017094017096,117
v5-20261009T121014Z-d833d0,node_subsample_detailed,МР Ермекеевский,МР Федоровский,0.109375,128
v5-20261009T121014Z-d833d0,node_subsample_detailed,МР Ермекеевский,МР Хайбуллинский,0.0,131
v5-20261009T121014Z-d833d0,node_subsample_detailed,МР Ермекеевский,МР Чекмагушевский,0.16541353383458646,133
v5-20261009T121014Z-d833d0,node_subsample_detailed,МР Ермекеевский,МР Чишминский,0.007518796992481203,133
v5-20261009T121014Z-d833d0,node_subsample_detailed,МР Ермекеевский,МР Шаранский,0.11016949152542373,118
v5-20261009T121014Z-d833d0,node_subsample_detailed,МР Ермекеевский,МР Янаульский,0.104,125
v5-20261009T121014Z-d833d0,node_subsample_detailed,МР Зианчуринский,МР Зилаирский,0.043795620437956206,137
v5-20261009T121014Z-d833d0,node_subsample_detailed,МР Зианчуринский,МР Иглинский,0.0,123
v5-20261009T121014Z-d833d0,node_subsample_detailed,МР Зианчуринский,МР Илишевский,0.0,128
v5-20261009T121014Z-d833d0,node_subsample_detailed,МР Зианчуринский,МР Ишимбайский,0.0,130
v5-20261009T121014Z-d833d0,node_subsample_detailed,МР Зианчуринский,МР Калтасинский,0.008,125
v5-20261009T121014Z-d833d0,node_subsample_detailed,МР Зианчуринский,МР Караидельский,0.015384615384615385,130
v5-20261009T121014Z-d833d0,node_subsample_detailed,МР Зианчуринский,МР Кармаскалинский,0.03676470588235294,136
v5-20261009T121014Z-d833d0,node_subsample_detailed,МР Зианчуринский,МР Кигинский,0.6974789915966386,119
v5-20261009T121014Z-d833d0,node_subsample_detailed,МР Зианчуринский,МР Краснокамский,0.015625,128
v5-20261009T121014Z-d833d0,node_subsample_detailed,МР Зианчуринский,МР Кугарчинский,0.5983606557377049,122
v5-20261009T121014Z-d833d0,node_subsample_detailed,МР Зианчуринский,МР Кушнаренковский,0.16296296296296298,135
v5-20261009T121014Z-d833d0,node_subsample_detailed,МР Зианчуринский,МР Куюргазинский,0.21705426356589147,129
v5-20261009T121014Z-d833d0,node_subsample_detailed,МР Зианчуринский,МР Мелеузовский,0.007936507936507936,126
v5-20261009T121014Z-d833d0,node_subsample_detailed,МР Зианчуринский,МР Мечетлинский,0.6865671641791045,134
v5-20261009T121014Z-d833d0,node_subsample_detailed,МР Зианчуринский,МР Мишкинский,0.007462686567164179,134
v5-20261009T121014Z-d833d0,node_subsample_detailed,МР Зианчуринский,МР Миякинский,0.12121212121212122,132
v5-20261009T121014Z-d833d0,node_subsample_detailed,МР Зианчуринский,МР Нуримановский,0.0,134
v5-20261009T121014Z-d833d0,node_subsample_detailed,МР Зианчуринский,МР Салаватский,0.015384615384615385,130
v5-20261009T121014Z-d833d0,node_subsample_detailed,МР Зианчуринский,МР Стерлибашевский,0.016,125
v5-20261009T121014Z-d833d0,node_subsample_detailed,МР Зианчуринский,МР Стерлитамакский,0.0,135
v5-20261009T121014Z-d833d0,node_subsample_detailed,МР Зианчуринский,МР Татышлинский,0.0,136
v5-20261009T121014Z-d833d0,node_subsample_detailed,МР Зианчуринский,МР Туймазинский,0.0,135
v5-20261009T121014Z-d833d0,node_subsample_detailed,МР Зианчуринский,МР Уфимский,0.0,136
v5-20261009T121014Z-d833d0,node_subsample_detailed,МР Зианчуринский,МР Учалинский,0.0,124
v5-20261009T121014Z-d833d0,node_subsample_detailed,МР Зианчуринский,МР Федоровский,0.22058823529411764,136
v5-20261009T121014Z-d833d0,node_subsample_detailed,МР Зианчуринский,МР Хайбуллинский,0.028985507246376812,138
v5-20261009T121014Z-d833d0,node_subsample_detailed,МР Зианчуринский,МР Чекмагушевский,0.1984732824427481,131
v5-20261009T121014Z-d833d0,node_subsample_detailed,МР Зианчуринский,МР Чишминский,0.0,135
v5-20261009T121014Z-d833d0,node_subsample_detailed,МР Зианчуринский,МР Шаранский,0.21951219512195122,123
v5-20261009T121014Z-d833d0,node_subsample_detailed,МР Зианчуринский,МР Янаульский,0.007407407407407408,135
v5-20261009T121014Z-d833d0,node_subsample_detailed,МР Зилаирский,МР Иглинский,0.015267175572519083,131
v5-20261009T121014Z-d833d0,node_subsample_detailed,МР Зилаирский,МР Илишевский,0.0,136
v5-20261009T121014Z-d833d0,node_subsample_detailed,МР Зилаирский,МР Ишимбайский,0.0,134
v5-20261009T121014Z-d833d0,node_subsample_detailed,МР Зилаирский,МР Калтасинский,0.0,130
v5-20261009T121014Z-d833d0,node_subsample_detailed,МР Зилаирский,МР Караидельский,0.0,139
v5-20261009T121014Z-d833d0,node_subsample_detailed,МР Зилаирский,МР Кармаскалинский,0.014388489208633094,139
v5-20261009T121014Z-d833d0,node_subsample_detailed,МР Зилаирский,МР Кигинский,0.015503875968992248,129
v5-20261009T121014Z-d833d0,node_subsample_detailed,МР Зилаирский,МР Краснокамский,0.0,131
v5-20261009T121014Z-d833d0,node_subsample_detailed,МР Зилаирский,МР Кугарчинский,0.0,125
v5-20261009T121014Z-d833d0,node_subsample_detailed,МР Зилаирский,МР Кушнаренковский,0.0,139
v5-20261009T121014Z-d833d0,node_subsample_detailed,МР Зилаирский,МР Куюргазинский,0.07857142857142857,140
v5-20261009T121014Z-d833d0,node_subsample_detailed,МР Зилаирский,МР Мелеузовский,0.021897810218978103,137
v5-20261009T121014Z-d833d0,node_subsample_detailed,МР Зилаирский,МР Мечетлинский,0.0,135
v5-20261009T121014Z-d833d0,node_subsample_detailed,МР Зилаирский,МР Мишкинский,0.022222222222222223,135
v5-20261009T121014Z-d833d0,node_subsample_detailed,МР Зилаирский,МР Миякинский,0.007462686567164179,134
v5-20261009T121014Z-d833d0,node_subsample_detailed,МР Зилаирский,МР Нуримановский,0.0,144
v5-20261009T121014Z-d833d0,node_subsample_detailed,МР Зилаирский,МР Салаватский,0.5912408759124088,137
v5-20261009T121014Z-d833d0,node_subsample_detailed,МР Зилаирский,МР Стерлибашевский,0.0,128
v5-20261009T121014Z-d833d0,node_subsample_detailed,МР Зилаирский,МР Стерлитамакский,0.0,143
v5-20261009T121014Z-d833d0,node_subsample_detailed,МР Зилаирский,МР Татышлинский,0.007462686567164179,134
v5-20261009T121014Z-d833d0,node_subsample_detailed,МР Зилаирский,МР Туймазинский,0.0,147
v5-20261009T121014Z-d833d0,node_subsample_detailed,МР Зилаирский,МР Уфимский,0.0,143
v5-20261009T121014Z-d833d0,node_subsample_detailed,МР Зилаирский,МР Учалинский,0.04838709677419355,124
v5-20261009T121014Z-d833d0,node_subsample_detailed,МР Зилаирский,МР Федоровский,0.0,142
v5-20261009T121014Z-d833d0,node_subsample_detailed,МР Зилаирский,МР Хайбуллинский,0.9568345323741008,139
v5-20261009T121014Z-d833d0,node_subsample_detailed,МР Зилаирский,МР Чекмагушевский,0.0,140
v5-20261009T121014Z-d833d0,node_subsample_detailed,МР Зилаирский,МР Чишминский,0.014184397163120567,141
v5-20261009T121014Z-d833d0,node_subsample_detailed,МР Зилаирский,МР Шаранский,0.0,133
v5-20261009T121014Z-d833d0,node_subsample_detailed,МР Зилаирский,МР Янаульский,0.0,141
v5-20261009T121014Z-d833d0,node_subsample_detailed,МР Иглинский,МР Илишевский,0.0,126
v5-20261009T121014Z-d833d0,node_subsample_detailed,МР Иглинский,МР Ишимбайский,0.0,116
v5-20261009T121014Z-d833d0,node_subsample_detailed,МР Иглинский,МР Калтасинский,0.00847457627118644,118
v5-20261009T121014Z-d833d0,node_subsample_detailed,МР Иглинский,МР Караидельский,0.0,121
v5-20261009T121014Z-d833d0,node_subsample_detailed,МР Иглинский,МР Кармаскалинский,0.288,125
v5-20261009T121014Z-d833d0,node_subsample_detailed,МР Иглинский,МР Кигинский,0.0,116
v5-20261009T121014Z-d833d0,node_subsample_detailed,МР Иглинский,МР Краснокамский,0.0,121
v5-20261009T121014Z-d833d0,node_subsample_detailed,МР Иглинский,МР Кугарчинский,0.0,116
v5-20261009T121014Z-d833d0,node_subsample_detailed,МР Иглинский,МР Кушнаренковский,0.00819672131147541,122
v5-20261009T121014Z-d833d0,node_subsample_detailed,МР Иглинский,МР Куюргазинский,0.008403361344537815,119
v5-20261009T121014Z-d833d0,node_subsample_detailed,МР Иглинский,МР Мелеузовский,0.00847457627118644,118
v5-20261009T121014Z-d833d0,node_subsample_detailed,МР Иглинский,МР Мечетлинский,0.0,121
v5-20261009T121014Z-d833d0,node_subsample_detailed,МР Иглинский,МР Мишкинский,0.03937007874015748,127
v5-20261009T121014Z-d833d0,node_subsample_detailed,МР Иглинский,МР Миякинский,0.0,124
v5-20261009T121014Z-d833d0,node_subsample_detailed,МР Иглинский,МР Нуримановский,0.11290322580645161,124
v5-20261009T121014Z-d833d0,node_subsample_detailed,МР Иглинский,МР Салаватский,0.0,119
v5-20261009T121014Z-d833d0,node_subsample_detailed,МР Иглинский,МР Стерлибашевский,0.0,115
v5-20261009T121014Z-d833d0,node_subsample_detailed,МР Иглинский,МР Стерлитамакский,0.5433070866141733,127
v5-20261009T121014Z-d833d0,node_subsample_detailed,МР Иглинский,МР Татышлинский,0.0,124
v5-20261009T121014Z-d833d0,node_subsample_detailed,МР Иглинский,МР Туймазинский,0.0,123
v5-20261009T121014Z-d833d0,node_subsample_detailed,МР Иглинский,МР Уфимский,0.856,125
v5-20261009T121014Z-d833d0,node_subsample_detailed,МР Иглинский,МР Учалинский,0.0,114
v5-20261009T121014Z-d833d0,node_subsample_detailed,МР Иглинский,МР Федоровский,0.024,125
v5-20261009T121014Z-d833d0,node_subsample_detailed,МР Иглинский,МР Хайбуллинский,0.0,122
v5-20261009T121014Z-d833d0,node_subsample_detailed,МР Иглинский,МР Чекмагушевский,0.0,121
v5-20261009T121014Z-d833d0,node_subsample_detailed,МР Иглинский,МР Чишминский,0.6097560975609756,123
v5-20261009T121014Z-d833d0,node_subsample_detailed,МР Иглинский,МР Шаранский,0.0,113
v5-20261009T121014Z-d833d0,node_subsample_detailed,МР Иглинский,МР Янаульский,0.0,121
v5-20261009T121014Z-d833d0,node_subsample_detailed,МР Илишевский,МР Ишимбайский,0.088,125
v5-20261009T121014Z-d833d0,node_subsample_detailed,МР Илишевский,МР Калтасинский,0.12,125
v5-20261009T121014Z-d833d0,node_subsample_detailed,МР Илишевский,МР Караидельский,0.39705882352941174,136
v5-20261009T121014Z-d833d0,node_subsample_detailed,МР Илишевский,МР Кармаскалинский,0.18604651162790697,129
v5-20261009T121014Z-d833d0,node_subsample_detailed,МР Илишевский,МР Кигинский,0.02459016393442623,122
v5-20261009T121014Z-d833d0,node_subsample_detailed,МР Илишевский,МР Краснокамский,0.109375,128
v5-20261009T121014Z-d833d0,node_subsample_detailed,МР Илишевский,МР Кугарчинский,0.04132231404958678,121
v5-20261009T121014Z-d833d0,node_subsample_detailed,МР Илишевский,МР Кушнаренковский,0.05223880597014925,134
v5-20261009T121014Z-d833d0,node_subsample_detailed,МР Илишевский,МР Куюргазинский,0.061068702290076333,131
v5-20261009T121014Z-d833d0,node_subsample_detailed,МР Илишевский,МР Мелеузовский,0.0,124
v5-20261009T121014Z-d833d0,node_subsample_detailed,МР Илишевский,МР Мечетлинский,0.0,131
v5-20261009T121014Z-d833d0,node_subsample_detailed,МР Илишевский,МР Мишкинский,0.08461538461538462,130
v5-20261009T121014Z-d833d0,node_subsample_detailed,МР Илишевский,МР Миякинский,0.0,130
v5-20261009T121014Z-d833d0,node_subsample_detailed,МР Илишевский,МР Нуримановский,0.015037593984962405,133
v5-20261009T121014Z-d833d0,node_subsample_detailed,МР Илишевский,МР Салаватский,0.09302325581395349,129
v5-20261009T121014Z-d833d0,node_subsample_detailed,МР Илишевский,МР Стерлибашевский,0.015873015873015872,126
v5-20261009T121014Z-d833d0,node_subsample_detailed,МР Илишевский,МР Стерлитамакский,0.007407407407407408,135
v5-20261009T121014Z-d833d0,node_subsample_detailed,МР Илишевский,МР Татышлинский,0.5736434108527132,129
v5-20261009T121014Z-d833d0,node_subsample_detailed,МР Илишевский,МР Туймазинский,0.26277372262773724,137
v5-20261009T121014Z-d833d0,node_subsample_detailed,МР Илишевский,МР Уфимский,0.007575757575757576,132
v5-20261009T121014Z-d833d0,node_subsample_detailed,МР Илишевский,МР Учалинский,0.2627118644067797,118
v5-20261009T121014Z-d833d0,node_subsample_detailed,МР Илишевский,МР Федоровский,0.015503875968992248,129
v5-20261009T121014Z-d833d0,node_subsample_detailed,МР Илишевский,МР Хайбуллинский,0.0,133
v5-20261009T121014Z-d833d0,node_subsample_detailed,МР Илишевский,МР Чекмагушевский,0.0,132
v5-20261009T121014Z-d833d0,node_subsample_detailed,МР Илишевский,МР Чишминский,0.0916030534351145,131
v5-20261009T121014Z-d833d0,node_subsample_detailed,МР Илишевский,МР Шаранский,0.025423728813559324,118
v5-20261009T121014Z-d833d0,node_subsample_detailed,МР Илишевский,МР Янаульский,0.45038167938931295,131
v5-20261009T121014Z-d833d0,node_subsample_detailed,МР Ишимбайский,МР Калтасинский,0.0,121
v5-20261009T121014Z-d833d0,node_subsample_detailed,МР Ишимбайский,МР Караидельский,0.0,125
v5-20261009T121014Z-d833d0,node_subsample_detailed,МР Ишимбайский,МР Кармаскалинский,0.015267175572519083,131
v5-20261009T121014Z-d833d0,node_subsample_detailed,МР Ишимбайский,МР Кигинский,0.0,121
v5-20261009T121014Z-d833d0,node_subsample_detailed,МР Ишимбайский,МР Краснокамский,0.03361344537815126,119
v5-20261009T121014Z-d833d0,node_subsample_detailed,МР Ишимбайский,МР Кугарчинский,0.0,115
v5-20261009T121014Z-d833d0,node_subsample_detailed,МР Ишимбайский,МР Кушнаренковский,0.0,128
v5-20261009T121014Z-d833d0,node_subsample_detailed,МР Ишимбайский,МР Куюргазинский,0.007751937984496124,129
v5-20261009T121014Z-d833d0,node_subsample_detailed,МР Ишимбайский,МР Мелеузовский,0.5634920634920635,126
v5-20261009T121014Z-d833d0,node_subsample_detailed,МР Ишимбайский,МР Мечетлинский,0.0,127
v5-20261009T121014Z-d833d0,node_subsample_detailed,МР Ишимбайский,МР Мишкинский,0.0,130
v5-20261009T121014Z-d833d0,node_subsample_detailed,МР Ишимбайский,МР Миякинский,0.0,124
v5-20261009T121014Z-d833d0,node_subsample_detailed,МР Ишимбайский,МР Нуримановский,0.0,130
v5-20261009T121014Z-d833d0,node_subsample_detailed,МР Ишимбайский,МР Салаватский,0.0,124
v5-20261009T121014Z-d833d0,node_subsample_detailed,МР Ишимбайский,МР Стерлибашевский,0.0,121
v5-20261009T121014Z-d833d0,node_subsample_detailed,МР Ишимбайский,МР Стерлитамакский,0.21052631578947367,133
v5-20261009T121014Z-d833d0,node_subsample_detailed,МР Ишимбайский,МР Татышлинский,0.008064516129032258,124
v5-20261009T121014Z-d833d0,node_subsample_detailed,МР Ишимбайский,МР Туймазинский,0.49624060150375937,133
v5-20261009T121014Z-d833d0,node_subsample_detailed,МР Ишимбайский,МР Уфимский,0.0,130
v5-20261009T121014Z-d833d0,node_subsample_detailed,МР Ишимбайский,МР Учалинский,0.4032258064516129,124
v5-20261009T121014Z-d833d0,node_subsample_detailed,МР Ишимбайский,МР Федоровский,0.007751937984496124,129
v5-20261009T121014Z-d833d0,node_subsample_detailed,МР Ишимбайский,МР Хайбуллинский,0.0,128
v5-20261009T121014Z-d833d0,node_subsample_detailed,МР Ишимбайский,МР Чекмагушевский,0.0,125
v5-20261009T121014Z-d833d0,node_subsample_detailed,МР Ишимбайский,МР Чишминский,0.06666666666666667,135
v5-20261009T121014Z-d833d0,node_subsample_detailed,МР Ишимбайский,МР Шаранский,0.0,116
v5-20261009T121014Z-d833d0,node_subsample_detailed,МР Ишимбайский,МР Янаульский,0.27906976744186046,129
v5-20261009T121014Z-d833d0,node_subsample_detailed,МР Калтасинский,МР Караидельский,0.5748031496062992,127
v5-20261009T121014Z-d833d0,node_subsample_detailed,МР Калтасинский,МР Кармаскалинский,0.007874015748031496,127
v5-20261009T121014Z-d833d0,node_subsample_detailed,МР Калтасинский,МР Кигинский,0.03305785123966942,121
v5-20261009T121014Z-d833d0,node_subsample_detailed,МР Калтасинский,МР Краснокамский,0.03333333333333333,120
v5-20261009T121014Z-d833d0,node_subsample_detailed,МР Калтасинский,МР Кугарчинский,0.205607476635514,107
v5-20261009T121014Z-d833d0,node_subsample_detailed,МР Калтасинский,МР Кушнаренковский,0.12903225806451613,124
v5-20261009T121014Z-d833d0,node_subsample_detailed,МР Калтасинский,МР Куюргазинский,0.30578512396694213,121
v5-20261009T121014Z-d833d0,node_subsample_detailed,МР Калтасинский,МР Мелеузовский,0.0,121
v5-20261009T121014Z-d833d0,node_subsample_detailed,МР Калтасинский,МР Мечетлинский,0.0,124
v5-20261009T121014Z-d833d0,node_subsample_detailed,МР Калтасинский,МР Мишкинский,0.022900763358778626,131
v5-20261009T121014Z-d833d0,node_subsample_detailed,МР Калтасинский,МР Миякинский,0.11290322580645161,124
v5-20261009T121014Z-d833d0,node_subsample_detailed,МР Калтасинский,МР Нуримановский,0.0,130
v5-20261009T121014Z-d833d0,node_subsample_detailed,МР Калтасинский,МР Салаватский,0.031496062992125984,127
v5-20261009T121014Z-d833d0,node_subsample_detailed,МР Калтасинский,МР Стерлибашевский,0.4824561403508772,114
v5-20261009T121014Z-d833d0,node_subsample_detailed,МР Калтасинский,МР Стерлитамакский,0.0,132
v5-20261009T121014Z-d833d0,node_subsample_detailed,МР Калтасинский,МР Татышлинский,0.42063492063492064,126
v5-20261009T121014Z-d833d0,node_subsample_detailed,МР Калтасинский,МР Туймазинский,0.016,125
v5-20261009T121014Z-d833d0,node_subsample_detailed,МР Калтасинский,МР Уфимский,0.007575757575757576,132
v5-20261009T121014Z-d833d0,node_subsample_detailed,МР Калтасинский,МР Учалинский,0.00819672131147541,122
v5-20261009T121014Z-d833d0,node_subsample_detailed,МР Калтасинский,МР Федоровский,0.16279069767441862,129
v5-20261009T121014Z-d833d0,node_subsample_detailed,МР Калтасинский,МР Хайбуллинский,0.0,129
v5-20261009T121014Z-d833d0,node_subsample_detailed,МР Калтасинский,МР Чекмагушевский,0.29133858267716534,127
v5-20261009T121014Z-d833d0,node_subsample_detailed,МР Калтасинский,МР Чишминский,0.0,128
v5-20261009T121014Z-d833d0,node_subsample_detailed,МР Калтасинский,МР Шаранский,0.25,116
v5-20261009T121014Z-d833d0,node_subsample_detailed,МР Калтасинский,МР Янаульский,0.015748031496062992,127
v5-20261009T121014Z-d833d0,node_subsample_detailed,МР Караидельский,МР Кармаскалинский,0.022222222222222223,135
v5-20261009T121014Z-d833d0,node_subsample_detailed,МР Караидельский,МР Кигинский,0.056,125
v5-20261009T121014Z-d833d0,node_subsample_detailed,МР Караидельский,МР Краснокамский,0.09016393442622951,122
v5-20261009T121014Z-d833d0,node_subsample_detailed,МР Караидельский,МР Кугарчинский,0.225,120
v5-20261009T121014Z-d833d0,node_subsample_detailed,МР Караидельский,МР Кушнаренковский,0.03076923076923077,130
v5-20261009T121014Z-d833d0,node_subsample_detailed,МР Караидельский,МР Куюргазинский,0.31297709923664124,131
v5-20261009T121014Z-d833d0,node_subsample_detailed,МР Караидельский,МР Мелеузовский,0.0,126
v5-20261009T121014Z-d833d0,node_subsample_detailed,МР Караидельский,МР Мечетлинский,0.03007518796992481,133
v5-20261009T121014Z-d833d0,node_subsample_detailed,МР Караидельский,МР Мишкинский,0.11278195488721804,133
v5-20261009T121014Z-d833d0,node_subsample_detailed,МР Караидельский,МР Миякинский,0.023076923076923078,130
v5-20261009T121014Z-d833d0,node_subsample_detailed,МР Караидельский,МР Нуримановский,0.03787878787878788,132
v5-20261009T121014Z-d833d0,node_subsample_detailed,МР Караидельский,МР Салаватский,0.08661417322834646,127
v5-20261009T121014Z-d833d0,node_subsample_detailed,МР Караидельский,МР Стерлибашевский,0.04878048780487805,123
v5-20261009T121014Z-d833d0,node_subsample_detailed,МР Караидельский,МР Стерлитамакский,0.0,137
v5-20261009T121014Z-d833d0,node_subsample_detailed,МР Караидельский,МР Татышлинский,0.7384615384615385,130
v5-20261009T121014Z-d833d0,node_subsample_detailed,МР Караидельский,МР Туймазинский,0.007352941176470588,136
v5-20261009T121014Z-d833d0,node_subsample_detailed,МР Караидельский,МР Уфимский,0.0,138
v5-20261009T121014Z-d833d0,node_subsample_detailed,МР Караидельский,МР Учалинский,0.0,119
v5-20261009T121014Z-d833d0,node_subsample_detailed,МР Караидельский,МР Федоровский,0.015384615384615385,130
v5-20261009T121014Z-d833d0,node_subsample_detailed,МР Караидельский,МР Хайбуллинский,0.0,137
v5-20261009T121014Z-d833d0,node_subsample_detailed,МР Караидельский,МР Чекмагушевский,0.038461538461538464,130
v5-20261009T121014Z-d833d0,node_subsample_detailed,МР Караидельский,МР Чишминский,0.0,132
v5-20261009T121014Z-d833d0,node_subsample_detailed,МР Караидельский,МР Шаранский,0.05737704918032787,122
v5-20261009T121014Z-d833d0,node_subsample_detailed,МР Караидельский,МР Янаульский,0.007751937984496124,129
v5-20261009T121014Z-d833d0,node_subsample_detailed,МР Кармаскалинский,МР Кигинский,0.023622047244094488,127
v5-20261009T121014Z-d833d0,node_subsample_detailed,МР Кармаскалинский,МР Краснокамский,0.36,125
v5-20261009T121014Z-d833d0,node_subsample_detailed,МР Кармаскалинский,МР Кугарчинский,0.016129032258064516,124
v5-20261009T121014Z-d833d0,node_subsample_detailed,МР Кармаскалинский,МР Кушнаренковский,0.045454545454545456,132
v5-20261009T121014Z-d833d0,node_subsample_detailed,МР Кармаскалинский,МР Куюргазинский,0.03816793893129771,131
v5-20261009T121014Z-d833d0,node_subsample_detailed,МР Кармаскалинский,МР Мелеузовский,0.023255813953488372,129
v5-20261009T121014Z-d833d0,node_subsample_detailed,МР Кармаскалинский,МР Мечетлинский,0.0,135
v5-20261009T121014Z-d833d0,node_subsample_detailed,МР Кармаскалинский,МР Мишкинский,0.07462686567164178,134
v5-20261009T121014Z-d833d0,node_subsample_detailed,МР Кармаскалинский,МР Миякинский,0.1297709923664122,131
v5-20261009T121014Z-d833d0,node_subsample_detailed,МР Кармаскалинский,МР Нуримановский,0.22058823529411764,136
v5-20261009T121014Z-d833d0,node_subsample_detailed,МР Кармаскалинский,МР Салаватский,0.03937007874015748,127
v5-20261009T121014Z-d833d0,node_subsample_detailed,МР Кармаскалинский,МР Стерлибашевский,0.0,127
v5-20261009T121014Z-d833d0,node_subsample_detailed,МР Кармаскалинский,МР Стерлитамакский,0.07857142857142857,140
v5-20261009T121014Z-d833d0,node_subsample_detailed,МР Кармаскалинский,МР Татышлинский,0.022900763358778626,131
v5-20261009T121014Z-d833d0,node_subsample_detailed,МР Кармаскалинский,МР Туймазинский,0.0948905109489051,137
v5-20261009T121014Z-d833d0,node_subsample_detailed,МР Кармаскалинский,МР Уфимский,0.18571428571428572,140
v5-20261009T121014Z-d833d0,node_subsample_detailed,МР Кармаскалинский,МР Учалинский,0.0873015873015873,126
v5-20261009T121014Z-d833d0,node_subsample_detailed,МР Кармаскалинский,МР Федоровский,0.014388489208633094,139
v5-20261009T121014Z-d833d0,node_subsample_detailed,МР Кармаскалинский,МР Хайбуллинский,0.007246376811594203,138
v5-20261009T121014Z-d833d0,node_subsample_detailed,МР Кармаскалинский,МР Чекмагушевский,0.022727272727272728,132
v5-20261009T121014Z-d833d0,node_subsample_detailed,МР Кармаскалинский,МР Чишминский,0.4338235294117647,136
v5-20261009T121014Z-d833d0,node_subsample_detailed,МР Кармаскалинский,МР Шаранский,0.015748031496062992,127
v5-20261009T121014Z-d833d0,node_subsample_detailed,МР Кармаскалинский,МР Янаульский,0.2781954887218045,133
v5-20261009T121014Z-d833d0,node_subsample_detailed,МР Кигинский,МР Краснокамский,0.0,119
v5-20261009T121014Z-d833d0,node_subsample_detailed,МР Кигинский,МР Кугарчинский,0.8173913043478261,115
v5-20261009T121014Z-d833d0,node_subsample_detailed,МР Кигинский,МР Кушнаренковский,0.0,123
v5-20261009T121014Z-d833d0,node_subsample_detailed,МР Кигинский,МР Куюргазинский,0.20491803278688525,122
v5-20261009T121014Z-d833d0,node_subsample_detailed,МР Кигинский,МР Мелеузовский,0.0,120
v5-20261009T121014Z-d833d0,node_subsample_detailed,МР Кигинский,МР Мечетлинский,0.9586776859504132,121
v5-20261009T121014Z-d833d0,node_subsample_detailed,МР Кигинский,МР Мишкинский,0.0,130
v5-20261009T121014Z-d833d0,node_subsample_detailed,МР Кигинский,МР Миякинский,0.1721311475409836,122
v5-20261009T121014Z-d833d0,node_subsample_detailed,МР Кигинский,МР Нуримановский,0.0,128
v5-20261009T121014Z-d833d0,node_subsample_detailed,МР Кигинский,МР Салаватский,0.008333333333333333,120
v5-20261009T121014Z-d833d0,node_subsample_detailed,МР Кигинский,МР Стерлибашевский,0.0,121
v5-20261009T121014Z-d833d0,node_subsample_detailed,МР Кигинский,МР Стерлитамакский,0.0,129
v5-20261009T121014Z-d833d0,node_subsample_detailed,МР Кигинский,МР Татышлинский,0.047619047619047616,126
v5-20261009T121014Z-d833d0,node_subsample_detailed,МР Кигинский,МР Туймазинский,0.007751937984496124,129
v5-20261009T121014Z-d833d0,node_subsample_detailed,МР Кигинский,МР Уфимский,0.0,131
v5-20261009T121014Z-d833d0,node_subsample_detailed,МР Кигинский,МР Учалинский,0.008547008547008548,117
v5-20261009T121014Z-d833d0,node_subsample_detailed,МР Кигинский,МР Федоровский,0.09090909090909091,121
v5-20261009T121014Z-d833d0,node_subsample_detailed,МР Кигинский,МР Хайбуллинский,0.008,125
v5-20261009T121014Z-d833d0,node_subsample_detailed,МР Кигинский,МР Чекмагушевский,0.0,128
v5-20261009T121014Z-d833d0,node_subsample_detailed,МР Кигинский,МР Чишминский,0.0078125,128
v5-20261009T121014Z-d833d0,node_subsample_detailed,МР Кигинский,МР Шаранский,0.0,122
v5-20261009T121014Z-d833d0,node_subsample_detailed,МР Кигинский,МР Янаульский,0.024793388429752067,121
v5-20261009T121014Z-d833d0,node_subsample_detailed,МР Краснокамский,МР Кугарчинский,0.00847457627118644,118
v5-20261009T121014Z-d833d0,node_subsample_detailed,МР Краснокамский,МР Кушнаренковский,0.0,133
v5-20261009T121014Z-d833d0,node_subsample_detailed,МР Краснокамский,МР Куюргазинский,0.08064516129032258,124
v5-20261009T121014Z-d833d0,node_subsample_detailed,МР Краснокамский,МР Мелеузовский,0.0,122
v5-20261009T121014Z-d833d0,node_subsample_detailed,МР Краснокамский,МР Мечетлинский,0.0078125,128
v5-20261009T121014Z-d833d0,node_subsample_detailed,МР Краснокамский,МР Мишкинский,0.06201550387596899,129
v5-20261009T121014Z-d833d0,node_subsample_detailed,МР Краснокамский,МР Миякинский,0.5609756097560976,123
v5-20261009T121014Z-d833d0,node_subsample_detailed,МР Краснокамский,МР Нуримановский,0.031007751937984496,129
v5-20261009T121014Z-d833d0,node_subsample_detailed,МР Краснокамский,МР Салаватский,0.015625,128
v5-20261009T121014Z-d833d0,node_subsample_detailed,МР Краснокамский,МР Стерлибашевский,0.1322314049586777,121
v5-20261009T121014Z-d833d0,node_subsample_detailed,МР Краснокамский,МР Стерлитамакский,0.0,128
v5-20261009T121014Z-d833d0,node_subsample_detailed,МР Краснокамский,МР Татышлинский,0.030303030303030304,132
v5-20261009T121014Z-d833d0,node_subsample_detailed,МР Краснокамский,МР Туймазинский,0.03816793893129771,131
v5-20261009T121014Z-d833d0,node_subsample_detailed,МР Краснокамский,МР Уфимский,0.0,127
v5-20261009T121014Z-d833d0,node_subsample_detailed,МР Краснокамский,МР Учалинский,0.12173913043478261,115
v5-20261009T121014Z-d833d0,node_subsample_detailed,МР Краснокамский,МР Федоровский,0.04838709677419355,124
v5-20261009T121014Z-d833d0,node_subsample_detailed,МР Краснокамский,МР Хайбуллинский,0.0,129
v5-20261009T121014Z-d833d0,node_subsample_detailed,МР Краснокамский,МР Чекмагушевский,0.015151515151515152,132
v5-20261009T121014Z-d833d0,node_subsample_detailed,МР Краснокамский,МР Чишминский,0.06299212598425197,127
v5-20261009T121014Z-d833d0,node_subsample_detailed,МР Краснокамский,МР Шаранский,0.04201680672268908,119
v5-20261009T121014Z-d833d0,node_subsample_detailed,МР Краснокамский,МР Янаульский,0.5039370078740157,127
v5-20261009T121014Z-d833d0,node_subsample_detailed,МР Кугарчинский,МР Кушнаренковский,0.0,121
v5-20261009T121014Z-d833d0,node_subsample_detailed,МР Кугарчинский,МР Куюргазинский,0.29838709677419356,124
v5-20261009T121014Z-d833d0,node_subsample_detailed,МР Кугарчинский,МР Мелеузовский,0.0,114
v5-20261009T121014Z-d833d0,node_subsample_detailed,МР Кугарчинский,МР Мечетлинский,0.7899159663865546,119
v5-20261009T121014Z-d833d0,node_subsample_detailed,МР Кугарчинский,МР Мишкинский,0.0,120
v5-20261009T121014Z-d833d0,node_subsample_detailed,МР Кугарчинский,МР Миякинский,0.1652892561983471,121
v5-20261009T121014Z-d833d0,node_subsample_detailed,МР Кугарчинский,МР Нуримановский,0.0,123
v5-20261009T121014Z-d833d0,node_subsample_detailed,МР Кугарчинский,МР Салаватский,0.016666666666666666,120
v5-20261009T121014Z-d833d0,node_subsample_detailed,МР Кугарчинский,МР Стерлибашевский,0.0,114
v5-20261009T121014Z-d833d0,node_subsample_detailed,МР Кугарчинский,МР Стерлитамакский,0.0,128
v5-20261009T121014Z-d833d0,node_subsample_detailed,МР Кугарчинский,МР Татышлинский,0.16666666666666666,120
v5-20261009T121014Z-d833d0,node_subsample_detailed,МР Кугарчинский,МР Туймазинский,0.0,126
v5-20261009T121014Z-d833d0,node_subsample_detailed,МР Кугарчинский,МР Уфимский,0.0,124
v5-20261009T121014Z-d833d0,node_subsample_detailed,МР Кугарчинский,МР Учалинский,0.0,113
v5-20261009T121014Z-d833d0,node_subsample_detailed,МР Кугарчинский,МР Федоровский,0.0967741935483871,124
v5-20261009T121014Z-d833d0,node_subsample_detailed,МР Кугарчинский,МР Хайбуллинский,0.0,121
v5-20261009T121014Z-d833d0,node_subsample_detailed,МР Кугарчинский,МР Чекмагушевский,0.0,125
v5-20261009T121014Z-d833d0,node_subsample_detailed,МР Кугарчинский,МР Чишминский,0.0,121
v5-20261009T121014Z-d833d0,node_subsample_detailed,МР Кугарчинский,МР Шаранский,0.0,114
v5-20261009T121014Z-d833d0,node_subsample_detailed,МР Кугарчинский,МР Янаульский,0.00847457627118644,118
v5-20261009T121014Z-d833d0,node_subsample_detailed,МР Кушнаренковский,МР Куюргазинский,0.13636363636363635,132
v5-20261009T121014Z-d833d0,node_subsample_detailed,МР Кушнаренковский,МР Мелеузовский,0.0,124
v5-20261009T121014Z-d833d0,node_subsample_detailed,МР Кушнаренковский,МР Мечетлинский,0.014598540145985401,137
v5-20261009T121014Z-d833d0,node_subsample_detailed,МР Кушнаренковский,МР Мишкинский,0.208955223880597,134
v5-20261009T121014Z-d833d0,node_subsample_detailed,МР Кушнаренковский,МР Миякинский,0.07751937984496124,129
v5-20261009T121014Z-d833d0,node_subsample_detailed,МР Кушнаренковский,МР Нуримановский,0.16911764705882354,136
v5-20261009T121014Z-d833d0,node_subsample_detailed,МР Кушнаренковский,МР Салаватский,0.023076923076923078,130
v5-20261009T121014Z-d833d0,node_subsample_detailed,МР Кушнаренковский,МР Стерлибашевский,0.24603174603174602,126
v5-20261009T121014Z-d833d0,node_subsample_detailed,МР Кушнаренковский,МР Стерлитамакский,0.0,138
v5-20261009T121014Z-d833d0,node_subsample_detailed,МР Кушнаренковский,МР Татышлинский,0.0,129
v5-20261009T121014Z-d833d0,node_subsample_detailed,МР Кушнаренковский,МР Туймазинский,0.007246376811594203,138
v5-20261009T121014Z-d833d0,node_subsample_detailed,МР Кушнаренковский,МР Уфимский,0.0,137
v5-20261009T121014Z-d833d0,node_subsample_detailed,МР Кушнаренковский,МР Учалинский,0.0,122
v5-20261009T121014Z-d833d0,node_subsample_detailed,МР Кушнаренковский,МР Федоровский,0.5939849624060151,133
v5-20261009T121014Z-d833d0,node_subsample_detailed,МР Кушнаренковский,МР Хайбуллинский,0.0,134
v5-20261009T121014Z-d833d0,node_subsample_detailed,МР Кушнаренковский,МР Чекмагушевский,0.631578947368421,133
v5-20261009T121014Z-d833d0,node_subsample_detailed,МР Кушнаренковский,МР Чишминский,0.03076923076923077,130
v5-20261009T121014Z-d833d0,node_subsample_detailed,МР Кушнаренковский,МР Шаранский,0.7952755905511811,127
v5-20261009T121014Z-d833d0,node_subsample_detailed,МР Кушнаренковский,МР Янаульский,0.0,131
v5-20261009T121014Z-d833d0,node_subsample_detailed,МР Куюргазинский,МР Мелеузовский,0.04,125
v5-20261009T121014Z-d833d0,node_subsample_detailed,МР Куюргазинский,МР Мечетлинский,0.1297709923664122,131
v5-20261009T121014Z-d833d0,node_subsample_detailed,МР Куюргазинский,МР Мишкинский,0.12030075187969924,133
v5-20261009T121014Z-d833d0,node_subsample_detailed,МР Куюргазинский,МР Миякинский,0.14285714285714285,126
v5-20261009T121014Z-d833d0,node_subsample_detailed,МР Куюргазинский,МР Нуримановский,0.051094890510948905,137
v5-20261009T121014Z-d833d0,node_subsample_detailed,МР Куюргазинский,МР Салаватский,0.09375,128
v5-20261009T121014Z-d833d0,node_subsample_detailed,МР Куюргазинский,МР Стерлибашевский,0.024793388429752067,121
v5-20261009T121014Z-d833d0,node_subsample_detailed,МР Куюргазинский,МР Стерлитамакский,0.007194244604316547,139
v5-20261009T121014Z-d833d0,node_subsample_detailed,МР Куюргазинский,МР Татышлинский,0.09923664122137404,131
v5-20261009T121014Z-d833d0,node_subsample_detailed,МР Куюргазинский,МР Туймазинский,0.021897810218978103,137
v5-20261009T121014Z-d833d0,node_subsample_detailed,МР Куюргазинский,МР Уфимский,0.007352941176470588,136
v5-20261009T121014Z-d833d0,node_subsample_detailed,МР Куюргазинский,МР Учалинский,0.04132231404958678,121
v5-20261009T121014Z-d833d0,node_subsample_detailed,МР Куюргазинский,МР Федоровский,0.09848484848484848,132
v5-20261009T121014Z-d833d0,node_subsample_detailed,МР Куюргазинский,МР Хайбуллинский,0.06015037593984962,133
v5-20261009T121014Z-d833d0,node_subsample_detailed,МР Куюргазинский,МР Чекмагушевский,0.16911764705882354,136
v5-20261009T121014Z-d833d0,node_subsample_detailed,МР Куюргазинский,МР Чишминский,0.043795620437956206,137
v5-20261009T121014Z-d833d0,node_subsample_detailed,МР Куюргазинский,МР Шаранский,0.2,120
v5-20261009T121014Z-d833d0,node_subsample_detailed,МР Куюргазинский,МР Янаульский,0.015384615384615385,130
v5-20261009T121014Z-d833d0,node_subsample_detailed,МР Мелеузовский,МР Мечетлинский,0.0,129
v5-20261009T121014Z-d833d0,node_subsample_detailed,МР Мелеузовский,МР Мишкинский,0.0,128
v5-20261009T121014Z-d833d0,node_subsample_detailed,МР Мелеузовский,МР Миякинский,0.008333333333333333,120
v5-20261009T121014Z-d833d0,node_subsample_detailed,МР Мелеузовский,МР Нуримановский,0.015384615384615385,130
v5-20261009T121014Z-d833d0,node_subsample_detailed,МР Мелеузовский,МР Салаватский,0.0,129
v5-20261009T121014Z-d833d0,node_subsample_detailed,МР Мелеузовский,МР Стерлибашевский,0.0,119
v5-20261009T121014Z-d833d0,node_subsample_detailed,МР Мелеузовский,МР Стерлитамакский,0.24812030075187969,133
v5-20261009T121014Z-d833d0,node_subsample_detailed,МР Мелеузовский,МР Татышлинский,0.0,129
v5-20261009T121014Z-d833d0,node_subsample_detailed,МР Мелеузовский,МР Туймазинский,0.648854961832061,131
v5-20261009T121014Z-d833d0,node_subsample_detailed,МР Мелеузовский,МР Уфимский,0.07575757575757576,132
v5-20261009T121014Z-d833d0,node_subsample_detailed,МР Мелеузовский,МР Учалинский,0.6083333333333333,120
v5-20261009T121014Z-d833d0,node_subsample_detailed,МР Мелеузовский,МР Федоровский,0.04477611940298507,134
v5-20261009T121014Z-d833d0,node_subsample_detailed,МР Мелеузовский,МР Хайбуллинский,0.007633587786259542,131
v5-20261009T121014Z-d833d0,node_subsample_detailed,МР Мелеузовский,МР Чекмагушевский,0.0,126
v5-20261009T121014Z-d833d0,node_subsample_detailed,МР Мелеузовский,МР Чишминский,0.0234375,128
v5-20261009T121014Z-d833d0,node_subsample_detailed,МР Мелеузовский,МР Шаранский,0.0,120
v5-20261009T121014Z-d833d0,node_subsample_detailed,МР Мелеузовский,МР Янаульский,0.152,125
v5-20261009T121014Z-d833d0,node_subsample_detailed,МР Мечетлинский,МР Мишкинский,0.021897810218978103,137
v5-20261009T121014Z-d833d0,node_subsample_detailed,МР Мечетлинский,МР Миякинский,0.2047244094488189,127
v5-20261009T121014Z-d833d0,node_subsample_detailed,МР Мечетлинский,МР Нуримановский,0.015037593984962405,133
v5-20261009T121014Z-d833d0,node_subsample_detailed,МР Мечетлинский,МР Салаватский,0.031496062992125984,127
v5-20261009T121014Z-d833d0,node_subsample_detailed,МР Мечетлинский,МР Стерлибашевский,0.0,126
v5-20261009T121014Z-d833d0,node_subsample_detailed,МР Мечетлинский,МР Стерлитамакский,0.0,135
v5-20261009T121014Z-d833d0,node_subsample_detailed,МР Мечетлинский,МР Татышлинский,0.007692307692307693,130
v5-20261009T121014Z-d833d0,node_subsample_detailed,МР Мечетлинский,МР Туймазинский,0.0,135
v5-20261009T121014Z-d833d0,node_subsample_detailed,МР Мечетлинский,МР Уфимский,0.0,140
v5-20261009T121014Z-d833d0,node_subsample_detailed,МР Мечетлинский,МР Учалинский,0.0,125
v5-20261009T121014Z-d833d0,node_subsample_detailed,МР Мечетлинский,МР Федоровский,0.1893939393939394,132
v5-20261009T121014Z-d833d0,node_subsample_detailed,МР Мечетлинский,МР Хайбуллинский,0.007352941176470588,136
v5-20261009T121014Z-d833d0,node_subsample_detailed,МР Мечетлинский,МР Чекмагушевский,0.015037593984962405,133
v5-20261009T121014Z-d833d0,node_subsample_detailed,МР Мечетлинский,МР Чишминский,0.007518796992481203,133
v5-20261009T121014Z-d833d0,node_subsample_detailed,МР Мечетлинский,МР Шаранский,0.0,121
v5-20261009T121014Z-d833d0,node_subsample_detailed,МР Мечетлинский,МР Янаульский,0.0,131
v5-20261009T121014Z-d833d0,node_subsample_detailed,МР Мишкинский,МР Миякинский,0.0546875,128
v5-20261009T121014Z-d833d0,node_subsample_detailed,МР Мишкинский,МР Нуримановский,0.8043478260869565,138
v5-20261009T121014Z-d833d0,node_subsample_detailed,МР Мишкинский,МР Салаватский,0.2109375,128
v5-20261009T121014Z-d833d0,node_subsample_detailed,МР Мишкинский,МР Стерлибашевский,0.023622047244094488,127
v5-20261009T121014Z-d833d0,node_subsample_detailed,МР Мишкинский,МР Стерлитамакский,0.0,139
v5-20261009T121014Z-d833d0,node_subsample_detailed,МР Мишкинский,МР Татышлинский,0.04477611940298507,134
v5-20261009T121014Z-d833d0,node_subsample_detailed,МР Мишкинский,МР Туймазинский,0.014492753623188406,138
v5-20261009T121014Z-d833d0,node_subsample_detailed,МР Мишкинский,МР Уфимский,0.0,140
v5-20261009T121014Z-d833d0,node_subsample_detailed,МР Мишкинский,МР Учалинский,0.015625,128
v5-20261009T121014Z-d833d0,node_subsample_detailed,МР Мишкинский,МР Федоровский,0.06818181818181818,132
v5-20261009T121014Z-d833d0,node_subsample_detailed,МР Мишкинский,МР Хайбуллинский,0.007462686567164179,134
v5-20261009T121014Z-d833d0,node_subsample_detailed,МР Мишкинский,МР Чекмагушевский,0.014814814814814815,135
v5-20261009T121014Z-d833d0,node_subsample_detailed,МР Мишкинский,МР Чишминский,0.0364963503649635,137
v5-20261009T121014Z-d833d0,node_subsample_detailed,МР Мишкинский,МР Шаранский,0.128,125
v5-20261009T121014Z-d833d0,node_subsample_detailed,МР Мишкинский,МР Янаульский,0.022222222222222223,135
v5-20261009T121014Z-d833d0,node_subsample_detailed,МР Миякинский,МР Нуримановский,0.014814814814814815,135
v5-20261009T121014Z-d833d0,node_subsample_detailed,МР Миякинский,МР Салаватский,0.046153846153846156,130
v5-20261009T121014Z-d833d0,node_subsample_detailed,МР Миякинский,МР Стерлибашевский,0.336,125
v5-20261009T121014Z-d833d0,node_subsample_detailed,МР Миякинский,МР Стерлитамакский,0.007407407407407408,135
v5-20261009T121014Z-d833d0,node_subsample_detailed,МР Миякинский,МР Татышлинский,0.0,134
v5-20261009T121014Z-d833d0,node_subsample_detailed,МР Миякинский,МР Туймазинский,0.0,129
v5-20261009T121014Z-d833d0,node_subsample_detailed,МР Миякинский,МР Уфимский,0.007407407407407408,135
v5-20261009T121014Z-d833d0,node_subsample_detailed,МР Миякинский,МР Учалинский,0.008264462809917356,121
v5-20261009T121014Z-d833d0,node_subsample_detailed,МР Миякинский,МР Федоровский,0.2,130
v5-20261009T121014Z-d833d0,node_subsample_detailed,МР Миякинский,МР Хайбуллинский,0.0,132
v5-20261009T121014Z-d833d0,node_subsample_detailed,МР Миякинский,МР Чекмагушевский,0.1968503937007874,127
v5-20261009T121014Z-d833d0,node_subsample_detailed,МР Миякинский,МР Чишминский,0.007633587786259542,131
v5-20261009T121014Z-d833d0,node_subsample_detailed,МР Миякинский,МР Шаранский,0.04065040650406504,123
v5-20261009T121014Z-d833d0,node_subsample_detailed,МР Миякинский,МР Янаульский,0.12307692307692308,130
v5-20261009T121014Z-d833d0,node_subsample_detailed,МР Нуримановский,МР Салаватский,0.15555555555555556,135
v5-20261009T121014Z-d833d0,node_subsample_detailed,МР Нуримановский,МР Стерлибашевский,0.0,128
v5-20261009T121014Z-d833d0,node_subsample_detailed,МР Нуримановский,МР Стерлитамакский,0.0,141
v5-20261009T121014Z-d833d0,node_subsample_detailed,МР Нуримановский,МР Татышлинский,0.0,135
v5-20261009T121014Z-d833d0,node_subsample_detailed,МР Нуримановский,МР Туймазинский,0.0,140
v5-20261009T121014Z-d833d0,node_subsample_detailed,МР Нуримановский,МР Уфимский,0.04195804195804196,143
v5-20261009T121014Z-d833d0,node_subsample_detailed,МР Нуримановский,МР Учалинский,0.024390243902439025,123
v5-20261009T121014Z-d833d0,node_subsample_detailed,МР Нуримановский,МР Федоровский,0.045112781954887216,133
v5-20261009T121014Z-d833d0,node_subsample_detailed,МР Нуримановский,МР Хайбуллинский,0.0,140
v5-20261009T121014Z-d833d0,node_subsample_detailed,МР Нуримановский,МР Чекмагушевский,0.02158273381294964,139
v5-20261009T121014Z-d833d0,node_subsample_detailed,МР Нуримановский,МР Чишминский,0.08695652173913043,138
v5-20261009T121014Z-d833d0,node_subsample_detailed,МР Нуримановский,МР Шаранский,0.04,125
v5-20261009T121014Z-d833d0,node_subsample_detailed,МР Нуримановский,МР Янаульский,0.0,132
v5-20261009T121014Z-d833d0,node_subsample_detailed,МР Салаватский,МР Стерлибашевский,0.008333333333333333,120
v5-20261009T121014Z-d833d0,node_subsample_detailed,МР Салаватский,МР Стерлитамакский,0.0,132
v5-20261009T121014Z-d833d0,node_subsample_detailed,МР Салаватский,МР Татышлинский,0.25384615384615383,130
v5-20261009T121014Z-d833d0,node_subsample_detailed,МР Салаватский,МР Туймазинский,0.0,136
v5-20261009T121014Z-d833d0,node_subsample_detailed,МР Салаватский,МР Уфимский,0.0,130
v5-20261009T121014Z-d833d0,node_subsample_detailed,МР Салаватский,МР Учалинский,0.025423728813559324,118
v5-20261009T121014Z-d833d0,node_subsample_detailed,МР Салаватский,МР Федоровский,0.022900763358778626,131
v5-20261009T121014Z-d833d0,node_subsample_detailed,МР Салаватский,МР Хайбуллинский,0.5801526717557252,131
v5-20261009T121014Z-d833d0,node_subsample_detailed,МР Салаватский,МР Чекмагушевский,0.045454545454545456,132
v5-20261009T121014Z-d833d0,node_subsample_detailed,МР Салаватский,МР Чишминский,0.0,130
v5-20261009T121014Z-d833d0,node_subsample_detailed,МР Салаватский,МР Шаранский,0.0,121
v5-20261009T121014Z-d833d0,node_subsample_detailed,МР Салаватский,МР Янаульский,0.038461538461538464,130
v5-20261009T121014Z-d833d0,node_subsample_detailed,МР Стерлибашевский,МР Стерлитамакский,0.023622047244094488,127
v5-20261009T121014Z-d833d0,node_subsample_detailed,МР Стерлибашевский,МР Татышлинский,0.0,121
v5-20261009T121014Z-d833d0,node_subsample_detailed,МР Стерлибашевский,МР Туймазинский,0.0234375,128
v5-20261009T121014Z-d833d0,node_subsample_detailed,МР Стерлибашевский,МР Уфимский,0.007751937984496124,129
v5-20261009T121014Z-d833d0,node_subsample_detailed,МР Стерлибашевский,МР Учалинский,0.0,115
v5-20261009T121014Z-d833d0,node_subsample_detailed,МР Стерлибашевский,МР Федоровский,0.3333333333333333,123
v5-20261009T121014Z-d833d0,node_subsample_detailed,МР Стерлибашевский,МР Хайбуллинский,0.0,127
v5-20261009T121014Z-d833d0,node_subsample_detailed,МР Стерлибашевский,МР Чекмагушевский,0.6190476190476191,126
v5-20261009T121014Z-d833d0,node_subsample_detailed,МР Стерлибашевский,МР Чишминский,0.0,126
v5-20261009T121014Z-d833d0,node_subsample_detailed,МР Стерлибашевский,МР Шаранский,0.3392857142857143,112
v5-20261009T121014Z-d833d0,node_subsample_detailed,МР Стерлибашевский,МР Янаульский,0.024,125
v5-20261009T121014Z-d833d0,node_subsample_detailed,МР Стерлитамакский,МР Татышлинский,0.0,136
v5-20261009T121014Z-d833d0,node_subsample_detailed,МР Стерлитамакский,МР Туймазинский,0.03571428571428571,140
v5-20261009T121014Z-d833d0,node_subsample_detailed,МР Стерлитамакский,МР Уфимский,0.75177304964539,141
v5-20261009T121014Z-d833d0,node_subsample_detailed,МР Стерлитамакский,МР Учалинский,0.023809523809523808,126
v5-20261009T121014Z-d833d0,node_subsample_detailed,МР Стерлитамакский,МР Федоровский,0.05673758865248227,141
v5-20261009T121014Z-d833d0,node_subsample_detailed,МР Стерлитамакский,МР Хайбуллинский,0.0,138
v5-20261009T121014Z-d833d0,node_subsample_detailed,МР Стерлитамакский,МР Чекмагушевский,0.007194244604316547,139
v5-20261009T121014Z-d833d0,node_subsample_detailed,МР Стерлитамакский,МР Чишминский,0.2571428571428571,140
v5-20261009T121014Z-d833d0,node_subsample_detailed,МР Стерлитамакский,МР Шаранский,0.0,127
v5-20261009T121014Z-d833d0,node_subsample_detailed,МР Стерлитамакский,МР Янаульский,0.007407407407407408,135
v5-20261009T121014Z-d833d0,node_subsample_detailed,МР Татышлинский,МР Туймазинский,0.007518796992481203,133
v5-20261009T121014Z-d833d0,node_subsample_detailed,МР Татышлинский,МР Уфимский,0.0,134
v5-20261009T121014Z-d833d0,node_subsample_detailed,МР Татышлинский,МР Учалинский,0.048,125
v5-20261009T121014Z-d833d0,node_subsample_detailed,МР Татышлинский,МР Федоровский,0.0,133
v5-20261009T121014Z-d833d0,node_subsample_detailed,МР Татышлинский,МР Хайбуллинский,0.0,132
v5-20261009T121014Z-d833d0,node_subsample_detailed,МР Татышлинский,МР Чекмагушевский,0.015037593984962405,133
v5-20261009T121014Z-d833d0,node_subsample_detailed,МР Татышлинский,МР Чишминский,0.015037593984962405,133
v5-20261009T121014Z-d833d0,node_subsample_detailed,МР Татышлинский,МР Шаранский,0.0,128
v5-20261009T121014Z-d833d0,node_subsample_detailed,МР Татышлинский,МР Янаульский,0.17557251908396945,131
v5-20261009T121014Z-d833d0,node_subsample_detailed,МР Туймазинский,МР Уфимский,0.02127659574468085,141
v5-20261009T121014Z-d833d0,node_subsample_detailed,МР Туймазинский,МР Учалинский,0.753968253968254,126
v5-20261009T121014Z-d833d0,node_subsample_detailed,МР Туймазинский,МР Федоровский,0.02962962962962963,135
v5-20261009T121014Z-d833d0,node_subsample_detailed,МР Туймазинский,МР Хайбуллинский,0.007352941176470588,136
v5-20261009T121014Z-d833d0,node_subsample_detailed,МР Туймазинский,МР Чекмагушевский,0.0,137
v5-20261009T121014Z-d833d0,node_subsample_detailed,МР Туймазинский,МР Чишминский,0.13043478260869565,138
v5-20261009T121014Z-d833d0,node_subsample_detailed,МР Туймазинский,МР Шаранский,0.007692307692307693,130
v5-20261009T121014Z-d833d0,node_subsample_detailed,МР Туймазинский,МР Янаульский,0.4318181818181818,132
v5-20261009T121014Z-d833d0,node_subsample_detailed,МР Уфимский,МР Учалинский,0.03076923076923077,130
v5-20261009T121014Z-d833d0,node_subsample_detailed,МР Уфимский,МР Федоровский,0.014705882352941176,136
v5-20261009T121014Z-d833d0,node_subsample_detailed,МР Уфимский,МР Хайбуллинский,0.0,140
v5-20261009T121014Z-d833d0,node_subsample_detailed,МР Уфимский,МР Чекмагушевский,0.0,139
v5-20261009T121014Z-d833d0,node_subsample_detailed,МР Уфимский,МР Чишминский,0.4785714285714286,140
v5-20261009T121014Z-d833d0,node_subsample_detailed,МР Уфимский,МР Шаранский,0.0,128
v5-20261009T121014Z-d833d0,node_subsample_detailed,МР Уфимский,МР Янаульский,0.007462686567164179,134
v5-20261009T121014Z-d833d0,node_subsample_detailed,МР Учалинский,МР Федоровский,0.008064516129032258,124
v5-20261009T121014Z-d833d0,node_subsample_detailed,МР Учалинский,МР Хайбуллинский,0.0390625,128
v5-20261009T121014Z-d833d0,node_subsample_detailed,МР Учалинский,МР Чекмагушевский,0.0,121
v5-20261009T121014Z-d833d0,node_subsample_detailed,МР Учалинский,МР Чишминский,0.171875,128
v5-20261009T121014Z-d833d0,node_subsample_detailed,МР Учалинский,МР Шаранский,0.008547008547008548,117
v5-20261009T121014Z-d833d0,node_subsample_detailed,МР Учалинский,МР Янаульский,0.6147540983606558,122
v5-20261009T121014Z-d833d0,node_subsample_detailed,МР Федоровский,МР Хайбуллинский,0.0,134
v5-20261009T121014Z-d833d0,node_subsample_detailed,МР Федоровский,МР Чекмагушевский,0.46616541353383456,133
v5-20261009T121014Z-d833d0,node_subsample_detailed,МР Федоровский,МР Чишминский,0.050724637681159424,138
v5-20261009T121014Z-d833d0,node_subsample_detailed,МР Федоровский,МР Шаранский,0.4881889763779528,127
v5-20261009T121014Z-d833d0,node_subsample_detailed,МР Федоровский,МР Янаульский,0.007407407407407408,135
v5-20261009T121014Z-d833d0,node_subsample_detailed,МР Хайбуллинский,МР Чекмагушевский,0.0,135
v5-20261009T121014Z-d833d0,node_subsample_detailed,МР Хайбуллинский,МР Чишминский,0.0,136
v5-20261009T121014Z-d833d0,node_subsample_detailed,МР Хайбуллинский,МР Шаранский,0.0,126
v5-20261009T121014Z-d833d0,node_subsample_detailed,МР Хайбуллинский,МР Янаульский,0.0,133
v5-20261009T121014Z-d833d0,node_subsample_detailed,МР Чекмагушевский,МР Чишминский,0.007407407407407408,135
v5-20261009T121014Z-d833d0,node_subsample_detailed,МР Чекмагушевский,МР Шаранский,0.7398373983739838,123
v5-20261009T121014Z-d833d0,node_subsample_detailed,МР Чекмагушевский,МР Янаульский,0.0,131
v5-20261009T121014Z-d833d0,node_subsample_detailed,МР Чишминский,МР Шаранский,0.015873015873015872,126
v5-20261009T121014Z-d833d0,node_subsample_detailed,МР Чишминский,МР Янаульский,0.17266187050359713,139
v5-20261009T121014Z-d833d0,node_subsample_detailed,МР Шаранский,МР Янаульский,0.025210084033613446,119
