run_id,family,feature,indicator,method,period,r,n,n_missing,ci_lo,ci_hi,p_asym,p_perm,B,seed,p_spatial,r_partial_logpop,p_partial_logpop,r_without_ufa,q_bh,q_by,q_bh_spatial,ebh_reject_0.05,robust,n_units,n_obs,between,within,within_ci_lo,within_ci_hi,within_ci
v5-20261009T121014Z-d833d0,features_x_external[pearson],sber_spend_pc_log,ext_census_wage_main_share,pearson,static 2023-01…2024-12 (retrospective),0.8338619188987861,62.0,0.0,0.7533255662067235,0.8878716079404908,3.9996017841431596e-17,0.0001,9999.0,20261009.0,0.001,0.4372194609566731,0.001,0.815017278987652,0.0006214285714285715,0.004247986783703567,0.008847457627118643,False,True,,,,,,,
v5-20261009T121014Z-d833d0,features_x_external[spearman],sber_spend_pc_log,ext_census_wage_main_share,spearman,static 2023-01…2024-12 (retrospective),0.7413814812016821,62.0,0.0,0.5719490101684165,0.8508093389138217,5.521440429681695e-12,0.0001,9999.0,20261009.0,0.001,0.43053561985344113,0.001,0.7284505552617662,0.0005612903225806452,0.0038368912885064473,0.007565217391304348,False,True,,,,,,,
v5-20261009T121014Z-d833d0,features_x_external[pearson],sber_spend_pc_log,ext_census_pension_benefit_main_share,pearson,static 2023-01…2024-12 (retrospective),-0.7467425222265381,62.0,0.0,-0.8461145256196231,-0.5989739470614593,3.2079230027223678e-12,0.0001,9999.0,20261009.0,0.001,-0.33539157143944476,0.007,-0.7208649204311716,0.0006214285714285715,0.004247986783703567,0.008847457627118643,False,True,,,,,,,
v5-20261009T121014Z-d833d0,features_x_external[spearman],sber_spend_pc_log,ext_census_pension_benefit_main_share,spearman,static 2023-01…2024-12 (retrospective),-0.6819521039510463,62.0,0.0,-0.8147044956086626,-0.47153392814820366,1.0441442496204717e-09,0.0001,9999.0,20261009.0,0.001,-0.34169373725164315,0.007,-0.6660497091485985,0.0005612903225806452,0.0038368912885064473,0.007565217391304348,False,True,,,,,,,
v5-20261009T121014Z-d833d0,features_x_external[pearson],sber_spend_pc_log,ext_census_dependent_main_share,pearson,static 2023-01…2024-12 (retrospective),0.11077530650333225,62.0,0.0,-0.13616135186799166,0.37140044706085085,0.3913692497013157,0.3981,9999.0,20261009.0,0.396,0.12318331361349036,0.336,0.1494639868581507,0.5314787723785167,1.0,0.5678901098901099,False,False,,,,,,,
v5-20261009T121014Z-d833d0,features_x_external[spearman],sber_spend_pc_log,ext_census_dependent_main_share,spearman,static 2023-01…2024-12 (retrospective),0.14028858502681876,62.0,0.0,-0.11904837878892754,0.39223755718271175,0.2767973196636226,0.2745,9999.0,20261009.0,0.249,0.164161063685125,0.183,0.1672659968270756,0.398025,1.0,0.3962168674698795,False,False,,,,,,,
v5-20261009T121014Z-d833d0,features_x_external[pearson],sber_spend_pc_log,ext_census_business_main_share,pearson,static 2023-01…2024-12 (retrospective),-0.3761212977754738,62.0,0.0,-0.5645800623670862,-0.17400418030554335,0.0025886558269290452,0.0022,9999.0,20261009.0,0.01,-0.14790182309799146,0.251,-0.36184570854129855,0.008030769230769232,0.054897059974015325,0.03575342465753425,False,False,,,,,,,
v5-20261009T121014Z-d833d0,features_x_external[spearman],sber_spend_pc_log,ext_census_business_main_share,spearman,static 2023-01…2024-12 (retrospective),-0.33836972123592957,62.0,0.0,-0.5694876233068172,-0.07916205033537786,0.007146234432622004,0.0076,9999.0,20261009.0,0.016,-0.1338923723905215,0.293,-0.32062400846113165,0.020449484536082477,0.13978942075857512,0.043500000000000004,False,False,,,,,,,
v5-20261009T121014Z-d833d0,features_x_external[pearson],sber_spend_pc_log,ext_census_subsistence_main_share,pearson,static 2023-01…2024-12 (retrospective),-0.6511109786386553,62.0,0.0,-0.7629240139124155,-0.5376121382472699,1.0051859782806314e-08,0.0001,9999.0,20261009.0,0.001,-0.383980719157374,0.001,-0.6476717679176246,0.0006214285714285715,0.004247986783703567,0.008847457627118643,False,True,,,,,,,
v5-20261009T121014Z-d833d0,features_x_external[spearman],sber_spend_pc_log,ext_census_subsistence_main_share,spearman,static 2023-01…2024-12 (retrospective),-0.7130266173100652,62.0,0.0,-0.826158951663706,-0.5401566717323787,7.935705427476843e-11,0.0001,9999.0,20261009.0,0.001,-0.4222759436931833,0.002,-0.7026969857218403,0.0005612903225806452,0.0038368912885064473,0.007565217391304348,False,True,,,,,,,
v5-20261009T121014Z-d833d0,features_x_external[pearson],sber_spend_pc_log,ext_census_higher_edu_share,pearson,static 2023-01…2024-12 (retrospective),0.6651723389045521,62.0,0.0,0.5211374815952543,0.7780949414722224,3.6991789521403837e-09,0.0001,9999.0,20261009.0,0.001,0.06801319177550862,0.598,0.6326120115612033,0.0006214285714285715,0.004247986783703567,0.008847457627118643,False,True,,,,,,,
v5-20261009T121014Z-d833d0,features_x_external[spearman],sber_spend_pc_log,ext_census_higher_edu_share,spearman,static 2023-01…2024-12 (retrospective),0.5186724081488756,62.0,0.0,0.2816564610612578,0.7010040706385108,1.5702273857095987e-05,0.0001,9999.0,20261009.0,0.002,0.07300244264813276,0.574,0.49460602855631935,0.0005612903225806452,0.0038368912885064473,0.010989473684210526,False,True,,,,,,,
v5-20261009T121014Z-d833d0,features_x_external[pearson],sber_spend_pc_log,ext_market_access_sber,pearson,static 2023-01…2024-12 (retrospective),0.3272588442209028,62.0,0.0,0.07422752728909687,0.5034099206756881,0.009422900963679738,0.003,9999.0,20261009.0,0.01,0.21510617126338427,0.091,0.32078754864114994,0.01016883116883117,0.06951251100605836,0.03575342465753425,False,False,,,,,,,
v5-20261009T121014Z-d833d0,features_x_external[spearman],sber_spend_pc_log,ext_market_access_sber,spearman,static 2023-01…2024-12 (retrospective),0.12586567292904388,62.0,0.0,-0.15628584748831864,0.3854516007553673,0.3296685390964565,0.3264,9999.0,20261009.0,0.318,-0.1800760494573292,0.152,0.08236818457760936,0.4555636363636364,1.0,0.4627146814404432,False,False,,,,,,,
v5-20261009T121014Z-d833d0,features_x_external[pearson],sber_spend_pc_log,ext_wage_large_medium_orgs_v4,pearson,static 2023-01…2024-12 (retrospective),0.6425873506830414,62.0,0.0,0.47028800098985724,0.7699218078766802,1.7972734656275644e-08,0.0001,9999.0,20261009.0,0.001,0.280713602168517,0.017,0.5995939678633838,0.0006214285714285715,0.004247986783703567,0.008847457627118643,False,True,,,,,,,
v5-20261009T121014Z-d833d0,features_x_external[spearman],sber_spend_pc_log,ext_wage_large_medium_orgs_v4,spearman,static 2023-01…2024-12 (retrospective),0.5488907355644532,62.0,0.0,0.32850439820255395,0.7205037688318079,3.8517444160297335e-06,0.0001,9999.0,20261009.0,0.001,0.2474125557150412,0.05,0.526388154415653,0.0005612903225806452,0.0038368912885064473,0.007565217391304348,False,True,,,,,,,
v5-20261009T121014Z-d833d0,features_x_external[pearson],sber_spend_pc_log,ext_emp_share_budget_sector_v4,pearson,static 2023-01…2024-12 (retrospective),-0.6942940615621122,61.0,1.0,-0.7983167442609777,-0.5616515443468547,5.462789813789268e-10,0.0001,9999.0,20261009.0,0.001,-0.36436497968627213,0.002,-0.6862726674498928,0.0006214285714285715,0.004247986783703567,0.008847457627118643,False,True,,,,,,,
v5-20261009T121014Z-d833d0,features_x_external[spearman],sber_spend_pc_log,ext_emp_share_budget_sector_v4,spearman,static 2023-01…2024-12 (retrospective),-0.6400317292437863,61.0,1.0,-0.7750329109208266,-0.4371572351275011,2.7968915342548247e-08,0.0001,9999.0,20261009.0,0.001,-0.30793231094658907,0.013,-0.624784662406224,0.0005612903225806452,0.0038368912885064473,0.007565217391304348,False,True,,,,,,,
v5-20261009T121014Z-d833d0,features_x_external[pearson],sber_spend_pc_log,ext_emp_share_industry_v4,pearson,static 2023-01…2024-12 (retrospective),0.6085154606301918,61.0,1.0,0.41341090025335553,0.7858022678382294,1.9662722876706418e-07,0.0001,9999.0,20261009.0,0.002,0.35104290413797806,0.008,0.6164037973503811,0.0006214285714285715,0.004247986783703567,0.0116,False,True,,,,,,,
v5-20261009T121014Z-d833d0,features_x_external[spearman],sber_spend_pc_log,ext_emp_share_industry_v4,spearman,static 2023-01…2024-12 (retrospective),0.5799883661397379,61.0,1.0,0.37703735717292974,0.7329155272114336,9.65306044697674e-07,0.0001,9999.0,20261009.0,0.002,0.41523003701745104,0.004,0.5725241756090227,0.0005612903225806452,0.0038368912885064473,0.010989473684210526,False,True,,,,,,,
v5-20261009T121014Z-d833d0,features_x_external[pearson],sber_spend_pc_log,ext_emp_share_agri_v4,pearson,static 2023-01…2024-12 (retrospective),-0.1662817703042968,61.0,1.0,-0.39140208545608624,0.1002449983890133,0.20027354999151104,0.2056,9999.0,20261009.0,0.29,-0.09117357538350222,0.472,-0.14643404575223676,0.34070857142857147,1.0,0.4532335329341317,False,False,,,,,,,
v5-20261009T121014Z-d833d0,features_x_external[spearman],sber_spend_pc_log,ext_emp_share_agri_v4,spearman,static 2023-01…2024-12 (retrospective),-0.12408521505505693,61.0,1.0,-0.3789277728534931,0.131737531280784,0.3407035327721956,0.3465,9999.0,20261009.0,0.439,-0.0731887890005288,0.572,-0.10854516083615029,0.47960476190476187,1.0,0.5845867346938776,False,False,,,,,,,
v5-20261009T121014Z-d833d0,features_x_external[pearson],sber_spend_pc_log,ext_equalization_grants_pc_v4,pearson,static 2023-01…2024-12 (retrospective),-0.792450338300532,62.0,0.0,-0.881847744891206,-0.6807640279781499,1.679188696621832e-14,0.0001,9999.0,20261009.0,0.001,-0.22518371757111083,0.081,-0.7721198794053499,0.0006214285714285715,0.004247986783703567,0.008847457627118643,False,True,,,,,,,
v5-20261009T121014Z-d833d0,features_x_external[spearman],sber_spend_pc_log,ext_equalization_grants_pc_v4,spearman,static 2023-01…2024-12 (retrospective),-0.717408274785324,62.0,0.0,-0.8294375519081365,-0.5415755171057854,5.3690732551464163e-11,0.0001,9999.0,20261009.0,0.001,-0.23205157261212261,0.069,-0.7032786885245901,0.0005612903225806452,0.0038368912885064473,0.007565217391304348,False,True,,,,,,,
v5-20261009T121014Z-d833d0,features_x_external[pearson],sber_spend_pc_log,ext_urban_share_v4,pearson,static 2023-01…2024-12 (retrospective),0.7463411626118582,62.0,0.0,0.5577301301286377,0.8882577968491,3.342583187071174e-12,0.0001,9999.0,20261009.0,0.001,0.38133147431096087,0.002,0.7270156012605892,0.0006214285714285715,0.004247986783703567,0.008847457627118643,False,True,,,,,,,
v5-20261009T121014Z-d833d0,features_x_external[spearman],sber_spend_pc_log,ext_urban_share_v4,spearman,static 2023-01…2024-12 (retrospective),0.6869869044328676,62.0,0.0,0.5220098550640729,0.8127045237238927,7.027658557949361e-10,0.0001,9999.0,20261009.0,0.001,0.45783284228551285,0.002,0.6727339500285441,0.0005612903225806452,0.0038368912885064473,0.007565217391304348,False,True,,,,,,,
v5-20261009T121014Z-d833d0,features_x_external[pearson],sber_spend_pc_log,ext_log_density_v4,pearson,static 2023-01…2024-12 (retrospective),0.6842393000686192,62.0,0.0,0.5325664034688179,0.7969961172085646,8.731132884086532e-10,0.0001,9999.0,20261009.0,0.001,0.1044431745369201,0.422,0.6465468466587868,0.0006214285714285715,0.004247986783703567,0.008847457627118643,False,True,,,,,,,
v5-20261009T121014Z-d833d0,features_x_external[spearman],sber_spend_pc_log,ext_log_density_v4,spearman,static 2023-01…2024-12 (retrospective),0.5842965425197049,62.0,0.0,0.35578971699383083,0.7298614559852727,6.171666351315389e-07,0.0001,9999.0,20261009.0,0.001,-0.09460854675027071,0.46,0.5637228979375991,0.0005612903225806452,0.0038368912885064473,0.007565217391304348,False,False,,,,,,,
v5-20261009T121014Z-d833d0,features_x_external[pearson],sber_spend_pc_log,ext_employees_per_1000_v4,pearson,static 2023-01…2024-12 (retrospective),0.5457315073129937,61.0,1.0,0.3026510535500674,0.7353702571389116,5.400353729990112e-06,0.0001,9999.0,20261009.0,0.002,0.09614675635933499,0.467,0.4870290548588981,0.0006214285714285715,0.004247986783703567,0.0116,False,True,,,,,,,
v5-20261009T121014Z-d833d0,features_x_external[spearman],sber_spend_pc_log,ext_employees_per_1000_v4,spearman,static 2023-01…2024-12 (retrospective),0.4461660497091486,61.0,1.0,0.19463794376712787,0.64373336431101,0.0003134887967517316,0.0004,9999.0,20261009.0,0.008,0.14442094130089897,0.266,0.4180050013892749,0.0016571428571428575,0.011327964756542845,0.026941935483870968,False,True,,,,,,,
v5-20261009T121014Z-d833d0,features_x_external[pearson],sber_spend_pc_log,ext_msp2026_per_1000,pearson,static 2023-01…2024-12 (retrospective),0.5789113328751171,62.0,0.0,0.3805553510404655,0.7248039084103215,8.268446561315407e-07,0.0001,9999.0,20261009.0,0.002,0.1400791066262303,0.284,0.5209961224818536,0.0006214285714285715,0.004247986783703567,0.0116,False,True,,,,,,,
v5-20261009T121014Z-d833d0,features_x_external[spearman],sber_spend_pc_log,ext_msp2026_per_1000,spearman,static 2023-01…2024-12 (retrospective),0.45742993125330517,62.0,0.0,0.21332100964362116,0.6565219120818715,0.00018563101857529369,0.0002,9999.0,20261009.0,0.008,0.03759663569288107,0.763,0.4303543098889476,0.0009490909090909091,0.006487834360565446,0.026941935483870968,False,True,,,,,,,
v5-20261009T121014Z-d833d0,features_x_external[pearson],sber_spend_pc_log,msp_lq_agri,pearson,static 2023-01…2024-12 (retrospective),-0.7653257576579698,62.0,0.0,-0.8478993515846834,-0.653482619827757,4.376148512433065e-13,0.0001,9999.0,20261009.0,0.001,-0.41653902288262146,0.001,-0.7533782840832857,0.0006214285714285715,0.004247986783703567,0.008847457627118643,False,True,,,,,,,
v5-20261009T121014Z-d833d0,features_x_external[spearman],sber_spend_pc_log,msp_lq_agri,spearman,static 2023-01…2024-12 (retrospective),-0.7049180327868854,62.0,0.0,-0.8162312711472567,-0.5259424076139853,1.6049790431346955e-10,0.0001,9999.0,20261009.0,0.001,-0.3716602452720909,0.004,-0.6902696985721839,0.0005612903225806452,0.0038368912885064473,0.007565217391304348,False,True,,,,,,,
v5-20261009T121014Z-d833d0,features_x_external[pearson],sber_spend_pc_log,msp_lq_business_services,pearson,static 2023-01…2024-12 (retrospective),0.705202763353607,62.0,0.0,0.5206932678362525,0.8310397138292869,1.5663990308716743e-10,0.0001,9999.0,20261009.0,0.001,0.24920561475730066,0.046,0.6681523681457955,0.0006214285714285715,0.004247986783703567,0.008847457627118643,False,True,,,,,,,
v5-20261009T121014Z-d833d0,features_x_external[spearman],sber_spend_pc_log,msp_lq_business_services,spearman,static 2023-01…2024-12 (retrospective),0.5907934829140541,62.0,0.0,0.3570254466628762,0.7551030467714491,4.3060681196052053e-07,0.0001,9999.0,20261009.0,0.001,0.21583440356576264,0.072,0.5703331570597567,0.0005612903225806452,0.0038368912885064473,0.007565217391304348,False,True,,,,,,,
v5-20261009T121014Z-d833d0,features_x_external[pearson],sber_spend_pc_log,msp_lq_construction,pearson,static 2023-01…2024-12 (retrospective),0.2605116705541428,62.0,0.0,0.005788435404851315,0.47918103977840276,0.04085649757201572,0.0434,9999.0,20261009.0,0.114,-0.04507854786924702,0.716,0.22191258988951237,0.09558987341772153,0.6534371569058954,0.2262661596958175,False,False,,,,,,,
v5-20261009T121014Z-d833d0,features_x_external[spearman],sber_spend_pc_log,msp_lq_construction,spearman,static 2023-01…2024-12 (retrospective),0.20928709929238754,62.0,0.0,-0.057880280846105615,0.4512310274493063,0.10256864795959901,0.1099,9999.0,20261009.0,0.234,-0.045856311853138924,0.736,0.17731359069275515,0.1899596026490066,1.0,0.3746871165644172,False,False,,,,,,,
v5-20261009T121014Z-d833d0,features_x_external[pearson],sber_spend_pc_log,msp_lq_consumer_services,pearson,static 2023-01…2024-12 (retrospective),0.47360494356292865,62.0,0.0,0.2975478855756036,0.6396060416720621,0.00010111795462047439,0.0003,9999.0,20261009.0,0.001,0.33469480219782033,0.01,0.49635322728247294,0.0015057692307692307,0.01029319874512787,0.008847457627118643,False,True,,,,,,,
v5-20261009T121014Z-d833d0,features_x_external[spearman],sber_spend_pc_log,msp_lq_consumer_services,spearman,static 2023-01…2024-12 (retrospective),0.5136360202462794,62.0,0.0,0.32119117557150173,0.6645000792294826,1.9593501738410995e-05,0.0001,9999.0,20261009.0,0.001,0.35106141875047214,0.008,0.5268112109994711,0.0005612903225806452,0.0038368912885064473,0.007565217391304348,False,True,,,,,,,
v5-20261009T121014Z-d833d0,features_x_external[pearson],sber_spend_pc_log,msp_lq_industry,pearson,static 2023-01…2024-12 (retrospective),0.2433364026547296,62.0,0.0,0.025071148190175682,0.44528917473533397,0.05667695168029819,0.052,9999.0,20261009.0,0.101,0.3105864313473156,0.014,0.27526801771268455,0.11216528925619836,0.7667440607940983,0.20838735177865614,False,False,,,,,,,
v5-20261009T121014Z-d833d0,features_x_external[spearman],sber_spend_pc_log,msp_lq_industry,spearman,static 2023-01…2024-12 (retrospective),0.21356802900959432,62.0,0.0,-0.04939525414037566,0.4484889050138477,0.09557330203428903,0.0915,9999.0,20261009.0,0.166,0.3139936037873637,0.015,0.23670015864621888,0.1675894736842105,1.0,0.28225407166123784,False,False,,,,,,,
v5-20261009T121014Z-d833d0,features_x_external[pearson],sber_spend_pc_log,msp_lq_social,pearson,static 2023-01…2024-12 (retrospective),0.5086976942307272,62.0,0.0,0.3256690420952421,0.6700462580633707,2.4261774061795232e-05,0.0001,9999.0,20261009.0,0.001,0.26597820313045106,0.042,0.49427751699297967,0.0006214285714285715,0.004247986783703567,0.008847457627118643,False,True,,,,,,,
v5-20261009T121014Z-d833d0,features_x_external[spearman],sber_spend_pc_log,msp_lq_social,spearman,static 2023-01…2024-12 (retrospective),0.4833169650726499,62.0,0.0,0.2606029642703843,0.6547625418872367,6.917882912742802e-05,0.0002,9999.0,20261009.0,0.001,0.3164614338596359,0.017,0.4651507139079851,0.0009490909090909091,0.006487834360565446,0.007565217391304348,False,True,,,,,,,
v5-20261009T121014Z-d833d0,features_x_external[pearson],sber_spend_pc_log,msp_lq_trade,pearson,static 2023-01…2024-12 (retrospective),0.21709104375572594,62.0,0.0,-0.024545301691328056,0.4379061353071608,0.09010057752129476,0.0876,9999.0,20261009.0,0.141,0.11170576728577511,0.378,0.25759925039295734,0.17386768060836502,1.0,0.26380645161290317,False,False,,,,,,,
v5-20261009T121014Z-d833d0,features_x_external[spearman],sber_spend_pc_log,msp_lq_trade,spearman,static 2023-01…2024-12 (retrospective),0.2324544836443303,62.0,0.0,-0.03270814813608748,0.4666230708928858,0.06905007941732895,0.0694,9999.0,20261009.0,0.154,0.06786532698748457,0.599,0.26652564780539395,0.13417333333333334,0.9171875464547522,0.2661854304635761,False,False,,,,,,,
v5-20261009T121014Z-d833d0,features_x_external[pearson],sber_spend_pc_log,msp_lq_transport,pearson,static 2023-01…2024-12 (retrospective),-0.18673891883721006,62.0,0.0,-0.4000403322650481,0.04919013956298134,0.14614658908424746,0.1477,9999.0,20261009.0,0.242,-0.09265447328392405,0.508,-0.16684588853323265,0.2640286689419795,1.0,0.403591054313099,False,False,,,,,,,
v5-20261009T121014Z-d833d0,features_x_external[spearman],sber_spend_pc_log,msp_lq_transport,spearman,static 2023-01…2024-12 (retrospective),-0.2112009266953741,62.0,0.0,-0.43695346005581676,0.04647753002422235,0.09939378052022714,0.0988,9999.0,20261009.0,0.193,-0.08826269799299942,0.506,-0.19016393442622948,0.17776701030927836,1.0,0.3208471337579618,False,False,,,,,,,
v5-20261009T121014Z-d833d0,features_x_external[pearson],sber_spend_pc_log,ext_msp2026_eci,pearson,static 2023-01…2024-12 (retrospective),0.5975835368644568,62.0,0.0,0.3786303165375338,0.749265237523164,2.930938012333322e-07,0.0001,9999.0,20261009.0,0.001,0.15480590308721853,0.24,0.5447125684436531,0.0006214285714285715,0.004247986783703567,0.008847457627118643,False,True,,,,,,,
v5-20261009T121014Z-d833d0,features_x_external[spearman],sber_spend_pc_log,ext_msp2026_eci,spearman,static 2023-01…2024-12 (retrospective),0.48907076318705694,62.0,0.0,0.25595196355343985,0.6774234070629419,5.4946647166191925e-05,0.0001,9999.0,20261009.0,0.002,0.18057968824758883,0.165,0.46352362585283025,0.0005612903225806452,0.0038368912885064473,0.010989473684210526,False,True,,,,,,,
v5-20261009T121014Z-d833d0,features_x_external[pearson],sber_spend_pc_log,ext_msp2026_diversity,pearson,static 2023-01…2024-12 (retrospective),0.6551372201626083,62.0,0.0,0.4880781023158092,0.7793546597539438,7.590248701752465e-09,0.0001,9999.0,20261009.0,0.001,0.22005988370233556,0.107,0.623423413219788,0.0006214285714285715,0.004247986783703567,0.008847457627118643,False,True,,,,,,,
v5-20261009T121014Z-d833d0,features_x_external[spearman],sber_spend_pc_log,ext_msp2026_diversity,spearman,static 2023-01…2024-12 (retrospective),0.5540092242381384,62.0,0.0,0.3239125155070773,0.7260911806519307,2.9943396748273572e-06,0.0001,9999.0,20261009.0,0.001,0.2555715041172471,0.062,0.5319541389314066,0.0005612903225806452,0.0038368912885064473,0.007565217391304348,False,True,,,,,,,
v5-20261009T121014Z-d833d0,features_x_external[pearson],sber_spend_pc_log,ext_old_age_ratio_65_per100_20_64,pearson,static 2023-01…2024-12 (retrospective),-0.35627559857966223,62.0,0.0,-0.5831475615164372,-0.09974163379335006,0.004481298356074551,0.0052,9999.0,20261009.0,0.059,-0.22676119483455254,0.073,-0.34361511834014313,0.01596705882352941,0.10914827218363045,0.13627433628318583,False,False,,,,,,,
v5-20261009T121014Z-d833d0,features_x_external[spearman],sber_spend_pc_log,ext_old_age_ratio_65_per100_20_64,spearman,static 2023-01…2024-12 (retrospective),-0.4408098511747375,62.0,0.0,-0.6563737965077562,-0.15995075817832477,0.00033604161414992653,0.0009,9999.0,20261009.0,0.008,-0.31449724257762335,0.01,-0.4279217345319936,0.00324,0.022148124196413075,0.026941935483870968,False,True,,,,,,,
v5-20261009T121014Z-d833d0,features_x_external[pearson],sber_spend_pc_log,ext_youth_ratio_0_19_per100_20_64,pearson,static 2023-01…2024-12 (retrospective),-0.07266682917457114,62.0,0.0,-0.2735975775093951,0.1880368353267057,0.5746082756520686,0.5818,9999.0,20261009.0,0.641,0.054679937478466265,0.678,-0.04631913802498104,0.7062781395348837,1.0,0.7651232876712329,False,False,,,,,,,
v5-20261009T121014Z-d833d0,features_x_external[spearman],sber_spend_pc_log,ext_youth_ratio_0_19_per100_20_64,spearman,static 2023-01…2024-12 (retrospective),0.11057389640150085,62.0,0.0,-0.1480414934986194,0.3840841746772201,0.3922363433389994,0.3911,9999.0,20261009.0,0.45,0.20324343380927198,0.122,0.14325753569539923,0.5261492307692307,1.0,0.5960050632911392,False,False,,,,,,,
v5-20261009T121014Z-d833d0,features_x_external[pearson],sber_spend_pc_log,ext_balance_residual_share_2024,pearson,static 2023-01…2024-12 (retrospective),0.0146432242957098,62.0,0.0,-0.23042341424796892,0.27000858133607036,0.910061959260246,0.9127,9999.0,20261009.0,0.909,-0.07985604258677481,0.555,-0.012653608147573022,0.9501852882703776,1.0,0.9489960000000001,False,False,,,,,,,
v5-20261009T121014Z-d833d0,features_x_external[spearman],sber_spend_pc_log,ext_balance_residual_share_2024,spearman,static 2023-01…2024-12 (retrospective),-0.0285311374682078,62.0,0.0,-0.29989183651431384,0.2485792856173194,0.8257720677003298,0.828,9999.0,20261009.0,0.815,-0.06887260456800384,0.629,-0.05774722369116868,0.9023298538622129,1.0,0.8994291754756871,False,False,,,,,,,
v5-20261009T121014Z-d833d0,features_x_external[pearson],sber_rel_trend,ext_census_wage_main_share,pearson,static 2023-01…2024-12 (retrospective),0.5540919924930857,62.0,0.0,0.43046003766271057,0.6628945453542661,2.9820697605944932e-06,0.0001,9999.0,20261009.0,0.001,0.1926867399972932,0.137,0.5590086351348719,0.0006214285714285715,0.004247986783703567,0.008847457627118643,False,True,,,,,,,
v5-20261009T121014Z-d833d0,features_x_external[spearman],sber_rel_trend,ext_census_wage_main_share,spearman,static 2023-01…2024-12 (retrospective),0.5933116768653522,62.0,0.0,0.3835042808361458,0.7245953297567934,3.7373708611752177e-07,0.0001,9999.0,20261009.0,0.001,0.16350633325778752,0.207,0.5868852459016394,0.0005612903225806452,0.0038368912885064473,0.007565217391304348,False,True,,,,,,,
v5-20261009T121014Z-d833d0,features_x_external[pearson],sber_rel_trend,ext_census_pension_benefit_main_share,pearson,static 2023-01…2024-12 (retrospective),-0.712396412542271,62.0,0.0,-0.8136452757251724,-0.5864286424101985,8.389445032089172e-11,0.0001,9999.0,20261009.0,0.001,-0.5350017715772479,0.001,-0.7199388549540989,0.0006214285714285715,0.004247986783703567,0.008847457627118643,False,True,,,,,,,
v5-20261009T121014Z-d833d0,features_x_external[spearman],sber_rel_trend,ext_census_pension_benefit_main_share,spearman,static 2023-01…2024-12 (retrospective),-0.7334743521946061,62.0,0.0,-0.8395508896091571,-0.5767804203532768,1.2009806587379378e-11,0.0001,9999.0,20261009.0,0.001,-0.464380146558888,0.001,-0.7344262295081966,0.0005612903225806452,0.0038368912885064473,0.007565217391304348,False,True,,,,,,,
v5-20261009T121014Z-d833d0,features_x_external[pearson],sber_rel_trend,ext_census_dependent_main_share,pearson,static 2023-01…2024-12 (retrospective),0.3763417530871498,62.0,0.0,0.15222064506058222,0.5726255208153788,0.002572428011764301,0.0017,9999.0,20261009.0,0.004,0.41842755204661686,0.002,0.39024871188454385,0.006573333333333333,0.04493426020095327,0.01933333333333333,False,True,,,,,,,
v5-20261009T121014Z-d833d0,features_x_external[spearman],sber_rel_trend,ext_census_dependent_main_share,spearman,static 2023-01…2024-12 (retrospective),0.388985419657022,62.0,0.0,0.1502251251680922,0.5829178747667627,0.0017805054075638403,0.001,9999.0,20261009.0,0.003,0.45032862431064435,0.002,0.40444209413008986,0.003551020408163265,0.024274210192591805,0.013982142857142858,False,True,,,,,,,
v5-20261009T121014Z-d833d0,features_x_external[pearson],sber_rel_trend,ext_census_business_main_share,pearson,static 2023-01…2024-12 (retrospective),-0.20272708093465597,62.0,0.0,-0.4387838958190005,0.03711634768232782,0.1140504280358736,0.1155,9999.0,20261009.0,0.136,-0.0036081098056284797,0.972,-0.1939845537777543,0.21604483985765124,1.0,0.25628880866425996,False,False,,,,,,,
v5-20261009T121014Z-d833d0,features_x_external[spearman],sber_rel_trend,ext_census_business_main_share,spearman,static 2023-01…2024-12 (retrospective),-0.16209614464506056,62.0,0.0,-0.39334605570860226,0.08766722889988424,0.20813329385734283,0.2108,9999.0,20261009.0,0.219,0.10745133590189115,0.405,-0.15145425700687465,0.32945389221556887,1.0,0.3550248447204969,False,False,,,,,,,
v5-20261009T121014Z-d833d0,features_x_external[pearson],sber_rel_trend,ext_census_subsistence_main_share,pearson,static 2023-01…2024-12 (retrospective),-0.4105954847734964,62.0,0.0,-0.6414463369088543,-0.16450753650350883,0.0009173696462219006,0.0018,9999.0,20261009.0,0.005,-0.13386239210427456,0.317,-0.40318540756858456,0.006858394160583941,0.046882890634743005,0.02309734513274336,False,True,,,,,,,
v5-20261009T121014Z-d833d0,features_x_external[spearman],sber_rel_trend,ext_census_subsistence_main_share,spearman,static 2023-01…2024-12 (retrospective),-0.49454811009543953,62.0,0.0,-0.6986145035580038,-0.24915830656341592,4.395823137578633e-05,0.0003,9999.0,20261009.0,0.001,-0.14849789730805069,0.247,-0.4869910100475937,0.0013159663865546219,0.008995736718431081,0.007565217391304348,False,True,,,,,,,
v5-20261009T121014Z-d833d0,features_x_external[pearson],sber_rel_trend,ext_census_higher_edu_share,pearson,static 2023-01…2024-12 (retrospective),0.49404937917240704,62.0,0.0,0.36332095769096634,0.631628502696088,4.48674971694299e-05,0.0003,9999.0,20261009.0,0.01,0.13036997581367757,0.321,0.5448769338479742,0.0015057692307692307,0.01029319874512787,0.03575342465753425,False,True,,,,,,,
v5-20261009T121014Z-d833d0,features_x_external[spearman],sber_rel_trend,ext_census_higher_edu_share,spearman,static 2023-01…2024-12 (retrospective),0.5925562186799628,62.0,0.0,0.41414168511012867,0.7209972862640225,3.900098269302843e-07,0.0001,9999.0,20261009.0,0.002,0.13474855833396288,0.305,0.5877313590692754,0.0005612903225806452,0.0038368912885064473,0.010989473684210526,False,True,,,,,,,
v5-20261009T121014Z-d833d0,features_x_external[pearson],sber_rel_trend,ext_market_access_sber,pearson,static 2023-01…2024-12 (retrospective),0.2297113186223577,62.0,0.0,-0.17564179738039498,0.41044311504156067,0.07248814280172405,0.0712,9999.0,20261009.0,0.059,0.10785617489330114,0.372,0.22411938355518207,0.1463244094488189,1.0,0.13627433628318583,False,False,,,,,,,
v5-20261009T121014Z-d833d0,features_x_external[spearman],sber_rel_trend,ext_market_access_sber,spearman,static 2023-01…2024-12 (retrospective),-0.023798131436163758,62.0,0.0,-0.2981002350421926,0.24497877479365363,0.854327952349254,0.8524,9999.0,20261009.0,0.875,-0.19911359572914306,0.104,-0.04664445508664619,0.9162811475409837,1.0,0.9351165644171779,False,False,,,,,,,
v5-20261009T121014Z-d833d0,features_x_external[pearson],sber_rel_trend,ext_wage_large_medium_orgs_v4,pearson,static 2023-01…2024-12 (retrospective),0.4917938175290978,62.0,0.0,0.29841884962638515,0.6498082405114174,4.920092852950922e-05,0.0001,9999.0,20261009.0,0.001,0.2225799302325163,0.083,0.49171681770087544,0.0006214285714285715,0.004247986783703567,0.008847457627118643,False,True,,,,,,,
v5-20261009T121014Z-d833d0,features_x_external[spearman],sber_rel_trend,ext_wage_large_medium_orgs_v4,spearman,static 2023-01…2024-12 (retrospective),0.4832666011936239,62.0,0.0,0.24767316348972168,0.6756661638559629,6.931718966581992e-05,0.0001,9999.0,20261009.0,0.001,0.21346730125154242,0.1,0.47281861448968787,0.0005612903225806452,0.0038368912885064473,0.007565217391304348,False,True,,,,,,,
v5-20261009T121014Z-d833d0,features_x_external[pearson],sber_rel_trend,ext_emp_share_budget_sector_v4,pearson,static 2023-01…2024-12 (retrospective),-0.49091455623448815,61.0,1.0,-0.6471354800196955,-0.2953983140515322,5.898041132710606e-05,0.0001,9999.0,20261009.0,0.002,-0.20405401438203186,0.107,-0.48372965644099597,0.0006214285714285715,0.004247986783703567,0.0116,False,True,,,,,,,
v5-20261009T121014Z-d833d0,features_x_external[spearman],sber_rel_trend,ext_emp_share_budget_sector_v4,spearman,static 2023-01…2024-12 (retrospective),-0.5161290322580644,61.0,1.0,-0.6790631845768277,-0.28869600762397757,2.0669521290888336e-05,0.0001,9999.0,20261009.0,0.003,-0.17445795875198306,0.16,-0.5045846068352321,0.0005612903225806452,0.0038368912885064473,0.013982142857142858,False,True,,,,,,,
v5-20261009T121014Z-d833d0,features_x_external[pearson],sber_rel_trend,ext_emp_share_industry_v4,pearson,static 2023-01…2024-12 (retrospective),0.4749236586119856,61.0,1.0,0.26228704555737975,0.6561416421550118,0.00011003701743255113,0.0002,9999.0,20261009.0,0.002,0.2519367027955259,0.053,0.47110822359231763,0.0010875000000000001,0.0074339768714812415,0.0116,False,True,,,,,,,
v5-20261009T121014Z-d833d0,features_x_external[spearman],sber_rel_trend,ext_emp_share_industry_v4,spearman,static 2023-01…2024-12 (retrospective),0.45026178073436024,61.0,1.0,0.19326387741754833,0.6456493998402992,0.00027157725432654084,0.0001,9999.0,20261009.0,0.007,0.21903754627181382,0.094,0.4373124381544748,0.0005612903225806452,0.0038368912885064473,0.0252,False,True,,,,,,,
v5-20261009T121014Z-d833d0,features_x_external[pearson],sber_rel_trend,ext_emp_share_agri_v4,pearson,static 2023-01…2024-12 (retrospective),-0.15495012736392821,61.0,1.0,-0.4314260007014466,0.12238603015116246,0.23311212921939042,0.2315,9999.0,20261009.0,0.336,-0.09348165341077484,0.466,-0.14744598675311713,0.37493498452012386,1.0,0.5025558739255014,False,False,,,,,,,
v5-20261009T121014Z-d833d0,features_x_external[spearman],sber_rel_trend,ext_emp_share_agri_v4,spearman,static 2023-01…2024-12 (retrospective),-0.043250727694761334,61.0,1.0,-0.30095858419159616,0.19476751038357504,0.7406704846336538,0.7415,9999.0,20261009.0,0.786,0.08783712321523003,0.495,-0.03591939812237185,0.8396160520607376,1.0,0.8748230277185503,False,False,,,,,,,
v5-20261009T121014Z-d833d0,features_x_external[pearson],sber_rel_trend,ext_equalization_grants_pc_v4,pearson,static 2023-01…2024-12 (retrospective),-0.5021248486337719,62.0,0.0,-0.6645888843860797,-0.30777197082299335,3.208074946203188e-05,0.0002,9999.0,20261009.0,0.008,-0.04529254618626798,0.71,-0.4974389475579166,0.0010875000000000001,0.0074339768714812415,0.0313984962406015,False,True,,,,,,,
v5-20261009T121014Z-d833d0,features_x_external[spearman],sber_rel_trend,ext_equalization_grants_pc_v4,spearman,static 2023-01…2024-12 (retrospective),-0.5692377426909421,62.0,0.0,-0.7282620071132114,-0.3544211843729566,1.380294325172863e-06,0.0001,9999.0,20261009.0,0.002,-0.034373347435219456,0.772,-0.5629825489159174,0.0005612903225806452,0.0038368912885064473,0.010989473684210526,False,True,,,,,,,
v5-20261009T121014Z-d833d0,features_x_external[pearson],sber_rel_trend,ext_urban_share_v4,pearson,static 2023-01…2024-12 (retrospective),0.4530835718248483,62.0,0.0,0.19847010621241618,0.651889533626101,0.00021743531710452648,0.0005,9999.0,20261009.0,0.003,0.09295194486512565,0.506,0.44462210904743166,0.002309734513274336,0.015788977426154847,0.015504950495049507,False,True,,,,,,,
v5-20261009T121014Z-d833d0,features_x_external[spearman],sber_rel_trend,ext_urban_share_v4,spearman,static 2023-01…2024-12 (retrospective),0.5112224490157447,62.0,0.0,0.2774176327907232,0.6919097744148052,2.1759670368933175e-05,0.0001,9999.0,20261009.0,0.002,0.1967464934149228,0.133,0.5071252250368266,0.0005612903225806452,0.0038368912885064473,0.010989473684210526,False,True,,,,,,,
v5-20261009T121014Z-d833d0,features_x_external[pearson],sber_rel_trend,ext_log_density_v4,pearson,static 2023-01…2024-12 (retrospective),0.3319707818826045,62.0,0.0,0.10942022238963169,0.5082568401784059,0.00839010294176508,0.0089,9999.0,20261009.0,0.053,-0.17972361487729377,0.18,0.3193916706580762,0.025112432432432434,0.17166459024306951,0.12632876712328767,False,False,,,,,,,
v5-20261009T121014Z-d833d0,features_x_external[spearman],sber_rel_trend,ext_log_density_v4,spearman,static 2023-01…2024-12 (retrospective),0.3944750824708519,62.0,0.0,0.12505618781386948,0.6127950523911702,0.0015107432848197031,0.0013,9999.0,20261009.0,0.012,-0.21376948452569816,0.112,0.3818614489687995,0.004322292993630573,0.029546506801301234,0.03641860465116279,False,False,,,,,,,
v5-20261009T121014Z-d833d0,features_x_external[pearson],sber_rel_trend,ext_employees_per_1000_v4,pearson,static 2023-01…2024-12 (retrospective),0.49095485531311966,61.0,1.0,0.30733752302743833,0.6449684321372866,5.888547414650234e-05,0.0001,9999.0,20261009.0,0.001,0.2354075040660716,0.065,0.49378050069080026,0.0006214285714285715,0.004247986783703567,0.008847457627118643,False,True,,,,,,,
v5-20261009T121014Z-d833d0,features_x_external[spearman],sber_rel_trend,ext_employees_per_1000_v4,spearman,static 2023-01…2024-12 (retrospective),0.47112638815441554,61.0,1.0,0.21684716379200825,0.6667696858309525,0.0001270306157108791,0.0002,9999.0,20261009.0,0.001,0.20322580645161287,0.118,0.4642400666851904,0.0009490909090909091,0.006487834360565446,0.007565217391304348,False,True,,,,,,,
v5-20261009T121014Z-d833d0,features_x_external[pearson],sber_rel_trend,ext_msp2026_per_1000,pearson,static 2023-01…2024-12 (retrospective),0.28305485223238036,62.0,0.0,0.012708068944524276,0.47038530341115703,0.02579905522905633,0.0254,9999.0,20261009.0,0.109,-0.09212868228900772,0.463,0.2678851316152108,0.06166883720930232,0.42155835356790367,0.218,False,False,,,,,,,
v5-20261009T121014Z-d833d0,features_x_external[spearman],sber_rel_trend,ext_msp2026_per_1000,spearman,static 2023-01…2024-12 (retrospective),0.2554707763591952,62.0,0.0,-0.02273014131559542,0.5044829695842539,0.04506678985124266,0.0435,9999.0,20261009.0,0.149,-0.1410440432122082,0.277,0.2382866208355367,0.08975098814229249,0.6135234667056455,0.26012709030100334,False,False,,,,,,,
v5-20261009T121014Z-d833d0,features_x_external[pearson],sber_rel_trend,msp_lq_agri,pearson,static 2023-01…2024-12 (retrospective),-0.5296750639720086,62.0,0.0,-0.7266376217200217,-0.2856183816540541,9.561255981568305e-06,0.0001,9999.0,20261009.0,0.002,-0.21863324035594908,0.093,-0.5231108974340622,0.0006214285714285715,0.004247986783703567,0.0116,False,True,,,,,,,
v5-20261009T121014Z-d833d0,features_x_external[spearman],sber_rel_trend,msp_lq_agri,spearman,static 2023-01…2024-12 (retrospective),-0.5305582835990028,62.0,0.0,-0.7138076023884238,-0.2906152735493153,9.181047685947875e-06,0.0001,9999.0,20261009.0,0.001,-0.2548160459318577,0.053,-0.5237969328397672,0.0005612903225806452,0.0038368912885064473,0.007565217391304348,False,True,,,,,,,
v5-20261009T121014Z-d833d0,features_x_external[pearson],sber_rel_trend,msp_lq_business_services,pearson,static 2023-01…2024-12 (retrospective),0.45306710169523656,62.0,0.0,0.25545711021974393,0.6180579590130987,0.00021756478341721693,0.0003,9999.0,20261009.0,0.008,0.08359475678995938,0.512,0.45431108044742124,0.0015057692307692307,0.01029319874512787,0.0313984962406015,False,True,,,,,,,
v5-20261009T121014Z-d833d0,features_x_external[spearman],sber_rel_trend,msp_lq_business_services,spearman,static 2023-01…2024-12 (retrospective),0.4940444713051799,62.0,0.0,0.2713620974310548,0.6535256266056114,4.487653072803825e-05,0.0002,9999.0,20261009.0,0.001,0.13474855833396288,0.287,0.4852987837123214,0.0009490909090909091,0.006487834360565446,0.007565217391304348,False,True,,,,,,,
v5-20261009T121014Z-d833d0,features_x_external[pearson],sber_rel_trend,msp_lq_construction,pearson,static 2023-01…2024-12 (retrospective),0.05269833939440758,62.0,0.0,-0.21149397213413648,0.3210230836857513,0.6841656002999936,0.6843,9999.0,20261009.0,0.763,-0.1715942337843293,0.177,0.03648274167538512,0.7920279379157429,1.0,0.8620909090909091,False,False,,,,,,,
v5-20261009T121014Z-d833d0,features_x_external[spearman],sber_rel_trend,msp_lq_construction,spearman,static 2023-01…2024-12 (retrospective),0.02107728337236534,62.0,0.0,-0.25338077296090045,0.3011378115950825,0.8708308657120128,0.8767,9999.0,20261009.0,0.898,-0.17050691244239632,0.203,0.0019566367001586462,0.9263914979757086,1.0,0.9454698795180723,False,False,,,,,,,
v5-20261009T121014Z-d833d0,features_x_external[pearson],sber_rel_trend,msp_lq_consumer_services,pearson,static 2023-01…2024-12 (retrospective),0.4107704437353513,62.0,0.0,0.19602617415689394,0.6049153249222199,0.0009122913631114017,0.0012,9999.0,20261009.0,0.001,0.26837868571877666,0.05,0.4125280051426958,0.004932283464566928,0.03371630455097003,0.008847457627118643,False,True,,,,,,,
v5-20261009T121014Z-d833d0,features_x_external[spearman],sber_rel_trend,msp_lq_consumer_services,spearman,static 2023-01…2024-12 (retrospective),0.4660925184457707,62.0,0.0,0.23286023886611476,0.6610011048662547,0.00013458491745968213,0.0001,9999.0,20261009.0,0.001,0.2816096295736698,0.041,0.46953992596509775,0.0005612903225806452,0.0038368912885064473,0.007565217391304348,False,True,,,,,,,
v5-20261009T121014Z-d833d0,features_x_external[pearson],sber_rel_trend,msp_lq_industry,pearson,static 2023-01…2024-12 (retrospective),0.3683131326233974,62.0,0.0,0.1232868723231849,0.5651292379924832,0.0032255764183767664,0.0032,9999.0,20261009.0,0.01,0.3827425256152386,0.002,0.37679794061781235,0.010639490445859873,0.07272986289551074,0.03575342465753425,False,False,,,,,,,
v5-20261009T121014Z-d833d0,features_x_external[spearman],sber_rel_trend,msp_lq_industry,spearman,static 2023-01…2024-12 (retrospective),0.29505678527360174,62.0,0.0,0.0302181238267535,0.5169858271161244,0.019907313394665345,0.0206,9999.0,20261009.0,0.03,0.30175518118405475,0.015,0.30454785827604436,0.047791999999999994,0.32669850357869556,0.0725,False,False,,,,,,,
v5-20261009T121014Z-d833d0,features_x_external[pearson],sber_rel_trend,msp_lq_social,pearson,static 2023-01…2024-12 (retrospective),0.48784124985744587,62.0,0.0,0.30425932592879396,0.644711535305732,5.773870696644366e-05,0.0002,9999.0,20261009.0,0.002,0.3179408833549678,0.015,0.48111303666812494,0.0010875000000000001,0.0074339768714812415,0.0116,False,True,,,,,,,
v5-20261009T121014Z-d833d0,features_x_external[spearman],sber_rel_trend,msp_lq_social,spearman,static 2023-01…2024-12 (retrospective),0.5003903200624512,62.0,0.0,0.2872977380996852,0.6725981443823625,3.450220638627152e-05,0.0003,9999.0,20261009.0,0.001,0.28730074790360355,0.02,0.4937070333157059,0.0013159663865546219,0.008995736718431081,0.007565217391304348,False,True,,,,,,,
v5-20261009T121014Z-d833d0,features_x_external[pearson],sber_rel_trend,msp_lq_trade,pearson,static 2023-01…2024-12 (retrospective),0.17835085315504848,62.0,0.0,-0.060354934906011744,0.39290019040178625,0.16547089992976333,0.1622,9999.0,20261009.0,0.291,0.09021243907682842,0.499,0.1888773970996303,0.28317190635451506,1.0,0.45343880597014924,False,False,,,,,,,
v5-20261009T121014Z-d833d0,features_x_external[spearman],sber_rel_trend,msp_lq_trade,spearman,static 2023-01…2024-12 (retrospective),0.1293092593991589,62.0,0.0,-0.1168178725334543,0.34809029976328787,0.31650089061521436,0.3201,9999.0,20261009.0,0.424,0.04444612324041198,0.759,0.14621893178212586,0.44880804289544235,1.0,0.5732558139534883,False,False,,,,,,,
v5-20261009T121014Z-d833d0,features_x_external[pearson],sber_rel_trend,msp_lq_transport,pearson,static 2023-01…2024-12 (retrospective),-0.2274575974334535,62.0,0.0,-0.4603449627147104,0.025464664366482075,0.07541382253854638,0.0754,9999.0,20261009.0,0.116,-0.16656069676307272,0.218,-0.22025971508042436,0.15374531249999998,1.0,0.22763909774436092,False,False,,,,,,,
v5-20261009T121014Z-d833d0,features_x_external[spearman],sber_rel_trend,msp_lq_transport,spearman,static 2023-01…2024-12 (retrospective),-0.22147515801667045,62.0,0.0,-0.456067431074634,0.03705836897663267,0.08363700344969002,0.0824,9999.0,20261009.0,0.125,-0.137266752285261,0.302,-0.21475409836065573,0.1547223021582734,1.0,0.225,False,False,,,,,,,
v5-20261009T121014Z-d833d0,features_x_external[pearson],sber_rel_trend,ext_msp2026_eci,pearson,static 2023-01…2024-12 (retrospective),0.47021734322710595,62.0,0.0,0.2516153584694076,0.6519918305337915,0.00011512674873294211,0.0001,9999.0,20261009.0,0.007,0.18311846419819464,0.164,0.4728248643826036,0.0006214285714285715,0.004247986783703567,0.028771653543307085,False,True,,,,,,,
v5-20261009T121014Z-d833d0,features_x_external[spearman],sber_rel_trend,ext_msp2026_eci,spearman,static 2023-01…2024-12 (retrospective),0.5163434904684319,62.0,0.0,0.28697402550784257,0.6965856475084639,1.7402570869421962e-05,0.0001,9999.0,20261009.0,0.001,0.21321548185641256,0.09,0.5085803433915195,0.0005612903225806452,0.0038368912885064473,0.007565217391304348,False,True,,,,,,,
v5-20261009T121014Z-d833d0,features_x_external[pearson],sber_rel_trend,ext_msp2026_diversity,pearson,static 2023-01…2024-12 (retrospective),0.5719880678413072,62.0,0.0,0.42071319480816705,0.7011464380682698,1.1951446230534753e-06,0.0001,9999.0,20261009.0,0.001,0.31994001143103296,0.015,0.5697588296812798,0.0006214285714285715,0.004247986783703567,0.008847457627118643,False,True,,,,,,,
v5-20261009T121014Z-d833d0,features_x_external[spearman],sber_rel_trend,ext_msp2026_diversity,spearman,static 2023-01…2024-12 (retrospective),0.5625217925006024,62.0,0.0,0.35299128412424857,0.7224377677604127,1.9514621717784775e-06,0.0001,9999.0,20261009.0,0.001,0.28191181284782557,0.035,0.5577420985564183,0.0005612903225806452,0.0038368912885064473,0.007565217391304348,False,True,,,,,,,
v5-20261009T121014Z-d833d0,features_x_external[pearson],sber_rel_trend,ext_old_age_ratio_65_per100_20_64,pearson,static 2023-01…2024-12 (retrospective),-0.4634894788221644,62.0,0.0,-0.6606539354414468,-0.23696619184808082,0.00014837258993184813,0.0002,9999.0,20261009.0,0.007,-0.38308950984600626,0.002,-0.4581162247519079,0.0010875000000000001,0.0074339768714812415,0.028771653543307085,False,True,,,,,,,
v5-20261009T121014Z-d833d0,features_x_external[spearman],sber_rel_trend,ext_old_age_ratio_65_per100_20_64,spearman,static 2023-01…2024-12 (retrospective),-0.4826118707662865,62.0,0.0,-0.6737725773120163,-0.23924677936030123,7.113924427902562e-05,0.0003,9999.0,20261009.0,0.003,-0.35755835914482137,0.003,-0.4777895293495505,0.0013159663865546219,0.008995736718431081,0.013982142857142858,False,True,,,,,,,
v5-20261009T121014Z-d833d0,features_x_external[pearson],sber_rel_trend,ext_youth_ratio_0_19_per100_20_64,pearson,static 2023-01…2024-12 (retrospective),0.21042614865380868,62.0,0.0,0.04122297545544287,0.3980648032623345,0.10066973305831015,0.0982,9999.0,20261009.0,0.127,0.33711955250764375,0.008,0.2218058722139381,0.18915276752767526,1.0,0.2464460966542751,False,False,,,,,,,
v5-20261009T121014Z-d833d0,features_x_external[spearman],sber_rel_trend,ext_youth_ratio_0_19_per100_20_64,spearman,static 2023-01…2024-12 (retrospective),0.329707134043464,62.0,0.0,0.11039707344852566,0.5248986543968075,0.008873249705935232,0.0096,9999.0,20261009.0,0.013,0.4776258467427162,0.001,0.3472236911686938,0.024931343283582087,0.1704266936506744,0.037491712707182316,False,False,,,,,,,
v5-20261009T121014Z-d833d0,features_x_external[pearson],sber_rel_trend,ext_balance_residual_share_2024,pearson,static 2023-01…2024-12 (retrospective),-0.009779554396105627,62.0,0.0,-0.24568483681168896,0.24128675382993747,0.9398654727495448,0.9394,9999.0,20261009.0,0.958,-0.05717381943183913,0.668,-0.018576266791507864,0.9575087719298245,1.0,0.9748070175438597,False,False,,,,,,,
v5-20261009T121014Z-d833d0,features_x_external[spearman],sber_rel_trend,ext_balance_residual_share_2024,spearman,static 2023-01…2024-12 (retrospective),0.03658935811236181,62.0,0.0,-0.21061003268178127,0.2839535095152651,0.77768572296184,0.7783,9999.0,20261009.0,0.799,-0.0305456926292463,0.81,0.025859333685880483,0.8625745222929936,1.0,0.885515923566879,False,False,,,,,,,
v5-20261009T121014Z-d833d0,features_x_external[pearson],sber_ilr1,ext_census_wage_main_share,pearson,static 2023-01…2024-12 (retrospective),-0.3344193840748865,62.0,0.0,-0.5826529530680953,-0.05158084602897603,0.0078934542708212,0.0095,9999.0,20261009.0,0.004,0.07580992889942824,0.565,-0.25086095904209105,0.026377659574468085,0.18031348156358754,0.01933333333333333,False,False,,,,,,,
v5-20261009T121014Z-d833d0,features_x_external[spearman],sber_ilr1,ext_census_wage_main_share,spearman,static 2023-01…2024-12 (retrospective),-0.2940495076930826,62.0,0.0,-0.5393003951409153,-0.008772739447566754,0.02035327943692087,0.0203,9999.0,20261009.0,0.009,0.026768401702299112,0.835,-0.2587519830777366,0.047791999999999994,0.32669850357869556,0.028999999999999998,False,False,,,,,,,
v5-20261009T121014Z-d833d0,features_x_external[pearson],sber_ilr1,ext_census_pension_benefit_main_share,pearson,static 2023-01…2024-12 (retrospective),0.12523241001124105,62.0,0.0,-0.20192263440566396,0.4678026320661781,0.3321271327772041,0.3329,9999.0,20261009.0,0.315,-0.34162669774534155,0.011,0.034431404101269145,0.4773797260273972,1.0,0.47938775510204085,False,False,,,,,,,
v5-20261009T121014Z-d833d0,features_x_external[spearman],sber_ilr1,ext_census_pension_benefit_main_share,spearman,static 2023-01…2024-12 (retrospective),0.17398202009518773,62.0,0.0,-0.1093826672695921,0.44060502989405753,0.1762486400034958,0.1773,9999.0,20261009.0,0.153,-0.20082596761602578,0.132,0.1326811210999471,0.28922062500000006,1.0,0.26533554817275745,False,False,,,,,,,
v5-20261009T121014Z-d833d0,features_x_external[pearson],sber_ilr1,ext_census_dependent_main_share,pearson,static 2023-01…2024-12 (retrospective),0.2170213773967189,62.0,0.0,-0.015557254270678098,0.42256815744231335,0.09020636267557239,0.0917,9999.0,20261009.0,0.106,0.2700493972459042,0.039,0.1962504446052664,0.18063169811320756,1.0,0.21363706563706564,False,False,,,,,,,
v5-20261009T121014Z-d833d0,features_x_external[spearman],sber_ilr1,ext_census_dependent_main_share,spearman,static 2023-01…2024-12 (retrospective),0.14623152275188236,62.0,0.0,-0.0983799224465005,0.37122413711166585,0.2567506939693042,0.2562,9999.0,20261009.0,0.252,0.17126237062778576,0.194,0.1251189846641988,0.378192676056338,1.0,0.3962168674698795,False,False,,,,,,,
v5-20261009T121014Z-d833d0,features_x_external[pearson],sber_ilr1,ext_census_business_main_share,pearson,static 2023-01…2024-12 (retrospective),-0.0030775908808863025,62.0,0.0,-0.25365319472564385,0.2773983779485205,0.9810601151378913,0.9807,9999.0,20261009.0,0.985,-0.19512007936174974,0.134,-0.03922796433404988,0.988272972972973,1.0,0.9918,False,False,,,,,,,
v5-20261009T121014Z-d833d0,features_x_external[spearman],sber_ilr1,ext_census_business_main_share,spearman,static 2023-01…2024-12 (retrospective),0.09052907254916773,62.0,0.0,-0.18045760364069405,0.34953574201647153,0.48407797640603384,0.476,9999.0,20261009.0,0.551,-0.16380851653194328,0.217,0.0641988365943945,0.5944306220095693,1.0,0.6880909090909091,False,False,,,,,,,
v5-20261009T121014Z-d833d0,features_x_external[pearson],sber_ilr1,ext_census_subsistence_main_share,pearson,static 2023-01…2024-12 (retrospective),0.2654384588452009,62.0,0.0,0.030789183402891596,0.4840496118421195,0.03706082828957785,0.0328,9999.0,20261009.0,0.023,0.013509390724169963,0.916,0.23914091193602832,0.07575929203539823,0.517878459577879,0.0667,False,False,,,,,,,
v5-20261009T121014Z-d833d0,features_x_external[spearman],sber_ilr1,ext_census_subsistence_main_share,spearman,static 2023-01…2024-12 (retrospective),0.38747450328624317,62.0,0.0,0.13280271686775966,0.6000304962549927,0.0018619590938062053,0.002,9999.0,20261009.0,0.003,0.10483241419254112,0.407,0.363299841353781,0.006177514792899408,0.04222850767231947,0.013982142857142858,False,True,,,,,,,
v5-20261009T121014Z-d833d0,features_x_external[pearson],sber_ilr1,ext_census_higher_edu_share,pearson,static 2023-01…2024-12 (retrospective),-0.46812464354292327,62.0,0.0,-0.6479446949877197,-0.2466414391701421,0.00012464995375603834,0.0003,9999.0,20261009.0,0.002,-0.2214326253750475,0.08,-0.3720712632036618,0.0015057692307692307,0.01029319874512787,0.0116,False,True,,,,,,,
v5-20261009T121014Z-d833d0,features_x_external[spearman],sber_ilr1,ext_census_higher_edu_share,spearman,static 2023-01…2024-12 (retrospective),-0.4313414419178565,62.0,0.0,-0.6333036026551974,-0.1935875440861536,0.00046499720173650227,0.0005,9999.0,20261009.0,0.003,-0.22902973987056485,0.073,-0.4029085140137493,0.0020076923076923076,0.013724264993503828,0.013982142857142858,False,True,,,,,,,
v5-20261009T121014Z-d833d0,features_x_external[pearson],sber_ilr1,ext_market_access_sber,pearson,static 2023-01…2024-12 (retrospective),-0.18535580210622285,62.0,0.0,-0.3583487788008568,-0.010518160576545366,0.1492113809745989,0.1507,9999.0,20261009.0,0.2,-0.08184086668169595,0.505,-0.1713264955112725,0.26666237288135597,1.0,0.35270270270270276,False,False,,,,,,,
v5-20261009T121014Z-d833d0,features_x_external[spearman],sber_ilr1,ext_market_access_sber,spearman,static 2023-01…2024-12 (retrospective),-0.06537560762781071,62.0,0.0,-0.29293004323737487,0.18140317950690207,0.6136764043679699,0.6107,9999.0,20261009.0,0.646,0.05688600135982473,0.657,-0.019540959358861416,0.7261626423690205,1.0,0.7527053571428571,False,False,,,,,,,
v5-20261009T121014Z-d833d0,features_x_external[pearson],sber_ilr1,ext_wage_large_medium_orgs_v4,pearson,static 2023-01…2024-12 (retrospective),-0.2408921474150948,62.0,0.0,-0.5011765332756584,0.04960347379651226,0.05928648262297089,0.0584,9999.0,20261009.0,0.078,0.05227322930092062,0.702,-0.14561045749739732,0.12442775510204081,0.8505683251484168,0.16755555555555557,False,False,,,,,,,
v5-20261009T121014Z-d833d0,features_x_external[spearman],sber_ilr1,ext_wage_large_medium_orgs_v4,spearman,static 2023-01…2024-12 (retrospective),-0.19312029412505352,62.0,0.0,-0.44632106432935226,0.07301679281911458,0.13261197295086286,0.127,9999.0,20261009.0,0.17,0.013824884792626727,0.906,-0.15335801163405605,0.21735737704918034,1.0,0.2881168831168831,False,False,,,,,,,
v5-20261009T121014Z-d833d0,features_x_external[pearson],sber_ilr1,ext_emp_share_budget_sector_v4,pearson,static 2023-01…2024-12 (retrospective),0.3456839345371986,61.0,1.0,0.11723533146991306,0.543085371776228,0.006358480642520995,0.0067,9999.0,20261009.0,0.001,0.0649576278914194,0.623,0.31495346872970964,0.019648314606741574,0.1343127506667622,0.008847457627118643,False,False,,,,,,,
v5-20261009T121014Z-d833d0,features_x_external[spearman],sber_ilr1,ext_emp_share_budget_sector_v4,spearman,static 2023-01…2024-12 (retrospective),0.3844526705446853,61.0,1.0,0.13810913511416592,0.5794760684653231,0.002220369367058953,0.0023,9999.0,20261009.0,0.001,0.059227921734531994,0.653,0.36032231175326485,0.007021052631578948,0.047994798047457835,0.007565217391304348,False,True,,,,,,,
v5-20261009T121014Z-d833d0,features_x_external[pearson],sber_ilr1,ext_emp_share_industry_v4,pearson,static 2023-01…2024-12 (retrospective),-0.2832212201832461,61.0,1.0,-0.5238352930919989,-0.03923230549728433,0.02698266797106877,0.028,9999.0,20261009.0,0.008,-0.045982950981766094,0.727,-0.2739749503725646,0.06673972602739726,0.45622214224980767,0.0313984962406015,False,False,,,,,,,
v5-20261009T121014Z-d833d0,features_x_external[spearman],sber_ilr1,ext_emp_share_industry_v4,spearman,static 2023-01…2024-12 (retrospective),-0.3761700782667963,61.0,1.0,-0.5738581359713695,-0.1383835263998061,0.0028101225112170513,0.0037,9999.0,20261009.0,0.001,-0.1582760444209413,0.228,-0.36278759642551933,0.010496739130434782,0.0717540376290798,0.007565217391304348,False,False,,,,,,,
v5-20261009T121014Z-d833d0,features_x_external[pearson],sber_ilr1,ext_emp_share_agri_v4,pearson,static 2023-01…2024-12 (retrospective),-0.15282333327781553,61.0,1.0,-0.40515653179394545,0.15015504963394635,0.23966778274799147,0.2397,9999.0,20261009.0,0.286,-0.24923956927702332,0.039,-0.19102331374661294,0.38264036697247705,1.0,0.4483243243243243,False,False,,,,,,,
v5-20261009T121014Z-d833d0,features_x_external[spearman],sber_ilr1,ext_emp_share_agri_v4,spearman,static 2023-01…2024-12 (retrospective),-0.07987217203457779,61.0,1.0,-0.34585043684273453,0.18894042902529293,0.5406072824941809,0.5406,9999.0,20261009.0,0.598,-0.14151242728714966,0.269,-0.10337366689677907,0.662425352112676,1.0,0.7192534562211982,False,False,,,,,,,
v5-20261009T121014Z-d833d0,features_x_external[pearson],sber_ilr1,ext_equalization_grants_pc_v4,pearson,static 2023-01…2024-12 (retrospective),0.36675222210379194,62.0,0.0,0.13760230487260383,0.5856497352696343,0.0033684347097928686,0.0038,9999.0,20261009.0,0.006,-0.04348186750822954,0.753,0.30362812238397957,0.012244444444444445,0.08370107292334435,0.025463414634146343,False,False,,,,,,,
v5-20261009T121014Z-d833d0,features_x_external[spearman],sber_ilr1,ext_equalization_grants_pc_v4,spearman,static 2023-01…2024-12 (retrospective),0.384905945455919,62.0,0.0,0.15149288522955512,0.5868740860269274,0.0020081127366827294,0.0021,9999.0,20261009.0,0.003,-0.03548135277379064,0.789,0.3541512427287149,0.006448235294117647,0.0440791099203123,0.013982142857142858,False,False,,,,,,,
v5-20261009T121014Z-d833d0,features_x_external[pearson],sber_ilr1,ext_urban_share_v4,pearson,static 2023-01…2024-12 (retrospective),-0.37660432869690513,62.0,0.0,-0.5877675209582262,-0.14383435658902197,0.0025532180408868272,0.0028,9999.0,20261009.0,0.003,-0.09163690138308966,0.509,-0.3256941084745331,0.009744,0.0666084327684719,0.015504950495049507,False,False,,,,,,,
v5-20261009T121014Z-d833d0,features_x_external[spearman],sber_ilr1,ext_urban_share_v4,spearman,static 2023-01…2024-12 (retrospective),-0.3959479701825228,62.0,0.0,-0.5990314661138897,-0.16035753247467732,0.001444907140103257,0.0019,9999.0,20261009.0,0.003,-0.11193372113520182,0.378,-0.36747010620052745,0.006010909090909091,0.041089617616914494,0.013982142857142858,False,True,,,,,,,
v5-20261009T121014Z-d833d0,features_x_external[pearson],sber_ilr1,ext_log_density_v4,pearson,static 2023-01…2024-12 (retrospective),-0.3870527294088584,62.0,0.0,-0.5772866592641968,-0.16301090383950775,0.0018852848177597023,0.0029,9999.0,20261009.0,0.01,-0.07771166414012008,0.528,-0.3105941452853617,0.00995921052631579,0.068079577665144,0.03575342465753425,False,False,,,,,,,
v5-20261009T121014Z-d833d0,features_x_external[spearman],sber_ilr1,ext_log_density_v4,spearman,static 2023-01…2024-12 (retrospective),-0.3589685477575483,62.0,0.0,-0.5617153863990748,-0.12448524294822577,0.004167960544660838,0.006,9999.0,20261009.0,0.009,-0.05728891239203243,0.647,-0.3272871496562665,0.01648421052631579,0.11268343889403143,0.028999999999999998,False,False,,,,,,,
v5-20261009T121014Z-d833d0,features_x_external[pearson],sber_ilr1,ext_employees_per_1000_v4,pearson,static 2023-01…2024-12 (retrospective),-0.36133508302591766,61.0,1.0,-0.5830279429792291,-0.09932882508818042,0.004221915803192798,0.0038,9999.0,20261009.0,0.004,-0.11602189182819209,0.344,-0.27466201519306144,0.012244444444444445,0.08370107292334435,0.01933333333333333,False,False,,,,,,,
v5-20261009T121014Z-d833d0,features_x_external[spearman],sber_ilr1,ext_employees_per_1000_v4,spearman,static 2023-01…2024-12 (retrospective),-0.3496562665256478,61.0,1.0,-0.5576753762177321,-0.08659854823560077,0.0057416826385729616,0.0065,9999.0,20261009.0,0.004,-0.10438921205711263,0.412,-0.31658794109474864,0.017671875,0.12080212416157016,0.0174,False,False,,,,,,,
v5-20261009T121014Z-d833d0,features_x_external[pearson],sber_ilr1,ext_msp2026_per_1000,pearson,static 2023-01…2024-12 (retrospective),-0.30513161587704035,62.0,0.0,-0.5311534342538269,-0.026831960943991953,0.015885764172745554,0.0164,9999.0,20261009.0,0.012,-0.04325794526628109,0.727,-0.20072086503641245,0.04238019801980199,0.289704286793566,0.04041290322580645,False,False,,,,,,,
v5-20261009T121014Z-d833d0,features_x_external[spearman],sber_ilr1,ext_msp2026_per_1000,spearman,static 2023-01…2024-12 (retrospective),-0.24272871496562665,62.0,0.0,-0.4790870645717508,0.024798876105003108,0.05731686199024167,0.0559,9999.0,20261009.0,0.038,0.048777416836644764,0.711,-0.2054468535166578,0.1118,0.7642470015922783,0.087,False,False,,,,,,,
v5-20261009T121014Z-d833d0,features_x_external[pearson],sber_ilr1,msp_lq_agri,pearson,static 2023-01…2024-12 (retrospective),0.25865675915238573,62.0,0.0,0.01561517622336,0.4844156513970524,0.042366315751525954,0.0426,9999.0,20261009.0,0.075,-0.10469813324556908,0.409,0.2088766840749391,0.09422542372881355,0.6441099960510526,0.16449579831932773,False,False,,,,,,,
v5-20261009T121014Z-d833d0,features_x_external[spearman],sber_ilr1,msp_lq_agri,spearman,static 2023-01…2024-12 (retrospective),0.2711843066152955,62.0,0.0,0.018806824979149494,0.49550908870365373,0.03300855569182569,0.0344,9999.0,20261009.0,0.055,-0.11153081010299414,0.372,0.2360126916975145,0.07389629629629631,0.5051433172917624,0.11670731707317074,False,False,,,,,,,
v5-20261009T121014Z-d833d0,features_x_external[pearson],sber_ilr1,msp_lq_business_services,pearson,static 2023-01…2024-12 (retrospective),-0.33160011452214716,62.0,0.0,-0.5480990640341243,-0.08611909502481997,0.008467611052645985,0.0092,9999.0,20261009.0,0.021,-0.012147993211328813,0.929,-0.23706957029278264,0.025681283422459893,0.17555316505059443,0.062284090909090914,False,False,,,,,,,
v5-20261009T121014Z-d833d0,features_x_external[spearman],sber_ilr1,msp_lq_business_services,spearman,static 2023-01…2024-12 (retrospective),-0.2534562211981567,62.0,0.0,-0.4686252654262996,0.0017686176750093079,0.04684621509477121,0.0471,9999.0,20261009.0,0.063,0.017702903477625848,0.895,-0.21612903225806446,0.0964164705882353,0.6590876435703839,0.1294724409448819,False,False,,,,,,,
v5-20261009T121014Z-d833d0,features_x_external[pearson],sber_ilr1,msp_lq_construction,pearson,static 2023-01…2024-12 (retrospective),0.18672135327193748,62.0,0.0,-0.1056532657546859,0.43723808052157864,0.14618521521541358,0.1482,9999.0,20261009.0,0.116,0.39865904082639364,0.003,0.2558366619576934,0.2640286689419795,1.0,0.22763909774436092,False,False,,,,,,,
v5-20261009T121014Z-d833d0,features_x_external[spearman],sber_ilr1,msp_lq_construction,spearman,static 2023-01…2024-12 (retrospective),0.1869759008838861,62.0,0.0,-0.09392292045662602,0.45170617263929924,0.14562621687519273,0.1467,9999.0,20261009.0,0.102,0.3438593840497595,0.008,0.23299841353781067,0.24577500000000002,1.0,0.19291304347826085,False,False,,,,,,,
v5-20261009T121014Z-d833d0,features_x_external[pearson],sber_ilr1,msp_lq_consumer_services,pearson,static 2023-01…2024-12 (retrospective),-0.09782622389728175,62.0,0.0,-0.36519748995555334,0.17294613797758748,0.4493941729849995,0.4494,9999.0,20261009.0,0.467,0.07805243852881012,0.555,-0.1020139191012388,0.5865358208955224,1.0,0.6326046511627906,False,False,,,,,,,
v5-20261009T121014Z-d833d0,features_x_external[spearman],sber_ilr1,msp_lq_consumer_services,spearman,static 2023-01…2024-12 (retrospective),-0.17453602276447333,62.0,0.0,-0.42266060964349655,0.10420914126564981,0.17485438290202482,0.1718,9999.0,20261009.0,0.209,0.01442925134093828,0.909,-0.17662612374405073,0.2817818181818182,1.0,0.34093125,False,False,,,,,,,
v5-20261009T121014Z-d833d0,features_x_external[pearson],sber_ilr1,msp_lq_industry,pearson,static 2023-01…2024-12 (retrospective),-0.10932322249680215,62.0,0.0,-0.3389557533681743,0.13309947995885735,0.39764601112697495,0.3927,9999.0,20261009.0,0.37,-0.07557435233029888,0.556,-0.13480576979991507,0.5281727506426735,1.0,0.5379944289693593,False,False,,,,,,,
v5-20261009T121014Z-d833d0,features_x_external[spearman],sber_ilr1,msp_lq_industry,spearman,static 2023-01…2024-12 (retrospective),-0.15403792400090655,62.0,0.0,-0.39151240893938466,0.11388330830514715,0.23194557251279613,0.2238,9999.0,20261009.0,0.2,-0.090176525395986,0.468,-0.17472236911686934,0.33960348837209303,1.0,0.32830188679245287,False,False,,,,,,,
v5-20261009T121014Z-d833d0,features_x_external[pearson],sber_ilr1,msp_lq_social,pearson,static 2023-01…2024-12 (retrospective),-0.2017037253443508,62.0,0.0,-0.41946637071596404,0.007458992904110526,0.11592716963173763,0.1185,9999.0,20261009.0,0.168,0.0005585471840108908,0.994,-0.16842503123824185,0.21817394366197182,1.0,0.3034463667820069,False,False,,,,,,,
v5-20261009T121014Z-d833d0,features_x_external[spearman],sber_ilr1,msp_lq_social,spearman,static 2023-01…2024-12 (retrospective),-0.20863236886505,62.0,0.0,-0.42886566657700687,0.0273065454747838,0.10367265502580018,0.1081,9999.0,20261009.0,0.129,0.02107728337236534,0.851,-0.17821258593336856,0.1887230769230769,1.0,0.2314020618556701,False,False,,,,,,,
v5-20261009T121014Z-d833d0,features_x_external[pearson],sber_ilr1,msp_lq_trade,pearson,static 2023-01…2024-12 (retrospective),-0.0003510045612155703,62.0,0.0,-0.2602861990805142,0.2512820560023509,0.997839678176457,0.9973,9999.0,20261009.0,0.998,0.09513347353594381,0.472,-0.02960979928187679,0.9973,1.0,0.998,False,False,,,,,,,
v5-20261009T121014Z-d833d0,features_x_external[spearman],sber_ilr1,msp_lq_trade,spearman,static 2023-01…2024-12 (retrospective),-0.10115585102364583,62.0,0.0,-0.3297495082363492,0.13863907365821587,0.4340370840349836,0.4348,9999.0,20261009.0,0.43,0.034322983556193495,0.774,-0.13046007403490215,0.5562882352941176,1.0,0.5768769230769231,False,False,,,,,,,
v5-20261009T121014Z-d833d0,features_x_external[pearson],sber_ilr1,msp_lq_transport,pearson,static 2023-01…2024-12 (retrospective),-0.1158543578540397,62.0,0.0,-0.35328710382145545,0.13926382349263916,0.3698802059747679,0.3691,9999.0,20261009.0,0.409,-0.2140789178932055,0.086,-0.15286494789905283,0.5117538461538461,1.0,0.5784324324324324,False,False,,,,,,,
v5-20261009T121014Z-d833d0,features_x_external[spearman],sber_ilr1,msp_lq_transport,spearman,static 2023-01…2024-12 (retrospective),-0.07949938304248194,62.0,0.0,-0.3190584012733489,0.17736765583529604,0.5390746938403639,0.5356,9999.0,20261009.0,0.548,-0.17992495782025134,0.156,-0.108725542041248,0.6578428235294117,1.0,0.6859856115107914,False,False,,,,,,,
v5-20261009T121014Z-d833d0,features_x_external[pearson],sber_ilr1,ext_msp2026_eci,pearson,static 2023-01…2024-12 (retrospective),-0.2606760850654338,62.0,0.0,-0.5031949728015841,0.03298787584918084,0.040724843199725164,0.0373,9999.0,20261009.0,0.051,0.030298432347991417,0.816,-0.15625190810407558,0.08428831168831169,0.5761814801168837,0.12324999999999998,False,False,,,,,,,
v5-20261009T121014Z-d833d0,features_x_external[spearman],sber_ilr1,ext_msp2026_eci,spearman,static 2023-01…2024-12 (retrospective),-0.2037773861134681,62.0,0.0,-0.4451834345441496,0.062006067612221036,0.11214859744725965,0.1123,9999.0,20261009.0,0.102,-0.0025433758908111103,0.987,-0.16396520273322301,0.19346732673267325,1.0,0.19291304347826085,False,False,,,,,,,
v5-20261009T121014Z-d833d0,features_x_external[pearson],sber_ilr1,ext_msp2026_diversity,pearson,static 2023-01…2024-12 (retrospective),-0.3140558590534473,62.0,0.0,-0.5507735302331366,-0.052360695502654625,0.012926172594705947,0.0118,9999.0,20261009.0,0.017,-0.021040366451913803,0.879,-0.24962912059044778,0.03191502590673575,0.21816603626979142,0.052821428571428575,False,False,,,,,,,
v5-20261009T121014Z-d833d0,features_x_external[spearman],sber_ilr1,ext_msp2026_diversity,spearman,static 2023-01…2024-12 (retrospective),-0.2737611184889435,62.0,0.0,-0.5326158561785515,-0.001952430434240515,0.03131519144337299,0.0316,9999.0,20261009.0,0.037,0.0003777290926947194,0.998,-0.237992956539293,0.06873,0.4698273382776144,0.08508370044052864,False,False,,,,,,,
v5-20261009T121014Z-d833d0,features_x_external[pearson],sber_ilr1,ext_old_age_ratio_65_per100_20_64,pearson,static 2023-01…2024-12 (retrospective),-0.1455905162648882,62.0,0.0,-0.4219108995032615,0.17403443027302123,0.25886435406447,0.2627,9999.0,20261009.0,0.276,-0.3182998599647281,0.013,-0.186650104027233,0.40451150442477873,1.0,0.43658181818181824,False,False,,,,,,,
v5-20261009T121014Z-d833d0,features_x_external[spearman],sber_ilr1,ext_old_age_ratio_65_per100_20_64,spearman,static 2023-01…2024-12 (retrospective),-0.0637858527863816,62.0,0.0,-0.32798459742960895,0.21318141237729005,0.6223439633372526,0.627,9999.0,20261009.0,0.641,-0.2254035405806955,0.077,-0.09851930195663669,0.7388126410835214,1.0,0.7485503355704699,False,False,,,,,,,
v5-20261009T121014Z-d833d0,features_x_external[pearson],sber_ilr1,ext_youth_ratio_0_19_per100_20_64,pearson,static 2023-01…2024-12 (retrospective),0.2159311184494001,62.0,0.0,-0.008762759192809612,0.41234557216555,0.09187459435708778,0.0925,9999.0,20261009.0,0.156,0.1829579404600414,0.172,0.19724355840848726,0.18152255639097745,1.0,0.2867323943661972,False,False,,,,,,,
v5-20261009T121014Z-d833d0,features_x_external[spearman],sber_ilr1,ext_youth_ratio_0_19_per100_20_64,spearman,static 2023-01…2024-12 (retrospective),0.1717156455390194,62.0,0.0,-0.07839156686151832,0.3992962442398823,0.18203656377342045,0.1839,9999.0,20261009.0,0.235,0.09556546045176399,0.469,0.1488101533580116,0.29812360248447206,1.0,0.37513761467889906,False,False,,,,,,,
v5-20261009T121014Z-d833d0,features_x_external[pearson],sber_ilr1,ext_balance_residual_share_2024,pearson,static 2023-01…2024-12 (retrospective),-0.15429915498060384,62.0,0.0,-0.3829708168272961,0.08050665374265646,0.23114524112591375,0.2395,9999.0,20261009.0,0.264,-0.13934512156802406,0.285,-0.1343119974633762,0.38264036697247705,1.0,0.42533333333333334,False,False,,,,,,,
v5-20261009T121014Z-d833d0,features_x_external[spearman],sber_ilr1,ext_balance_residual_share_2024,spearman,static 2023-01…2024-12 (retrospective),-0.2079776384377125,62.0,0.0,-0.4461143245609011,0.05400494001411423,0.10478584479528959,0.1098,9999.0,20261009.0,0.137,-0.20233688398680466,0.124,-0.18672659968270752,0.1899596026490066,1.0,0.24242033898305088,False,False,,,,,,,
v5-20261009T121014Z-d833d0,features_x_external[pearson],sber_ilr2,ext_census_wage_main_share,pearson,static 2023-01…2024-12 (retrospective),-0.7326662427344911,62.0,0.0,-0.8518085276705684,-0.5443389728681791,1.2982443307193366e-11,0.0001,9999.0,20261009.0,0.001,-0.2100071263052661,0.099,-0.7097023139464272,0.0006214285714285715,0.004247986783703567,0.008847457627118643,False,True,,,,,,,
v5-20261009T121014Z-d833d0,features_x_external[spearman],sber_ilr2,ext_census_wage_main_share,spearman,static 2023-01…2024-12 (retrospective),-0.6952481680139005,62.0,0.0,-0.8398355931672836,-0.48606965911802286,3.606658042339061e-10,0.0001,9999.0,20261009.0,0.001,-0.22777064289491575,0.085,-0.6800105764145953,0.0005612903225806452,0.0038368912885064473,0.007565217391304348,False,True,,,,,,,
v5-20261009T121014Z-d833d0,features_x_external[pearson],sber_ilr2,ext_census_pension_benefit_main_share,pearson,static 2023-01…2024-12 (retrospective),0.7918077533913693,62.0,0.0,0.6911020195513798,0.8664242852389102,1.8240574917195306e-14,0.0001,9999.0,20261009.0,0.001,0.49851209179746414,0.001,0.7749715920459975,0.0006214285714285715,0.004247986783703567,0.008847457627118643,False,True,,,,,,,
v5-20261009T121014Z-d833d0,features_x_external[spearman],sber_ilr2,ext_census_pension_benefit_main_share,spearman,static 2023-01…2024-12 (retrospective),0.7933066404774495,62.0,0.0,0.6765907593899426,0.8653100169860584,1.5031802852754307e-14,0.0001,9999.0,20261009.0,0.001,0.5396237818236761,0.001,0.7829719725013219,0.0005612903225806452,0.0038368912885064473,0.007565217391304348,False,True,,,,,,,
v5-20261009T121014Z-d833d0,features_x_external[pearson],sber_ilr2,ext_census_dependent_main_share,pearson,static 2023-01…2024-12 (retrospective),-0.24918450217265287,62.0,0.0,-0.49904909312546003,0.008303428189459174,0.05081024655321649,0.0502,9999.0,20261009.0,0.066,-0.3417571146428728,0.012,-0.28660000243490674,0.10873195020746887,0.7432743016398836,0.15110526315789474,False,False,,,,,,,
v5-20261009T121014Z-d833d0,features_x_external[spearman],sber_ilr2,ext_census_dependent_main_share,spearman,static 2023-01…2024-12 (retrospective),-0.3002946286923019,62.0,0.0,-0.5350483265111948,-0.03739885587054696,0.0177199989902996,0.0178,9999.0,20261009.0,0.023,-0.43788874619123164,0.002,-0.3345319936541512,0.0428184331797235,0.29269999258034896,0.058,False,False,,,,,,,
v5-20261009T121014Z-d833d0,features_x_external[pearson],sber_ilr2,ext_census_business_main_share,pearson,static 2023-01…2024-12 (retrospective),0.32677619109637523,62.0,0.0,0.10498697460278819,0.5249865251470291,0.009534683754528192,0.0107,9999.0,20261009.0,0.037,0.07490831317583418,0.574,0.31067362460169123,0.02939684210526316,0.20095213269435608,0.09561386138613862,False,False,,,,,,,
v5-20261009T121014Z-d833d0,features_x_external[spearman],sber_ilr2,ext_census_business_main_share,spearman,static 2023-01…2024-12 (retrospective),0.3331318778172295,62.0,0.0,0.08111295761526884,0.5604028234810315,0.008151301713791562,0.0095,9999.0,20261009.0,0.031,0.07642718642189822,0.581,0.3167636171337916,0.024794999999999998,0.16949467266977228,0.07457142857142857,False,False,,,,,,,
v5-20261009T121014Z-d833d0,features_x_external[pearson],sber_ilr2,ext_census_subsistence_main_share,pearson,static 2023-01…2024-12 (retrospective),0.54139218981838,62.0,0.0,0.38090086376725685,0.6724613952516445,5.528919575106891e-06,0.0001,9999.0,20261009.0,0.001,0.17479035869893103,0.184,0.5303098137778086,0.0006214285714285715,0.004247986783703567,0.008847457627118643,False,True,,,,,,,
v5-20261009T121014Z-d833d0,features_x_external[spearman],sber_ilr2,ext_census_subsistence_main_share,spearman,static 2023-01…2024-12 (retrospective),0.6150185087255421,62.0,0.0,0.42069389325053347,0.7535905916317294,1.0467208192112012e-07,0.0001,9999.0,20261009.0,0.001,0.05587872377930549,0.666,0.5993654151242729,0.0005612903225806452,0.0038368912885064473,0.007565217391304348,False,True,,,,,,,
v5-20261009T121014Z-d833d0,features_x_external[pearson],sber_ilr2,ext_census_higher_edu_share,pearson,static 2023-01…2024-12 (retrospective),-0.6473763807344995,62.0,0.0,-0.7564341540618479,-0.523205134331141,1.2995443255122865e-08,0.0001,9999.0,20261009.0,0.001,-0.11372871830054679,0.395,-0.6359900307917923,0.0006214285714285715,0.004247986783703567,0.008847457627118643,False,True,,,,,,,
v5-20261009T121014Z-d833d0,features_x_external[spearman],sber_ilr2,ext_census_higher_edu_share,spearman,static 2023-01…2024-12 (retrospective),-0.6224219989423585,62.0,0.0,-0.7725388206233792,-0.4151821169499195,6.631625111536084e-08,0.0001,9999.0,20261009.0,0.001,-0.11989121402130393,0.375,-0.6035430988894764,0.0005612903225806452,0.0038368912885064473,0.007565217391304348,False,True,,,,,,,
v5-20261009T121014Z-d833d0,features_x_external[pearson],sber_ilr2,ext_market_access_sber,pearson,static 2023-01…2024-12 (retrospective),-0.2639344292145604,62.0,0.0,-0.4320101275027884,0.0821974922693267,0.03818719151792126,0.0171,9999.0,20261009.0,0.021,-0.10268977126919787,0.447,-0.254113398436787,0.04397142857142858,0.30058168552274894,0.062284090909090914,False,False,,,,,,,
v5-20261009T121014Z-d833d0,features_x_external[spearman],sber_ilr2,ext_market_access_sber,spearman,static 2023-01…2024-12 (retrospective),-0.11115867953357333,62.0,0.0,-0.3821702590481694,0.16860902920504642,0.3897219223013393,0.382,9999.0,20261009.0,0.319,0.24237616781244492,0.058,-0.06713734210033713,0.5152558139534884,1.0,0.4627146814404432,False,False,,,,,,,
v5-20261009T121014Z-d833d0,features_x_external[pearson],sber_ilr2,ext_wage_large_medium_orgs_v4,pearson,static 2023-01…2024-12 (retrospective),-0.5596830980339343,62.0,0.0,-0.7096947662038304,-0.3650260622112894,2.253925326330926e-06,0.0001,9999.0,20261009.0,0.001,-0.13878569908793303,0.276,-0.5175686231189653,0.0006214285714285715,0.004247986783703567,0.008847457627118643,False,True,,,,,,,
v5-20261009T121014Z-d833d0,features_x_external[spearman],sber_ilr2,ext_wage_large_medium_orgs_v4,spearman,static 2023-01…2024-12 (retrospective),-0.5507541990884137,62.0,0.0,-0.7209321420303142,-0.32921375282907533,3.516040874543302e-06,0.0001,9999.0,20261009.0,0.001,-0.10080330387046411,0.426,-0.5283976731887889,0.0005612903225806452,0.0038368912885064473,0.007565217391304348,False,True,,,,,,,
v5-20261009T121014Z-d833d0,features_x_external[pearson],sber_ilr2,ext_emp_share_budget_sector_v4,pearson,static 2023-01…2024-12 (retrospective),0.6432152647516659,61.0,1.0,0.47005789264250303,0.7779765315064345,2.2683557322325055e-08,0.0001,9999.0,20261009.0,0.001,0.281866563074243,0.018,0.6308910325580503,0.0006214285714285715,0.004247986783703567,0.008847457627118643,False,True,,,,,,,
v5-20261009T121014Z-d833d0,features_x_external[spearman],sber_ilr2,ext_emp_share_budget_sector_v4,spearman,static 2023-01…2024-12 (retrospective),0.6417768376520359,61.0,1.0,0.44424558301661327,0.7776595572972967,2.494261964957732e-08,0.0001,9999.0,20261009.0,0.002,0.22051824431517714,0.071,0.627729924979161,0.0005612903225806452,0.0038368912885064473,0.010989473684210526,False,True,,,,,,,
v5-20261009T121014Z-d833d0,features_x_external[pearson],sber_ilr2,ext_emp_share_industry_v4,pearson,static 2023-01…2024-12 (retrospective),-0.49441103613477055,61.0,1.0,-0.700570969302881,-0.2696782682807135,5.124828861778449e-05,0.0001,9999.0,20261009.0,0.011,-0.14006675586068154,0.265,-0.4929246352754661,0.0006214285714285715,0.004247986783703567,0.03777631578947368,False,True,,,,,,,
v5-20261009T121014Z-d833d0,features_x_external[spearman],sber_ilr2,ext_emp_share_industry_v4,spearman,static 2023-01…2024-12 (retrospective),-0.5382093190666648,61.0,1.0,-0.6970714067116127,-0.3318154941450752,7.687575732901215e-06,0.0001,9999.0,20261009.0,0.003,-0.17985193019566365,0.154,-0.5311214857596029,0.0005612903225806452,0.0038368912885064473,0.013982142857142858,False,True,,,,,,,
v5-20261009T121014Z-d833d0,features_x_external[pearson],sber_ilr2,ext_emp_share_agri_v4,pearson,static 2023-01…2024-12 (retrospective),0.13849778630679574,61.0,1.0,-0.1187508418188906,0.34523125050398273,0.2871183651638252,0.2927,9999.0,20261009.0,0.272,0.0458997375832106,0.692,0.11981948015609954,0.4403152737752162,1.0,0.43287804878048786,False,False,,,,,,,
v5-20261009T121014Z-d833d0,features_x_external[spearman],sber_ilr2,ext_emp_share_agri_v4,spearman,static 2023-01…2024-12 (retrospective),0.11013164283214877,61.0,1.0,-0.139181468916886,0.3442166532698429,0.39814695934912175,0.404,9999.0,20261009.0,0.378,0.025383395029085137,0.822,0.09331173847126331,0.5355772727272727,1.0,0.5206226912928761,False,False,,,,,,,
v5-20261009T121014Z-d833d0,features_x_external[pearson],sber_ilr2,ext_equalization_grants_pc_v4,pearson,static 2023-01…2024-12 (retrospective),0.7719756433542376,62.0,0.0,0.6619492737425725,0.852690739374121,2.0511188204080094e-13,0.0001,9999.0,20261009.0,0.001,0.27670512253635177,0.031,0.7537709237382645,0.0006214285714285715,0.004247986783703567,0.008847457627118643,False,True,,,,,,,
v5-20261009T121014Z-d833d0,features_x_external[spearman],sber_ilr2,ext_equalization_grants_pc_v4,spearman,static 2023-01…2024-12 (retrospective),0.7648006849487549,62.0,0.0,0.62907487065017,0.8474160050828746,4.641063846934653e-13,0.0001,9999.0,20261009.0,0.001,0.2510891188839364,0.064,0.7530407191961924,0.0005612903225806452,0.0038368912885064473,0.007565217391304348,False,True,,,,,,,
v5-20261009T121014Z-d833d0,features_x_external[pearson],sber_ilr2,ext_urban_share_v4,pearson,static 2023-01…2024-12 (retrospective),-0.7249798335248069,62.0,0.0,-0.8452151887455033,-0.5709461268260679,2.6857853636434883e-11,0.0001,9999.0,20261009.0,0.001,-0.370685169905619,0.003,-0.7061980835686995,0.0006214285714285715,0.004247986783703567,0.008847457627118643,False,True,,,,,,,
v5-20261009T121014Z-d833d0,features_x_external[spearman],sber_ilr2,ext_urban_share_v4,spearman,static 2023-01…2024-12 (retrospective),-0.7196962991782364,62.0,0.0,-0.8215952033324413,-0.5782174535272367,4.36540996450623e-11,0.0001,9999.0,20261009.0,0.001,-0.3451184810254086,0.005,-0.7064197660764192,0.0005612903225806452,0.0038368912885064473,0.007565217391304348,False,True,,,,,,,
v5-20261009T121014Z-d833d0,features_x_external[pearson],sber_ilr2,ext_log_density_v4,pearson,static 2023-01…2024-12 (retrospective),-0.6599378930571475,62.0,0.0,-0.7648189574498244,-0.515810165151543,5.399992985059819e-09,0.0001,9999.0,20261009.0,0.001,-0.13083643625100846,0.308,-0.628931450141962,0.0006214285714285715,0.004247986783703567,0.008847457627118643,False,True,,,,,,,
v5-20261009T121014Z-d833d0,features_x_external[spearman],sber_ilr2,ext_log_density_v4,spearman,static 2023-01…2024-12 (retrospective),-0.6203570799022942,62.0,0.0,-0.7706398178848186,-0.4085572695412597,7.540863962372704e-08,0.0001,9999.0,20261009.0,0.001,0.15343355745259502,0.24,-0.6015335801163405,0.0005612903225806452,0.0038368912885064473,0.007565217391304348,False,False,,,,,,,
v5-20261009T121014Z-d833d0,features_x_external[pearson],sber_ilr2,ext_employees_per_1000_v4,pearson,static 2023-01…2024-12 (retrospective),-0.47420079538566356,61.0,1.0,-0.6685353008990981,-0.2397369743887265,0.00011310143356773048,0.0001,9999.0,20261009.0,0.009,-0.0012588930284604617,0.991,-0.42000690635598475,0.0006214285714285715,0.004247986783703567,0.034043478260869564,False,True,,,,,,,
v5-20261009T121014Z-d833d0,features_x_external[spearman],sber_ilr2,ext_employees_per_1000_v4,spearman,static 2023-01…2024-12 (retrospective),-0.4565838180856689,61.0,1.0,-0.6526519670503211,-0.2219916329657019,0.00021683677664999717,0.0001,9999.0,20261009.0,0.017,-0.02993125330512956,0.824,-0.4289524868018895,0.0005612903225806452,0.0038368912885064473,0.045507692307692305,False,True,,,,,,,
v5-20261009T121014Z-d833d0,features_x_external[pearson],sber_ilr2,ext_msp2026_per_1000,pearson,static 2023-01…2024-12 (retrospective),-0.5561757222607591,62.0,0.0,-0.6996740116352624,-0.39344437862571086,2.68822218571372e-06,0.0001,9999.0,20261009.0,0.001,-0.1416523250957228,0.295,-0.5102219995198122,0.0006214285714285715,0.004247986783703567,0.008847457627118643,False,True,,,,,,,
v5-20261009T121014Z-d833d0,features_x_external[spearman],sber_ilr2,ext_msp2026_per_1000,spearman,static 2023-01…2024-12 (retrospective),-0.555891314749062,62.0,0.0,-0.7255490476918488,-0.3536427561368357,2.726668527928525e-06,0.0001,9999.0,20261009.0,0.001,-0.09888947646747753,0.447,-0.5337916446324695,0.0005612903225806452,0.0038368912885064473,0.007565217391304348,False,True,,,,,,,
v5-20261009T121014Z-d833d0,features_x_external[pearson],sber_ilr2,msp_lq_agri,pearson,static 2023-01…2024-12 (retrospective),0.6282961729244183,62.0,0.0,0.429399040639998,0.7667866821939197,4.577621844352926e-08,0.0001,9999.0,20261009.0,0.001,0.12653606981202206,0.336,0.6079667509248647,0.0006214285714285715,0.004247986783703567,0.008847457627118643,False,True,,,,,,,
v5-20261009T121014Z-d833d0,features_x_external[spearman],sber_ilr2,msp_lq_agri,spearman,static 2023-01…2024-12 (retrospective),0.5960313263327541,62.0,0.0,0.3611352420427518,0.7560190522201384,3.2028707109331675e-07,0.0001,9999.0,20261009.0,0.001,0.0868021455012465,0.497,0.5762559492332099,0.0005612903225806452,0.0038368912885064473,0.007565217391304348,False,True,,,,,,,
v5-20261009T121014Z-d833d0,features_x_external[pearson],sber_ilr2,msp_lq_business_services,pearson,static 2023-01…2024-12 (retrospective),-0.6142866963755091,62.0,0.0,-0.7725518692387452,-0.39855978325183294,1.0943255424707715e-07,0.0001,9999.0,20261009.0,0.001,-0.09022848997007467,0.501,-0.5769069572533416,0.0006214285714285715,0.004247986783703567,0.008847457627118643,False,True,,,,,,,
v5-20261009T121014Z-d833d0,features_x_external[spearman],sber_ilr2,msp_lq_business_services,spearman,static 2023-01…2024-12 (retrospective),-0.551811840547959,62.0,0.0,-0.7341070779914272,-0.317836542803771,3.3378739947889114e-06,0.0001,9999.0,20261009.0,0.001,-0.08478759034020801,0.53,-0.5294024325753568,0.0005612903225806452,0.0038368912885064473,0.007565217391304348,False,True,,,,,,,
v5-20261009T121014Z-d833d0,features_x_external[pearson],sber_ilr2,msp_lq_construction,pearson,static 2023-01…2024-12 (retrospective),-0.28436746112006894,62.0,0.0,-0.47647869423142075,-0.06137179901724932,0.02509036116491065,0.026,9999.0,20261009.0,0.056,-0.03275274822644056,0.804,-0.25214348836162054,0.06283333333333332,0.4295186636855827,0.13227149321266968,False,False,,,,,,,
v5-20261009T121014Z-d833d0,features_x_external[spearman],sber_ilr2,msp_lq_construction,spearman,static 2023-01…2024-12 (retrospective),-0.253053310165949,62.0,0.0,-0.46845605259246365,0.0003164216197940266,0.04720892448014569,0.0505,9999.0,20261009.0,0.108,-0.008486313615874696,0.933,-0.22120571126388153,0.10177992277992279,0.695751348898476,0.19991489361702125,False,False,,,,,,,
v5-20261009T121014Z-d833d0,features_x_external[pearson],sber_ilr2,msp_lq_consumer_services,pearson,static 2023-01…2024-12 (retrospective),-0.383144814411882,62.0,0.0,-0.5637852055692388,-0.18362571730242486,0.0021141675432591995,0.0023,9999.0,20261009.0,0.014,-0.16589186979722628,0.208,-0.39595000792421625,0.0083375,0.05699382268135617,0.0459622641509434,False,False,,,,,,,
v5-20261009T121014Z-d833d0,features_x_external[spearman],sber_ilr2,msp_lq_consumer_services,spearman,static 2023-01…2024-12 (retrospective),-0.4367807408526605,62.0,0.0,-0.6073128663258378,-0.22625942729314213,0.00038629496520454603,0.0007,9999.0,20261009.0,0.006,-0.21205711263881546,0.11,-0.448281332628239,0.0026287769784172662,0.01796990092674602,0.022532374100719427,False,True,,,,,,,
v5-20261009T121014Z-d833d0,features_x_external[pearson],sber_ilr2,msp_lq_industry,pearson,static 2023-01…2024-12 (retrospective),-0.21997551765545018,62.0,0.0,-0.41438276498330784,-0.0013774715257311519,0.08580543086061435,0.0807,9999.0,20261009.0,0.077,-0.2411983804102378,0.062,-0.24436218276749214,0.16202076923076922,1.0,0.16747499999999998,False,False,,,,,,,
v5-20261009T121014Z-d833d0,features_x_external[spearman],sber_ilr2,msp_lq_industry,spearman,static 2023-01…2024-12 (retrospective),-0.2079776384377125,62.0,0.0,-0.43726066080522386,0.04229106090280134,0.10478584479528959,0.1008,9999.0,20261009.0,0.084,-0.19835813754375364,0.124,-0.23051295610787945,0.18019726027397262,1.0,0.16300371747211898,False,False,,,,,,,
v5-20261009T121014Z-d833d0,features_x_external[pearson],sber_ilr2,msp_lq_social,pearson,static 2023-01…2024-12 (retrospective),-0.5220733255949398,62.0,0.0,-0.6781778285358613,-0.32485451876907195,1.349481037017813e-05,0.0001,9999.0,20261009.0,0.001,-0.3010832333518805,0.021,-0.5080691254935906,0.0006214285714285715,0.004247986783703567,0.008847457627118643,False,True,,,,,,,
v5-20261009T121014Z-d833d0,features_x_external[spearman],sber_ilr2,msp_lq_social,spearman,static 2023-01…2024-12 (retrospective),-0.5170607640200447,62.0,0.0,-0.6966717241734838,-0.28378710363030896,1.6861510755046543e-05,0.0002,9999.0,20261009.0,0.002,-0.33484424970411225,0.009,-0.5,0.0009490909090909091,0.006487834360565446,0.010989473684210526,False,True,,,,,,,
v5-20261009T121014Z-d833d0,features_x_external[pearson],sber_ilr2,msp_lq_trade,pearson,static 2023-01…2024-12 (retrospective),-0.12749372717330612,62.0,0.0,-0.3545652766713699,0.1226492192052671,0.32340064639062943,0.3174,9999.0,20261009.0,0.264,0.03671173191227061,0.784,-0.15664348235393755,0.4654011235955056,1.0,0.42533333333333334,False,False,,,,,,,
v5-20261009T121014Z-d833d0,features_x_external[spearman],sber_ilr2,msp_lq_trade,spearman,static 2023-01…2024-12 (retrospective),-0.06277857520586236,62.0,0.0,-0.3166699380287435,0.18372003634766548,0.6278624082015313,0.6263,9999.0,20261009.0,0.588,0.10921407166779985,0.396,-0.09048122686409306,0.7388126410835214,1.0,0.7154685314685315,False,False,,,,,,,
v5-20261009T121014Z-d833d0,features_x_external[pearson],sber_ilr2,msp_lq_transport,pearson,static 2023-01…2024-12 (retrospective),0.23006599937104888,62.0,0.0,0.013098034717095428,0.4356380706964216,0.07203607426346238,0.0743,9999.0,20261009.0,0.07,0.16794409689175227,0.187,0.21402977945398638,0.1520964705882353,1.0,0.15615384615384617,False,False,,,,,,,
v5-20261009T121014Z-d833d0,features_x_external[spearman],sber_ilr2,msp_lq_transport,spearman,static 2023-01…2024-12 (retrospective),0.222029160685956,62.0,0.0,-0.01657000275433663,0.4396974343523768,0.08284696385227293,0.0842,9999.0,20261009.0,0.077,0.17176600941804537,0.171,0.20010576414595446,0.15753548387096772,1.0,0.15341221374045802,False,False,,,,,,,
v5-20261009T121014Z-d833d0,features_x_external[pearson],sber_ilr2,ext_msp2026_eci,pearson,static 2023-01…2024-12 (retrospective),-0.5802431587141008,62.0,0.0,-0.7184300344115806,-0.3741235055538644,7.695234101572133e-07,0.0001,9999.0,20261009.0,0.002,-0.16810245383771116,0.19,-0.5384145157668864,0.0006214285714285715,0.004247986783703567,0.0116,False,True,,,,,,,
v5-20261009T121014Z-d833d0,features_x_external[spearman],sber_ilr2,ext_msp2026_eci,spearman,static 2023-01…2024-12 (retrospective),-0.5237471671265337,62.0,0.0,-0.6838552722566777,-0.3064428683879959,1.2517664643292877e-05,0.0002,9999.0,20261009.0,0.005,-0.13963385459948124,0.281,-0.4999338958356795,0.0009490909090909091,0.006487834360565446,0.020232558139534885,False,True,,,,,,,
v5-20261009T121014Z-d833d0,features_x_external[pearson],sber_ilr2,ext_msp2026_diversity,pearson,static 2023-01…2024-12 (retrospective),-0.5747824277905059,62.0,0.0,-0.7165368537824376,-0.3860686266606238,1.0310597598716996e-06,0.0001,9999.0,20261009.0,0.003,-0.0910542466607365,0.53,-0.5418788481332814,0.0006214285714285715,0.004247986783703567,0.015504950495049507,False,True,,,,,,,
v5-20261009T121014Z-d833d0,features_x_external[spearman],sber_ilr2,ext_msp2026_diversity,spearman,static 2023-01…2024-12 (retrospective),-0.532343199594216,62.0,0.0,-0.6999587443473929,-0.3068449382605575,8.455255359215328e-06,0.0001,9999.0,20261009.0,0.004,-0.07003097378560096,0.614,-0.5091033659303514,0.0005612903225806452,0.0038368912885064473,0.0174,False,True,,,,,,,
v5-20261009T121014Z-d833d0,features_x_external[pearson],sber_ilr2,ext_old_age_ratio_65_per100_20_64,pearson,static 2023-01…2024-12 (retrospective),0.5074132888279607,62.0,0.0,0.3459707072188181,0.6522325777794022,2.563461813657758e-05,0.0002,9999.0,20261009.0,0.002,0.4847411237855334,0.001,0.5008877842077439,0.0010875000000000001,0.0074339768714812415,0.0116,False,True,,,,,,,
v5-20261009T121014Z-d833d0,features_x_external[spearman],sber_ilr2,ext_old_age_ratio_65_per100_20_64,spearman,static 2023-01…2024-12 (retrospective),0.5459192667019214,62.0,0.0,0.34508611910303344,0.6867203060200904,4.449577306182497e-06,0.0002,9999.0,20261009.0,0.002,0.5045201581425801,0.001,0.533262823902697,0.0009490909090909091,0.006487834360565446,0.010989473684210526,False,True,,,,,,,
v5-20261009T121014Z-d833d0,features_x_external[pearson],sber_ilr2,ext_youth_ratio_0_19_per100_20_64,pearson,static 2023-01…2024-12 (retrospective),-0.05711766129975113,62.0,0.0,-0.29659287713994775,0.16587956948552798,0.65924742249128,0.6678,9999.0,20261009.0,0.655,-0.25377806400632,0.05,-0.08479742829850348,0.7763732739420934,1.0,0.7753061224489796,False,False,,,,,,,
v5-20261009T121014Z-d833d0,features_x_external[spearman],sber_ilr2,ext_youth_ratio_0_19_per100_20_64,spearman,static 2023-01…2024-12 (retrospective),-0.09334944977462165,62.0,0.0,-0.34447511027095146,0.16391140183990235,0.4705074392489471,0.4658,9999.0,20261009.0,0.466,-0.2554707763591952,0.052,-0.12622950819672127,0.5844894230769231,1.0,0.6096541353383459,False,False,,,,,,,
v5-20261009T121014Z-d833d0,features_x_external[pearson],sber_ilr2,ext_balance_residual_share_2024,pearson,static 2023-01…2024-12 (retrospective),0.024001606903977915,62.0,0.0,-0.187767576559456,0.23021375853377007,0.8530962036287674,0.8536,9999.0,20261009.0,0.886,0.12822396737291847,0.338,0.04848359084667871,0.913072131147541,1.0,0.9362186234817814,False,False,,,,,,,
v5-20261009T121014Z-d833d0,features_x_external[spearman],sber_ilr2,ext_balance_residual_share_2024,spearman,static 2023-01…2024-12 (retrospective),0.02490493817833849,62.0,0.0,-0.2055329343955237,0.26291022696981114,0.8476320976702694,0.8474,9999.0,20261009.0,0.87,0.1746871144015512,0.189,0.05589635113696457,0.9158236024844721,1.0,0.9325256673511294,False,False,,,,,,,
v5-20261009T121014Z-d833d0,features_x_external[pearson],sber_ilr3,ext_census_wage_main_share,pearson,static 2023-01…2024-12 (retrospective),0.46792391169668474,62.0,0.0,0.24327310647046196,0.6471374892208183,0.00012560044858633533,0.0003,9999.0,20261009.0,0.013,-0.14613246782939646,0.258,0.4219371672662281,0.0015057692307692307,0.01029319874512787,0.04294936708860759,False,False,,,,,,,
v5-20261009T121014Z-d833d0,features_x_external[spearman],sber_ilr3,ext_census_wage_main_share,spearman,static 2023-01…2024-12 (retrospective),0.4478607942383722,62.0,0.0,0.20728071884208876,0.6409330684803064,0.0002622125450605181,0.0006,9999.0,20261009.0,0.018,-0.10266676739442472,0.424,0.42332099418297187,0.00232,0.01585915065915998,0.047216080402010044,False,False,,,,,,,
v5-20261009T121014Z-d833d0,features_x_external[pearson],sber_ilr3,ext_census_pension_benefit_main_share,pearson,static 2023-01…2024-12 (retrospective),-0.488512229801715,62.0,0.0,-0.6494276273030932,-0.283165429507423,5.6199179649817736e-05,0.0001,9999.0,20261009.0,0.016,-0.03221706797679124,0.796,-0.4499640975827606,0.0006214285714285715,0.004247986783703567,0.05031325301204819,False,False,,,,,,,
v5-20261009T121014Z-d833d0,features_x_external[spearman],sber_ilr3,ext_census_pension_benefit_main_share,spearman,static 2023-01…2024-12 (retrospective),-0.4823600513711567,62.0,0.0,-0.6576239992033095,-0.2436107529128274,7.185171299473401e-05,0.0001,9999.0,20261009.0,0.018,-0.04605776736924278,0.727,-0.4583818085668958,0.0005612903225806452,0.0038368912885064473,0.047216080402010044,False,True,,,,,,,
v5-20261009T121014Z-d833d0,features_x_external[pearson],sber_ilr3,ext_census_dependent_main_share,pearson,static 2023-01…2024-12 (retrospective),0.09733363433209398,62.0,0.0,-0.12066849537805559,0.3095736325582901,0.4516913447879434,0.4514,9999.0,20261009.0,0.529,0.08192447282044511,0.507,0.12554704996817886,0.5865358208955224,1.0,0.6886234413965088,False,False,,,,,,,
v5-20261009T121014Z-d833d0,features_x_external[spearman],sber_ilr3,ext_census_dependent_main_share,spearman,static 2023-01…2024-12 (retrospective),0.1041776837652036,62.0,0.0,-0.14715231659213374,0.3387417476139673,0.42035929741370237,0.4155,9999.0,20261009.0,0.483,0.11253808768351337,0.355,0.13167636171337915,0.5435864661654135,1.0,0.6271791044776119,False,False,,,,,,,
v5-20261009T121014Z-d833d0,features_x_external[pearson],sber_ilr3,ext_census_business_main_share,pearson,static 2023-01…2024-12 (retrospective),-0.20527729475677023,62.0,0.0,-0.4195924721785477,0.006248631409554314,0.10947503552750233,0.1122,9999.0,20261009.0,0.192,0.03151066299430948,0.818,-0.18556426348334484,0.21143826714801442,1.0,0.342061433447099,False,False,,,,,,,
v5-20261009T121014Z-d833d0,features_x_external[spearman],sber_ilr3,ext_census_business_main_share,spearman,static 2023-01…2024-12 (retrospective),-0.2671048324141926,62.0,0.0,-0.4903667780062473,-0.02760906426910228,0.03584522406493941,0.04,9999.0,20261009.0,0.108,-0.012666515575029588,0.924,-0.25261766261237434,0.08318725099601594,0.5686548045117125,0.19991489361702125,False,False,,,,,,,
v5-20261009T121014Z-d833d0,features_x_external[pearson],sber_ilr3,ext_census_subsistence_main_share,pearson,static 2023-01…2024-12 (retrospective),-0.27053149490161127,62.0,0.0,-0.4799949823205301,-0.07863484115693883,0.03344947758502188,0.0338,9999.0,20261009.0,0.05,0.14827854724519143,0.249,-0.24905232525342133,0.07772511013215859,0.5313164791317694,0.12139534883720932,False,False,,,,,,,
v5-20261009T121014Z-d833d0,features_x_external[spearman],sber_ilr3,ext_census_subsistence_main_share,spearman,static 2023-01…2024-12 (retrospective),-0.37090478708670144,62.0,0.0,-0.5844824790187552,-0.12881540554334145,0.003000235804184777,0.0027,9999.0,20261009.0,0.011,0.17367983682103197,0.179,-0.3478053939714436,0.008053714285714286,0.05505390871679822,0.034178571428571426,False,False,,,,,,,
v5-20261009T121014Z-d833d0,features_x_external[pearson],sber_ilr3,ext_census_higher_edu_share,pearson,static 2023-01…2024-12 (retrospective),0.4750024590130247,62.0,0.0,0.29349081867405413,0.6275729873158925,9.580987350365025e-05,0.0001,9999.0,20261009.0,0.02,-0.015202610837100785,0.9,0.4280596017378408,0.0006214285714285715,0.004247986783703567,0.06034682080924855,False,False,,,,,,,
v5-20261009T121014Z-d833d0,features_x_external[spearman],sber_ilr3,ext_census_higher_edu_share,spearman,static 2023-01…2024-12 (retrospective),0.47329455314648333,62.0,0.0,0.24770043697447827,0.6481758512868536,0.00010233300964617603,0.0001,9999.0,20261009.0,0.013,0.018659817179119135,0.894,0.44902168164992057,0.0005612903225806452,0.0038368912885064473,0.037491712707182316,False,True,,,,,,,
v5-20261009T121014Z-d833d0,features_x_external[pearson],sber_ilr3,ext_market_access_sber,pearson,static 2023-01…2024-12 (retrospective),0.13077558672282424,62.0,0.0,0.009904613003418432,0.3819632674394426,0.3109975181008159,0.3218,9999.0,20261009.0,0.344,-0.043829131157691985,0.75,0.11689194051588973,0.46790974930362117,1.0,0.5101363636363636,False,False,,,,,,,
v5-20261009T121014Z-d833d0,features_x_external[spearman],sber_ilr3,ext_market_access_sber,spearman,static 2023-01…2024-12 (retrospective),0.20876879323364816,62.0,0.0,-0.07047746752622261,0.47198049488144267,0.10344186026396252,0.1019,9999.0,20261009.0,0.11,0.03331570597567425,0.813,0.17372679700638635,0.18092448979591838,1.0,0.2028975265017668,False,False,,,,,,,
v5-20261009T121014Z-d833d0,features_x_external[pearson],sber_ilr3,ext_wage_large_medium_orgs_v4,pearson,static 2023-01…2024-12 (retrospective),0.38354894213348906,62.0,0.0,0.17820552438852064,0.5594064830516207,0.0020893981467966652,0.0022,9999.0,20261009.0,0.032,-0.02010835204624876,0.876,0.32885021156704997,0.008030769230769232,0.054897059974015325,0.08610309278350517,False,False,,,,,,,
v5-20261009T121014Z-d833d0,features_x_external[spearman],sber_ilr3,ext_wage_large_medium_orgs_v4,spearman,static 2023-01…2024-12 (retrospective),0.41074261539623785,62.0,0.0,0.1792601148942673,0.6084860345827339,0.000913097394754063,0.0014,9999.0,20261009.0,0.025,-0.027574223766714513,0.829,0.3846113167636171,0.004625316455696202,0.03161792694705945,0.06184834123222749,False,False,,,,,,,
v5-20261009T121014Z-d833d0,features_x_external[pearson],sber_ilr3,ext_emp_share_budget_sector_v4,pearson,static 2023-01…2024-12 (retrospective),-0.508778276666725,61.0,1.0,-0.6594859505731931,-0.32271461777118415,2.8301793169917196e-05,0.0001,9999.0,20261009.0,0.004,-0.1615056687208653,0.199,-0.4907502391315047,0.0006214285714285715,0.004247986783703567,0.01933333333333333,False,True,,,,,,,
v5-20261009T121014Z-d833d0,features_x_external[spearman],sber_ilr3,ext_emp_share_budget_sector_v4,spearman,static 2023-01…2024-12 (retrospective),-0.5330512956107879,61.0,1.0,-0.6776844071717518,-0.3319508544282827,9.746366925897941e-06,0.0001,9999.0,20261009.0,0.005,-0.12760444209413008,0.318,-0.5186996387885525,0.0005612903225806452,0.0038368912885064473,0.020232558139534885,False,True,,,,,,,
v5-20261009T121014Z-d833d0,features_x_external[pearson],sber_ilr3,ext_emp_share_industry_v4,pearson,static 2023-01…2024-12 (retrospective),0.3565676628395534,61.0,1.0,0.13162324761970617,0.557559364743116,0.0047930073267132564,0.0055,9999.0,20261009.0,0.037,0.023339093425236882,0.858,0.3495233919369852,0.01659537572254335,0.11344334647809522,0.09561386138613862,False,False,,,,,,,
v5-20261009T121014Z-d833d0,features_x_external[spearman],sber_ilr3,ext_emp_share_industry_v4,spearman,static 2023-01…2024-12 (retrospective),0.4442857904568194,61.0,1.0,0.21979426481744443,0.6146677011708279,0.00033463732807216664,0.0003,9999.0,20261009.0,0.009,-0.016129032258064512,0.915,0.4350339008607484,0.0013159663865546219,0.008995736718431081,0.028999999999999998,False,False,,,,,,,
v5-20261009T121014Z-d833d0,features_x_external[pearson],sber_ilr3,ext_emp_share_agri_v4,pearson,static 2023-01…2024-12 (retrospective),0.11394437484214899,61.0,1.0,-0.10450013272952306,0.30215026238905973,0.3819136576578577,0.3793,9999.0,20261009.0,0.435,0.26808210883886985,0.039,0.139691309772599,0.5183104712041885,1.0,0.6039095744680851,False,False,,,,,,,
v5-20261009T121014Z-d833d0,features_x_external[spearman],sber_ilr3,ext_emp_share_agri_v4,spearman,static 2023-01…2024-12 (retrospective),0.03699567807759561,61.0,1.0,-0.2066300380779319,0.2758872619112681,0.777127220454211,0.7736,9999.0,20261009.0,0.811,0.15859333685880486,0.251,0.05997808731857709,0.8621885106382978,1.0,0.8969110169491525,False,False,,,,,,,
v5-20261009T121014Z-d833d0,features_x_external[pearson],sber_ilr3,ext_equalization_grants_pc_v4,pearson,static 2023-01…2024-12 (retrospective),-0.642553592752964,62.0,0.0,-0.7450812971526349,-0.501607398103547,1.8013500913130473e-08,0.0001,9999.0,20261009.0,0.001,-0.23585824625228302,0.07,-0.6169966037267895,0.0006214285714285715,0.004247986783703567,0.008847457627118643,False,True,,,,,,,
v5-20261009T121014Z-d833d0,features_x_external[spearman],sber_ilr3,ext_equalization_grants_pc_v4,spearman,static 2023-01…2024-12 (retrospective),-0.6520359598096245,62.0,0.0,-0.7538247053084017,-0.49451088086497424,9.427167225839098e-09,0.0001,9999.0,20261009.0,0.001,-0.2148271259852434,0.106,-0.6355367530407192,0.0005612903225806452,0.0038368912885064473,0.007565217391304348,False,True,,,,,,,
v5-20261009T121014Z-d833d0,features_x_external[pearson],sber_ilr3,ext_urban_share_v4,pearson,static 2023-01…2024-12 (retrospective),0.5248930090319762,62.0,0.0,0.33786463431739344,0.6862433375888128,1.1887131516672044e-05,0.0001,9999.0,20261009.0,0.002,0.12953425415903524,0.301,0.4953264527173166,0.0006214285714285715,0.004247986783703567,0.0116,False,True,,,,,,,
v5-20261009T121014Z-d833d0,features_x_external[spearman],sber_ilr3,ext_urban_share_v4,spearman,static 2023-01…2024-12 (retrospective),0.5575831619333814,62.0,0.0,0.3540741614927719,0.7199295622093399,2.5053117653818837e-06,0.0001,9999.0,20261009.0,0.001,0.0883130618720254,0.485,0.5375470344497711,0.0005612903225806452,0.0038368912885064473,0.007565217391304348,False,True,,,,,,,
v5-20261009T121014Z-d833d0,features_x_external[pearson],sber_ilr3,ext_log_density_v4,pearson,static 2023-01…2024-12 (retrospective),0.5275233984030714,62.0,0.0,0.3410080145823999,0.6706215180918226,1.0549705348349247e-05,0.0002,9999.0,20261009.0,0.006,0.07981149612773956,0.543,0.48786795714982717,0.0010875000000000001,0.0074339768714812415,0.025463414634146343,False,True,,,,,,,
v5-20261009T121014Z-d833d0,features_x_external[spearman],sber_ilr3,ext_log_density_v4,spearman,static 2023-01…2024-12 (retrospective),0.5805696154717837,62.0,0.0,0.3499191346526547,0.7442295378575939,7.560533912758967e-07,0.0001,9999.0,20261009.0,0.003,0.1267910654478608,0.319,0.5622421998942357,0.0005612903225806452,0.0038368912885064473,0.013982142857142858,False,True,,,,,,,
v5-20261009T121014Z-d833d0,features_x_external[pearson],sber_ilr3,ext_employees_per_1000_v4,pearson,static 2023-01…2024-12 (retrospective),0.4323312470363935,61.0,1.0,0.21810811741949873,0.597642141855233,0.0005024137338665529,0.0006,9999.0,20261009.0,0.008,0.08032920014598481,0.539,0.38035506013151604,0.002723478260869565,0.01861726381727476,0.0313984962406015,False,True,,,,,,,
v5-20261009T121014Z-d833d0,features_x_external[spearman],sber_ilr3,ext_employees_per_1000_v4,spearman,static 2023-01…2024-12 (retrospective),0.4444738233738762,61.0,1.0,0.215016859931918,0.6220774864453721,0.0003324653566314215,0.0003,9999.0,20261009.0,0.008,-0.051771549444738225,0.686,0.4189497082522924,0.0013159663865546219,0.008995736718431081,0.026941935483870968,False,False,,,,,,,
v5-20261009T121014Z-d833d0,features_x_external[pearson],sber_ilr3,ext_msp2026_per_1000,pearson,static 2023-01…2024-12 (retrospective),0.38102658734811806,62.0,0.0,0.20879150606483893,0.5624333975310648,0.002248338756554654,0.0016,9999.0,20261009.0,0.027,-0.01712037423770662,0.902,0.31832218020584574,0.0062328358208955225,0.042606673412668605,0.07457142857142857,False,False,,,,,,,
v5-20261009T121014Z-d833d0,features_x_external[spearman],sber_ilr3,ext_msp2026_per_1000,spearman,static 2023-01…2024-12 (retrospective),0.4338092719901287,62.0,0.0,0.21144191260189013,0.6231149323795317,0.00042764128765612747,0.0004,9999.0,20261009.0,0.012,0.040165193523205155,0.757,0.40846113167636167,0.0016571428571428575,0.011327964756542845,0.03641860465116279,False,True,,,,,,,
v5-20261009T121014Z-d833d0,features_x_external[pearson],sber_ilr3,msp_lq_agri,pearson,static 2023-01…2024-12 (retrospective),-0.4177372778355397,62.0,0.0,-0.6153896491012093,-0.19827214884778682,0.0007295820688242798,0.0009,9999.0,20261009.0,0.015,0.0813234398408723,0.513,-0.387682389739418,0.0038195121951219513,0.026109577304714603,0.04803680981595092,False,False,,,,,,,
v5-20261009T121014Z-d833d0,features_x_external[spearman],sber_ilr3,msp_lq_agri,spearman,static 2023-01…2024-12 (retrospective),-0.43708292412681626,62.0,0.0,-0.6384348288856773,-0.20377272751478798,0.0003823010836360896,0.0008,9999.0,20261009.0,0.012,0.05461962680365642,0.664,-0.4123215230037016,0.0029617021276595744,0.020245724245736143,0.03641860465116279,False,False,,,,,,,
v5-20261009T121014Z-d833d0,features_x_external[pearson],sber_ilr3,msp_lq_business_services,pearson,static 2023-01…2024-12 (retrospective),0.4263310710044803,62.0,0.0,0.19819229661982213,0.6133236609905729,0.0005501111621966879,0.0005,9999.0,20261009.0,0.024,-0.06723771158999041,0.607,0.3718305747795718,0.002309734513274336,0.015788977426154847,0.06808695652173913,False,False,,,,,,,
v5-20261009T121014Z-d833d0,features_x_external[spearman],sber_ilr3,msp_lq_business_services,spearman,static 2023-01…2024-12 (retrospective),0.3945254463498779,62.0,0.0,0.13184184786319017,0.6035143278562617,0.0015084483539058362,0.0015,9999.0,20261009.0,0.039,-0.07118934300319811,0.594,0.36726599682707556,0.0048937500000000005,0.03345289592166559,0.08812987012987013,False,False,,,,,,,
v5-20261009T121014Z-d833d0,features_x_external[pearson],sber_ilr3,msp_lq_construction,pearson,static 2023-01…2024-12 (retrospective),0.005665949648719385,62.0,0.0,-0.23644431584634584,0.24192911919032448,0.9651386531223047,0.964,9999.0,20261009.0,0.963,-0.28553595444233676,0.024,-0.036559583049269546,0.9771029126213592,1.0,0.977988326848249,False,False,,,,,,,
v5-20261009T121014Z-d833d0,features_x_external[spearman],sber_ilr3,msp_lq_construction,spearman,static 2023-01…2024-12 (retrospective),-0.02324293017048173,62.0,0.0,-0.2815524445200904,0.23453654628606294,0.8576906430498702,0.8566,9999.0,20261009.0,0.849,-0.24272871496562665,0.049,-0.06218931782125858,0.9162811475409837,1.0,0.9237883817427385,False,False,,,,,,,
v5-20261009T121014Z-d833d0,features_x_external[pearson],sber_ilr3,msp_lq_consumer_services,pearson,static 2023-01…2024-12 (retrospective),0.24231152724910246,62.0,0.0,-0.008674666902945629,0.48823482042812216,0.057759551895323245,0.0631,9999.0,20261009.0,0.139,0.014183383061039887,0.913,0.2487739655321045,0.13281532258064518,0.9079044011428381,0.261,False,False,,,,,,,
v5-20261009T121014Z-d833d0,features_x_external[spearman],sber_ilr3,msp_lq_consumer_services,spearman,static 2023-01…2024-12 (retrospective),0.33983027372768254,62.0,0.0,0.11917383320991484,0.5382226973828838,0.006886066733170171,0.0062,9999.0,20261009.0,0.047,0.09752965173377653,0.464,0.34727657324167105,0.016944502617801047,0.11582992235355064,0.10096296296296298,False,False,,,,,,,
v5-20261009T121014Z-d833d0,features_x_external[pearson],sber_ilr3,msp_lq_industry,pearson,static 2023-01…2024-12 (retrospective),0.08710510476143411,62.0,0.0,-0.11569108143670206,0.2889700494135389,0.5008267627996351,0.5029,9999.0,20261009.0,0.522,0.03544564328783272,0.804,0.10458100283850301,0.6374228155339806,1.0,0.6829172932330827,False,False,,,,,,,
v5-20261009T121014Z-d833d0,features_x_external[spearman],sber_ilr3,msp_lq_industry,spearman,static 2023-01…2024-12 (retrospective),0.12739543199617234,62.0,0.0,-0.10525370551266362,0.3548739791404908,0.32377691406353826,0.3194,9999.0,20261009.0,0.334,0.05754073178716224,0.673,0.14727657324167107,0.44880804289544235,1.0,0.47506267029972754,False,False,,,,,,,
v5-20261009T121014Z-d833d0,features_x_external[pearson],sber_ilr3,msp_lq_social,pearson,static 2023-01…2024-12 (retrospective),0.34059742068140536,62.0,0.0,0.14348260562402082,0.5117052967054367,0.0067527665271462575,0.0073,9999.0,20261009.0,0.052,0.07631006142595595,0.568,0.3196892968955959,0.02128826815642458,0.14552321205402383,0.12451376146788991,False,False,,,,,,,
v5-20261009T121014Z-d833d0,features_x_external[spearman],sber_ilr3,msp_lq_social,spearman,static 2023-01…2024-12 (retrospective),0.3333836972123593,62.0,0.0,0.09190140779118874,0.5337233692818059,0.00810029983415072,0.0087,9999.0,20261009.0,0.039,0.05728891239203243,0.668,0.3093601269169751,0.022936363636363633,0.1567893303803316,0.08812987012987013,False,False,,,,,,,
v5-20261009T121014Z-d833d0,features_x_external[pearson],sber_ilr3,msp_lq_trade,pearson,static 2023-01…2024-12 (retrospective),0.15310541616411977,62.0,0.0,-0.04715459133790625,0.3411639605494835,0.2348181214571419,0.2346,9999.0,20261009.0,0.23,0.04428128169907096,0.735,0.18017711359024416,0.3779666666666667,1.0,0.39363934426229513,False,False,,,,,,,
v5-20261009T121014Z-d833d0,features_x_external[spearman],sber_ilr3,msp_lq_trade,spearman,static 2023-01…2024-12 (retrospective),0.14436805922792173,62.0,0.0,-0.10630691022466282,0.3674298998746395,0.2629277940375068,0.2646,9999.0,20261009.0,0.259,0.005011205963083277,0.968,0.17149656266525642,0.3858134078212291,1.0,0.3988141592920354,False,False,,,,,,,
v5-20261009T121014Z-d833d0,features_x_external[pearson],sber_ilr3,msp_lq_transport,pearson,static 2023-01…2024-12 (retrospective),-0.08488635878959842,62.0,0.0,-0.29005178230986584,0.12828351892572487,0.5118377100446359,0.5057,9999.0,20261009.0,0.535,0.025269212756510884,0.833,-0.0648319606669232,0.6391656174334142,1.0,0.6912623762376239,False,False,,,,,,,
v5-20261009T121014Z-d833d0,features_x_external[spearman],sber_ilr3,msp_lq_transport,spearman,static 2023-01…2024-12 (retrospective),-0.1314749061972753,62.0,0.0,-0.35345999848801773,0.11612131158375809,0.3083946619137317,0.3102,9999.0,20261009.0,0.32,0.0006799123668504949,0.998,-0.10745637228979374,0.4388195121951219,1.0,0.4627146814404432,False,False,,,,,,,
v5-20261009T121014Z-d833d0,features_x_external[pearson],sber_ilr3,ext_msp2026_eci,pearson,static 2023-01…2024-12 (retrospective),0.3694227276270763,62.0,0.0,0.14398097566425538,0.5487268908860302,0.0031273214480711845,0.0026,9999.0,20261009.0,0.039,-0.0538352523791904,0.697,0.30804540887878673,0.009108724832214764,0.06226579285643347,0.09882524271844662,False,False,,,,,,,
v5-20261009T121014Z-d833d0,features_x_external[spearman],sber_ilr3,ext_msp2026_eci,spearman,static 2023-01…2024-12 (retrospective),0.318987660640052,62.0,0.0,0.06723229013490865,0.5247956552231255,0.011504532734181474,0.0122,9999.0,20261009.0,0.08,-0.11636574248948656,0.375,0.2871572491022097,0.03091456310679612,0.21132703184171917,0.15699248120300752,False,False,,,,,,,
v5-20261009T121014Z-d833d0,features_x_external[pearson],sber_ilr3,ext_msp2026_diversity,pearson,static 2023-01…2024-12 (retrospective),0.39431985006702214,62.0,0.0,0.2056986140775255,0.556241480451813,0.0015178364921982453,0.0014,9999.0,20261009.0,0.026,-0.05862031159233991,0.648,0.3518928140567053,0.005621538461538462,0.03842794198181072,0.07257754010695187,False,False,,,,,,,
v5-20261009T121014Z-d833d0,features_x_external[spearman],sber_ilr3,ext_msp2026_diversity,spearman,static 2023-01…2024-12 (retrospective),0.36873266320029,62.0,0.0,0.12120228976663346,0.5630791803123637,0.0031881091449144747,0.0035,9999.0,20261009.0,0.033,-0.06519604139910856,0.607,0.33925852840010184,0.01003846153846154,0.06862132496751915,0.07724663677130046,False,False,,,,,,,
v5-20261009T121014Z-d833d0,features_x_external[pearson],sber_ilr3,ext_old_age_ratio_65_per100_20_64,pearson,static 2023-01…2024-12 (retrospective),-0.20095390135651156,62.0,0.0,-0.4026187449861574,0.014425831487345785,0.11731723038510795,0.1163,9999.0,20261009.0,0.256,-0.0264242969075547,0.836,-0.18325048733025853,0.21604483985765124,1.0,0.41890909090909095,False,False,,,,,,,
v5-20261009T121014Z-d833d0,features_x_external[spearman],sber_ilr3,ext_old_age_ratio_65_per100_20_64,spearman,static 2023-01…2024-12 (retrospective),-0.16320414998363175,62.0,0.0,-0.402870280439101,0.09266220977276944,0.20499948335995494,0.1999,9999.0,20261009.0,0.343,0.05230288836846214,0.676,-0.13421470121628765,0.31813353658536586,1.0,0.48521951219512194,False,False,,,,,,,
v5-20261009T121014Z-d833d0,features_x_external[pearson],sber_ilr3,ext_youth_ratio_0_19_per100_20_64,pearson,static 2023-01…2024-12 (retrospective),0.015999601289913273,62.0,0.0,-0.2388484394823543,0.26139619709958056,0.9017705594345844,0.9059,9999.0,20261009.0,0.921,0.12073383430838422,0.368,0.039659190839433985,0.9457596,1.0,0.9511541501976285,False,False,,,,,,,
v5-20261009T121014Z-d833d0,features_x_external[spearman],sber_ilr3,ext_youth_ratio_0_19_per100_20_64,spearman,static 2023-01…2024-12 (retrospective),-0.027624587645740478,62.0,0.0,-0.2745233952207969,0.22034941368849187,0.8312254260205572,0.8378,9999.0,20261009.0,0.876,0.051144519150864994,0.673,-0.002432575356953992,0.9092133056133056,1.0,0.9351165644171779,False,False,,,,,,,
v5-20261009T121014Z-d833d0,features_x_external[pearson],sber_ilr3,ext_balance_residual_share_2024,pearson,static 2023-01…2024-12 (retrospective),0.06705369763482187,62.0,0.0,-0.12395133559889515,0.261908509000134,0.6045840036678397,0.6079,9999.0,20261009.0,0.676,0.031656474200230045,0.798,0.04785789098608014,0.7269775743707094,1.0,0.7876607142857143,False,False,,,,,,,
v5-20261009T121014Z-d833d0,features_x_external[spearman],sber_ilr3,ext_balance_residual_share_2024,spearman,static 2023-01…2024-12 (retrospective),0.09188889728286873,62.0,0.0,-0.15102272910305567,0.317538540667994,0.47750934505695647,0.4773,9999.0,20261009.0,0.553,0.015386165042431567,0.917,0.06620835536753039,0.5946315035799523,1.0,0.6889403341288785,False,False,,,,,,,
v5-20261009T121014Z-d833d0,features_x_external[pearson],sber_ilr4,ext_census_wage_main_share,pearson,static 2023-01…2024-12 (retrospective),0.41347321566479456,62.0,0.0,0.23065925040777216,0.6016772970437466,0.0008370012939104027,0.0008,9999.0,20261009.0,0.034,0.49656845953408213,0.001,0.42399876066085157,0.0034229508196721315,0.023398746874170467,0.09009137055837564,False,False,,,,,,,
v5-20261009T121014Z-d833d0,features_x_external[spearman],sber_ilr4,ext_census_wage_main_share,spearman,static 2023-01…2024-12 (retrospective),0.5468761804034147,62.0,0.0,0.3443541973640632,0.7161873824905439,4.248201795362693e-06,0.0001,9999.0,20261009.0,0.008,0.49449774621641357,0.001,0.5443151771549445,0.0005612903225806452,0.0038368912885064473,0.026941935483870968,False,True,,,,,,,
v5-20261009T121014Z-d833d0,features_x_external[pearson],sber_ilr4,ext_census_pension_benefit_main_share,pearson,static 2023-01…2024-12 (retrospective),-0.15251652743330527,62.0,0.0,-0.39664558018032964,0.08690422635882497,0.23664476527686354,0.2383,9999.0,20261009.0,0.435,-0.040347668322675785,0.75,-0.1436127601990046,0.38264036697247705,1.0,0.6039095744680851,False,False,,,,,,,
v5-20261009T121014Z-d833d0,features_x_external[spearman],sber_ilr4,ext_census_pension_benefit_main_share,spearman,static 2023-01…2024-12 (retrospective),-0.21689204502530784,62.0,0.0,-0.45957229240266273,0.04338777116449182,0.09040300619349115,0.0873,9999.0,20261009.0,0.252,-0.075369544962353,0.548,-0.2050237969328397,0.1621729537366548,1.0,0.3962168674698795,False,False,,,,,,,
v5-20261009T121014Z-d833d0,features_x_external[pearson],sber_ilr4,ext_census_dependent_main_share,pearson,static 2023-01…2024-12 (retrospective),-0.1230870854019136,62.0,0.0,-0.3827257313889816,0.14463658264436874,0.34054173582019126,0.339,9999.0,20261009.0,0.414,-0.13439404387143666,0.274,-0.11855875911056549,0.48349180327868857,1.0,0.5809354838709677,False,False,,,,,,,
v5-20261009T121014Z-d833d0,features_x_external[spearman],sber_ilr4,ext_census_dependent_main_share,spearman,static 2023-01…2024-12 (retrospective),-0.1535342852106469,62.0,0.0,-0.41227203906133086,0.13262142242517724,0.23349397452045642,0.2286,9999.0,20261009.0,0.315,-0.13223036438266475,0.296,-0.14040190375462716,0.3448820809248555,1.0,0.4627146814404432,False,False,,,,,,,
v5-20261009T121014Z-d833d0,features_x_external[pearson],sber_ilr4,ext_census_business_main_share,pearson,static 2023-01…2024-12 (retrospective),-0.3910562361176947,62.0,0.0,-0.5912842532261424,-0.17104111590523596,0.0016740546046395712,0.0018,9999.0,20261009.0,0.003,-0.35885919299824626,0.007,-0.38818992313045686,0.006858394160583941,0.046882890634743005,0.015504950495049507,False,True,,,,,,,
v5-20261009T121014Z-d833d0,features_x_external[spearman],sber_ilr4,ext_census_business_main_share,spearman,static 2023-01…2024-12 (retrospective),-0.4622144997607716,62.0,0.0,-0.6657724259428449,-0.20608312197218553,0.00015558825942247923,0.0002,9999.0,20261009.0,0.001,-0.38681977285890556,0.003,-0.45489159175039656,0.0009490909090909091,0.006487834360565446,0.007565217391304348,False,True,,,,,,,
v5-20261009T121014Z-d833d0,features_x_external[pearson],sber_ilr4,ext_census_subsistence_main_share,pearson,static 2023-01…2024-12 (retrospective),-0.4824690735036946,62.0,0.0,-0.6372027193526739,-0.28166925779194757,7.154245490854546e-05,0.0002,9999.0,20261009.0,0.002,-0.4762744904983305,0.001,-0.4803960738594167,0.0010875000000000001,0.0074339768714812415,0.0116,False,True,,,,,,,
v5-20261009T121014Z-d833d0,features_x_external[spearman],sber_ilr4,ext_census_subsistence_main_share,spearman,static 2023-01…2024-12 (retrospective),-0.5398252373397799,62.0,0.0,-0.7177312662758772,-0.3158629391779656,5.956207466287474e-06,0.0001,9999.0,20261009.0,0.001,-0.42177230490292367,0.001,-0.5368059227921733,0.0005612903225806452,0.0038368912885064473,0.007565217391304348,False,True,,,,,,,
v5-20261009T121014Z-d833d0,features_x_external[pearson],sber_ilr4,ext_census_higher_edu_share,pearson,static 2023-01…2024-12 (retrospective),0.04796781356143518,62.0,0.0,-0.12336958135063635,0.2296094564450217,0.711214381720778,0.7076,9999.0,20261009.0,0.786,-0.12510279068998664,0.335,0.020972231136674707,0.8064786026200874,1.0,0.8748230277185503,False,False,,,,,,,
v5-20261009T121014Z-d833d0,features_x_external[spearman],sber_ilr4,ext_census_higher_edu_share,spearman,static 2023-01…2024-12 (retrospective),0.01931454760645665,62.0,0.0,-0.24290321015169297,0.28684404245646733,0.8815522828301857,0.889,9999.0,20261009.0,0.899,-0.14764171136460932,0.248,0.0008461131676361712,0.9356008064516129,1.0,0.9454698795180723,False,False,,,,,,,
v5-20261009T121014Z-d833d0,features_x_external[pearson],sber_ilr4,ext_market_access_sber,pearson,static 2023-01…2024-12 (retrospective),0.03172891364908369,62.0,0.0,-0.057226445328304544,0.3734105445872178,0.8066028085213445,0.7863,9999.0,20261009.0,0.848,-0.012404080932492852,0.912,0.027977193212602853,0.8603253112033195,1.0,0.9108148148148149,False,False,,,,,,,
v5-20261009T121014Z-d833d0,features_x_external[spearman],sber_ilr4,ext_market_access_sber,spearman,static 2023-01…2024-12 (retrospective),0.3002342042136977,62.0,0.0,0.04627782802263751,0.5192915389526023,0.017744010674355392,0.0205,9999.0,20261009.0,0.069,0.0647427664878749,0.605,0.2951240154320058,0.047791999999999994,0.32669850357869556,0.13960465116279072,False,False,,,,,,,
v5-20261009T121014Z-d833d0,features_x_external[pearson],sber_ilr4,ext_wage_large_medium_orgs_v4,pearson,static 2023-01…2024-12 (retrospective),0.3089969338004724,62.0,0.0,0.1021127146989064,0.5004786354786172,0.01453933951335985,0.0137,9999.0,20261009.0,0.067,0.26324821871845594,0.036,0.31163497754627406,0.035936683417085426,0.2456574467681439,0.15206086956521742,False,False,,,,,,,
v5-20261009T121014Z-d833d0,features_x_external[spearman],sber_ilr4,ext_wage_large_medium_orgs_v4,spearman,static 2023-01…2024-12 (retrospective),0.41008788496890025,62.0,0.0,0.1629095793149929,0.6133039394973145,0.0009322478099739414,0.0013,9999.0,20261009.0,0.025,0.29354586890282286,0.023,0.4043892120571126,0.004322292993630573,0.029546506801301234,0.06184834123222749,False,False,,,,,,,
v5-20261009T121014Z-d833d0,features_x_external[pearson],sber_ilr4,ext_emp_share_budget_sector_v4,pearson,static 2023-01…2024-12 (retrospective),-0.4158320219373055,61.0,1.0,-0.5883271691207421,-0.2410474548255762,0.0008595182068387697,0.001,9999.0,20261009.0,0.015,-0.3858820511392419,0.001,-0.41294175200961564,0.004209677419354839,0.028776684663798353,0.04803680981595092,False,True,,,,,,,
v5-20261009T121014Z-d833d0,features_x_external[spearman],sber_ilr4,ext_emp_share_budget_sector_v4,spearman,static 2023-01…2024-12 (retrospective),-0.48302485457429917,61.0,1.0,-0.6470347755820759,-0.27867167778107316,8.053929221008849e-05,0.0002,9999.0,20261009.0,0.016,-0.41797990481226854,0.002,-0.4800222283967769,0.0009490909090909091,0.006487834360565446,0.043500000000000004,False,True,,,,,,,
v5-20261009T121014Z-d833d0,features_x_external[pearson],sber_ilr4,ext_emp_share_industry_v4,pearson,static 2023-01…2024-12 (retrospective),0.258471050647015,61.0,1.0,0.011370237983845193,0.5263000071237323,0.044295969181376696,0.0446,9999.0,20261009.0,0.095,0.18541825201982237,0.15,0.2553999148593295,0.0978201680672269,0.6686830960700438,0.19836,False,False,,,,,,,
v5-20261009T121014Z-d833d0,features_x_external[spearman],sber_ilr4,ext_emp_share_industry_v4,spearman,static 2023-01…2024-12 (retrospective),0.4231847274414319,61.0,1.0,0.17604719660298299,0.649612900124659,0.0006788771112106039,0.0007,9999.0,20261009.0,0.013,0.4051295610787943,0.004,0.4214738252590592,0.0026287769784172662,0.01796990092674602,0.037491712707182316,False,True,,,,,,,
v5-20261009T121014Z-d833d0,features_x_external[pearson],sber_ilr4,ext_emp_share_agri_v4,pearson,static 2023-01…2024-12 (retrospective),-0.04150408700004386,61.0,1.0,-0.2695132340556964,0.18005985558568055,0.7507974377925486,0.7541,9999.0,20261009.0,0.797,-0.014485590677471856,0.919,-0.036736796875622375,0.8393181236673775,1.0,0.8777088607594938,False,False,,,,,,,
v5-20261009T121014Z-d833d0,features_x_external[spearman],sber_ilr4,ext_emp_share_agri_v4,spearman,static 2023-01…2024-12 (retrospective),-0.13285297691159692,61.0,1.0,-0.37422621392024363,0.12259372398688737,0.3074051140941331,0.3066,9999.0,20261009.0,0.436,-0.06329984135378106,0.636,-0.12254192160683977,0.4349054347826087,1.0,0.582076726342711,False,False,,,,,,,
v5-20261009T121014Z-d833d0,features_x_external[pearson],sber_ilr4,ext_equalization_grants_pc_v4,pearson,static 2023-01…2024-12 (retrospective),-0.3397702860589421,62.0,0.0,-0.5771500259655018,-0.11662389013190604,0.006896586710967639,0.0063,9999.0,20261009.0,0.074,-0.38765994108952545,0.003,-0.33986903048251926,0.018685227272727273,0.12772923897363223,0.1629873417721519,False,False,,,,,,,
v5-20261009T121014Z-d833d0,features_x_external[spearman],sber_ilr4,ext_equalization_grants_pc_v4,spearman,static 2023-01…2024-12 (retrospective),-0.43924857092493264,62.0,0.0,-0.6537674533249732,-0.19921449948656503,0.00035476093638746184,0.0005,9999.0,20261009.0,0.033,-0.4531993654151243,0.001,-0.4341618191433104,0.0020076923076923076,0.013724264993503828,0.07724663677130046,False,False,,,,,,,
v5-20261009T121014Z-d833d0,features_x_external[pearson],sber_ilr4,ext_urban_share_v4,pearson,static 2023-01…2024-12 (retrospective),0.4765883747883914,62.0,0.0,0.27458681382317773,0.6462935189696567,9.009744222424031e-05,0.0001,9999.0,20261009.0,0.003,0.5141416211033575,0.001,0.479221616442284,0.0006214285714285715,0.004247986783703567,0.015504950495049507,False,True,,,,,,,
v5-20261009T121014Z-d833d0,features_x_external[spearman],sber_ilr4,ext_urban_share_v4,spearman,static 2023-01…2024-12 (retrospective),0.5198254679076773,62.0,0.0,0.3289174170060311,0.6830178557047702,1.4918804117626538e-05,0.0002,9999.0,20261009.0,0.003,0.41789428621792446,0.001,0.5156813589342172,0.0009490909090909091,0.006487834360565446,0.013982142857142858,False,True,,,,,,,
v5-20261009T121014Z-d833d0,features_x_external[pearson],sber_ilr4,ext_log_density_v4,pearson,static 2023-01…2024-12 (retrospective),0.38119878840408816,62.0,0.0,0.21306927685585078,0.5462139076613212,0.0022371541048434975,0.0026,9999.0,20261009.0,0.036,0.3953610166675831,0.003,0.3891442373485112,0.009108724832214764,0.06226579285643347,0.09395999999999999,False,False,,,,,,,
v5-20261009T121014Z-d833d0,features_x_external[spearman],sber_ilr4,ext_log_density_v4,spearman,static 2023-01…2024-12 (retrospective),0.503412152804009,62.0,0.0,0.2768290383384176,0.6857277726626058,3.0386411941930915e-05,0.0001,9999.0,20261009.0,0.006,0.29858225680541917,0.015,0.5008461131676362,0.0005612903225806452,0.0038368912885064473,0.022532374100719427,False,True,,,,,,,
v5-20261009T121014Z-d833d0,features_x_external[pearson],sber_ilr4,ext_employees_per_1000_v4,pearson,static 2023-01…2024-12 (retrospective),0.12576216344113292,61.0,1.0,-0.07451871202231009,0.3422830518183846,0.3341667891992053,0.3338,9999.0,20261009.0,0.451,0.010848538448850632,0.935,0.11333060237230287,0.4773797260273972,1.0,0.6203874345549739,False,False,,,,,,,
v5-20261009T121014Z-d833d0,features_x_external[spearman],sber_ilr4,ext_employees_per_1000_v4,spearman,static 2023-01…2024-12 (retrospective),0.22950819672131145,61.0,1.0,-0.0009574454856560362,0.43524286948993457,0.07519603103262522,0.0824,9999.0,20261009.0,0.197,0.0824960338445267,0.558,0.21383717699360938,0.1547223021582734,1.0,0.324397476340694,False,False,,,,,,,
v5-20261009T121014Z-d833d0,features_x_external[pearson],sber_ilr4,ext_msp2026_per_1000,pearson,static 2023-01…2024-12 (retrospective),0.19697399509113667,62.0,0.0,0.028698345631971378,0.38914404238004324,0.12490980590896868,0.1231,9999.0,20261009.0,0.3,0.11903981630900606,0.353,0.1935674064221119,0.2254673684210526,1.0,0.4619469026548672,False,False,,,,,,,
v5-20261009T121014Z-d833d0,features_x_external[spearman],sber_ilr4,ext_msp2026_per_1000,spearman,static 2023-01…2024-12 (retrospective),0.2994888066278865,62.0,0.0,0.05386359527309274,0.5231512941104686,0.018042512662123564,0.0177,9999.0,20261009.0,0.123,0.07763591951852133,0.536,0.29074563722897934,0.042775,0.2924030902782621,0.2229375,False,False,,,,,,,
v5-20261009T121014Z-d833d0,features_x_external[pearson],sber_ilr4,msp_lq_agri,pearson,static 2023-01…2024-12 (retrospective),-0.37822905345767666,62.0,0.0,-0.5675418129255331,-0.14882981542873733,0.002437170897538221,0.003,9999.0,20261009.0,0.031,-0.37472355635140964,0.002,-0.3761038321549192,0.01016883116883117,0.06951251100605836,0.08384455958549222,False,False,,,,,,,
v5-20261009T121014Z-d833d0,features_x_external[spearman],sber_ilr4,msp_lq_agri,spearman,static 2023-01…2024-12 (retrospective),-0.4343632746594143,62.0,0.0,-0.6253991764412822,-0.20763214248084394,0.0004196399511282294,0.0011,9999.0,20261009.0,0.016,-0.2890131197904863,0.018,-0.4274986779481755,0.0037776315789473684,0.025823288079882205,0.043500000000000004,False,True,,,,,,,
v5-20261009T121014Z-d833d0,features_x_external[pearson],sber_ilr4,msp_lq_business_services,pearson,static 2023-01…2024-12 (retrospective),0.27668190119285146,62.0,0.0,0.07152153622940385,0.446620644987538,0.029484238976027623,0.031,9999.0,20261009.0,0.105,0.2258568747323396,0.075,0.2800168104960554,0.0728918918918919,0.49827736868306693,0.2124418604651163,False,False,,,,,,,
v5-20261009T121014Z-d833d0,features_x_external[spearman],sber_ilr4,msp_lq_business_services,spearman,static 2023-01…2024-12 (retrospective),0.32713857621313996,62.0,0.0,0.08372768500096987,0.5173251971848953,0.00945064800285082,0.01,9999.0,20261009.0,0.057,0.13051799249578203,0.306,0.31639344262295077,0.025841584158415844,0.17664895536193048,0.11997580645161292,False,False,,,,,,,
v5-20261009T121014Z-d833d0,features_x_external[pearson],sber_ilr4,msp_lq_construction,pearson,static 2023-01…2024-12 (retrospective),0.31549719427060424,62.0,0.0,0.05634287163539799,0.542680536244302,0.012495819695948948,0.0132,9999.0,20261009.0,0.024,0.2785387303090881,0.03,0.31157298362551994,0.03515510204081633,0.24031468090665892,0.06808695652173913,False,False,,,,,,,
v5-20261009T121014Z-d833d0,features_x_external[spearman],sber_ilr4,msp_lq_construction,spearman,static 2023-01…2024-12 (retrospective),0.33121805041424296,62.0,0.0,0.07503193526475188,0.5486061573036238,0.008548154667369155,0.0102,9999.0,20261009.0,0.028,0.2103951046309587,0.096,0.3226335272342675,0.02622857142857143,0.17929433873286776,0.0689433962264151,False,False,,,,,,,
v5-20261009T121014Z-d833d0,features_x_external[pearson],sber_ilr4,msp_lq_consumer_services,pearson,static 2023-01…2024-12 (retrospective),0.12380243797287062,62.0,0.0,-0.1351031760806756,0.36795239471901653,0.3377212387205573,0.3446,9999.0,20261009.0,0.406,0.06747271936683906,0.606,0.12383794580760996,0.49013950953678476,1.0,0.5784324324324324,False,False,,,,,,,
v5-20261009T121014Z-d833d0,features_x_external[spearman],sber_ilr4,msp_lq_consumer_services,spearman,static 2023-01…2024-12 (retrospective),0.1515700939286344,62.0,0.0,-0.12848195777020507,0.4120163935067344,0.23960092888183404,0.24,9999.0,20261009.0,0.353,0.032761703306388654,0.811,0.15087255420412476,0.35896848137535814,1.0,0.49533870967741933,False,False,,,,,,,
v5-20261009T121014Z-d833d0,features_x_external[pearson],sber_ilr4,msp_lq_industry,pearson,static 2023-01…2024-12 (retrospective),0.11422914489312994,62.0,0.0,-0.16103601079558458,0.3574608873916344,0.3766772362673798,0.3716,9999.0,20261009.0,0.41,0.10015078273085465,0.441,0.11776591534557486,0.5131619047619047,1.0,0.5784324324324324,False,False,,,,,,,
v5-20261009T121014Z-d833d0,features_x_external[spearman],sber_ilr4,msp_lq_industry,spearman,static 2023-01…2024-12 (retrospective),0.11309209035279899,62.0,0.0,-0.1531924399409333,0.3620217729668614,0.38147701798966804,0.3771,9999.0,20261009.0,0.353,0.048223414167359174,0.732,0.11824431517715493,0.5099642487046632,1.0,0.49533870967741933,False,False,,,,,,,
v5-20261009T121014Z-d833d0,features_x_external[pearson],sber_ilr4,msp_lq_social,pearson,static 2023-01…2024-12 (retrospective),0.16839155124167673,62.0,0.0,-0.0650051305458511,0.3970696269330883,0.1907724265169414,0.1895,9999.0,20261009.0,0.236,0.10416676319381774,0.412,0.16291485666633157,0.31909354838709675,1.0,0.3986796116504854,False,False,,,,,,,
v5-20261009T121014Z-d833d0,features_x_external[spearman],sber_ilr4,msp_lq_social,spearman,static 2023-01…2024-12 (retrospective),0.2405630681675103,62.0,0.0,-0.025369337081302304,0.48424420168487514,0.059645119207421694,0.0616,9999.0,20261009.0,0.103,0.16733398806376068,0.183,0.22945531464833416,0.12134037735849057,0.829463502399839,0.19340287769784173,False,False,,,,,,,
v5-20261009T121014Z-d833d0,features_x_external[pearson],sber_ilr4,msp_lq_trade,pearson,static 2023-01…2024-12 (retrospective),-0.06861776463812277,62.0,0.0,-0.31536443143793697,0.18201653943717844,0.5961628853286708,0.6026,9999.0,20261009.0,0.503,-0.1038232375339568,0.419,-0.06427501063786377,0.7269775743707094,1.0,0.6647240506329114,False,False,,,,,,,
v5-20261009T121014Z-d833d0,features_x_external[spearman],sber_ilr4,msp_lq_trade,spearman,static 2023-01…2024-12 (retrospective),-0.05315907431190351,62.0,0.0,-0.3208882002492241,0.21667963522024536,0.6815514853195704,0.68,9999.0,20261009.0,0.596,-0.0655485885522903,0.616,-0.040824960338445265,0.7801318681318682,1.0,0.7185034642032333,False,False,,,,,,,
v5-20261009T121014Z-d833d0,features_x_external[pearson],sber_ilr4,msp_lq_transport,pearson,static 2023-01…2024-12 (retrospective),0.1964100695637993,62.0,0.0,-0.01800521575167947,0.4012834628518141,0.1260151516617998,0.1236,9999.0,20261009.0,0.299,0.23054840477618405,0.075,0.20247034337591593,0.2255916083916084,1.0,0.4617692307692307,False,False,,,,,,,
v5-20261009T121014Z-d833d0,features_x_external[spearman],sber_ilr4,msp_lq_transport,spearman,static 2023-01…2024-12 (retrospective),0.15031099695298533,62.0,0.0,-0.09763625545022278,0.3840142098397565,0.24357288718546857,0.241,9999.0,20261009.0,0.512,0.21875550854926848,0.084,0.16578529878371231,0.35943428571428565,1.0,0.6534572127139364,False,False,,,,,,,
v5-20261009T121014Z-d833d0,features_x_external[pearson],sber_ilr4,ext_msp2026_eci,pearson,static 2023-01…2024-12 (retrospective),0.1588849474751221,62.0,0.0,-0.09418402131840789,0.3854349548207986,0.21740644339696213,0.2235,9999.0,20261009.0,0.339,0.06769844684416752,0.591,0.15082509344839848,0.364584375,1.0,0.5055942857142857,False,False,,,,,,,
v5-20261009T121014Z-d833d0,features_x_external[spearman],sber_ilr4,ext_msp2026_eci,spearman,static 2023-01…2024-12 (retrospective),0.1929992445839866,62.0,0.0,-0.07481509766024781,0.4416868537339168,0.1328595856353736,0.1341,9999.0,20261009.0,0.259,-0.01835763390496336,0.89,0.17750337138334563,0.2283537459283388,1.0,0.3988141592920354,False,False,,,,,,,
v5-20261009T121014Z-d833d0,features_x_external[pearson],sber_ilr4,ext_msp2026_diversity,pearson,static 2023-01…2024-12 (retrospective),0.20262760944448666,62.0,0.0,-0.0024643209343630564,0.4151549009492777,0.11423182025196196,0.1162,9999.0,20261009.0,0.236,0.12117467693706879,0.349,0.196093617288608,0.21604483985765124,1.0,0.3986796116504854,False,False,,,,,,,
v5-20261009T121014Z-d833d0,features_x_external[spearman],sber_ilr4,ext_msp2026_diversity,spearman,static 2023-01…2024-12 (retrospective),0.2414031029852396,62.0,0.0,-0.00330240580987158,0.4722328881517865,0.05873309241360946,0.0585,9999.0,20261009.0,0.139,0.07350608143839238,0.581,0.22724123669563612,0.11655343511450383,0.7967407272946307,0.24430303030303033,False,False,,,,,,,
v5-20261009T121014Z-d833d0,features_x_external[pearson],sber_ilr4,ext_old_age_ratio_65_per100_20_64,pearson,static 2023-01…2024-12 (retrospective),0.08676094918507724,62.0,0.0,-0.1878151704220353,0.3716649556500891,0.502526642179067,0.5028,9999.0,20261009.0,0.59,0.143018204621206,0.259,0.09261334054385163,0.6374228155339806,1.0,0.7263679245283019,False,False,,,,,,,
v5-20261009T121014Z-d833d0,features_x_external[spearman],sber_ilr4,ext_old_age_ratio_65_per100_20_64,spearman,static 2023-01…2024-12 (retrospective),0.10009820956410063,62.0,0.0,-0.1370392237379914,0.34558198820762837,0.4388828710815253,0.4359,9999.0,20261009.0,0.57,0.21346730125154242,0.086,0.11359069275515597,0.5563320293398533,1.0,0.7013223529411764,False,False,,,,,,,
v5-20261009T121014Z-d833d0,features_x_external[pearson],sber_ilr4,ext_youth_ratio_0_19_per100_20_64,pearson,static 2023-01…2024-12 (retrospective),-0.4335044768115111,62.0,0.0,-0.6016765709418613,-0.22097699817269473,0.00043210233189363716,0.0008,9999.0,20261009.0,0.002,-0.42231281324397296,0.004,-0.431082819844549,0.0034229508196721315,0.023398746874170467,0.0116,False,True,,,,,,,
v5-20261009T121014Z-d833d0,features_x_external[spearman],sber_ilr4,ext_youth_ratio_0_19_per100_20_64,spearman,static 2023-01…2024-12 (retrospective),-0.3952305406562414,62.0,0.0,-0.6160850729365048,-0.14043043945030598,0.0014766463036030813,0.0011,9999.0,20261009.0,0.007,-0.36566694366800134,0.005,-0.38836594394500257,0.0037776315789473684,0.025823288079882205,0.0252,False,True,,,,,,,
v5-20261009T121014Z-d833d0,features_x_external[pearson],sber_ilr4,ext_balance_residual_share_2024,pearson,static 2023-01…2024-12 (retrospective),-0.012645010363887548,62.0,0.0,-0.2070601560716824,0.19443081335157106,0.9222940079948059,0.9245,9999.0,20261009.0,0.918,-0.024445333830053605,0.837,-0.017311972414616544,0.9506758349705304,1.0,0.9511541501976285,False,False,,,,,,,
v5-20261009T121014Z-d833d0,features_x_external[spearman],sber_ilr4,ext_balance_residual_share_2024,spearman,static 2023-01…2024-12 (retrospective),0.06544786079423838,62.0,0.0,-0.18905555926541187,0.3004296461396809,0.6132837058340082,0.6237,9999.0,20261009.0,0.65,0.05149706630404674,0.681,0.0583818085668958,0.7382571428571428,1.0,0.754,False,False,,,,,,,
v5-20261009T121014Z-d833d0,features_x_external[pearson],sber_ilr5,ext_census_wage_main_share,pearson,static 2023-01…2024-12 (retrospective),0.11564570573734238,62.0,0.0,-0.09792098804573733,0.3240112584097025,0.37074865804709906,0.3739,9999.0,20261009.0,0.326,0.034476708158284367,0.8,0.10077939545392292,0.5136205263157895,1.0,0.4932521739130435,False,False,,,,,,,
v5-20261009T121014Z-d833d0,features_x_external[spearman],sber_ilr5,ext_census_wage_main_share,spearman,static 2023-01…2024-12 (retrospective),0.07552063659943088,62.0,0.0,-0.17239637070418606,0.3309952334771564,0.5596358585515593,0.5613,9999.0,20261009.0,0.503,0.005766664148472716,0.978,0.06023268112109994,0.6798111368909513,1.0,0.6467142857142858,False,False,,,,,,,
v5-20261009T121014Z-d833d0,features_x_external[pearson],sber_ilr5,ext_census_pension_benefit_main_share,pearson,static 2023-01…2024-12 (retrospective),-0.2074988801753196,62.0,0.0,-0.4028240643597817,0.01499583400300844,0.10560568008989654,0.103,9999.0,20261009.0,0.04,-0.18175921559552624,0.154,-0.19891517777026527,0.19551272727272725,1.0,0.09990430622009569,False,False,,,,,,,
v5-20261009T121014Z-d833d0,features_x_external[spearman],sber_ilr5,ext_census_pension_benefit_main_share,spearman,static 2023-01…2024-12 (retrospective),-0.1848102540857697,62.0,0.0,-0.41931029049142227,0.06855661381209302,0.1504332977020085,0.149,9999.0,20261009.0,0.039,-0.17085945959557805,0.167,-0.17123215230037014,0.24770063694267516,1.0,0.08812987012987013,False,False,,,,,,,
v5-20261009T121014Z-d833d0,features_x_external[pearson],sber_ilr5,ext_census_dependent_main_share,pearson,static 2023-01…2024-12 (retrospective),0.08300214025711483,62.0,0.0,-0.14303979656683255,0.300772584648698,0.5212842311632564,0.5188,9999.0,20261009.0,0.479,0.07738128629360197,0.551,0.08975142763201968,0.6478794258373206,1.0,0.6444278350515464,False,False,,,,,,,
v5-20261009T121014Z-d833d0,features_x_external[spearman],sber_ilr5,ext_census_dependent_main_share,spearman,static 2023-01…2024-12 (retrospective),0.10599078341013825,62.0,0.0,-0.14015601318232765,0.34217346720888203,0.4122725235086719,0.4111,9999.0,20261009.0,0.378,0.09350054141169953,0.45,0.11549444738233736,0.5391814070351759,1.0,0.5206226912928761,False,False,,,,,,,
v5-20261009T121014Z-d833d0,features_x_external[pearson],sber_ilr5,ext_census_business_main_share,pearson,static 2023-01…2024-12 (retrospective),-0.21275694903574682,62.0,0.0,-0.48084213446793367,0.12233421792134272,0.09686925113586559,0.0939,9999.0,20261009.0,0.047,-0.1845890125569826,0.156,-0.2077481931896076,0.18289477611940297,1.0,0.11464485981308412,False,False,,,,,,,
v5-20261009T121014Z-d833d0,features_x_external[spearman],sber_ilr5,ext_census_business_main_share,spearman,static 2023-01…2024-12 (retrospective),-0.04328775402281484,62.0,0.0,-0.3045577413304812,0.2235761463708757,0.7383281204096079,0.7415,9999.0,20261009.0,0.709,-0.05552617662612374,0.684,-0.04278159703860391,0.8396160520607376,1.0,0.8098424507658644,False,False,,,,,,,
v5-20261009T121014Z-d833d0,features_x_external[pearson],sber_ilr5,ext_census_subsistence_main_share,pearson,static 2023-01…2024-12 (retrospective),0.15156173666837003,62.0,0.0,-0.0474012792872907,0.3594268460467115,0.23962714512803837,0.2433,9999.0,20261009.0,0.215,0.2671689608316087,0.017,0.16100046980731514,0.3871367781155015,1.0,0.37661073825503355,False,False,,,,,,,
v5-20261009T121014Z-d833d0,features_x_external[spearman],sber_ilr5,ext_census_subsistence_main_share,spearman,static 2023-01…2024-12 (retrospective),0.11671828964266828,62.0,0.0,-0.12125357089268579,0.3389715129225969,0.36629747908334803,0.3687,9999.0,20261009.0,0.353,0.2794439827755533,0.02,0.13342147012162872,0.5013375,1.0,0.49533870967741933,False,False,,,,,,,
v5-20261009T121014Z-d833d0,features_x_external[pearson],sber_ilr5,ext_census_higher_edu_share,pearson,static 2023-01…2024-12 (retrospective),0.1777076333287949,62.0,0.0,-0.018416776454322745,0.3399501203148142,0.16702660303666997,0.1614,9999.0,20261009.0,0.071,0.13819646454030593,0.25,0.17686775081786205,0.28317190635451506,1.0,0.15704237288135592,False,False,,,,,,,
v5-20261009T121014Z-d833d0,features_x_external[spearman],sber_ilr5,ext_census_higher_edu_share,spearman,static 2023-01…2024-12 (retrospective),0.10503386970864496,62.0,0.0,-0.14972566954209682,0.35175590816924485,0.4165292834487097,0.4168,9999.0,20261009.0,0.289,0.05879982876281131,0.638,0.0897408778424114,0.543924,1.0,0.4335,False,False,,,,,,,
v5-20261009T121014Z-d833d0,features_x_external[pearson],sber_ilr5,ext_market_access_sber,pearson,static 2023-01…2024-12 (retrospective),0.17389504835056743,62.0,0.0,-0.04741211624855935,0.33412012247216055,0.17646825315187528,0.1706,9999.0,20261009.0,0.104,0.1501262796159285,0.239,0.1702050654437055,0.2919777049180328,1.0,0.2124418604651163,False,False,,,,,,,
v5-20261009T121014Z-d833d0,features_x_external[spearman],sber_ilr5,ext_market_access_sber,spearman,static 2023-01…2024-12 (retrospective),0.30804099865307416,62.0,0.0,0.06339959324356294,0.5396682833374683,0.014862850000722924,0.016,9999.0,20261009.0,0.013,0.22489990179043592,0.097,0.29885239874675473,0.039582938388625595,0.27058266527476743,0.037491712707182316,False,False,,,,,,,
v5-20261009T121014Z-d833d0,features_x_external[pearson],sber_ilr5,ext_wage_large_medium_orgs_v4,pearson,static 2023-01…2024-12 (retrospective),0.11162926349170017,62.0,0.0,-0.11455152767521859,0.3210005663149425,0.38770548498318536,0.3837,9999.0,20261009.0,0.381,0.050775602592795385,0.701,0.09648499250500392,0.522954046997389,1.0,0.5509196675900276,False,False,,,,,,,
v5-20261009T121014Z-d833d0,features_x_external[spearman],sber_ilr5,ext_wage_large_medium_orgs_v4,spearman,static 2023-01…2024-12 (retrospective),0.05885019264183729,62.0,0.0,-0.19630431735638357,0.30960242259748766,0.6495764789358157,0.6524,9999.0,20261009.0,0.676,0.06519604139910856,0.621,0.0417239555790587,0.7601625,1.0,0.777251101321586,False,False,,,,,,,
v5-20261009T121014Z-d833d0,features_x_external[pearson],sber_ilr5,ext_emp_share_budget_sector_v4,pearson,static 2023-01…2024-12 (retrospective),-0.06849150599711432,61.0,1.0,-0.31192623892346577,0.19261129908766442,0.599940779600327,0.599,9999.0,20261009.0,0.621,0.02806667195355891,0.807,-0.059175811988509915,0.7254709976798144,1.0,0.7486420323325635,False,False,,,,,,,
v5-20261009T121014Z-d833d0,features_x_external[spearman],sber_ilr5,ext_emp_share_budget_sector_v4,spearman,static 2023-01…2024-12 (retrospective),-0.022263352723426756,61.0,1.0,-0.28007726295806495,0.23294690933317616,0.8647693743504319,0.8612,9999.0,20261009.0,0.85,0.024907456372289787,0.829,-0.0090025006946374,0.919317791411043,1.0,0.9237883817427385,False,False,,,,,,,
v5-20261009T121014Z-d833d0,features_x_external[pearson],sber_ilr5,ext_emp_share_industry_v4,pearson,static 2023-01…2024-12 (retrospective),0.045077470928770125,61.0,1.0,-0.18186538669326205,0.2459315517595885,0.7301257640741488,0.7309,9999.0,20261009.0,0.719,-0.03444709688127593,0.793,0.04048340218464525,0.824038444924406,1.0,0.8264999999999999,False,False,,,,,,,
v5-20261009T121014Z-d833d0,features_x_external[spearman],sber_ilr5,ext_emp_share_industry_v4,spearman,static 2023-01…2024-12 (retrospective),-0.04860119526601798,61.0,1.0,-0.3089769324629123,0.21876391923765387,0.7099266794954999,0.7085,9999.0,20261009.0,0.728,-0.12744579587519828,0.337,-0.05479604321010448,0.8075043668122271,1.0,0.8243297180043384,False,False,,,,,,,
v5-20261009T121014Z-d833d0,features_x_external[pearson],sber_ilr5,ext_emp_share_agri_v4,pearson,static 2023-01…2024-12 (retrospective),-0.10641218599715435,61.0,1.0,-0.34113194494770815,0.13341043218060705,0.41436675784210764,0.4123,9999.0,20261009.0,0.553,-0.08871815801036093,0.47,-0.10134769060109818,0.5476351145038167,1.0,0.7002130750605328,False,False,,,,,,,
v5-20261009T121014Z-d833d0,features_x_external[spearman],sber_ilr5,ext_emp_share_agri_v4,spearman,static 2023-01…2024-12 (retrospective),-0.10553391405371924,61.0,1.0,-0.3569696410797204,0.16522587910685585,0.4182515388995634,0.4211,9999.0,20261009.0,0.517,-0.05452141723955579,0.656,-0.09960747022354131,0.5468014925373134,1.0,0.6582292682926829,False,False,,,,,,,
v5-20261009T121014Z-d833d0,features_x_external[pearson],sber_ilr5,ext_equalization_grants_pc_v4,pearson,static 2023-01…2024-12 (retrospective),-0.13131309322515397,62.0,0.0,-0.3687448695988002,0.1267585152984574,0.308995674734596,0.3101,9999.0,20261009.0,0.303,-0.06179069076436467,0.628,-0.11904158566706383,0.45597802816901406,1.0,0.4651941176470588,False,False,,,,,,,
v5-20261009T121014Z-d833d0,features_x_external[spearman],sber_ilr5,ext_equalization_grants_pc_v4,spearman,static 2023-01…2024-12 (retrospective),-0.11958903074714816,62.0,0.0,-0.3603127614686396,0.13211649276977322,0.3545448181429858,0.3464,9999.0,20261009.0,0.311,-0.03618644708015411,0.794,-0.10428344791115811,0.47960476190476187,1.0,0.46119886363636364,False,False,,,,,,,
v5-20261009T121014Z-d833d0,features_x_external[pearson],sber_ilr5,ext_urban_share_v4,pearson,static 2023-01…2024-12 (retrospective),-0.004793232945976361,62.0,0.0,-0.21973356806691846,0.19436593465598215,0.9705056859511789,0.9718,9999.0,20261009.0,0.97,-0.12581708702338712,0.338,-0.020419673454890028,0.9831,1.0,0.9812790697674418,False,False,,,,,,,
v5-20261009T121014Z-d833d0,features_x_external[spearman],sber_ilr5,ext_urban_share_v4,spearman,static 2023-01…2024-12 (retrospective),-0.016429376356121277,62.0,0.0,-0.23647331975754388,0.2110940594505683,0.8991455215622502,0.9012,9999.0,20261009.0,0.867,-0.041776837652035964,0.763,-0.03330554343021338,0.9463084337349398,1.0,0.9325256673511294,False,False,,,,,,,
v5-20261009T121014Z-d833d0,features_x_external[pearson],sber_ilr5,ext_log_density_v4,pearson,static 2023-01…2024-12 (retrospective),0.010181240554473007,62.0,0.0,-0.18319015675652264,0.19116397817273367,0.9374003512764226,0.941,9999.0,20261009.0,0.925,-0.12286509783079165,0.331,-0.012515136285699675,0.9575087719298245,1.0,0.9515196850393701,False,False,,,,,,,
v5-20261009T121014Z-d833d0,features_x_external[spearman],sber_ilr5,ext_log_density_v4,spearman,static 2023-01…2024-12 (retrospective),0.013573065397496914,62.0,0.0,-0.23526387997523546,0.2723771466731312,0.9166105254963688,0.9207,9999.0,20261009.0,0.894,-0.065951499584498,0.625,-0.003120042305658381,0.9535821428571429,1.0,0.9454698795180723,False,False,,,,,,,
v5-20261009T121014Z-d833d0,features_x_external[pearson],sber_ilr5,ext_employees_per_1000_v4,pearson,static 2023-01…2024-12 (retrospective),0.07773569135347996,61.0,1.0,-0.12544007844651467,0.2562826735390957,0.5515246462132257,0.5534,9999.0,20261009.0,0.552,-0.006559787955852311,0.968,0.05786910423837383,0.6795802816901407,1.0,0.7002130750605328,False,False,,,,,,,
v5-20261009T121014Z-d833d0,features_x_external[spearman],sber_ilr5,ext_employees_per_1000_v4,spearman,static 2023-01…2024-12 (retrospective),0.07244843997884716,61.0,1.0,-0.17918124791027906,0.3050129544844379,0.5789874289261355,0.5827,9999.0,20261009.0,0.569,0.040031729243786354,0.754,0.05623784384551265,0.7024697459584296,1.0,0.7013223529411764,False,False,,,,,,,
v5-20261009T121014Z-d833d0,features_x_external[pearson],sber_ilr5,ext_msp2026_per_1000,pearson,static 2023-01…2024-12 (retrospective),0.08007318769855641,62.0,0.0,-0.20687045664968354,0.2928715603121664,0.5361401621303953,0.5345,9999.0,20261009.0,0.545,0.011203749978449203,0.931,0.06004850533138402,0.6611587677725118,1.0,0.6968508557457214,False,False,,,,,,,
v5-20261009T121014Z-d833d0,features_x_external[spearman],sber_ilr5,ext_msp2026_per_1000,spearman,static 2023-01…2024-12 (retrospective),-0.053511621465085236,62.0,0.0,-0.3061552658450647,0.2215729887015417,0.679553717184855,0.6798,9999.0,20261009.0,0.695,-0.00994686610762761,0.938,-0.07414066631411952,0.7801318681318682,1.0,0.7955921052631577,False,False,,,,,,,
v5-20261009T121014Z-d833d0,features_x_external[pearson],sber_ilr5,msp_lq_agri,pearson,static 2023-01…2024-12 (retrospective),0.01187439347640875,62.0,0.0,-0.22322757614523772,0.2401806197348075,0.9270162801048386,0.9252,9999.0,20261009.0,0.926,0.13952246005183794,0.267,0.025051703280306876,0.9506758349705304,1.0,0.9515196850393701,False,False,,,,,,,
v5-20261009T121014Z-d833d0,features_x_external[spearman],sber_ilr5,msp_lq_agri,spearman,static 2023-01…2024-12 (retrospective),0.023696205081715393,62.0,0.0,-0.24464424858308725,0.26635347689336847,0.8549450988540073,0.8564,9999.0,20261009.0,0.869,0.08624814283196092,0.483,0.04193548387096774,0.9162811475409837,1.0,0.9325256673511294,False,False,,,,,,,
v5-20261009T121014Z-d833d0,features_x_external[pearson],sber_ilr5,msp_lq_business_services,pearson,static 2023-01…2024-12 (retrospective),0.04426456714314727,62.0,0.0,-0.17893791713096233,0.24253958225101577,0.7326414498636817,0.7351,9999.0,20261009.0,0.667,-0.058196285435702974,0.659,0.02160368583483254,0.8269875,1.0,0.7824134831460674,False,False,,,,,,,
v5-20261009T121014Z-d833d0,features_x_external[spearman],sber_ilr5,msp_lq_business_services,spearman,static 2023-01…2024-12 (retrospective),-0.03971191861197149,62.0,0.0,-0.26623309553641467,0.2066579386987939,0.7592625972097419,0.7641,9999.0,20261009.0,0.726,-0.05205106897333232,0.688,-0.05928080380750925,0.8577638709677419,1.0,0.8238521739130436,False,False,,,,,,,
v5-20261009T121014Z-d833d0,features_x_external[pearson],sber_ilr5,msp_lq_construction,pearson,static 2023-01…2024-12 (retrospective),0.022099799900516182,62.0,0.0,-0.23954274475537435,0.25979218802276577,0.8646221148479315,0.8591,9999.0,20261009.0,0.84,-0.017802669005435756,0.895,0.011932097543473685,0.915085020242915,1.0,0.9078260869565218,False,False,,,,,,,
v5-20261009T121014Z-d833d0,features_x_external[spearman],sber_ilr5,msp_lq_construction,spearman,static 2023-01…2024-12 (retrospective),-0.007680491551459293,62.0,0.0,-0.2757590914281378,0.25162712698193895,0.952755894840633,0.9535,9999.0,20261009.0,0.949,-0.023545113444637507,0.85,-0.021311475409836064,0.9702280701754387,1.0,0.9713294117647058,False,False,,,,,,,
v5-20261009T121014Z-d833d0,features_x_external[pearson],sber_ilr5,msp_lq_consumer_services,pearson,static 2023-01…2024-12 (retrospective),-0.06494797927969671,62.0,0.0,-0.2802698197304421,0.14338199963598414,0.6160027890572255,0.6172,9999.0,20261009.0,0.669,-0.11589167334129603,0.355,-0.06522187968708726,0.7338915717539862,1.0,0.783,False,False,,,,,,,
v5-20261009T121014Z-d833d0,features_x_external[spearman],sber_ilr5,msp_lq_consumer_services,spearman,static 2023-01…2024-12 (retrospective),-0.10135730653974971,62.0,0.0,-0.35057896650085807,0.14836009136617012,0.43311750656548603,0.4324,9999.0,20261009.0,0.456,-0.19528594092316992,0.109,-0.09962982548915915,0.5545769041769042,1.0,0.6010909090909091,False,False,,,,,,,
v5-20261009T121014Z-d833d0,features_x_external[pearson],sber_ilr5,msp_lq_industry,pearson,static 2023-01…2024-12 (retrospective),0.03708474004121447,62.0,0.0,-0.20941018618204113,0.2778918511609704,0.774754531847208,0.7737,9999.0,20261009.0,0.783,0.026464953412116014,0.855,0.04088460844477323,0.8538507399577168,1.0,0.8744615384615385,False,False,,,,,,,
v5-20261009T121014Z-d833d0,features_x_external[spearman],sber_ilr5,msp_lq_industry,spearman,static 2023-01…2024-12 (retrospective),0.0016871899473697466,62.0,0.0,-0.28594661589296655,0.2706798658378265,0.9896161539965239,0.988,9999.0,20261009.0,0.99,-0.022386744227040366,0.862,0.010470650449497618,0.9898963531669867,1.0,0.9938076923076923,False,False,,,,,,,
v5-20261009T121014Z-d833d0,features_x_external[pearson],sber_ilr5,msp_lq_social,pearson,static 2023-01…2024-12 (retrospective),0.1744028069174258,62.0,0.0,-0.047744763580873935,0.3520263464574411,0.1751889117878338,0.1692,9999.0,20261009.0,0.227,0.1375767748308048,0.271,0.16792733377598673,0.2905342105263158,1.0,0.3910693069306931,False,False,,,,,,,
v5-20261009T121014Z-d833d0,features_x_external[spearman],sber_ilr5,msp_lq_social,spearman,static 2023-01…2024-12 (retrospective),0.14582861171967465,62.0,0.0,-0.11599795395372801,0.36841043781349864,0.2580778884680167,0.2494,9999.0,20261009.0,0.265,0.1267910654478608,0.311,0.13691168693812794,0.3709025641025641,1.0,0.40565982404692086,False,False,,,,,,,
v5-20261009T121014Z-d833d0,features_x_external[pearson],sber_ilr5,msp_lq_trade,pearson,static 2023-01…2024-12 (retrospective),-0.0949247748209124,62.0,0.0,-0.3187480010388949,0.12303444238983022,0.4630176886171547,0.4628,9999.0,20261009.0,0.426,-0.11962482515569045,0.322,-0.09003484197250851,0.5964977777777778,1.0,0.5945775401069519,False,False,,,,,,,
v5-20261009T121014Z-d833d0,features_x_external[spearman],sber_ilr5,msp_lq_trade,spearman,static 2023-01…2024-12 (retrospective),-0.13031653697967818,62.0,0.0,-0.3685665562894225,0.10453211029637695,0.3127137514038221,0.3182,9999.0,20261009.0,0.309,-0.17876658860265418,0.166,-0.11702802749867794,0.44880804289544235,1.0,0.45953846153846156,False,False,,,,,,,
v5-20261009T121014Z-d833d0,features_x_external[pearson],sber_ilr5,msp_lq_transport,pearson,static 2023-01…2024-12 (retrospective),-0.017483166187268806,62.0,0.0,-0.2628902112771071,0.22983308124009752,0.8927136490893447,0.8934,9999.0,20261009.0,0.929,0.0015005786336956307,0.992,-0.011903651711299403,0.9383396378269617,1.0,0.9527269155206286,False,False,,,,,,,
v5-20261009T121014Z-d833d0,features_x_external[spearman],sber_ilr5,msp_lq_transport,spearman,static 2023-01…2024-12 (retrospective),0.004960842084057314,62.0,0.0,-0.2383834840685871,0.2537573861861978,0.9694748149985487,0.9683,9999.0,20261009.0,0.97,0.047115408828787994,0.734,0.0150713907985193,0.9795593023255814,1.0,0.9793810444874276,False,False,,,,,,,
v5-20261009T121014Z-d833d0,features_x_external[pearson],sber_ilr5,ext_msp2026_eci,pearson,static 2023-01…2024-12 (retrospective),0.1345741391580454,62.0,0.0,-0.10341535572219034,0.35805950336535136,0.2970289120654148,0.288,9999.0,20261009.0,0.196,0.07958541741171313,0.524,0.12068061271574361,0.4357565217391304,1.0,0.34800000000000003,False,False,,,,,,,
v5-20261009T121014Z-d833d0,features_x_external[spearman],sber_ilr5,ext_msp2026_eci,spearman,static 2023-01…2024-12 (retrospective),0.09796021156468006,62.0,0.0,-0.16226663119713033,0.35114366534819547,0.4487704460723717,0.4397,9999.0,20261009.0,0.334,0.02127873888846919,0.859,0.0803828763601029,0.5584510948905109,1.0,0.47506267029972754,False,False,,,,,,,
v5-20261009T121014Z-d833d0,features_x_external[pearson],sber_ilr5,ext_msp2026_diversity,pearson,static 2023-01…2024-12 (retrospective),0.050266631762617135,62.0,0.0,-0.1305763283708633,0.233592998040255,0.6980231614387671,0.7052,9999.0,20261009.0,0.649,-0.03750079902576031,0.766,0.034888704554151856,0.8055019693654268,1.0,0.7717038724373576,False,False,,,,,,,
v5-20261009T121014Z-d833d0,features_x_external[spearman],sber_ilr5,ext_msp2026_diversity,spearman,static 2023-01…2024-12 (retrospective),0.03181956992083721,62.0,0.0,-0.20803944095583737,0.26748273829921754,0.8060609546816536,0.807,9999.0,20261009.0,0.757,-0.05900128427891517,0.646,0.01379669313271264,0.8906004228329811,1.0,0.851625,False,False,,,,,,,
v5-20261009T121014Z-d833d0,features_x_external[pearson],sber_ilr5,ext_old_age_ratio_65_per100_20_64,pearson,static 2023-01…2024-12 (retrospective),-0.11187836264676443,62.0,0.0,-0.3330707278132559,0.11879561745003059,0.3866406168022035,0.3782,9999.0,20261009.0,0.269,-0.0827886787208609,0.498,-0.10654049561632895,0.518163779527559,1.0,0.4307300613496933,False,False,,,,,,,
v5-20261009T121014Z-d833d0,features_x_external[spearman],sber_ilr5,ext_old_age_ratio_65_per100_20_64,spearman,static 2023-01…2024-12 (retrospective),-0.113041726473773,62.0,0.0,-0.36971346697276614,0.16110977466520437,0.38169045864937906,0.3762,9999.0,20261009.0,0.326,-0.07194480118858755,0.569,-0.10185087255420412,0.5099642487046632,1.0,0.47008839779005523,False,False,,,,,,,
v5-20261009T121014Z-d833d0,features_x_external[pearson],sber_ilr5,ext_youth_ratio_0_19_per100_20_64,pearson,static 2023-01…2024-12 (retrospective),-0.050341826257564046,62.0,0.0,-0.3594935939337395,0.25334027822676614,0.6975931488391793,0.6944,9999.0,20261009.0,0.676,-0.036964568870568836,0.769,-0.04492317003754169,0.800169536423841,1.0,0.7876607142857143,False,False,,,,,,,
v5-20261009T121014Z-d833d0,features_x_external[spearman],sber_ilr5,ext_youth_ratio_0_19_per100_20_64,spearman,static 2023-01…2024-12 (retrospective),-0.006572486212888117,62.0,0.0,-0.28072065118976103,0.2670286935966172,0.9595652678491735,0.9632,9999.0,20261009.0,0.964,-0.0027448314069149606,0.98,-0.0012691697514542568,0.9762920388349513,1.0,0.9790038910505836,False,False,,,,,,,
v5-20261009T121014Z-d833d0,features_x_external[pearson],sber_ilr5,ext_balance_residual_share_2024,pearson,static 2023-01…2024-12 (retrospective),0.022117232799581377,62.0,0.0,-0.22935109478580223,0.2704433222244187,0.864516331263363,0.866,9999.0,20261009.0,0.907,0.01446450415191784,0.922,0.0169265070868382,0.915085020242915,1.0,0.9488056112224449,False,False,,,,,,,
v5-20261009T121014Z-d833d0,features_x_external[spearman],sber_ilr5,ext_balance_residual_share_2024,spearman,static 2023-01…2024-12 (retrospective),-0.01931454760645665,62.0,0.0,-0.2864935061662293,0.2505492773136576,0.8815522828301857,0.884,9999.0,20261009.0,0.912,-0.035582080531842565,0.777,-0.03151771549444738,0.9322181818181817,1.0,0.9502275449101797,False,False,,,,,,,
v5-20261009T121014Z-d833d0,features_x_external[pearson],proc44_pc_log,ext_census_wage_main_share,pearson,static 2023-01…2024-12 (retrospective),0.07973101390910581,62.0,0.0,-0.1733946855953144,0.33088060535746294,0.5378891516192712,0.5409,9999.0,20261009.0,0.66,-0.03521752603513701,0.779,0.07910372477061055,0.6674936170212766,1.0,0.7771216216216217,False,False,,,,,,,
v5-20261009T121014Z-d833d0,features_x_external[spearman],proc44_pc_log,ext_census_wage_main_share,spearman,static 2023-01…2024-12 (retrospective),0.10518496134572286,62.0,0.0,-0.15204582693373075,0.36388018703002084,0.4158554881993533,0.4272,9999.0,20261009.0,0.535,-0.0499357860542419,0.69,0.1028027498677948,0.5519762376237625,1.0,0.6761985472154964,False,False,,,,,,,
v5-20261009T121014Z-d833d0,features_x_external[pearson],proc44_pc_log,ext_census_pension_benefit_main_share,pearson,static 2023-01…2024-12 (retrospective),0.024940033792441602,62.0,0.0,-0.2817645949128576,0.285270728537954,0.8474199521947292,0.8488,9999.0,20261009.0,0.855,0.1692147784074218,0.179,0.03151078739411636,0.9098020533880904,1.0,0.916447638603696,False,False,,,,,,,
v5-20261009T121014Z-d833d0,features_x_external[spearman],proc44_pc_log,ext_census_pension_benefit_main_share,spearman,static 2023-01…2024-12 (retrospective),-0.029890962201908792,62.0,0.0,-0.3051697892236838,0.2444292831949562,0.8176074477901233,0.818,9999.0,20261009.0,0.82,0.07753519176046939,0.505,-0.02337387625594923,0.8951698113207547,1.0,0.9011368421052631,False,False,,,,,,,
v5-20261009T121014Z-d833d0,features_x_external[pearson],proc44_pc_log,ext_census_dependent_main_share,pearson,static 2023-01…2024-12 (retrospective),-0.05862391898213529,62.0,0.0,-0.3099368286150167,0.23768978813068725,0.6508363130129646,0.6549,9999.0,20261009.0,0.745,-0.06561030641521245,0.602,-0.05723972149365034,0.7673165919282511,1.0,0.8491048034934499,False,False,,,,,,,
v5-20261009T121014Z-d833d0,features_x_external[spearman],proc44_pc_log,ext_census_dependent_main_share,spearman,static 2023-01…2024-12 (retrospective),0.0039535645035380625,62.0,0.0,-0.27690622307229745,0.2841376485739423,0.9756707107245269,0.9733,9999.0,20261009.0,0.982,-0.008738133011004508,0.936,0.001903754627181385,0.9827129593810446,1.0,0.9886820809248555,False,False,,,,,,,
v5-20261009T121014Z-d833d0,features_x_external[pearson],proc44_pc_log,ext_census_business_main_share,pearson,static 2023-01…2024-12 (retrospective),-0.2376357388213381,62.0,0.0,-0.4760844265458214,0.019002451774584907,0.06291316963212594,0.0617,9999.0,20261009.0,0.105,-0.2102934953390714,0.099,-0.23728084128765026,0.13039433198380568,0.8913548948412487,0.2124418604651163,False,False,,,,,,,
v5-20261009T121014Z-d833d0,features_x_external[spearman],proc44_pc_log,ext_census_business_main_share,spearman,static 2023-01…2024-12 (retrospective),-0.3471330361864471,62.0,0.0,-0.5829462063885519,-0.07932519606500657,0.005705787683032524,0.0069,9999.0,20261009.0,0.012,-0.3111228626828838,0.015,-0.34791115811739814,0.018662176165803106,0.12757166527640346,0.03641860465116279,False,False,,,,,,,
v5-20261009T121014Z-d833d0,features_x_external[pearson],proc44_pc_log,ext_census_subsistence_main_share,pearson,static 2023-01…2024-12 (retrospective),-0.06578068561693169,62.0,0.0,-0.3181745284081948,0.19922536308529407,0.6114761890132965,0.6109,9999.0,20261009.0,0.642,0.0028447625190183147,0.984,-0.0641785430590791,0.7280589041095891,1.0,0.7651232876712329,False,False,,,,,,,
v5-20261009T121014Z-d833d0,features_x_external[spearman],proc44_pc_log,ext_census_subsistence_main_share,spearman,static 2023-01…2024-12 (retrospective),-0.10730024426481329,62.0,0.0,-0.3631721593104701,0.15258941417491056,0.4064884174797349,0.4093,9999.0,20261009.0,0.403,-0.004054292261589988,0.97,-0.10121628767847698,0.5381727959697733,1.0,0.5520628272251309,False,False,,,,,,,
v5-20261009T121014Z-d833d0,features_x_external[pearson],proc44_pc_log,ext_census_higher_edu_share,pearson,static 2023-01…2024-12 (retrospective),0.11187482963754466,62.0,0.0,-0.08335423614896148,0.3800885320961728,0.38665570780800745,0.3936,9999.0,20261009.0,0.331,0.03331145018833413,0.795,0.1270283135688946,0.5281727506426735,1.0,0.49793083573487035,False,False,,,,,,,
v5-20261009T121014Z-d833d0,features_x_external[spearman],proc44_pc_log,ext_census_higher_edu_share,spearman,static 2023-01…2024-12 (retrospective),0.1765002140464859,62.0,0.0,-0.07072773330373543,0.41615799477310517,0.16997577278483716,0.1722,9999.0,20261009.0,0.138,0.02203419707385863,0.852,0.1720782654680063,0.2817818181818182,1.0,0.2433648648648649,False,False,,,,,,,
v5-20261009T121014Z-d833d0,features_x_external[pearson],proc44_pc_log,ext_market_access_sber,pearson,static 2023-01…2024-12 (retrospective),-0.1188085396829173,62.0,0.0,-0.25667804855658954,0.08881747824225786,0.35771688941098534,0.3529,9999.0,20261009.0,0.546,-0.1556153518676241,0.197,-0.12038605553001441,0.49653315363881406,1.0,0.6968508557457214,False,False,,,,,,,
v5-20261009T121014Z-d833d0,features_x_external[spearman],proc44_pc_log,ext_market_access_sber,spearman,static 2023-01…2024-12 (retrospective),-0.11951950454606687,62.0,0.0,-0.37684146223674986,0.14541561083418225,0.3548266819033666,0.3532,9999.0,20261009.0,0.526,-0.1800760494573292,0.174,-0.12512560174036835,0.48646543535620057,1.0,0.668058394160584,False,False,,,,,,,
v5-20261009T121014Z-d833d0,features_x_external[pearson],proc44_pc_log,ext_wage_large_medium_orgs_v4,pearson,static 2023-01…2024-12 (retrospective),0.1464844532646196,62.0,0.0,-0.07697098715356397,0.36075048534805376,0.2559199012598758,0.2494,9999.0,20261009.0,0.344,0.09307615529939695,0.454,0.1507168605286451,0.3921289156626506,1.0,0.5101363636363636,False,False,,,,,,,
v5-20261009T121014Z-d833d0,features_x_external[spearman],proc44_pc_log,ext_wage_large_medium_orgs_v4,spearman,static 2023-01…2024-12 (retrospective),0.1573619400166201,62.0,0.0,-0.10118154257427912,0.40005409253405033,0.2219042847060626,0.2181,9999.0,20261009.0,0.287,-0.04228047644229558,0.735,0.15801163405605498,0.3339578947368421,1.0,0.43298843930635833,False,False,,,,,,,
v5-20261009T121014Z-d833d0,features_x_external[pearson],proc44_pc_log,ext_emp_share_budget_sector_v4,pearson,static 2023-01…2024-12 (retrospective),-0.11128739822159704,61.0,1.0,-0.32581013420413896,0.11041999433516063,0.39318390165620937,0.3956,9999.0,20261009.0,0.514,-0.05294938297654134,0.68,-0.11024696447679826,0.5294953846153846,1.0,0.6775454545454546,False,False,,,,,,,
v5-20261009T121014Z-d833d0,features_x_external[spearman],proc44_pc_log,ext_emp_share_budget_sector_v4,spearman,static 2023-01…2024-12 (retrospective),-0.10877842411422525,61.0,1.0,-0.3474053874191651,0.12998723581676733,0.40400445117688266,0.4056,9999.0,20261009.0,0.47,0.01575885774722369,0.894,-0.10903028619060852,0.5355772727272727,1.0,0.61335,False,False,,,,,,,
v5-20261009T121014Z-d833d0,features_x_external[pearson],proc44_pc_log,ext_emp_share_industry_v4,pearson,static 2023-01…2024-12 (retrospective),0.315958577995254,61.0,1.0,0.031821104182224516,0.5451429627324076,0.013117342519855437,0.0123,9999.0,20261009.0,0.033,0.3057942453582801,0.018,0.3157311814009553,0.03292615384615384,0.22507794589346275,0.08788775510204083,False,False,,,,,,,
v5-20261009T121014Z-d833d0,features_x_external[spearman],proc44_pc_log,ext_emp_share_industry_v4,spearman,static 2023-01…2024-12 (retrospective),0.2792321120833242,61.0,1.0,0.03101450094903007,0.5037424406424886,0.029309038933220934,0.0285,9999.0,20261009.0,0.034,0.21322051824431515,0.11,0.27870401287897967,0.06357692307692309,0.434601724794288,0.07923214285714286,False,False,,,,,,,
v5-20261009T121014Z-d833d0,features_x_external[pearson],proc44_pc_log,ext_emp_share_agri_v4,pearson,static 2023-01…2024-12 (retrospective),-0.20150966138441556,61.0,1.0,-0.44292971222387795,0.053228018379509294,0.11939835492245528,0.1187,9999.0,20261009.0,0.218,-0.1891193355855581,0.149,-0.20095501144007247,0.21817394366197182,1.0,0.37932,False,False,,,,,,,
v5-20261009T121014Z-d833d0,features_x_external[spearman],proc44_pc_log,ext_emp_share_agri_v4,spearman,static 2023-01…2024-12 (retrospective),-0.1472342448348241,61.0,1.0,-0.4067877804832006,0.10123452127257922,0.25749543481264214,0.2626,9999.0,20261009.0,0.372,-0.14780539397144365,0.253,-0.14705030592820775,0.38396974789915966,1.0,0.5150769230769231,False,False,,,,,,,
v5-20261009T121014Z-d833d0,features_x_external[pearson],proc44_pc_log,ext_equalization_grants_pc_v4,pearson,static 2023-01…2024-12 (retrospective),-0.12872568034713547,62.0,0.0,-0.37894784481106697,0.10390993086283536,0.31870838173540206,0.3192,9999.0,20261009.0,0.491,-0.051334439581877375,0.683,-0.1295777917894388,0.4664463687150838,1.0,0.6571846153846154,False,False,,,,,,,
v5-20261009T121014Z-d833d0,features_x_external[spearman],proc44_pc_log,ext_equalization_grants_pc_v4,spearman,static 2023-01…2024-12 (retrospective),-0.15862103699226918,62.0,0.0,-0.4137255263549831,0.08648208141973479,0.2181812271718828,0.2177,9999.0,20261009.0,0.354,-0.07431190350280778,0.575,-0.15430988894764672,0.3339578947368421,1.0,0.4954101876675603,False,False,,,,,,,
v5-20261009T121014Z-d833d0,features_x_external[pearson],proc44_pc_log,ext_urban_share_v4,pearson,static 2023-01…2024-12 (retrospective),0.22389830688126144,62.0,0.0,-0.0066787365420910684,0.48295523128022166,0.0802248709170742,0.0786,9999.0,20261009.0,0.059,0.19938955411683082,0.113,0.2268834596806645,0.15902790697674418,1.0,0.13627433628318583,False,False,,,,,,,
v5-20261009T121014Z-d833d0,features_x_external[spearman],proc44_pc_log,ext_urban_share_v4,spearman,static 2023-01…2024-12 (retrospective),0.29790940072654093,62.0,0.0,0.06163363569228722,0.5286655740083671,0.01868919048758441,0.019,9999.0,20261009.0,0.013,0.3074966633930145,0.021,0.2973098082419238,0.04508181818181818,0.3081721321268587,0.037491712707182316,False,False,,,,,,,
v5-20261009T121014Z-d833d0,features_x_external[pearson],proc44_pc_log,ext_log_density_v4,pearson,static 2023-01…2024-12 (retrospective),0.20868387166982505,62.0,0.0,-0.014552221588286594,0.4206552119583252,0.10358547877176408,0.0988,9999.0,20261009.0,0.169,0.18352149541873491,0.141,0.2174169923999214,0.18960882352941177,1.0,0.3042,False,False,,,,,,,
v5-20261009T121014Z-d833d0,features_x_external[spearman],proc44_pc_log,ext_log_density_v4,spearman,static 2023-01…2024-12 (retrospective),0.13338873360026188,62.0,0.0,-0.11556017530290431,0.37353122432617386,0.30134345162038495,0.2991,9999.0,20261009.0,0.332,0.17065800407947418,0.148,0.13056583818085668,0.4265852459016393,1.0,0.4748054794520548,False,False,,,,,,,
v5-20261009T121014Z-d833d0,features_x_external[pearson],proc44_pc_log,ext_employees_per_1000_v4,pearson,static 2023-01…2024-12 (retrospective),0.21248417659363922,61.0,1.0,0.020525330729254235,0.39613259832911635,0.10016476020994715,0.0962,9999.0,20261009.0,0.131,0.18399710979363934,0.163,0.22404200781263278,0.18598666666666666,1.0,0.2504835164835165,False,False,,,,,,,
v5-20261009T121014Z-d833d0,features_x_external[spearman],proc44_pc_log,ext_employees_per_1000_v4,spearman,static 2023-01…2024-12 (retrospective),0.2682707562136435,61.0,1.0,0.03415960566010379,0.4729661132574333,0.03658176271018565,0.035,9999.0,20261009.0,0.04,0.15330512956107875,0.252,0.2699083078632954,0.07487704918032788,0.511847587872479,0.09,False,False,,,,,,,
v5-20261009T121014Z-d833d0,features_x_external[pearson],proc44_pc_log,ext_msp2026_per_1000,pearson,static 2023-01…2024-12 (retrospective),-0.0850349255763333,62.0,0.0,-0.25960364611915837,0.15219504328361375,0.511096592792513,0.5119,9999.0,20261009.0,0.715,-0.20175027756858296,0.102,-0.10214301268069713,0.6438838554216868,1.0,0.8239072847682118,False,False,,,,,,,
v5-20261009T121014Z-d833d0,features_x_external[spearman],proc44_pc_log,ext_msp2026_per_1000,spearman,static 2023-01…2024-12 (retrospective),-0.014580342978016168,62.0,0.0,-0.25556734695137806,0.24234237428116898,0.9104465851955265,0.9094,9999.0,20261009.0,0.93,-0.226108634887059,0.079,-0.019354838709677413,0.9504576,1.0,0.9613069306930694,False,False,,,,,,,
v5-20261009T121014Z-d833d0,features_x_external[pearson],proc44_pc_log,msp_lq_agri,pearson,static 2023-01…2024-12 (retrospective),-0.13059596012106856,62.0,0.0,-0.3869564339057905,0.11680181350753702,0.3116683590940116,0.3091,9999.0,20261009.0,0.469,-0.06467364096559976,0.601,-0.1300031189295511,0.4557915254237288,1.0,0.6326046511627906,False,False,,,,,,,
v5-20261009T121014Z-d833d0,features_x_external[spearman],proc44_pc_log,msp_lq_agri,spearman,static 2023-01…2024-12 (retrospective),-0.16169323361285287,62.0,0.0,-0.4020671154697433,0.0957141840325866,0.20928121188745766,0.2051,9999.0,20261009.0,0.316,-0.11994157790032987,0.346,-0.1598625066102591,0.3240162162162162,1.0,0.4627146814404432,False,False,,,,,,,
v5-20261009T121014Z-d833d0,features_x_external[pearson],proc44_pc_log,msp_lq_business_services,pearson,static 2023-01…2024-12 (retrospective),0.035220663566289195,62.0,0.0,-0.2188191571422594,0.29589972355863947,0.7858002637011832,0.7845,9999.0,20261009.0,0.8,-0.0746887891953201,0.563,0.031152463849589675,0.8603253112033195,1.0,0.8791578947368421,False,False,,,,,,,
v5-20261009T121014Z-d833d0,features_x_external[spearman],proc44_pc_log,msp_lq_business_services,spearman,static 2023-01…2024-12 (retrospective),0.09717710458059481,62.0,0.0,-0.1704052199225842,0.34460836538678474,0.45242266794677083,0.4421,9999.0,20261009.0,0.42,-0.06605222734254992,0.604,0.09275515600211527,0.5601364077669904,1.0,0.5694545454545454,False,False,,,,,,,
v5-20261009T121014Z-d833d0,features_x_external[pearson],proc44_pc_log,msp_lq_construction,pearson,static 2023-01…2024-12 (retrospective),-0.01162144194092439,62.0,0.0,-0.2631719677617809,0.2618321663867702,0.9285668991938686,0.9309,9999.0,20261009.0,0.945,-0.054938099566333456,0.656,-0.0146987909660272,0.9528035294117646,1.0,0.9653424657534246,False,False,,,,,,,
v5-20261009T121014Z-d833d0,features_x_external[spearman],proc44_pc_log,msp_lq_construction,spearman,static 2023-01…2024-12 (retrospective),-0.009392863438342022,62.0,0.0,-0.2654010252899168,0.2553004542796094,0.9422391006449377,0.9406,9999.0,20261009.0,0.966,-0.05179924957820252,0.693,-0.008196721311475409,0.9684284023668638,1.0,0.9791300970873785,False,False,,,,,,,
v5-20261009T121014Z-d833d0,features_x_external[pearson],proc44_pc_log,msp_lq_consumer_services,pearson,static 2023-01…2024-12 (retrospective),0.1392394661554847,62.0,0.0,-0.11464979912338479,0.41598719867678985,0.2804412903085856,0.2782,9999.0,20261009.0,0.31,0.10362725873347621,0.422,0.13921651330087617,0.42586627565982405,1.0,0.47454545454545455,False,False,,,,,,,
v5-20261009T121014Z-d833d0,features_x_external[spearman],proc44_pc_log,msp_lq_consumer_services,spearman,static 2023-01…2024-12 (retrospective),0.18672408148875627,62.0,0.0,-0.08863316599845189,0.4687583895082238,0.14617921545212464,0.15,9999.0,20261009.0,0.159,0.1527284631462315,0.222,0.18466419883659435,0.24857142857142858,1.0,0.2730197368421053,False,False,,,,,,,
v5-20261009T121014Z-d833d0,features_x_external[pearson],proc44_pc_log,msp_lq_industry,pearson,static 2023-01…2024-12 (retrospective),0.12848643502635562,62.0,0.0,-0.17310238534243266,0.44460320607608195,0.319616202579705,0.3083,9999.0,20261009.0,0.383,0.11864906386905542,0.369,0.1297480225828151,0.4557915254237288,1.0,0.5522817679558011,False,False,,,,,,,
v5-20261009T121014Z-d833d0,features_x_external[spearman],proc44_pc_log,msp_lq_industry,spearman,static 2023-01…2024-12 (retrospective),0.22041751655712524,62.0,0.0,-0.0636120920370392,0.47067806491639563,0.08516176363523073,0.0846,9999.0,20261009.0,0.123,0.24811765002140465,0.056,0.22115282919090426,0.15771857142857143,1.0,0.2229375,False,False,,,,,,,
v5-20261009T121014Z-d833d0,features_x_external[pearson],proc44_pc_log,msp_lq_social,pearson,static 2023-01…2024-12 (retrospective),0.18742090530057234,62.0,0.0,-0.08426187673138896,0.4262862526363079,0.14465280091884736,0.1446,9999.0,20261009.0,0.082,0.15074681839666768,0.23,0.1869550871903369,0.2593855670103093,1.0,0.17400000000000002,False,False,,,,,,,
v5-20261009T121014Z-d833d0,features_x_external[spearman],proc44_pc_log,msp_lq_social,spearman,static 2023-01…2024-12 (retrospective),0.22454735463725414,62.0,0.0,-0.03253098042646134,0.45944172576334347,0.07932989700952177,0.0806,9999.0,20261009.0,0.044,0.1543904711540883,0.219,0.22162876784769958,0.15299345454545454,1.0,0.09610041841004183,False,False,,,,,,,
v5-20261009T121014Z-d833d0,features_x_external[pearson],proc44_pc_log,msp_lq_trade,pearson,static 2023-01…2024-12 (retrospective),0.18661986768726857,62.0,0.0,-0.12842422532687411,0.4771471962825097,0.1464085279540058,0.1445,9999.0,20261009.0,0.159,0.16842296434414264,0.186,0.18890119831203142,0.2593855670103093,1.0,0.29122105263157894,False,False,,,,,,,
v5-20261009T121014Z-d833d0,features_x_external[spearman],proc44_pc_log,msp_lq_trade,spearman,static 2023-01…2024-12 (retrospective),0.22348971317770894,62.0,0.0,-0.049450433983477336,0.47901687920697544,0.08079237058157428,0.0775,9999.0,20261009.0,0.086,0.20435143914784318,0.095,0.2256478053939714,0.1481868131868132,1.0,0.16626666666666665,False,False,,,,,,,
v5-20261009T121014Z-d833d0,features_x_external[pearson],proc44_pc_log,msp_lq_transport,pearson,static 2023-01…2024-12 (retrospective),-0.17384760441014374,62.0,0.0,-0.43718131532415333,0.11000850042563816,0.17658813805296542,0.1743,9999.0,20261009.0,0.46,-0.15761045962522663,0.205,-0.173074578223433,0.2973352941176471,1.0,0.6253125,False,False,,,,,,,
v5-20261009T121014Z-d833d0,features_x_external[spearman],proc44_pc_log,msp_lq_transport,spearman,static 2023-01…2024-12 (retrospective),-0.2310946589106293,62.0,0.0,-0.4842937409345906,0.044500593543406304,0.07073768551276127,0.067,9999.0,20261009.0,0.217,-0.23577849966004386,0.061,-0.22929666842940238,0.13098876404494383,0.8954183377784147,0.35287850467289716,False,False,,,,,,,
v5-20261009T121014Z-d833d0,features_x_external[pearson],proc44_pc_log,ext_msp2026_eci,pearson,static 2023-01…2024-12 (retrospective),0.09306697548434566,62.0,0.0,-0.18620165009466189,0.37305586019841536,0.4718572986733356,0.4776,9999.0,20261009.0,0.247,0.023302399395472292,0.859,0.09441260098406998,0.612548402948403,1.0,0.4080189873417721,False,False,,,,,,,
v5-20261009T121014Z-d833d0,features_x_external[spearman],proc44_pc_log,ext_msp2026_eci,spearman,static 2023-01…2024-12 (retrospective),0.15605640901447873,62.0,0.0,-0.1338463106952985,0.418446478490728,0.22581124742144196,0.2231,9999.0,20261009.0,0.088,0.08362922112261087,0.518,0.15285967376241932,0.3395282798833819,1.0,0.16950553505535054,False,False,,,,,,,
v5-20261009T121014Z-d833d0,features_x_external[pearson],proc44_pc_log,ext_msp2026_diversity,pearson,static 2023-01…2024-12 (retrospective),0.049258447027602174,62.0,0.0,-0.25698178768440566,0.37471982504557005,0.7037977193079061,0.7043,9999.0,20261009.0,0.595,-0.041695474022723465,0.731,0.04647069862409528,0.8055019693654268,1.0,0.7290845070422535,False,False,,,,,,,
v5-20261009T121014Z-d833d0,features_x_external[spearman],proc44_pc_log,ext_msp2026_diversity,spearman,static 2023-01…2024-12 (retrospective),0.17009752365417732,62.0,0.0,-0.11683510540933197,0.429509261891274,0.18625221909386364,0.1931,9999.0,20261009.0,0.09,0.07965047467955982,0.516,0.16971010419887542,0.3091969325153374,1.0,0.17272058823529413,False,False,,,,,,,
v5-20261009T121014Z-d833d0,features_x_external[pearson],proc44_pc_log,ext_old_age_ratio_65_per100_20_64,pearson,static 2023-01…2024-12 (retrospective),0.1297693563780425,62.0,0.0,-0.213700084310373,0.4092796883856362,0.3147674041184139,0.3199,9999.0,20261009.0,0.497,0.1719657204254415,0.196,0.13213127174450318,0.4664463687150838,1.0,0.6601374045801527,False,False,,,,,,,
v5-20261009T121014Z-d833d0,features_x_external[spearman],proc44_pc_log,ext_old_age_ratio_65_per100_20_64,spearman,static 2023-01…2024-12 (retrospective),-0.0199189141547682,62.0,0.0,-0.3074411886268308,0.2550713060884351,0.8778738846583414,0.8764,9999.0,20261009.0,0.896,0.01407670418775654,0.899,-0.01882601797990481,0.9263914979757086,1.0,0.9454698795180723,False,False,,,,,,,
v5-20261009T121014Z-d833d0,features_x_external[pearson],proc44_pc_log,ext_youth_ratio_0_19_per100_20_64,pearson,static 2023-01…2024-12 (retrospective),-0.1087088368526725,62.0,0.0,-0.3973241638787453,0.19942978060256664,0.4003194536413996,0.4017,9999.0,20261009.0,0.652,-0.09581478074290238,0.452,-0.1076339043814807,0.5349168367346939,1.0,0.7735090909090909,False,False,,,,,,,
v5-20261009T121014Z-d833d0,features_x_external[spearman],proc44_pc_log,ext_youth_ratio_0_19_per100_20_64,spearman,static 2023-01…2024-12 (retrospective),-0.04137392661982826,62.0,0.0,-0.3250383258719491,0.21544511762309537,0.7495100592868109,0.7454,9999.0,20261009.0,0.84,-0.02012036967087205,0.88,-0.03775780010576414,0.8422051948051947,1.0,0.9192452830188679,False,False,,,,,,,
v5-20261009T121014Z-d833d0,features_x_external[pearson],proc44_pc_log,ext_balance_residual_share_2024,pearson,static 2023-01…2024-12 (retrospective),-0.011617669146630946,62.0,0.0,-0.26130787341352524,0.24670814673696645,0.9285900288289901,0.927,9999.0,20261009.0,0.899,-0.019793219837803248,0.895,-0.013126832088236241,0.9506758349705304,1.0,0.9423253012048193,False,False,,,,,,,
v5-20261009T121014Z-d833d0,features_x_external[spearman],proc44_pc_log,ext_balance_residual_share_2024,spearman,static 2023-01…2024-12 (retrospective),0.020875827856261492,62.0,0.0,-0.25693354147563296,0.2853421653666851,0.8720550373535947,0.8731,9999.0,20261009.0,0.855,0.009795774470549723,0.934,0.01961924907456372,0.9263378048780488,1.0,0.9240372670807454,False,False,,,,,,,
v5-20261009T121014Z-d833d0,features_x_external[pearson],proc44_muni_share,ext_census_wage_main_share,pearson,static 2023-01…2024-12 (retrospective),-0.246461693260231,62.0,0.0,-0.50973284447961,0.035229594353947145,0.053476877095521055,0.0563,9999.0,20261009.0,0.012,-0.06283837385112018,0.664,-0.3571838493112561,0.12044508196721312,0.8233434056348732,0.04041290322580645,False,False,,,,,,,
v5-20261009T121014Z-d833d0,features_x_external[spearman],proc44_muni_share,ext_census_wage_main_share,spearman,static 2023-01…2024-12 (retrospective),-0.2779330664047745,62.0,0.0,-0.49894355388937073,-0.029433720672823925,0.02872784370561952,0.0323,9999.0,20261009.0,0.015,-0.007277580519251594,0.966,-0.3418297197250132,0.0699609958506224,0.4782422299396064,0.041648936170212765,False,False,,,,,,,
v5-20261009T121014Z-d833d0,features_x_external[pearson],proc44_muni_share,ext_census_pension_benefit_main_share,pearson,static 2023-01…2024-12 (retrospective),0.1707586222286639,62.0,0.0,-0.09754290921859052,0.4712349196210015,0.18452145738314552,0.1816,9999.0,20261009.0,0.162,-0.028266149406736992,0.828,0.2543996748006314,0.3076252427184466,1.0,0.2946480836236934,False,False,,,,,,,
v5-20261009T121014Z-d833d0,features_x_external[spearman],proc44_muni_share,ext_census_pension_benefit_main_share,spearman,static 2023-01…2024-12 (retrospective),0.2654931882853618,62.0,0.0,0.008343034375128726,0.5133953286363236,0.037020367193595194,0.0398,9999.0,20261009.0,0.058,-0.05013724157034575,0.699,0.32876784769962974,0.0831024,0.5680747766111105,0.12110400000000002,False,False,,,,,,,
v5-20261009T121014Z-d833d0,features_x_external[pearson],proc44_muni_share,ext_census_dependent_main_share,pearson,static 2023-01…2024-12 (retrospective),-0.001347261943368946,62.0,0.0,-0.24392645686566286,0.2219886742357477,0.9917081653668844,0.9901,9999.0,20261009.0,0.988,0.012874230076046251,0.919,0.021176451831932352,0.9920003838771594,1.0,0.9918,False,False,,,,,,,
v5-20261009T121014Z-d833d0,features_x_external[spearman],proc44_muni_share,ext_census_dependent_main_share,spearman,static 2023-01…2024-12 (retrospective),-0.034474075193271385,62.0,0.0,-0.2799649959722931,0.21984005762668893,0.7902361821136845,0.7887,9999.0,20261009.0,0.763,0.006018483543602528,0.951,-0.00761501850872554,0.8722487288135592,1.0,0.8565290322580645,False,False,,,,,,,
v5-20261009T121014Z-d833d0,features_x_external[pearson],proc44_muni_share,ext_census_business_main_share,pearson,static 2023-01…2024-12 (retrospective),0.054302260207763464,62.0,0.0,-0.2055967316572848,0.32775325644601494,0.6750814137421154,0.6652,9999.0,20261009.0,0.599,-0.04106857586198316,0.73,0.08048471450194421,0.7750767857142857,1.0,0.7322669789227166,False,False,,,,,,,
v5-20261009T121014Z-d833d0,features_x_external[spearman],proc44_muni_share,ext_census_business_main_share,spearman,static 2023-01…2024-12 (retrospective),0.11752411170708368,62.0,0.0,-0.15710404447765947,0.3943048594343253,0.36297482375478046,0.3582,9999.0,20261009.0,0.257,-0.05728891239203243,0.664,0.14632469592808037,0.49076220472440946,1.0,0.3988141592920354,False,False,,,,,,,
v5-20261009T121014Z-d833d0,features_x_external[pearson],proc44_muni_share,ext_census_subsistence_main_share,pearson,static 2023-01…2024-12 (retrospective),0.302499069508372,62.0,0.0,0.10365184564798602,0.48712961021214585,0.01686276601011745,0.0188,9999.0,20261009.0,0.024,0.19709619480501478,0.121,0.34125964581163526,0.047180769230769234,0.32252022734734,0.06808695652173913,False,False,,,,,,,
v5-20261009T121014Z-d833d0,features_x_external[spearman],proc44_muni_share,ext_census_subsistence_main_share,spearman,static 2023-01…2024-12 (retrospective),0.3978494623655914,62.0,0.0,0.13031537230533521,0.6197269951702562,0.001363728199943215,0.002,9999.0,20261009.0,0.002,0.16839162952330589,0.196,0.45140137493389726,0.006177514792899408,0.04222850767231947,0.010989473684210526,False,True,,,,,,,
v5-20261009T121014Z-d833d0,features_x_external[pearson],proc44_muni_share,ext_census_higher_edu_share,pearson,static 2023-01…2024-12 (retrospective),-0.13370555740725112,62.0,0.0,-0.517319845366035,0.1493086313041095,0.3001863400681582,0.2939,9999.0,20261009.0,0.402,0.09455021672928136,0.473,-0.33492136188930166,0.440334670487106,1.0,0.5749150684931507,False,False,,,,,,,
v5-20261009T121014Z-d833d0,features_x_external[spearman],proc44_muni_share,ext_census_higher_edu_share,spearman,static 2023-01…2024-12 (retrospective),-0.3919065246405278,62.0,0.0,-0.5916271360618702,-0.1405898589899135,0.0016320238133003743,0.0017,9999.0,20261009.0,0.006,-0.0011835511571101206,0.992,-0.46150185087255413,0.005477777777777778,0.03744521683412773,0.022532374100719427,False,True,,,,,,,
v5-20261009T121014Z-d833d0,features_x_external[pearson],proc44_muni_share,ext_market_access_sber,pearson,static 2023-01…2024-12 (retrospective),0.047271754963651755,62.0,0.0,-0.093550190507343,0.3120847165161457,0.7152254421550798,0.7133,9999.0,20261009.0,0.64,0.12068597509252064,0.272,0.032130940046331886,0.8112039215686274,1.0,0.7651232876712329,False,False,,,,,,,
v5-20261009T121014Z-d833d0,features_x_external[spearman],proc44_muni_share,ext_market_access_sber,spearman,static 2023-01…2024-12 (retrospective),-0.05472311069924216,62.0,0.0,-0.32498623026599016,0.2137210208913236,0.672705384259006,0.6697,9999.0,20261009.0,0.615,0.24202362065926317,0.052,-0.10539954533751233,0.773205298013245,1.0,0.7307999999999999,False,False,,,,,,,
v5-20261009T121014Z-d833d0,features_x_external[pearson],proc44_muni_share,ext_wage_large_medium_orgs_v4,pearson,static 2023-01…2024-12 (retrospective),0.018991393473754854,62.0,0.0,-0.23925880981139983,0.24772600205443543,0.8835201457171615,0.8807,9999.0,20261009.0,0.821,0.2341926293124366,0.068,-0.06511536815552028,0.9268657258064517,1.0,0.8947014613778704,False,False,,,,,,,
v5-20261009T121014Z-d833d0,features_x_external[spearman],proc44_muni_share,ext_wage_large_medium_orgs_v4,spearman,static 2023-01…2024-12 (retrospective),-0.07340535368034046,62.0,0.0,-0.3293609551768262,0.17870905789313626,0.5707159586074018,0.5655,9999.0,20261009.0,0.404,0.20933746317141344,0.108,-0.1252776308831306,0.6833125,1.0,0.5520628272251309,False,False,,,,,,,
v5-20261009T121014Z-d833d0,features_x_external[pearson],proc44_muni_share,ext_emp_share_budget_sector_v4,pearson,static 2023-01…2024-12 (retrospective),0.1510033636285865,61.0,1.0,-0.07962245646312145,0.3997180775965694,0.24537733717819013,0.2455,9999.0,20261009.0,0.18,-0.00965069725589017,0.937,0.19353087825634083,0.38833636363636365,1.0,0.3217808219178082,False,False,,,,,,,
v5-20261009T121014Z-d833d0,features_x_external[spearman],proc44_muni_share,ext_emp_share_budget_sector_v4,spearman,static 2023-01…2024-12 (retrospective),0.21226864093072445,61.0,1.0,-0.03808505573708339,0.43929647588816423,0.10051777803878871,0.0988,9999.0,20261009.0,0.08,-0.0059227921734531985,0.966,0.2582939705473743,0.17776701030927836,1.0,0.15699248120300752,False,False,,,,,,,
v5-20261009T121014Z-d833d0,features_x_external[pearson],proc44_muni_share,ext_emp_share_industry_v4,pearson,static 2023-01…2024-12 (retrospective),-0.23577993140617556,61.0,1.0,-0.5147334671723679,0.019374369512021466,0.06735649731772721,0.0711,9999.0,20261009.0,0.033,-0.12840093002317535,0.319,-0.25938328537662536,0.1463244094488189,1.0,0.08788775510204083,False,False,,,,,,,
v5-20261009T121014Z-d833d0,features_x_external[spearman],proc44_muni_share,ext_emp_share_industry_v4,spearman,static 2023-01…2024-12 (retrospective),-0.25590988454000113,61.0,1.0,-0.49583357313118204,-0.018846461549472626,0.046518886254136846,0.0499,9999.0,20261009.0,0.032,-0.21300898995240608,0.105,-0.2830387911450934,0.10174921875,0.6955414610379635,0.07558371040723982,False,False,,,,,,,
v5-20261009T121014Z-d833d0,features_x_external[pearson],proc44_muni_share,ext_emp_share_agri_v4,pearson,static 2023-01…2024-12 (retrospective),0.13021211293428586,61.0,1.0,-0.0997006958716664,0.3279023871200972,0.31720585178063165,0.308,9999.0,20261009.0,0.35,0.09998649385829474,0.437,0.1542112370848072,0.4557915254237288,1.0,0.5161016949152543,False,False,,,,,,,
v5-20261009T121014Z-d833d0,features_x_external[spearman],proc44_muni_share,ext_emp_share_agri_v4,spearman,static 2023-01…2024-12 (retrospective),0.03694221611505572,61.0,1.0,-0.20577800684457334,0.2827202860731137,0.7774410132931985,0.7759,9999.0,20261009.0,0.784,-0.020835536753040715,0.872,0.05969702786535039,0.8621885106382978,1.0,0.8744615384615385,False,False,,,,,,,
v5-20261009T121014Z-d833d0,features_x_external[pearson],proc44_muni_share,ext_equalization_grants_pc_v4,pearson,static 2023-01…2024-12 (retrospective),0.3605967356600644,62.0,0.0,0.08345453892904539,0.6469862789219927,0.003988054668046734,0.0044,9999.0,20261009.0,0.005,0.2861877144273585,0.023,0.4544024287057389,0.013836144578313255,0.09458168164197821,0.02309734513274336,False,False,,,,,,,
v5-20261009T121014Z-d833d0,features_x_external[spearman],proc44_muni_share,ext_equalization_grants_pc_v4,spearman,static 2023-01…2024-12 (retrospective),0.4678552542116794,62.0,0.0,0.22570703051686677,0.6707384994357334,0.00012592707667698758,0.0004,9999.0,20261009.0,0.002,0.2687668404220493,0.024,0.5412480169222633,0.0016571428571428575,0.011327964756542845,0.010989473684210526,False,True,,,,,,,
v5-20261009T121014Z-d833d0,features_x_external[pearson],proc44_muni_share,ext_urban_share_v4,pearson,static 2023-01…2024-12 (retrospective),-0.3574847939828762,62.0,0.0,-0.6628024375143092,-0.06236323629110373,0.0043381179672534985,0.0039,9999.0,20261009.0,0.004,-0.2582309017035815,0.034,-0.434495282837797,0.01241341463414634,0.08485612624032245,0.01933333333333333,False,False,,,,,,,
v5-20261009T121014Z-d833d0,features_x_external[spearman],proc44_muni_share,ext_urban_share_v4,spearman,static 2023-01…2024-12 (retrospective),-0.42641699542478406,62.0,0.0,-0.669639711301491,-0.139310191019804,0.0005485396147300442,0.0009,9999.0,20261009.0,0.002,-0.32446929062476393,0.011,-0.4984106442154101,0.00324,0.022148124196413075,0.010989473684210526,False,True,,,,,,,
v5-20261009T121014Z-d833d0,features_x_external[pearson],proc44_muni_share,ext_log_density_v4,pearson,static 2023-01…2024-12 (retrospective),-0.2720636402532422,62.0,0.0,-0.5808476429921169,0.06664455551167912,0.03242231078590577,0.0312,9999.0,20261009.0,0.025,-0.12266372996395146,0.361,-0.38470488251015555,0.07303318385650225,0.499243218059655,0.07016129032258066,False,False,,,,,,,
v5-20261009T121014Z-d833d0,features_x_external[spearman],proc44_muni_share,ext_log_density_v4,spearman,static 2023-01…2024-12 (retrospective),-0.3336355166074891,62.0,0.0,-0.5923022475876725,-0.045079549551610344,0.008049576584242279,0.0077,9999.0,20261009.0,0.009,-0.10145803429780162,0.45,-0.39740877842411415,0.02061230769230769,0.14090245393330597,0.028999999999999998,False,False,,,,,,,
v5-20261009T121014Z-d833d0,features_x_external[pearson],proc44_muni_share,ext_employees_per_1000_v4,pearson,static 2023-01…2024-12 (retrospective),-0.15888175151854414,61.0,1.0,-0.48398817968579294,0.1255009454338961,0.22132180525483544,0.2219,9999.0,20261009.0,0.13,-0.016286730033565157,0.891,-0.27100069194125515,0.3631090909090909,1.0,0.25040590405904056,False,False,,,,,,,
v5-20261009T121014Z-d833d0,features_x_external[spearman],proc44_muni_share,ext_employees_per_1000_v4,spearman,static 2023-01…2024-12 (retrospective),-0.2582760444209413,61.0,1.0,-0.5023715260407233,0.012077215338841511,0.04446209078101172,0.0418,9999.0,20261009.0,0.013,-0.04918032786885245,0.7,-0.32225618227285363,0.0865857142857143,0.5918861585293635,0.037491712707182316,False,False,,,,,,,
v5-20261009T121014Z-d833d0,features_x_external[pearson],proc44_muni_share,ext_msp2026_per_1000,pearson,static 2023-01…2024-12 (retrospective),0.03328008193224954,62.0,0.0,-0.24448792207983305,0.2633852826759531,0.7973441290746124,0.7979,9999.0,20261009.0,0.778,0.24912054151099797,0.053,-0.06769114343973055,0.8623267080745343,1.0,0.8733677419354838,False,False,,,,,,,
v5-20261009T121014Z-d833d0,features_x_external[spearman],proc44_muni_share,ext_msp2026_per_1000,spearman,static 2023-01…2024-12 (retrospective),-0.13046762861675607,62.0,0.0,-0.39258209932803717,0.1339445542722497,0.3121482003602887,0.3207,9999.0,20261009.0,0.314,0.27460905038906097,0.031,-0.18519301956636697,0.44880804289544235,1.0,0.4627146814404432,False,False,,,,,,,
v5-20261009T121014Z-d833d0,features_x_external[pearson],proc44_muni_share,msp_lq_agri,pearson,static 2023-01…2024-12 (retrospective),0.2477456569035949,62.0,0.0,-0.08410920493082964,0.602114352071858,0.05220554750045427,0.0554,9999.0,20261009.0,0.042,0.09409711634603693,0.445,0.3065971037268548,0.11900740740740741,0.8135156912198731,0.10390521327014218,False,False,,,,,,,
v5-20261009T121014Z-d833d0,features_x_external[spearman],proc44_muni_share,msp_lq_agri,spearman,static 2023-01…2024-12 (retrospective),0.37140842587696105,62.0,0.0,0.08437098597810123,0.6283275309489279,0.0029581064144318663,0.0033,9999.0,20261009.0,0.008,0.22364080481478682,0.093,0.4369116869381279,0.009623463687150838,0.06578446572305188,0.026941935483870968,False,False,,,,,,,
v5-20261009T121014Z-d833d0,features_x_external[pearson],proc44_muni_share,msp_lq_business_services,pearson,static 2023-01…2024-12 (retrospective),-0.1269708661502764,62.0,0.0,-0.45786788027640657,0.15939725496061039,0.32540531722747135,0.3264,9999.0,20261009.0,0.232,0.08737743083608655,0.499,-0.24097720824895047,0.4732512396694215,1.0,0.39447557003257333,False,False,,,,,,,
v5-20261009T121014Z-d833d0,features_x_external[spearman],proc44_muni_share,msp_lq_business_services,spearman,static 2023-01…2024-12 (retrospective),-0.20772581904258267,62.0,0.0,-0.47976279117899595,0.08030974885644312,0.10521644924029419,0.1094,9999.0,20261009.0,0.065,0.012263604542821887,0.922,-0.26811210999471174,0.1899596026490066,1.0,0.13305882352941176,False,False,,,,,,,
v5-20261009T121014Z-d833d0,features_x_external[pearson],proc44_muni_share,msp_lq_construction,pearson,static 2023-01…2024-12 (retrospective),0.14940678996532825,62.0,0.0,-0.0933909840749392,0.38661994099441327,0.2464529747483911,0.2577,9999.0,20261009.0,0.295,0.25759826550004694,0.039,0.11675290305229838,0.3979863905325443,1.0,0.4583035714285714,False,False,,,,,,,
v5-20261009T121014Z-d833d0,features_x_external[spearman],proc44_muni_share,msp_lq_construction,spearman,static 2023-01…2024-12 (retrospective),0.1488504444612324,62.0,0.0,-0.1133672022946651,0.40805527469119307,0.24823656484636084,0.2568,9999.0,20261009.0,0.287,0.2768754249452293,0.028,0.11401374933897405,0.378192676056338,1.0,0.43298843930635833,False,False,,,,,,,
v5-20261009T121014Z-d833d0,features_x_external[pearson],proc44_muni_share,msp_lq_consumer_services,pearson,static 2023-01…2024-12 (retrospective),-0.2658606150332312,62.0,0.0,-0.5964153668100594,0.028665106013632105,0.03674967935695332,0.0355,9999.0,20261009.0,0.013,-0.1918821163852128,0.12,-0.2728568432636797,0.08092139737991266,0.5531657899128399,0.04294936708860759,False,False,,,,,,,
v5-20261009T121014Z-d833d0,features_x_external[spearman],proc44_muni_share,msp_lq_consumer_services,spearman,static 2023-01…2024-12 (retrospective),-0.30321573367580773,62.0,0.0,-0.5548678242490043,-0.03544100559630055,0.016591833376131373,0.0164,9999.0,20261009.0,0.003,-0.20268943113998641,0.101,-0.31237440507667896,0.0403811320754717,0.27603899024669964,0.013982142857142858,False,False,,,,,,,
v5-20261009T121014Z-d833d0,features_x_external[pearson],proc44_muni_share,msp_lq_industry,pearson,static 2023-01…2024-12 (retrospective),-0.03672913450925372,62.0,0.0,-0.2790429902275797,0.1977429152502566,0.7768583471080971,0.7715,9999.0,20261009.0,0.784,-0.013193756081766414,0.931,-0.024279136239597716,0.8532266949152542,1.0,0.8744615384615385,False,False,,,,,,,
v5-20261009T121014Z-d833d0,features_x_external[spearman],proc44_muni_share,msp_lq_industry,spearman,static 2023-01…2024-12 (retrospective),-0.028833320742363576,62.0,0.0,-0.2709010036516694,0.22495255847831352,0.8239560874407686,0.8238,9999.0,20261009.0,0.844,0.010198685502757423,0.946,-0.011951348492860918,0.8996309623430961,1.0,0.9216903765690375,False,False,,,,,,,
v5-20261009T121014Z-d833d0,features_x_external[pearson],proc44_muni_share,msp_lq_social,pearson,static 2023-01…2024-12 (retrospective),-0.2149072388775189,62.0,0.0,-0.5140891995423207,0.08203186763093316,0.09346316484717213,0.0957,9999.0,20261009.0,0.132,-0.11520157499626116,0.387,-0.2534563568080234,0.18570780669144982,1.0,0.25147445255474454,False,False,,,,,,,
v5-20261009T121014Z-d833d0,features_x_external[spearman],proc44_muni_share,msp_lq_social,spearman,static 2023-01…2024-12 (retrospective),-0.31379214827125984,62.0,0.0,-0.5576088571668981,-0.03350586790071294,0.013006278805730064,0.014,9999.0,20261009.0,0.047,-0.20248797562388254,0.131,-0.3617662612374405,0.03513461538461538,0.240174637386317,0.10096296296296298,False,False,,,,,,,
v5-20261009T121014Z-d833d0,features_x_external[pearson],proc44_muni_share,msp_lq_trade,pearson,static 2023-01…2024-12 (retrospective),-0.2586512906966732,62.0,0.0,-0.4941463722066964,-0.0426561825232246,0.04237083392285448,0.041,9999.0,20261009.0,0.055,-0.22188045566981768,0.083,-0.24604097802294508,0.09146153846153847,0.6252165163707301,0.1305,False,False,,,,,,,
v5-20261009T121014Z-d833d0,features_x_external[spearman],proc44_muni_share,msp_lq_trade,spearman,static 2023-01…2024-12 (retrospective),-0.3197854498753494,62.0,0.0,-0.5412127604020653,-0.07971253927300471,0.011287760759122363,0.0112,9999.0,20261009.0,0.018,-0.25864370073783083,0.05,-0.3061872025383395,0.02865882352941176,0.19590715520138796,0.047216080402010044,False,False,,,,,,,
v5-20261009T121014Z-d833d0,features_x_external[pearson],proc44_muni_share,msp_lq_transport,pearson,static 2023-01…2024-12 (retrospective),0.0413174066753676,62.0,0.0,-0.14239940483263122,0.2338845029352617,0.7498410833731789,0.746,9999.0,20261009.0,0.695,-0.0004305313309713192,0.999,0.06331937665546589,0.8356480686695279,1.0,0.8079955456570155,False,False,,,,,,,
v5-20261009T121014Z-d833d0,features_x_external[spearman],proc44_muni_share,msp_lq_transport,spearman,static 2023-01…2024-12 (retrospective),0.035884263805998344,62.0,0.0,-0.19449960562969815,0.2717927849030513,0.7818631040316215,0.7763,9999.0,20261009.0,0.749,-0.03160333408879152,0.786,0.061343204653622405,0.8621885106382978,1.0,0.8444449244060475,False,False,,,,,,,
v5-20261009T121014Z-d833d0,features_x_external[pearson],proc44_muni_share,ext_msp2026_eci,pearson,static 2023-01…2024-12 (retrospective),-0.11738408499815975,62.0,0.0,-0.4824633688439783,0.20596402045262976,0.36355087344494985,0.3645,9999.0,20261009.0,0.259,0.05808661957983754,0.659,-0.22919314518544928,0.5082192,1.0,0.42249375000000006,False,False,,,,,,,
v5-20261009T121014Z-d833d0,features_x_external[spearman],proc44_muni_share,ext_msp2026_eci,spearman,static 2023-01…2024-12 (retrospective),-0.23636363643858277,62.0,0.0,-0.5069268045125185,0.06465940455357365,0.06437759532364078,0.0687,9999.0,20261009.0,0.041,-0.0195160031225605,0.883,-0.298183452866079,0.13331375464684014,0.9113116033976408,0.09185407725321888,False,False,,,,,,,
v5-20261009T121014Z-d833d0,features_x_external[pearson],proc44_muni_share,ext_msp2026_diversity,pearson,static 2023-01…2024-12 (retrospective),-0.31720933842409654,62.0,0.0,-0.6227944882822368,-0.01946731342180775,0.01200072740030054,0.0133,9999.0,20261009.0,0.009,-0.2030798765237853,0.117,-0.4024980594417888,0.035241624365482234,0.2409061337438388,0.034043478260869564,False,False,,,,,,,
v5-20261009T121014Z-d833d0,features_x_external[spearman],proc44_muni_share,ext_msp2026_diversity,spearman,static 2023-01…2024-12 (retrospective),-0.4097570885615629,62.0,0.0,-0.6514269069272142,-0.13533618485296448,0.0009420606150785794,0.0011,9999.0,20261009.0,0.002,-0.2523482158595855,0.046,-0.47733324639232755,0.0037776315789473684,0.025823288079882205,0.010989473684210526,False,True,,,,,,,
v5-20261009T121014Z-d833d0,features_x_external[pearson],proc44_muni_share,ext_old_age_ratio_65_per100_20_64,pearson,static 2023-01…2024-12 (retrospective),-0.05830933712317123,62.0,0.0,-0.2922314227262846,0.20677185452671434,0.6525894406863795,0.6514,9999.0,20261009.0,0.61,-0.1414066391836762,0.277,-0.037652526912036244,0.7673165919282511,1.0,0.7405116279069768,False,False,,,,,,,
v5-20261009T121014Z-d833d0,features_x_external[spearman],proc44_muni_share,ext_old_age_ratio_65_per100_20_64,spearman,static 2023-01…2024-12 (retrospective),-0.03900682430560802,62.0,0.0,-0.29103338826199937,0.22156736738103394,0.7634114388009219,0.7612,9999.0,20261009.0,0.768,-0.13998640175266297,0.294,-0.00909571655208884,0.85635,1.0,0.8602918454935622,False,False,,,,,,,
v5-20261009T121014Z-d833d0,features_x_external[pearson],proc44_muni_share,ext_youth_ratio_0_19_per100_20_64,pearson,static 2023-01…2024-12 (retrospective),0.03711008394941969,62.0,0.0,-0.24880233637166713,0.2798093590956378,0.7746046548352236,0.7774,9999.0,20261009.0,0.722,0.006801587907746549,0.962,0.05917104766312494,0.8561240506329114,1.0,0.8264999999999999,False,False,,,,,,,
v5-20261009T121014Z-d833d0,features_x_external[spearman],proc44_muni_share,ext_youth_ratio_0_19_per100_20_64,spearman,static 2023-01…2024-12 (retrospective),0.057842915061318015,62.0,0.0,-0.19913763735975193,0.297777092545925,0.6551921998627294,0.6545,9999.0,20261009.0,0.637,0.0593538314320969,0.64,0.08794288736118454,0.7609109131403118,1.0,0.7455470852017938,False,False,,,,,,,
v5-20261009T121014Z-d833d0,features_x_external[pearson],proc44_muni_share,ext_balance_residual_share_2024,pearson,static 2023-01…2024-12 (retrospective),-0.05915723957537184,62.0,0.0,-0.2726937087765764,0.17553278503865652,0.6478684812615064,0.644,9999.0,20261009.0,0.609,-0.04356736718763575,0.734,-0.08027555729867919,0.7605610859728507,1.0,0.7405116279069768,False,False,,,,,,,
v5-20261009T121014Z-d833d0,features_x_external[spearman],proc44_muni_share,ext_balance_residual_share_2024,spearman,static 2023-01…2024-12 (retrospective),-0.06318148623807006,62.0,0.0,-0.3103562126117262,0.19245640966148408,0.6256525731706006,0.6161,9999.0,20261009.0,0.6,-0.025861851879831785,0.858,-0.09397144368059226,0.7309186363636363,1.0,0.72,False,False,,,,,,,
v5-20261009T121014Z-d833d0,features_x_external[pearson],supplier_hhi,ext_census_wage_main_share,pearson,static 2023-01…2024-12 (retrospective),-0.2558075571757645,62.0,0.0,-0.41725519958939183,-0.13862181158674852,0.04477480751309288,0.0469,9999.0,20261009.0,0.105,-0.05595344855502585,0.667,-0.24567256177789276,0.10200749999999999,0.6973070305449403,0.2124418604651163,False,False,,,,,,,
v5-20261009T121014Z-d833d0,features_x_external[spearman],supplier_hhi,ext_census_wage_main_share,spearman,static 2023-01…2024-12 (retrospective),-0.38747450328624317,62.0,0.0,-0.5887341375619279,-0.15139372584077754,0.0018619590938062053,0.0019,9999.0,20261009.0,0.013,0.04807232253028128,0.728,-0.35938656795346374,0.006010909090909091,0.041089617616914494,0.037491712707182316,False,False,,,,,,,
v5-20261009T121014Z-d833d0,features_x_external[pearson],supplier_hhi,ext_census_pension_benefit_main_share,pearson,static 2023-01…2024-12 (retrospective),0.3605565492374765,62.0,0.0,0.18572417759323512,0.5421562119991507,0.003992410983206128,0.0042,9999.0,20261009.0,0.004,0.24636148732552052,0.054,0.355296895101785,0.013287272727272726,0.09082968104791624,0.01933333333333333,False,False,,,,,,,
v5-20261009T121014Z-d833d0,features_x_external[spearman],supplier_hhi,ext_census_pension_benefit_main_share,spearman,static 2023-01…2024-12 (retrospective),0.4264561456523382,62.0,0.0,0.18157493821163964,0.6305310919085275,0.0005478249141590496,0.0006,9999.0,20261009.0,0.001,0.11611392309435671,0.385,0.4007403490216816,0.00232,0.01585915065915998,0.007565217391304348,False,True,,,,,,,
v5-20261009T121014Z-d833d0,features_x_external[pearson],supplier_hhi,ext_census_dependent_main_share,pearson,static 2023-01…2024-12 (retrospective),-0.15065553717530927,62.0,0.0,-0.4082646376162331,0.02467000876700293,0.24248154420887527,0.2469,9999.0,20261009.0,0.273,-0.14155148398366982,0.281,-0.15964111234295839,0.38937099697885197,1.0,0.4331489361702128,False,False,,,,,,,
v5-20261009T121014Z-d833d0,features_x_external[spearman],supplier_hhi,ext_census_dependent_main_share,spearman,static 2023-01…2024-12 (retrospective),-0.16335524162070963,62.0,0.0,-0.3933618462200319,0.07579911779815532,0.20457475049538007,0.2067,9999.0,20261009.0,0.163,-0.1503613608320113,0.252,-0.19016393442622948,0.3240162162162162,1.0,0.27805882352941175,False,False,,,,,,,
v5-20261009T121014Z-d833d0,features_x_external[pearson],supplier_hhi,ext_census_business_main_share,pearson,static 2023-01…2024-12 (retrospective),-0.02164488183248655,62.0,0.0,-0.23016649379177642,0.2694251124068123,0.86738340805147,0.8642,9999.0,20261009.0,0.883,-0.1320430648193655,0.284,-0.030282626017328233,0.915085020242915,1.0,0.9349411764705883,False,False,,,,,,,
v5-20261009T121014Z-d833d0,features_x_external[spearman],supplier_hhi,ext_census_business_main_share,spearman,static 2023-01…2024-12 (retrospective),0.0765782780589761,62.0,0.0,-0.18148187701349844,0.3320464362446514,0.5541342250786788,0.5584,9999.0,20261009.0,0.512,-0.133237641963184,0.3,0.054257006874669486,0.6778716279069767,1.0,0.6534572127139364,False,False,,,,,,,
v5-20261009T121014Z-d833d0,features_x_external[pearson],supplier_hhi,ext_census_subsistence_main_share,pearson,static 2023-01…2024-12 (retrospective),0.1150920228651647,62.0,0.0,-0.0052203798206775405,0.4407284057880424,0.37305917210164136,0.3601,9999.0,20261009.0,0.408,-0.050620975150598276,0.677,0.10647941798552066,0.5039469168900804,1.0,0.5784324324324324,False,False,,,,,,,
v5-20261009T121014Z-d833d0,features_x_external[spearman],supplier_hhi,ext_census_subsistence_main_share,spearman,static 2023-01…2024-12 (retrospective),0.36335020523280703,62.0,0.0,0.11349404330536979,0.5859823012446974,0.003699406484566019,0.0034,9999.0,20261009.0,0.006,0.05094306363476115,0.707,0.3450026441036488,0.009805524861878452,0.0670290069295988,0.022532374100719427,False,False,,,,,,,
v5-20261009T121014Z-d833d0,features_x_external[pearson],supplier_hhi,ext_census_higher_edu_share,pearson,static 2023-01…2024-12 (retrospective),-0.12624358516951387,62.0,0.0,-0.34508061363702913,-0.003910649962322076,0.3282068136541908,0.2216,9999.0,20261009.0,0.33,0.12587331455493225,0.26,-0.10116052562774085,0.3631090909090909,1.0,0.49786127167630057,False,False,,,,,,,
v5-20261009T121014Z-d833d0,features_x_external[spearman],supplier_hhi,ext_census_higher_edu_share,spearman,static 2023-01…2024-12 (retrospective),-0.21679131726725592,62.0,0.0,-0.43785426598579585,0.031635322770738175,0.0905563905401894,0.0888,9999.0,20261009.0,0.056,0.11178262949812393,0.36,-0.18096245372818612,0.16379363957597173,1.0,0.11834817813765183,False,False,,,,,,,
v5-20261009T121014Z-d833d0,features_x_external[pearson],supplier_hhi,ext_market_access_sber,pearson,static 2023-01…2024-12 (retrospective),-0.058385323545170204,62.0,0.0,-0.1858173812588304,0.049127562840315865,0.6521658054665377,0.4309,9999.0,20261009.0,0.704,0.012020953961201834,0.88,-0.05306512634232742,0.5665738035264484,1.0,0.8159866962305986,False,False,,,,,,,
v5-20261009T121014Z-d833d0,features_x_external[spearman],supplier_hhi,ext_market_access_sber,spearman,static 2023-01…2024-12 (retrospective),-0.16643582080593256,62.0,0.0,-0.4105468297083281,0.08254857856706026,0.19605061796034146,0.1881,9999.0,20261009.0,0.157,-0.15605247916194506,0.218,-0.1331641019367065,0.30305,1.0,0.2704752475247525,False,False,,,,,,,
v5-20261009T121014Z-d833d0,features_x_external[pearson],supplier_hhi,ext_wage_large_medium_orgs_v4,pearson,static 2023-01…2024-12 (retrospective),0.0028558328017474852,62.0,0.0,-0.42860463344446686,0.20149318727059282,0.9824246189703073,0.9833,9999.0,20261009.0,0.976,0.22690107229672254,0.077,0.03266578562607678,0.9889838150289018,1.0,0.9854390715667313,False,False,,,,,,,
v5-20261009T121014Z-d833d0,features_x_external[spearman],supplier_hhi,ext_wage_large_medium_orgs_v4,spearman,static 2023-01…2024-12 (retrospective),-0.29112840270957674,62.0,0.0,-0.5556581096787602,-0.0024842436870670184,0.021694903865485355,0.0219,9999.0,20261009.0,0.068,-0.047719775377099545,0.701,-0.2582760444209413,0.05013947368421052,0.3427454599693456,0.13811673151750972,False,False,,,,,,,
v5-20261009T121014Z-d833d0,features_x_external[pearson],supplier_hhi,ext_emp_share_budget_sector_v4,pearson,static 2023-01…2024-12 (retrospective),0.032440344856168445,61.0,1.0,-0.14218715844825314,0.4263989352876871,0.8039867313332817,0.8347,9999.0,20261009.0,0.845,-0.19719604299137,0.142,0.020496754906086694,0.8965296296296297,1.0,0.9108148148148149,False,False,,,,,,,
v5-20261009T121014Z-d833d0,features_x_external[spearman],supplier_hhi,ext_emp_share_budget_sector_v4,spearman,static 2023-01…2024-12 (retrospective),0.38508725542041244,61.0,1.0,0.1254669254077699,0.5909973562145526,0.0021801113828325827,0.0027,9999.0,20261009.0,0.016,-0.009571655208884186,0.94,0.3613225896082246,0.008053714285714286,0.05505390871679822,0.043500000000000004,False,False,,,,,,,
v5-20261009T121014Z-d833d0,features_x_external[pearson],supplier_hhi,ext_emp_share_industry_v4,pearson,static 2023-01…2024-12 (retrospective),0.14072624214245177,61.0,1.0,-0.41618769703070513,0.4434697403256163,0.2793577865394669,0.2944,9999.0,20261009.0,0.363,0.3523382388099187,0.012,0.14733315493812535,0.440334670487106,1.0,0.5307486033519553,False,False,,,,,,,
v5-20261009T121014Z-d833d0,features_x_external[spearman],supplier_hhi,ext_emp_share_industry_v4,spearman,static 2023-01…2024-12 (retrospective),-0.3010206784049775,61.0,1.0,-0.5484951904812038,-0.024279168945457837,0.018404798799011163,0.0206,9999.0,20261009.0,0.052,0.0301427815970386,0.812,-0.28131599465471485,0.047791999999999994,0.32669850357869556,0.11079183673469387,False,False,,,,,,,
v5-20261009T121014Z-d833d0,features_x_external[pearson],supplier_hhi,ext_emp_share_agri_v4,pearson,static 2023-01…2024-12 (retrospective),-0.02716007515511263,61.0,1.0,-0.15466529422791,0.21701643064047926,0.8354032454944318,0.8268,9999.0,20261009.0,0.865,-0.06882173100571047,0.571,-0.03421864284356309,0.8898754639175257,1.0,0.9233742331288344,False,False,,,,,,,
v5-20261009T121014Z-d833d0,features_x_external[spearman],supplier_hhi,ext_emp_share_agri_v4,spearman,static 2023-01…2024-12 (retrospective),-0.03004562294741146,61.0,1.0,-0.25629755050700537,0.22070327221181207,0.8181997929305379,0.8124,9999.0,20261009.0,0.853,-0.010100475938656792,0.942,-0.04659965734498632,0.8936640000000001,1.0,0.9237883817427385,False,False,,,,,,,
v5-20261009T121014Z-d833d0,features_x_external[pearson],supplier_hhi,ext_equalization_grants_pc_v4,pearson,static 2023-01…2024-12 (retrospective),0.2840252230239016,62.0,0.0,0.19682761307951505,0.5031457352203706,0.02527353776836933,0.0177,9999.0,20261009.0,0.067,0.10180989759466692,0.433,0.27459761765500107,0.04485145631067962,0.3065974150490516,0.15206086956521742,False,False,,,,,,,
v5-20261009T121014Z-d833d0,features_x_external[spearman],supplier_hhi,ext_equalization_grants_pc_v4,spearman,static 2023-01…2024-12 (retrospective),0.4836695122258316,62.0,0.0,0.2571089010638322,0.679740867380166,6.82174115735903e-05,0.0001,9999.0,20261009.0,0.004,0.07531918108332704,0.59,0.459439450026441,0.0005612903225806452,0.0038368912885064473,0.0174,False,True,,,,,,,
v5-20261009T121014Z-d833d0,features_x_external[pearson],supplier_hhi,ext_urban_share_v4,pearson,static 2023-01…2024-12 (retrospective),-0.18677122795189113,62.0,0.0,-0.38524580328183083,-0.02551563045831458,0.14607556222698984,0.129,9999.0,20261009.0,0.16,0.010278325838641626,0.921,-0.1738677674681799,0.23453749999999998,1.0,0.29202797202797204,False,False,,,,,,,
v5-20261009T121014Z-d833d0,features_x_external[spearman],supplier_hhi,ext_urban_share_v4,spearman,static 2023-01…2024-12 (retrospective),-0.3046902524226128,62.0,0.0,-0.5470975104448027,-0.028631126988711633,0.016046096882776566,0.0173,9999.0,20261009.0,0.018,0.08554304852559745,0.512,-0.2760462310376677,0.04219906542056075,0.28846609318121597,0.047216080402010044,False,False,,,,,,,
v5-20261009T121014Z-d833d0,features_x_external[pearson],supplier_hhi,ext_log_density_v4,pearson,static 2023-01…2024-12 (retrospective),-0.11439950302418522,62.0,0.0,-0.27652760488803274,0.04019993394957321,0.37596125483337284,0.3048,9999.0,20261009.0,0.453,0.15045035759655198,0.194,-0.09352341469845056,0.4532923076923077,1.0,0.6203874345549739,False,False,,,,,,,
v5-20261009T121014Z-d833d0,features_x_external[spearman],supplier_hhi,ext_log_density_v4,spearman,static 2023-01…2024-12 (retrospective),-0.2768754249452293,62.0,0.0,-0.5161986356655728,-0.013500503492774688,0.029366163637466976,0.0306,9999.0,20261009.0,0.042,0.14154768200246784,0.26,-0.2481755684822845,0.06739746835443038,0.4607183640857235,0.09250632911392406,False,False,,,,,,,
v5-20261009T121014Z-d833d0,features_x_external[pearson],supplier_hhi,ext_employees_per_1000_v4,pearson,static 2023-01…2024-12 (retrospective),-0.04177733123767152,61.0,1.0,-0.3648718896683889,0.12649651071062773,0.7492103663579656,0.7505,9999.0,20261009.0,0.778,0.15825722942190604,0.187,-0.013413109733878303,0.8388886509635973,1.0,0.8733677419354838,False,False,,,,,,,
v5-20261009T121014Z-d833d0,features_x_external[spearman],supplier_hhi,ext_employees_per_1000_v4,spearman,static 2023-01…2024-12 (retrospective),-0.2980962453728186,61.0,1.0,-0.5260751746385876,-0.014457370733333526,0.019629105758463484,0.0165,9999.0,20261009.0,0.08,-0.012638815441565308,0.917,-0.26312864684634624,0.040436619718309856,0.27641829493958414,0.15699248120300752,False,False,,,,,,,
v5-20261009T121014Z-d833d0,features_x_external[pearson],supplier_hhi,ext_msp2026_per_1000,pearson,static 2023-01…2024-12 (retrospective),-0.18025320023968305,62.0,0.0,-0.3433790184939506,-0.03403961077797625,0.1609320783373844,0.1007,9999.0,20261009.0,0.277,-0.017877150332121367,0.836,-0.16396915355468103,0.19254725274725276,1.0,0.43683987915407857,False,False,,,,,,,
v5-20261009T121014Z-d833d0,features_x_external[spearman],supplier_hhi,ext_msp2026_per_1000,spearman,static 2023-01…2024-12 (retrospective),-0.24585127546523636,62.0,0.0,-0.4751722814950304,0.002711056570475869,0.05409006595107939,0.0556,9999.0,20261009.0,0.067,0.08443504318702627,0.506,-0.2116869381279746,0.1116276923076923,0.7630691336388129,0.13661718750000001,False,False,,,,,,,
v5-20261009T121014Z-d833d0,features_x_external[pearson],supplier_hhi,msp_lq_agri,pearson,static 2023-01…2024-12 (retrospective),0.2988557604827091,62.0,0.0,0.16624667991460804,0.5185215087453846,0.018299378364117592,0.008,9999.0,20261009.0,0.082,0.1541047891384419,0.214,0.2902244668376897,0.022945054945054947,0.15684874278290092,0.17400000000000002,False,False,,,,,,,
v5-20261009T121014Z-d833d0,features_x_external[spearman],supplier_hhi,msp_lq_agri,spearman,static 2023-01…2024-12 (retrospective),0.45324972929415025,62.0,0.0,0.20202154323099736,0.6578055637723176,0.00021613314432440442,0.0001,9999.0,20261009.0,0.003,0.1396842184785072,0.279,0.42887361184558426,0.0005612903225806452,0.0038368912885064473,0.013982142857142858,False,True,,,,,,,
v5-20261009T121014Z-d833d0,features_x_external[pearson],supplier_hhi,msp_lq_business_services,pearson,static 2023-01…2024-12 (retrospective),-0.20393918583779858,62.0,0.0,-0.3533830678953677,0.008288943485749994,0.11185779995602287,0.1014,9999.0,20261009.0,0.164,-0.010864838486636596,0.925,-0.18998998533308087,0.19317810218978104,1.0,0.29725,False,False,,,,,,,
v5-20261009T121014Z-d833d0,features_x_external[spearman],supplier_hhi,msp_lq_business_services,spearman,static 2023-01…2024-12 (retrospective),-0.29903553171665287,62.0,0.0,-0.5288903118784964,-0.049997571390304765,0.01822611885748449,0.0181,9999.0,20261009.0,0.021,0.11092644355468259,0.369,-0.26694870438921203,0.04334036697247707,0.2962678488964634,0.053735294117647055,False,False,,,,,,,
v5-20261009T121014Z-d833d0,features_x_external[pearson],supplier_hhi,msp_lq_construction,pearson,static 2023-01…2024-12 (retrospective),-0.08896693496714887,62.0,0.0,-0.25985521510732834,0.1757044064592385,0.49168243021292696,0.4891,9999.0,20261009.0,0.546,0.0018482666501543517,0.991,-0.07729435198666218,0.6242303178484108,1.0,0.6968508557457214,False,False,,,,,,,
v5-20261009T121014Z-d833d0,features_x_external[spearman],supplier_hhi,msp_lq_construction,spearman,static 2023-01…2024-12 (retrospective),-0.030646420387298232,62.0,0.0,-0.29350878827556287,0.23818969304151616,0.8130798092776724,0.8132,9999.0,20261009.0,0.825,0.07562136435748282,0.548,0.0003172924378635642,0.8936640000000001,1.0,0.9047268907563025,False,False,,,,,,,
v5-20261009T121014Z-d833d0,features_x_external[pearson],supplier_hhi,msp_lq_consumer_services,pearson,static 2023-01…2024-12 (retrospective),-0.2778254228015245,62.0,0.0,-0.4920558214109776,-0.16497572303746166,0.028792273117300336,0.0235,9999.0,20261009.0,0.041,-0.19965914075928196,0.124,-0.27843512917304974,0.05759154929577465,0.3936866624897108,0.10191428571428572,False,False,,,,,,,
v5-20261009T121014Z-d833d0,features_x_external[spearman],supplier_hhi,msp_lq_consumer_services,spearman,static 2023-01…2024-12 (retrospective),-0.38208556823046513,62.0,0.0,-0.5993990905659566,-0.1296825666157541,0.002180339751104324,0.002,9999.0,20261009.0,0.015,-0.2031427060512201,0.12,-0.38667371760973024,0.006177514792899408,0.04222850767231947,0.041648936170212765,False,True,,,,,,,
v5-20261009T121014Z-d833d0,features_x_external[pearson],supplier_hhi,msp_lq_industry,pearson,static 2023-01…2024-12 (retrospective),-0.2363586327117694,62.0,0.0,-0.42835574023717576,0.1315584745594937,0.06438340922255627,0.0683,9999.0,20261009.0,0.127,-0.22005540476359683,0.104,-0.24209194937979472,0.1416857142857143,0.9685409866844132,0.2464460966542751,False,False,,,,,,,
v5-20261009T121014Z-d833d0,features_x_external[spearman],supplier_hhi,msp_lq_industry,spearman,static 2023-01…2024-12 (retrospective),-0.08901815617838887,62.0,0.0,-0.33564542693467586,0.19198610984158146,0.49143209938134774,0.4809,9999.0,20261009.0,0.486,-0.007579763793407368,0.952,-0.10581702802749866,0.59769,1.0,0.6295086848635235,False,False,,,,,,,
v5-20261009T121014Z-d833d0,features_x_external[pearson],supplier_hhi,msp_lq_social,pearson,static 2023-01…2024-12 (retrospective),-0.13805347844618648,62.0,0.0,-0.33391783480025616,-0.023431204116541305,0.28459873475298864,0.2721,9999.0,20261009.0,0.252,-0.017879697486187375,0.902,-0.12909076069727246,0.41775352941176475,1.0,0.4136603773584906,False,False,,,,,,,
v5-20261009T121014Z-d833d0,features_x_external[spearman],supplier_hhi,msp_lq_social,spearman,static 2023-01…2024-12 (retrospective),-0.2343179471682909,62.0,0.0,-0.45915799002859675,0.015077106994721047,0.06678995990279686,0.0646,9999.0,20261009.0,0.077,-0.0387550049104782,0.749,-0.21041776837652032,0.1267714285714286,0.8665893038755276,0.15341221374045802,False,False,,,,,,,
v5-20261009T121014Z-d833d0,features_x_external[pearson],supplier_hhi,msp_lq_trade,pearson,static 2023-01…2024-12 (retrospective),0.020330770504274766,62.0,0.0,-0.46572421090581,0.24449996376626237,0.8753686416253948,0.8679,9999.0,20261009.0,0.876,0.07538477745271925,0.572,0.013610366776097145,0.9152399999999999,1.0,0.9304756097560977,False,False,,,,,,,
v5-20261009T121014Z-d833d0,features_x_external[spearman],supplier_hhi,msp_lq_trade,spearman,static 2023-01…2024-12 (retrospective),-0.18617007881947067,62.0,0.0,-0.42107753269201914,0.055793237374911604,0.14740132356180166,0.1414,9999.0,20261009.0,0.103,-0.08443504318702627,0.516,-0.21898466419883655,0.23809935483870967,1.0,0.19340287769784173,False,False,,,,,,,
v5-20261009T121014Z-d833d0,features_x_external[pearson],supplier_hhi,msp_lq_transport,pearson,static 2023-01…2024-12 (retrospective),-0.04916987046352178,62.0,0.0,-0.18832083486753146,0.24218491834388395,0.7043058596023917,0.7161,9999.0,20261009.0,0.81,-0.09845766933596092,0.436,-0.056694294474045906,0.8126178260869565,1.0,0.8882773109243699,False,False,,,,,,,
v5-20261009T121014Z-d833d0,features_x_external[spearman],supplier_hhi,msp_lq_transport,spearman,static 2023-01…2024-12 (retrospective),0.0028455591649668857,62.0,0.0,-0.2490356258021408,0.2553755447285101,0.9824878351239441,0.9827,9999.0,20261009.0,0.993,-0.07144116239832793,0.564,-0.022263352723426756,0.9864796153846154,1.0,0.9949059500959694,False,False,,,,,,,
v5-20261009T121014Z-d833d0,features_x_external[pearson],supplier_hhi,ext_msp2026_eci,pearson,static 2023-01…2024-12 (retrospective),-0.18228085146363526,62.0,0.0,-0.3512351140462624,0.09387710715549769,0.15619594396325595,0.1489,9999.0,20261009.0,0.152,-0.015075435013956896,0.926,-0.16621659096754351,0.26437346938775513,1.0,0.28036749116607773,False,False,,,,,,,
v5-20261009T121014Z-d833d0,features_x_external[spearman],supplier_hhi,ext_msp2026_eci,spearman,static 2023-01…2024-12 (retrospective),-0.24991186107143568,62.0,0.0,-0.49251959040857785,0.00018664398161466478,0.05011657259819166,0.0501,9999.0,20261009.0,0.045,0.03830172999924454,0.745,-0.21568523765439448,0.10175953307392996,0.6956119681143225,0.09787499999999999,False,False,,,,,,,
v5-20261009T121014Z-d833d0,features_x_external[pearson],supplier_hhi,ext_msp2026_diversity,pearson,static 2023-01…2024-12 (retrospective),-0.3966057465994103,62.0,0.0,-0.5801353101467136,-0.1338147461575829,0.0014163469475293614,0.0012,9999.0,20261009.0,0.001,-0.3002818830570013,0.023,-0.39207039277985306,0.004932283464566928,0.03371630455097003,0.008847457627118643,False,True,,,,,,,
v5-20261009T121014Z-d833d0,features_x_external[spearman],supplier_hhi,ext_msp2026_diversity,spearman,static 2023-01…2024-12 (retrospective),-0.41765429044360786,62.0,0.0,-0.6382543513754269,-0.17135125440427748,0.000731547577237399,0.0009,9999.0,20261009.0,0.007,-0.2117045654856337,0.094,-0.3905919276536518,0.00324,0.022148124196413075,0.0252,False,True,,,,,,,
v5-20261009T121014Z-d833d0,features_x_external[pearson],supplier_hhi,ext_old_age_ratio_65_per100_20_64,pearson,static 2023-01…2024-12 (retrospective),0.28889493257730486,62.0,0.0,-0.20651357114291213,0.5294146089258168,0.022770652222426278,0.0306,9999.0,20261009.0,0.071,0.2293781697311512,0.074,0.28350927159720224,0.07227692307692307,0.4940735397661378,0.15704237288135592,False,False,,,,,,,
v5-20261009T121014Z-d833d0,features_x_external[spearman],supplier_hhi,ext_old_age_ratio_65_per100_20_64,spearman,static 2023-01…2024-12 (retrospective),0.060159653496512304,62.0,0.0,-0.20379742025702385,0.32206191968372944,0.6423049967317982,0.6374,9999.0,20261009.0,0.609,-0.03573317216892045,0.75,0.040877842411422526,0.7475367713004485,1.0,0.7274553775743706,False,False,,,,,,,
v5-20261009T121014Z-d833d0,features_x_external[pearson],supplier_hhi,ext_youth_ratio_0_19_per100_20_64,pearson,static 2023-01…2024-12 (retrospective),-0.18567433627755597,62.0,0.0,-0.37014259262741067,0.14591545728166175,0.14850135181248394,0.1294,9999.0,20261009.0,0.396,-0.2283189469853134,0.075,-0.19427345733821474,0.23453749999999998,1.0,0.5678901098901099,False,False,,,,,,,
v5-20261009T121014Z-d833d0,features_x_external[spearman],supplier_hhi,ext_youth_ratio_0_19_per100_20_64,spearman,static 2023-01…2024-12 (retrospective),-0.09027725315403792,62.0,0.0,-0.3577933033280763,0.18006565642406075,0.48529960905064257,0.4823,9999.0,20261009.0,0.481,-0.14245423182493516,0.246,-0.11374933897408777,0.5980061757719715,1.0,0.6261396508728179,False,False,,,,,,,
v5-20261009T121014Z-d833d0,features_x_external[pearson],supplier_hhi,ext_balance_residual_share_2024,pearson,static 2023-01…2024-12 (retrospective),-0.13220059017028035,62.0,0.0,-0.2704701248149182,0.06810627038565387,0.30570857016345887,0.3014,9999.0,20261009.0,0.262,-0.11872814600746401,0.365,-0.12639932359478054,0.4495165714285714,1.0,0.4247329192546584,False,False,,,,,,,
v5-20261009T121014Z-d833d0,features_x_external[spearman],supplier_hhi,ext_balance_residual_share_2024,spearman,static 2023-01…2024-12 (retrospective),-0.03704263302359548,62.0,0.0,-0.28104756477546106,0.2261698059424811,0.7750035594362846,0.7732,9999.0,20261009.0,0.781,-0.05119488302989096,0.696,-0.01285034373347435,0.8621885106382978,1.0,0.8729807280513919,False,False,,,,,,,
v5-20261009T121014Z-d833d0,features_x_external[pearson],procgeo_ilr1,ext_census_wage_main_share,pearson,static 2023-01…2024-12 (retrospective),0.42990941298863733,62.0,0.0,0.11270616246061903,0.6327766708611184,0.00048801083974904313,0.0004,9999.0,20261009.0,0.001,-0.18039226131956917,0.18,0.28665838522791576,0.0018981818181818182,0.012975668721130892,0.008847457627118643,False,False,,,,,,,
v5-20261009T121014Z-d833d0,features_x_external[spearman],procgeo_ilr1,ext_census_wage_main_share,spearman,static 2023-01…2024-12 (retrospective),0.2736521366875677,62.0,0.0,0.015031666245067694,0.4844716168295909,0.0313853084622244,0.033,9999.0,20261009.0,0.032,-0.2365339578454332,0.06,0.23733474352194603,0.0711818181818182,0.48658757704240857,0.07558371040723982,False,False,,,,,,,
v5-20261009T121014Z-d833d0,features_x_external[pearson],procgeo_ilr1,ext_census_pension_benefit_main_share,pearson,static 2023-01…2024-12 (retrospective),-0.4636013563061298,62.0,0.0,-0.6314355851024598,-0.228673632739483,0.00014775431037486987,0.0001,9999.0,20261009.0,0.001,-0.020152030341455303,0.876,-0.36908405369196023,0.0006214285714285715,0.004247986783703567,0.008847457627118643,False,True,,,,,,,
v5-20261009T121014Z-d833d0,features_x_external[spearman],procgeo_ilr1,ext_census_pension_benefit_main_share,spearman,static 2023-01…2024-12 (retrospective),-0.4315932613129863,62.0,0.0,-0.6082329874222107,-0.2065831430568867,0.000461053852921115,0.0007,9999.0,20261009.0,0.001,0.004205383898667875,0.98,-0.4031729243786356,0.0026287769784172662,0.01796990092674602,0.007565217391304348,False,False,,,,,,,
v5-20261009T121014Z-d833d0,features_x_external[pearson],procgeo_ilr1,ext_census_dependent_main_share,pearson,static 2023-01…2024-12 (retrospective),0.05463537271271708,62.0,0.0,-0.17479165247502246,0.34530926097120607,0.6732004718740152,0.672,9999.0,20261009.0,0.615,0.02744085134335105,0.827,0.1424666244815115,0.77952,1.0,0.7443333333333333,False,False,,,,,,,
v5-20261009T121014Z-d833d0,features_x_external[spearman],procgeo_ilr1,ext_census_dependent_main_share,spearman,static 2023-01…2024-12 (retrospective),0.15237591599304978,62.0,0.0,-0.10827094118675797,0.4005865666570303,0.23708236488152806,0.2268,9999.0,20261009.0,0.19,0.07013170154365289,0.594,0.18371232152300368,0.3431582608695652,1.0,0.3168690095846645,False,False,,,,,,,
v5-20261009T121014Z-d833d0,features_x_external[pearson],procgeo_ilr1,ext_census_business_main_share,pearson,static 2023-01…2024-12 (retrospective),-0.10278257662469754,62.0,0.0,-0.28981387918463136,0.11793574143904507,0.42664308689035824,0.4211,9999.0,20261009.0,0.493,0.1571369075792342,0.219,-0.04708837815326841,0.5579040609137056,1.0,0.6578265306122449,False,False,,,,,,,
v5-20261009T121014Z-d833d0,features_x_external[spearman],procgeo_ilr1,ext_census_business_main_share,spearman,static 2023-01…2024-12 (retrospective),-0.14915262773538818,62.0,0.0,-0.3690041211478511,0.11062452471264843,0.2472667053168068,0.251,9999.0,20261009.0,0.289,0.1407922238170784,0.268,-0.12459016393442619,0.3722215909090909,1.0,0.4335,False,False,,,,,,,
v5-20261009T121014Z-d833d0,features_x_external[pearson],procgeo_ilr1,ext_census_subsistence_main_share,pearson,static 2023-01…2024-12 (retrospective),-0.16803060132122538,62.0,0.0,-0.3566299456489603,0.06986289421273646,0.19173881639674772,0.1922,9999.0,20261009.0,0.227,0.27983734967387536,0.027,-0.11466796584842459,0.3225993569131833,1.0,0.3910693069306931,False,False,,,,,,,
v5-20261009T121014Z-d833d0,features_x_external[spearman],procgeo_ilr1,ext_census_subsistence_main_share,spearman,static 2023-01…2024-12 (retrospective),-0.22510135730653977,62.0,0.0,-0.45177618050223006,0.04146839918693604,0.07857225720262558,0.0804,9999.0,20261009.0,0.098,0.23668504948251112,0.07,-0.19502908514013748,0.15299345454545454,1.0,0.18670072992700731,False,False,,,,,,,
v5-20261009T121014Z-d833d0,features_x_external[pearson],procgeo_ilr1,ext_census_higher_edu_share,pearson,static 2023-01…2024-12 (retrospective),0.5593637928420976,62.0,0.0,0.24365879355476452,0.7856793351773231,2.290564229195996e-06,0.0003,9999.0,20261009.0,0.001,0.18577601853589426,0.145,0.32040776517560815,0.0015057692307692307,0.01029319874512787,0.008847457627118643,False,True,,,,,,,
v5-20261009T121014Z-d833d0,features_x_external[spearman],procgeo_ilr1,ext_census_higher_edu_share,spearman,static 2023-01…2024-12 (retrospective),0.38299211805293243,62.0,0.0,0.15912580292480275,0.5800812426108661,0.0021235945530102846,0.0019,9999.0,20261009.0,0.01,0.07975120243761175,0.525,0.352141723955579,0.006010909090909091,0.041089617616914494,0.031636363636363636,False,True,,,,,,,
v5-20261009T121014Z-d833d0,features_x_external[pearson],procgeo_ilr1,ext_market_access_sber,pearson,static 2023-01…2024-12 (retrospective),0.07618295432763726,62.0,0.0,-0.1535869063584502,0.3862192738892241,0.5561875954409263,0.4565,9999.0,20261009.0,0.558,-0.10556177889833185,0.385,0.04040524058424293,0.5898341584158416,1.0,0.7035652173913044,False,False,,,,,,,
v5-20261009T121014Z-d833d0,features_x_external[spearman],procgeo_ilr1,ext_market_access_sber,spearman,static 2023-01…2024-12 (retrospective),-0.02578760485781131,62.0,0.0,-0.28804846865144285,0.2177373314933336,0.8422998734971198,0.8407,9999.0,20261009.0,0.818,-0.10800533857117674,0.397,-0.07401237516299472,0.9104676348547718,1.0,0.9008354430379747,False,False,,,,,,,
v5-20261009T121014Z-d833d0,features_x_external[pearson],procgeo_ilr1,ext_wage_large_medium_orgs_v4,pearson,static 2023-01…2024-12 (retrospective),0.42745178019733854,62.0,0.0,0.08467465985754466,0.6526319134785157,0.0005299309911226276,0.0006,9999.0,20261009.0,0.003,0.07681583224043532,0.569,0.28405278577651216,0.002723478260869565,0.01861726381727476,0.015504950495049507,False,True,,,,,,,
v5-20261009T121014Z-d833d0,features_x_external[spearman],procgeo_ilr1,ext_wage_large_medium_orgs_v4,spearman,static 2023-01…2024-12 (retrospective),0.29641661000730274,62.0,0.0,0.0320967578833136,0.50399052467284,0.019318468179974402,0.0186,9999.0,20261009.0,0.02,0.06373548890735564,0.628,0.262083553675304,0.04433424657534247,0.30306185163737226,0.05168316831683169,False,False,,,,,,,
v5-20261009T121014Z-d833d0,features_x_external[pearson],procgeo_ilr1,ext_emp_share_budget_sector_v4,pearson,static 2023-01…2024-12 (retrospective),-0.3702599694507361,61.0,1.0,-0.5425995499057438,-0.13695604566903968,0.0033123263783276556,0.0032,9999.0,20261009.0,0.003,0.03899873205292387,0.761,-0.34502244000805027,0.010639490445859873,0.07272986289551074,0.015504950495049507,False,False,,,,,,,
v5-20261009T121014Z-d833d0,features_x_external[spearman],procgeo_ilr1,ext_emp_share_budget_sector_v4,spearman,static 2023-01…2024-12 (retrospective),-0.3042305658381808,61.0,1.0,-0.5163445170197042,-0.052718290068464645,0.017136537947053672,0.0204,9999.0,20261009.0,0.014,0.0745637228979376,0.567,-0.28024451236454573,0.047791999999999994,0.32669850357869556,0.0395027027027027,False,False,,,,,,,
v5-20261009T121014Z-d833d0,features_x_external[pearson],procgeo_ilr1,ext_emp_share_industry_v4,pearson,static 2023-01…2024-12 (retrospective),0.34838290366868785,61.0,1.0,0.15853127631279046,0.5394230022997896,0.005933415603553361,0.0058,9999.0,20261009.0,0.007,0.035346271567456095,0.793,0.3771711794997134,0.0174,0.11894362994369985,0.028771653543307085,False,False,,,,,,,
v5-20261009T121014Z-d833d0,features_x_external[spearman],procgeo_ilr1,ext_emp_share_industry_v4,spearman,static 2023-01…2024-12 (retrospective),0.34840552166760225,61.0,1.0,0.10298607469256738,0.5656510389342776,0.005929961528493192,0.0079,9999.0,20261009.0,0.011,0.06308831306187201,0.613,0.3351117044187931,0.020932994923857872,0.14309462079521254,0.034178571428571426,False,False,,,,,,,
v5-20261009T121014Z-d833d0,features_x_external[pearson],procgeo_ilr1,ext_emp_share_agri_v4,pearson,static 2023-01…2024-12 (retrospective),-0.1752795641376375,61.0,1.0,-0.37556380447488913,0.060788398787373084,0.17664976694745782,0.169,9999.0,20261009.0,0.179,-0.11479861265837178,0.38,-0.15205272232759381,0.2905342105263158,1.0,0.32109278350515463,False,False,,,,,,,
v5-20261009T121014Z-d833d0,features_x_external[spearman],procgeo_ilr1,ext_emp_share_agri_v4,spearman,static 2023-01…2024-12 (retrospective),0.051109636188123406,61.0,1.0,-0.21635926569715191,0.3073497175488545,0.6956666275770595,0.6942,9999.0,20261009.0,0.717,0.005869910100475937,0.958,0.06964653250957546,0.7929374179431073,1.0,0.8171921397379913,False,False,,,,,,,
v5-20261009T121014Z-d833d0,features_x_external[pearson],procgeo_ilr1,ext_equalization_grants_pc_v4,pearson,static 2023-01…2024-12 (retrospective),-0.396946540807334,62.0,0.0,-0.5887255153924986,-0.11299346006709185,0.001401750270688919,0.0007,9999.0,20261009.0,0.002,0.33007843971833845,0.014,-0.2896974419588228,0.003096610169491525,0.021167934142522854,0.0116,False,False,,,,,,,
v5-20261009T121014Z-d833d0,features_x_external[spearman],procgeo_ilr1,ext_equalization_grants_pc_v4,spearman,static 2023-01…2024-12 (retrospective),-0.30235954773236634,62.0,0.0,-0.5167417585636093,-0.05220890225942857,0.016915949581978666,0.0177,9999.0,20261009.0,0.023,0.3033668253128856,0.02,-0.26747752511898465,0.042775,0.2924030902782621,0.058,False,False,,,,,,,
v5-20261009T121014Z-d833d0,features_x_external[pearson],procgeo_ilr1,ext_urban_share_v4,pearson,static 2023-01…2024-12 (retrospective),0.4176830584549425,62.0,0.0,0.1948278662434053,0.5840169234994015,0.0007308656813904492,0.0004,9999.0,20261009.0,0.002,-0.03430045128735629,0.778,0.3470707256212497,0.0018981818181818182,0.012975668721130892,0.0116,False,False,,,,,,,
v5-20261009T121014Z-d833d0,features_x_external[spearman],procgeo_ilr1,ext_urban_share_v4,spearman,static 2023-01…2024-12 (retrospective),0.3694518668591054,62.0,0.0,0.13160466819558833,0.5724515354868918,0.003124777391193499,0.0034,9999.0,20261009.0,0.006,-0.05895092039988921,0.636,0.3393616218783587,0.009805524861878452,0.0670290069295988,0.022532374100719427,False,False,,,,,,,
v5-20261009T121014Z-d833d0,features_x_external[pearson],procgeo_ilr1,ext_log_density_v4,pearson,static 2023-01…2024-12 (retrospective),0.39159466952064237,62.0,0.0,0.10153799760915924,0.6081387025667786,0.0016473280020029059,0.0024,9999.0,20261009.0,0.006,-0.1506052622989097,0.253,0.23681066633523848,0.008580821917808219,0.05865713257497527,0.025463414634146343,False,False,,,,,,,
v5-20261009T121014Z-d833d0,features_x_external[spearman],procgeo_ilr1,ext_log_density_v4,spearman,static 2023-01…2024-12 (retrospective),0.2677595628415301,62.0,0.0,0.02418012534800521,0.4830994226092819,0.03537676176055848,0.0365,9999.0,20261009.0,0.063,-0.18617007881947067,0.152,0.2317292437863564,0.07745121951219512,0.5294442064567128,0.1294724409448819,False,False,,,,,,,
v5-20261009T121014Z-d833d0,features_x_external[pearson],procgeo_ilr1,ext_employees_per_1000_v4,pearson,static 2023-01…2024-12 (retrospective),0.5129417550797655,61.0,1.0,0.20451956776355848,0.7127715605808618,2.370808376137468e-05,0.0001,9999.0,20261009.0,0.001,0.2340942133642181,0.08,0.3817348421287378,0.0006214285714285715,0.004247986783703567,0.008847457627118643,False,True,,,,,,,
v5-20261009T121014Z-d833d0,features_x_external[spearman],procgeo_ilr1,ext_employees_per_1000_v4,spearman,static 2023-01…2024-12 (retrospective),0.4151771549444737,61.0,1.0,0.1876955723503253,0.6102532897767294,0.0008775449668085406,0.0011,9999.0,20261009.0,0.002,0.196351136964569,0.132,0.3854404001111421,0.0037776315789473684,0.025823288079882205,0.010989473684210526,False,True,,,,,,,
v5-20261009T121014Z-d833d0,features_x_external[pearson],procgeo_ilr1,ext_msp2026_per_1000,pearson,static 2023-01…2024-12 (retrospective),0.3805612247815473,62.0,0.0,-0.019679902715701813,0.6639354857290398,0.002278814782628086,0.0078,9999.0,20261009.0,0.005,0.007742697083802856,0.951,0.1739697085634435,0.02249502762430939,0.1537724276620208,0.02309734513274336,False,False,,,,,,,
v5-20261009T121014Z-d833d0,features_x_external[spearman],procgeo_ilr1,ext_msp2026_per_1000,spearman,static 2023-01…2024-12 (retrospective),0.19231447206063812,62.0,0.0,-0.05938634213714126,0.42488916990226866,0.13426689495946573,0.1343,9999.0,20261009.0,0.185,-0.040114829644179194,0.771,0.15277630883130616,0.2283537459283388,1.0,0.30951923076923077,False,False,,,,,,,
v5-20261009T121014Z-d833d0,features_x_external[pearson],procgeo_ilr1,msp_lq_agri,pearson,static 2023-01…2024-12 (retrospective),-0.3443957497995263,62.0,0.0,-0.5208950073998236,-0.1288050068237246,0.0061255259170944045,0.0053,9999.0,20261009.0,0.01,0.17954423035391917,0.171,-0.2803569881906138,0.016084883720930233,0.10995370442469929,0.03575342465753425,False,False,,,,,,,
v5-20261009T121014Z-d833d0,features_x_external[spearman],procgeo_ilr1,msp_lq_agri,spearman,static 2023-01…2024-12 (retrospective),-0.3410390068243056,62.0,0.0,-0.5490712007378001,-0.09461426073804831,0.006677065632563854,0.0088,9999.0,20261009.0,0.007,0.2224824355971897,0.079,-0.3083024854574299,0.023083417085427136,0.15779456434742092,0.0252,False,False,,,,,,,
v5-20261009T121014Z-d833d0,features_x_external[pearson],procgeo_ilr1,msp_lq_business_services,pearson,static 2023-01…2024-12 (retrospective),0.37354356983009335,62.0,0.0,0.012069938079945412,0.6251545109666691,0.00278528568762668,0.0033,9999.0,20261009.0,0.009,-0.1282953536889989,0.319,0.18094519855661562,0.01090253164556962,0.07452797066092585,0.034043478260869564,False,False,,,,,,,
v5-20261009T121014Z-d833d0,features_x_external[spearman],procgeo_ilr1,msp_lq_business_services,spearman,static 2023-01…2024-12 (retrospective),0.24151998186900356,62.0,0.0,-0.02175878580169953,0.4699178282459103,0.05860709614753043,0.0607,9999.0,20261009.0,0.037,-0.21810077812193093,0.096,0.2035959809624537,0.12002045454545454,0.8204407201798387,0.08508370044052864,False,False,,,,,,,
v5-20261009T121014Z-d833d0,features_x_external[pearson],procgeo_ilr1,msp_lq_construction,pearson,static 2023-01…2024-12 (retrospective),0.13866678116212972,62.0,0.0,-0.11181751249271334,0.3472523368463077,0.2824437730006822,0.285,9999.0,20261009.0,0.316,-0.08814980478489694,0.494,0.0469719355961892,0.43373177842565597,1.0,0.47951162790697677,False,False,,,,,,,
v5-20261009T121014Z-d833d0,features_x_external[spearman],procgeo_ilr1,msp_lq_construction,spearman,static 2023-01…2024-12 (retrospective),0.15670720958928258,62.0,0.0,-0.07675417662639034,0.3900491778485841,0.2238577054524188,0.2301,9999.0,20261009.0,0.255,-0.04474830651456776,0.714,0.12379693283976731,0.3461446685878962,1.0,0.3985329341317365,False,False,,,,,,,
v5-20261009T121014Z-d833d0,features_x_external[pearson],procgeo_ilr1,msp_lq_consumer_services,pearson,static 2023-01…2024-12 (retrospective),0.17768638954663732,62.0,0.0,0.005862122760246878,0.3727804760984187,0.1670781657612049,0.1751,9999.0,20261009.0,0.1,-0.06130948692654122,0.653,0.2181338535133097,0.29772703583061894,1.0,0.20714285714285718,False,False,,,,,,,
v5-20261009T121014Z-d833d0,features_x_external[spearman],procgeo_ilr1,msp_lq_consumer_services,spearman,static 2023-01…2024-12 (retrospective),0.21890660018634636,62.0,0.0,-0.011159531604304343,0.4396902923588361,0.08737789834707922,0.0926,9999.0,20261009.0,0.051,-0.06162020598826522,0.638,0.22406134320465357,0.16901118881118882,1.0,0.10910655737704918,False,False,,,,,,,
v5-20261009T121014Z-d833d0,features_x_external[pearson],procgeo_ilr1,msp_lq_industry,pearson,static 2023-01…2024-12 (retrospective),-0.059703446212614586,62.0,0.0,-0.2780293400482607,0.20970230359888617,0.6448345851438368,0.6377,9999.0,20261009.0,0.639,-0.1489910839203629,0.257,-0.029810559569491375,0.7548285714285715,1.0,0.7651232876712329,False,False,,,,,,,
v5-20261009T121014Z-d833d0,features_x_external[spearman],procgeo_ilr1,msp_lq_industry,spearman,static 2023-01…2024-12 (retrospective),0.009090680164186246,62.0,0.0,-0.26385245339591523,0.2695261677101706,0.9440943435833115,0.9427,9999.0,20261009.0,0.94,-0.12256049960967993,0.353,0.025594923320994178,0.9686799212598425,1.0,0.9669330708661417,False,False,,,,,,,
v5-20261009T121014Z-d833d0,features_x_external[pearson],procgeo_ilr1,msp_lq_social,pearson,static 2023-01…2024-12 (retrospective),0.21678312057654311,62.0,0.0,0.011755349089695298,0.3986653341289642,0.0905688811174798,0.0917,9999.0,20261009.0,0.068,-0.08484345324774031,0.509,0.16816815878089117,0.18063169811320756,1.0,0.15366233766233767,False,False,,,,,,,
v5-20261009T121014Z-d833d0,features_x_external[spearman],procgeo_ilr1,msp_lq_social,spearman,static 2023-01…2024-12 (retrospective),0.21583440356576264,62.0,0.0,-0.022085372257386254,0.44196029816714927,0.09202373909296355,0.0896,9999.0,20261009.0,0.082,-0.07808919442975498,0.549,0.18725542041248014,0.16468732394366198,1.0,0.16031460674157302,False,False,,,,,,,
v5-20261009T121014Z-d833d0,features_x_external[pearson],procgeo_ilr1,msp_lq_trade,pearson,static 2023-01…2024-12 (retrospective),0.15382319332765862,62.0,0.0,-0.055476225484305815,0.4335014463235963,0.2326048756572623,0.229,9999.0,20261009.0,0.146,0.05023869118511998,0.702,0.25703240220344536,0.372392523364486,1.0,0.2712170818505338,False,False,,,,,,,
v5-20261009T121014Z-d833d0,features_x_external[spearman],procgeo_ilr1,msp_lq_trade,spearman,static 2023-01…2024-12 (retrospective),0.2681121099947118,62.0,0.0,0.02955876841498153,0.48984990099484815,0.03512662921983021,0.0358,9999.0,20261009.0,0.019,0.09964493465286696,0.408,0.3066102591221575,0.07627591836734693,0.5214100349368719,0.049589999999999995,False,False,,,,,,,
v5-20261009T121014Z-d833d0,features_x_external[pearson],procgeo_ilr1,msp_lq_transport,pearson,static 2023-01…2024-12 (retrospective),-0.1285501457555481,62.0,0.0,-0.36048836397919237,0.12496459044016316,0.31937429009851925,0.3282,9999.0,20261009.0,0.24,-0.03673849259764442,0.781,-0.09116933472594811,0.4732512396694215,1.0,0.40282958199356916,False,False,,,,,,,
v5-20261009T121014Z-d833d0,features_x_external[spearman],procgeo_ilr1,msp_lq_transport,spearman,static 2023-01…2024-12 (retrospective),-0.14315932613129864,62.0,0.0,-0.41365067494147245,0.14428359334665122,0.2669876005449842,0.2661,9999.0,20261009.0,0.224,-0.06786532698748457,0.609,-0.12273929138022209,0.3869197771587744,1.0,0.3608888888888889,False,False,,,,,,,
v5-20261009T121014Z-d833d0,features_x_external[pearson],procgeo_ilr1,ext_msp2026_eci,pearson,static 2023-01…2024-12 (retrospective),0.4217782542946898,62.0,0.0,0.12404619156291638,0.6391249140915972,0.000639465435719225,0.0007,9999.0,20261009.0,0.002,0.05903687781564253,0.644,0.24831744183861312,0.003096610169491525,0.021167934142522854,0.0116,False,True,,,,,,,
v5-20261009T121014Z-d833d0,features_x_external[spearman],procgeo_ilr1,ext_msp2026_eci,spearman,static 2023-01…2024-12 (retrospective),0.3068748427062188,62.0,0.0,0.07578950660855373,0.5024641315767373,0.015265857569464645,0.0156,9999.0,20261009.0,0.005,0.0199189141547682,0.886,0.2722176684629143,0.03877714285714286,0.2650743753031025,0.020232558139534885,False,False,,,,,,,
v5-20261009T121014Z-d833d0,features_x_external[pearson],procgeo_ilr1,ext_msp2026_diversity,pearson,static 2023-01…2024-12 (retrospective),0.43068226813477867,62.0,0.0,0.22599027450709325,0.6030112993932238,0.0004754651065971299,0.0007,9999.0,20261009.0,0.003,0.03416970381720404,0.817,0.3433474263899815,0.003096610169491525,0.021167934142522854,0.015504950495049507,False,True,,,,,,,
v5-20261009T121014Z-d833d0,features_x_external[spearman],procgeo_ilr1,ext_msp2026_diversity,spearman,static 2023-01…2024-12 (retrospective),0.4026034543891908,62.0,0.0,0.1875090567279015,0.578887624104182,0.0011784092024586968,0.002,9999.0,20261009.0,0.005,0.03804991060411473,0.777,0.37364247456678407,0.006177514792899408,0.04222850767231947,0.020232558139534885,False,True,,,,,,,
v5-20261009T121014Z-d833d0,features_x_external[pearson],procgeo_ilr1,ext_old_age_ratio_65_per100_20_64,pearson,static 2023-01…2024-12 (retrospective),-0.14568011629397382,62.0,0.0,-0.3223627319768421,0.05424783090632414,0.2585682017631226,0.2548,9999.0,20261009.0,0.152,0.03759691364080978,0.764,-0.1074637968009262,0.3952949554896142,1.0,0.28036749116607773,False,False,,,,,,,
v5-20261009T121014Z-d833d0,features_x_external[spearman],procgeo_ilr1,ext_old_age_ratio_65_per100_20_64,spearman,static 2023-01…2024-12 (retrospective),-0.13620911082571582,62.0,0.0,-0.37873528382923394,0.1289227256389211,0.2911444715132911,0.2894,9999.0,20261009.0,0.224,0.059656014706252675,0.643,-0.1134320465362242,0.4138816438356164,1.0,0.3608888888888889,False,False,,,,,,,
v5-20261009T121014Z-d833d0,features_x_external[pearson],procgeo_ilr1,ext_youth_ratio_0_19_per100_20_64,pearson,static 2023-01…2024-12 (retrospective),-0.06528657884761632,62.0,0.0,-0.24076289371448747,0.15548764404900553,0.6141604275622438,0.6074,9999.0,20261009.0,0.549,0.010106661126561308,0.932,-0.011914472646745267,0.7269775743707094,1.0,0.6989707317073172,False,False,,,,,,,
v5-20261009T121014Z-d833d0,features_x_external[spearman],procgeo_ilr1,ext_youth_ratio_0_19_per100_20_64,spearman,static 2023-01…2024-12 (retrospective),0.009493591196393947,62.0,0.0,-0.23864562606582757,0.2786873268517425,0.9416207537207782,0.9472,9999.0,20261009.0,0.926,0.024451663267104833,0.854,0.03791644632469592,0.9694870588235294,1.0,0.9590714285714287,False,False,,,,,,,
v5-20261009T121014Z-d833d0,features_x_external[pearson],procgeo_ilr1,ext_balance_residual_share_2024,pearson,static 2023-01…2024-12 (retrospective),0.09006931200823103,62.0,0.0,-0.17849338293916825,0.3198195932845304,0.4863096035431843,0.4822,9999.0,20261009.0,0.535,0.06219470641007825,0.627,0.04774546210858935,0.6169323529411764,1.0,0.6912623762376239,False,False,,,,,,,
v5-20261009T121014Z-d833d0,features_x_external[spearman],procgeo_ilr1,ext_balance_residual_share_2024,spearman,static 2023-01…2024-12 (retrospective),0.1893933670771323,62.0,0.0,-0.05098858504287275,0.4063095121534342,0.14039662129208536,0.1387,9999.0,20261009.0,0.259,0.13857621313993607,0.298,0.1683236382866208,0.23506948051948048,1.0,0.3988141592920354,False,False,,,,,,,
v5-20261009T121014Z-d833d0,features_x_external[pearson],procgeo_ilr2,ext_census_wage_main_share,pearson,static 2023-01…2024-12 (retrospective),0.01622109279064063,62.0,0.0,-0.25848653919183157,0.24604329724079022,0.9004175713479456,0.8976,9999.0,20261009.0,0.914,0.06793877854471986,0.589,0.06849023059524234,0.9408578313253011,1.0,0.9511541501976285,False,False,,,,,,,
v5-20261009T121014Z-d833d0,features_x_external[spearman],procgeo_ilr2,ext_census_wage_main_share,spearman,static 2023-01…2024-12 (retrospective),0.007680491551459293,62.0,0.0,-0.25036916087136096,0.2767952559638949,0.952755894840633,0.951,9999.0,20261009.0,0.941,0.02208456095288459,0.86,0.04299312533051295,0.9695742187499999,1.0,0.9669330708661417,False,False,,,,,,,
v5-20261009T121014Z-d833d0,features_x_external[pearson],procgeo_ilr2,ext_census_pension_benefit_main_share,pearson,static 2023-01…2024-12 (retrospective),0.016690155794921658,62.0,0.0,-0.25455850698607896,0.3503160133289227,0.8975532202094677,0.9023,9999.0,20261009.0,0.897,-0.003670796897309445,0.982,-0.024121319384120026,0.9438889779559118,1.0,0.9423253012048193,False,False,,,,,,,
v5-20261009T121014Z-d833d0,features_x_external[spearman],procgeo_ilr2,ext_census_pension_benefit_main_share,spearman,static 2023-01…2024-12 (retrospective),0.10629296668429403,62.0,0.0,-0.1573382365946494,0.36113017466828146,0.4109335254562978,0.4063,9999.0,20261009.0,0.43,0.08327667396942912,0.511,0.07340031729243784,0.5355772727272727,1.0,0.5768769230769231,False,False,,,,,,,
v5-20261009T121014Z-d833d0,features_x_external[pearson],procgeo_ilr2,ext_census_dependent_main_share,pearson,static 2023-01…2024-12 (retrospective),-0.0332997055259966,62.0,0.0,-0.2858065217458122,0.18121843604222468,0.797227173875993,0.7943,9999.0,20261009.0,0.817,-0.031961422278547875,0.822,-0.0470800961808886,0.8603253112033195,1.0,0.8940754716981132,False,False,,,,,,,
v5-20261009T121014Z-d833d0,features_x_external[spearman],procgeo_ilr2,ext_census_dependent_main_share,spearman,static 2023-01…2024-12 (retrospective),-0.06731132431819899,62.0,0.0,-0.33296536101158414,0.21337217300319247,0.6031933371446544,0.607,9999.0,20261009.0,0.612,-0.06544786079423838,0.614,-0.08297197250132203,0.7234109589041097,1.0,0.7293698630136987,False,False,,,,,,,
v5-20261009T121014Z-d833d0,features_x_external[pearson],procgeo_ilr2,ext_census_business_main_share,pearson,static 2023-01…2024-12 (retrospective),-0.21893602142292828,62.0,0.0,-0.44831886077097427,-0.013200791232346513,0.08733431601767554,0.086,9999.0,20261009.0,0.09,-0.2443853398327499,0.05,-0.2366328466899018,0.17134351145038168,1.0,0.18943548387096776,False,False,,,,,,,
v5-20261009T121014Z-d833d0,features_x_external[spearman],procgeo_ilr2,ext_census_business_main_share,spearman,static 2023-01…2024-12 (retrospective),-0.270579940066984,62.0,0.0,-0.48853778332459125,-0.022717520922295807,0.03341658893817848,0.031,9999.0,20261009.0,0.042,-0.31872780841580417,0.01,-0.30121628767847697,0.06799159663865546,0.46477973045227255,0.09250632911392406,False,False,,,,,,,
v5-20261009T121014Z-d833d0,features_x_external[pearson],procgeo_ilr2,ext_census_subsistence_main_share,pearson,static 2023-01…2024-12 (retrospective),0.1194503992010251,62.0,0.0,-0.1000643810964587,0.34321380371306787,0.3551069760875702,0.3475,9999.0,20261009.0,0.271,0.1274950743454441,0.307,0.10446159355890638,0.49292119565217385,1.0,0.43260550458715596,False,False,,,,,,,
v5-20261009T121014Z-d833d0,features_x_external[spearman],procgeo_ilr2,ext_census_subsistence_main_share,spearman,static 2023-01…2024-12 (retrospective),0.2007756037369998,62.0,0.0,-0.07829491035768821,0.4503611985807499,0.11764963645435422,0.1147,9999.0,20261009.0,0.044,0.21563294804965877,0.084,0.1787414066631412,0.19695197368421052,1.0,0.09610041841004183,False,False,,,,,,,
v5-20261009T121014Z-d833d0,features_x_external[pearson],procgeo_ilr2,ext_census_higher_edu_share,pearson,static 2023-01…2024-12 (retrospective),-0.22244286973061558,62.0,0.0,-0.4113398650800122,-0.030705995399253012,0.08226084478699645,0.0806,9999.0,20261009.0,0.078,-0.3101085324587859,0.025,-0.18241992789714284,0.16202076923076922,1.0,0.16755555555555557,False,False,,,,,,,
v5-20261009T121014Z-d833d0,features_x_external[spearman],procgeo_ilr2,ext_census_higher_edu_share,spearman,static 2023-01…2024-12 (retrospective),-0.13197854498753495,62.0,0.0,-0.38672031605444646,0.13448158545418337,0.30652885140154684,0.3029,9999.0,20261009.0,0.33,-0.14446878698597365,0.25,-0.10031729243786355,0.4308277929155313,1.0,0.4732417582417583,False,False,,,,,,,
v5-20261009T121014Z-d833d0,features_x_external[pearson],procgeo_ilr2,ext_market_access_sber,pearson,static 2023-01…2024-12 (retrospective),-0.09918913691869394,62.0,0.0,-0.2527057054678375,0.237924374132767,0.4430720608276835,0.3524,9999.0,20261009.0,0.482,-0.09577598737036827,0.369,-0.09061305684865692,0.49653315363881406,1.0,0.646796915167095,False,False,,,,,,,
v5-20261009T121014Z-d833d0,features_x_external[spearman],procgeo_ilr2,ext_market_access_sber,spearman,static 2023-01…2024-12 (retrospective),0.0625550883464876,62.0,0.0,-0.21088578318821719,0.3317528424872159,0.6290895658802566,0.6305,9999.0,20261009.0,0.675,0.004860114326005389,0.976,0.09857739714456748,0.7412635135135135,1.0,0.777251101321586,False,False,,,,,,,
v5-20261009T121014Z-d833d0,features_x_external[pearson],procgeo_ilr2,ext_wage_large_medium_orgs_v4,pearson,static 2023-01…2024-12 (retrospective),-0.08387998771725404,62.0,0.0,-0.304932866498078,0.23363482010876369,0.516872289909066,0.5173,9999.0,20261009.0,0.494,-0.08645177017268882,0.517,-0.03998607172603866,0.6475553956834532,1.0,0.6578265306122449,False,False,,,,,,,
v5-20261009T121014Z-d833d0,features_x_external[spearman],procgeo_ilr2,ext_wage_large_medium_orgs_v4,spearman,static 2023-01…2024-12 (retrospective),0.05517362947294201,62.0,0.0,-0.21529260085310872,0.3478503501680298,0.6701653801843938,0.6679,9999.0,20261009.0,0.63,0.051345974666968844,0.705,0.09381279746166049,0.7730461197339247,1.0,0.744027149321267,False,False,,,,,,,
v5-20261009T121014Z-d833d0,features_x_external[pearson],procgeo_ilr2,ext_emp_share_budget_sector_v4,pearson,static 2023-01…2024-12 (retrospective),0.023837599434111297,61.0,1.0,-0.2432006089232519,0.24440064777285297,0.8553066088636405,0.8618,9999.0,20261009.0,0.875,0.012988791807226074,0.942,0.0030379643169734117,0.915085020242915,1.0,0.9304756097560977,False,False,,,,,,,
v5-20261009T121014Z-d833d0,features_x_external[spearman],procgeo_ilr2,ext_emp_share_budget_sector_v4,spearman,static 2023-01…2024-12 (retrospective),-0.01348492860920148,61.0,1.0,-0.2804418858814488,0.24984676119574303,0.917846739409983,0.9191,9999.0,20261009.0,0.917,-0.09111581173982018,0.454,-0.04345651569880523,0.9535821428571429,1.0,0.951638170974155,False,False,,,,,,,
v5-20261009T121014Z-d833d0,features_x_external[pearson],procgeo_ilr2,ext_emp_share_industry_v4,pearson,static 2023-01…2024-12 (retrospective),-0.2011343570225478,61.0,1.0,-0.47363774899071787,0.16989941381147097,0.12010271953074986,0.1154,9999.0,20261009.0,0.095,-0.22403550398399066,0.089,-0.19351541061550043,0.21604483985765124,1.0,0.19836,False,False,,,,,,,
v5-20261009T121014Z-d833d0,features_x_external[spearman],procgeo_ilr2,ext_emp_share_industry_v4,spearman,static 2023-01…2024-12 (retrospective),-0.00401925009816906,61.0,1.0,-0.2922891786421099,0.2837757695504352,0.9754752657719898,0.9759,9999.0,20261009.0,0.969,0.03585404547858276,0.799,0.01467155720838497,0.9828485549132948,1.0,0.9793810444874276,False,False,,,,,,,
v5-20261009T121014Z-d833d0,features_x_external[pearson],procgeo_ilr2,ext_emp_share_agri_v4,pearson,static 2023-01…2024-12 (retrospective),0.15090378648600788,61.0,1.0,-0.01302874864732204,0.35265716679477627,0.24569238685495579,0.232,9999.0,20261009.0,0.246,0.14939025637725767,0.264,0.1410509384327342,0.37493498452012386,1.0,0.4080189873417721,False,False,,,,,,,
v5-20261009T121014Z-d833d0,features_x_external[spearman],procgeo_ilr2,ext_emp_share_agri_v4,spearman,static 2023-01…2024-12 (retrospective),0.2940942559318691,61.0,1.0,0.042572700724229154,0.5044970326958456,0.021416324332166288,0.0229,9999.0,20261009.0,0.009,0.24331041776837653,0.057,0.28066596999217935,0.0522,0.35683088983109956,0.028999999999999998,False,False,,,,,,,
v5-20261009T121014Z-d833d0,features_x_external[pearson],procgeo_ilr2,ext_equalization_grants_pc_v4,pearson,static 2023-01…2024-12 (retrospective),-0.03473362475626875,62.0,0.0,-0.2563195749124143,0.22434160384797658,0.7886932871034054,0.7895,9999.0,20261009.0,0.771,-0.11308447763904442,0.373,-0.07681331529751037,0.8603253112033195,1.0,0.8692483801295896,False,False,,,,,,,
v5-20261009T121014Z-d833d0,features_x_external[spearman],procgeo_ilr2,ext_equalization_grants_pc_v4,spearman,static 2023-01…2024-12 (retrospective),-0.012666515575029588,62.0,0.0,-0.27842325856345695,0.2604974659982382,0.9221622634890884,0.9256,9999.0,20261009.0,0.905,-0.11807811437636928,0.341,-0.04796404019037546,0.9567588118811882,1.0,0.9467134268537074,False,False,,,,,,,
v5-20261009T121014Z-d833d0,features_x_external[pearson],procgeo_ilr2,ext_urban_share_v4,pearson,static 2023-01…2024-12 (retrospective),0.013187470401618323,62.0,0.0,-0.21900373444719745,0.20735139119023552,0.9189714517554963,0.914,9999.0,20261009.0,0.922,0.0451627509205226,0.727,0.04713792006299483,0.9501852882703776,1.0,0.9511541501976285,False,False,,,,,,,
v5-20261009T121014Z-d833d0,features_x_external[spearman],procgeo_ilr2,ext_urban_share_v4,spearman,static 2023-01…2024-12 (retrospective),0.013860419325891405,62.0,0.0,-0.2349892496391295,0.2541163088825733,0.91485157592017,0.9164,9999.0,20261009.0,0.901,0.045856311853138924,0.721,0.05412546924719738,0.9529099601593625,1.0,0.9454698795180723,False,False,,,,,,,
v5-20261009T121014Z-d833d0,features_x_external[pearson],procgeo_ilr2,ext_log_density_v4,pearson,static 2023-01…2024-12 (retrospective),-0.027739451533669718,62.0,0.0,-0.27303823906606894,0.1792162750430056,0.8305340172467307,0.819,9999.0,20261009.0,0.829,-0.012295403167412868,0.923,0.020672710566270402,0.883301652892562,1.0,0.8996632016632016,False,False,,,,,,,
v5-20261009T121014Z-d833d0,features_x_external[spearman],procgeo_ilr2,ext_log_density_v4,spearman,static 2023-01…2024-12 (retrospective),0.0663544106167057,62.0,0.0,-0.2186265610536137,0.3212073079649231,0.6083657963233535,0.6064,9999.0,20261009.0,0.579,0.0038024728664601748,0.984,0.10528820729772605,0.7234109589041097,1.0,0.7078173302107728,False,False,,,,,,,
v5-20261009T121014Z-d833d0,features_x_external[pearson],procgeo_ilr2,ext_employees_per_1000_v4,pearson,static 2023-01…2024-12 (retrospective),-0.11599438177029597,61.0,1.0,-0.3013115502207461,0.1252911411831213,0.3733514577729755,0.3734,9999.0,20261009.0,0.334,-0.12853136751569927,0.322,-0.0721245033464086,0.5136205263157895,1.0,0.501,False,False,,,,,,,
v5-20261009T121014Z-d833d0,features_x_external[spearman],procgeo_ilr2,ext_employees_per_1000_v4,spearman,static 2023-01…2024-12 (retrospective),0.006134320465362241,61.0,1.0,-0.24123135839112084,0.2606828785527513,0.9625771247343893,0.9627,9999.0,20261009.0,0.956,-0.024431517715494445,0.838,0.04362322867463185,0.9762920388349513,1.0,0.974671875,False,False,,,,,,,
v5-20261009T121014Z-d833d0,features_x_external[pearson],procgeo_ilr2,ext_msp2026_per_1000,pearson,static 2023-01…2024-12 (retrospective),-0.08028457641822438,62.0,0.0,-0.35100820225753443,0.18685271251806254,0.535061064626884,0.5031,9999.0,20261009.0,0.585,-0.08154528526016343,0.506,-0.027428467602037505,0.6374228155339806,1.0,0.7253444180522565,False,False,,,,,,,
v5-20261009T121014Z-d833d0,features_x_external[spearman],procgeo_ilr2,ext_msp2026_per_1000,spearman,static 2023-01…2024-12 (retrospective),0.02490493817833849,62.0,0.0,-0.2547146319811806,0.29748078494048086,0.8476320976702694,0.8505,9999.0,20261009.0,0.897,-0.03376898088690791,0.787,0.05806451612903225,0.9162811475409837,1.0,0.9454698795180723,False,False,,,,,,,
v5-20261009T121014Z-d833d0,features_x_external[pearson],procgeo_ilr2,msp_lq_agri,pearson,static 2023-01…2024-12 (retrospective),-0.08414161452260394,62.0,0.0,-0.2935775777568017,0.1941154043511219,0.5155610465334481,0.5246,9999.0,20261009.0,0.438,-0.14879731724499695,0.222,-0.11461029240387087,0.6535589498806682,1.0,0.6048571428571429,False,False,,,,,,,
v5-20261009T121014Z-d833d0,features_x_external[spearman],procgeo_ilr2,msp_lq_agri,spearman,static 2023-01…2024-12 (retrospective),-0.0031981063181486242,62.0,0.0,-0.2410523579268554,0.24017356987510352,0.9803185917249275,0.9772,9999.0,20261009.0,0.983,-0.07340535368034046,0.568,-0.03664727657324167,0.9828485549132948,1.0,0.9886820809248555,False,False,,,,,,,
v5-20261009T121014Z-d833d0,features_x_external[pearson],procgeo_ilr2,msp_lq_business_services,pearson,static 2023-01…2024-12 (retrospective),-0.035657518258879035,62.0,0.0,-0.34607193412532483,0.21802428578270794,0.78320778475946,0.7879,9999.0,20261009.0,0.796,-0.024494457786621668,0.835,0.018852718420477928,0.8603253112033195,1.0,0.8777088607594938,False,False,,,,,,,
v5-20261009T121014Z-d833d0,features_x_external[spearman],procgeo_ilr2,msp_lq_business_services,spearman,static 2023-01…2024-12 (retrospective),-0.11037244088539701,62.0,0.0,-0.37884117449925375,0.16681466513057092,0.3931047675045372,0.3931,9999.0,20261009.0,0.407,-0.17005363753116268,0.169,-0.08101533580116338,0.5261492307692307,1.0,0.554710182767624,False,False,,,,,,,
v5-20261009T121014Z-d833d0,features_x_external[pearson],procgeo_ilr2,msp_lq_construction,pearson,static 2023-01…2024-12 (retrospective),0.1722508763760671,62.0,0.0,-0.04123813629392614,0.3439006815588633,0.1806574414412235,0.1821,9999.0,20261009.0,0.143,0.19195049880517628,0.129,0.1991132395119171,0.3076252427184466,1.0,0.26659285714285713,False,False,,,,,,,
v5-20261009T121014Z-d833d0,features_x_external[spearman],procgeo_ilr2,msp_lq_construction,spearman,static 2023-01…2024-12 (retrospective),0.119790486263252,62.0,0.0,-0.12438057785478109,0.3609585872841913,0.35372888285843235,0.3555,9999.0,20261009.0,0.41,0.13656165797889752,0.309,0.1526176626123744,0.4883447368421053,1.0,0.5573437499999999,False,False,,,,,,,
v5-20261009T121014Z-d833d0,features_x_external[pearson],procgeo_ilr2,msp_lq_consumer_services,pearson,static 2023-01…2024-12 (retrospective),-0.09687139358227008,62.0,0.0,-0.3479258039247709,0.11772114675790575,0.45385286001995767,0.4517,9999.0,20261009.0,0.407,-0.09390431879095071,0.47,-0.09735958791340543,0.5865358208955224,1.0,0.5784324324324324,False,False,,,,,,,
v5-20261009T121014Z-d833d0,features_x_external[spearman],procgeo_ilr2,msp_lq_consumer_services,spearman,static 2023-01…2024-12 (retrospective),-0.1378207549545466,62.0,0.0,-0.36899858373807076,0.11499728981328029,0.2854192856544766,0.2833,9999.0,20261009.0,0.257,-0.13328800584220996,0.315,-0.14056054997355893,0.40854049586776864,1.0,0.3988141592920354,False,False,,,,,,,
v5-20261009T121014Z-d833d0,features_x_external[pearson],procgeo_ilr2,msp_lq_industry,pearson,static 2023-01…2024-12 (retrospective),-0.08177741885581863,62.0,0.0,-0.4275417145710324,0.21738609561242017,0.5274709212566557,0.5303,9999.0,20261009.0,0.565,-0.0797221348026803,0.532,-0.09054007041598688,0.6575216152019002,1.0,0.7089663461538461,False,False,,,,,,,
v5-20261009T121014Z-d833d0,features_x_external[spearman],procgeo_ilr2,msp_lq_industry,spearman,static 2023-01…2024-12 (retrospective),-0.10659514995844982,62.0,0.0,-0.3715526102672054,0.162545423398789,0.40959704802922003,0.406,9999.0,20261009.0,0.544,-0.09047870867014178,0.471,-0.12681121099947115,0.5355772727272727,1.0,0.6826153846153846,False,False,,,,,,,
v5-20261009T121014Z-d833d0,features_x_external[pearson],procgeo_ilr2,msp_lq_social,pearson,static 2023-01…2024-12 (retrospective),-0.01209463184063212,62.0,0.0,-0.22532708681234906,0.18025032476922154,0.9256664159437069,0.9246,9999.0,20261009.0,0.898,-0.0004381479733890386,0.996,0.00609208548344905,0.9506758349705304,1.0,0.9423253012048193,False,False,,,,,,,
v5-20261009T121014Z-d833d0,features_x_external[spearman],procgeo_ilr2,msp_lq_social,spearman,static 2023-01…2024-12 (retrospective),-0.05602981541638337,62.0,0.0,-0.3119579949361851,0.1937679761624527,0.6653483797588972,0.671,9999.0,20261009.0,0.583,0.012817607212107477,0.916,-0.03553675304071919,0.773205298013245,1.0,0.7110420560747663,False,False,,,,,,,
v5-20261009T121014Z-d833d0,features_x_external[pearson],procgeo_ilr2,msp_lq_trade,pearson,static 2023-01…2024-12 (retrospective),0.04545033380264481,62.0,0.0,-0.2190312898280728,0.3377046952009893,0.7257575271826497,0.727,9999.0,20261009.0,0.759,0.05123321061795351,0.695,0.03424956311045394,0.8217545454545454,1.0,0.8594316702819957,False,False,,,,,,,
v5-20261009T121014Z-d833d0,features_x_external[spearman],procgeo_ilr2,msp_lq_trade,spearman,static 2023-01…2024-12 (retrospective),0.0806073883810531,62.0,0.0,-0.2082089534635099,0.35130345772362037,0.533415236010389,0.5286,9999.0,20261009.0,0.636,0.08136284656644255,0.529,0.06451612903225805,0.6523148936170212,1.0,0.7455470852017938,False,False,,,,,,,
v5-20261009T121014Z-d833d0,features_x_external[pearson],procgeo_ilr2,msp_lq_transport,pearson,static 2023-01…2024-12 (retrospective),0.18922156757121528,62.0,0.0,-0.02501929877726067,0.3949602965988829,0.14076355481445835,0.1429,9999.0,20261009.0,0.108,0.1875674574558254,0.163,0.1793805802003045,0.2581100346020761,1.0,0.21683076923076922,False,False,,,,,,,
v5-20261009T121014Z-d833d0,features_x_external[spearman],procgeo_ilr2,msp_lq_transport,spearman,static 2023-01…2024-12 (retrospective),0.19135755835914484,62.0,0.0,-0.06615861626287038,0.42733725964317726,0.13625227680403093,0.1403,9999.0,20261009.0,0.075,0.15756339553272394,0.219,0.17636171337916445,0.2370116504854369,1.0,0.15057692307692308,False,False,,,,,,,
v5-20261009T121014Z-d833d0,features_x_external[pearson],procgeo_ilr2,ext_msp2026_eci,pearson,static 2023-01…2024-12 (retrospective),-0.006587434304101111,62.0,0.0,-0.34256887007007475,0.24620390019529267,0.9594733824205331,0.9597,9999.0,20261009.0,0.967,0.01251593391570844,0.922,0.050460017030102264,0.9746369649805446,1.0,0.9801436893203883,False,False,,,,,,,
v5-20261009T121014Z-d833d0,features_x_external[spearman],procgeo_ilr2,ext_msp2026_eci,spearman,static 2023-01…2024-12 (retrospective),-0.07083857972530719,62.0,0.0,-0.33565245950303435,0.1915618934931278,0.5842961678197749,0.5876,9999.0,20261009.0,0.606,-0.07451335901891164,0.608,-0.038314074949272726,0.7067447004608295,1.0,0.7255321100917431,False,False,,,,,,,
v5-20261009T121014Z-d833d0,features_x_external[pearson],procgeo_ilr2,ext_msp2026_diversity,pearson,static 2023-01…2024-12 (retrospective),0.14578540142206167,62.0,0.0,-0.20850444242376112,0.4219165948967902,0.2582204985867748,0.2551,9999.0,20261009.0,0.231,0.21993448139027633,0.075,0.1910072344362647,0.3952949554896142,1.0,0.3940588235294118,False,False,,,,,,,
v5-20261009T121014Z-d833d0,features_x_external[spearman],procgeo_ilr2,ext_msp2026_diversity,spearman,static 2023-01…2024-12 (retrospective),0.023076239265715948,62.0,0.0,-0.22100329518422873,0.2742237396521097,0.8587007351760344,0.8537,9999.0,20261009.0,0.853,0.07249880385787313,0.58,0.05774670582695935,0.9162811475409837,1.0,0.9237883817427385,False,False,,,,,,,
v5-20261009T121014Z-d833d0,features_x_external[pearson],procgeo_ilr2,ext_old_age_ratio_65_per100_20_64,pearson,static 2023-01…2024-12 (retrospective),0.010170556151717853,62.0,0.0,-0.32953723191824075,0.4186166032547212,0.9374659132837871,0.9369,9999.0,20261009.0,0.94,0.0029228739465373146,0.989,-0.0029004429290846565,0.9570681017612525,1.0,0.9621176470588234,False,False,,,,,,,
v5-20261009T121014Z-d833d0,features_x_external[spearman],procgeo_ilr2,ext_old_age_ratio_65_per100_20_64,spearman,static 2023-01…2024-12 (retrospective),0.2039485281156355,62.0,0.0,-0.054733752568439695,0.45712402397955415,0.11184102709874229,0.1079,9999.0,20261009.0,0.171,0.1768527611996676,0.161,0.1823373876255949,0.1887230769230769,1.0,0.288873786407767,False,False,,,,,,,
v5-20261009T121014Z-d833d0,features_x_external[pearson],procgeo_ilr2,ext_youth_ratio_0_19_per100_20_64,pearson,static 2023-01…2024-12 (retrospective),-0.08292653861102853,62.0,0.0,-0.3789712163309569,0.1778666087437608,0.5216650763670674,0.5101,9999.0,20261009.0,0.52,-0.08667454198505817,0.491,-0.0964027062496116,0.6431695652173913,1.0,0.6820100502512563,False,False,,,,,,,
v5-20261009T121014Z-d833d0,features_x_external[spearman],procgeo_ilr2,ext_youth_ratio_0_19_per100_20_64,spearman,static 2023-01…2024-12 (retrospective),-0.16567198005590392,62.0,0.0,-0.3935137099149397,0.0770061604347353,0.19814015959976408,0.1942,9999.0,20261009.0,0.26,-0.19453048273778045,0.124,-0.19153886832363826,0.3100073394495413,1.0,0.39917647058823535,False,False,,,,,,,
v5-20261009T121014Z-d833d0,features_x_external[pearson],procgeo_ilr2,ext_balance_residual_share_2024,pearson,static 2023-01…2024-12 (retrospective),0.07028581594081293,62.0,0.0,-0.179854678466767,0.27690720535720414,0.5872397787855048,0.5802,9999.0,20261009.0,0.602,0.07220781369782242,0.585,0.08264382747449452,0.7059776223776225,1.0,0.734214953271028,False,False,,,,,,,
v5-20261009T121014Z-d833d0,features_x_external[spearman],procgeo_ilr2,ext_balance_residual_share_2024,spearman,static 2023-01…2024-12 (retrospective),0.05079197199768326,62.0,0.0,-0.2093863346413648,0.3096357853772508,0.6950208966386923,0.6935,9999.0,20261009.0,0.672,0.06549822467326433,0.618,0.0756213643574828,0.7929374179431073,1.0,0.776070796460177,False,False,,,,,,,
v5-20261009T121014Z-d833d0,features_x_external[pearson],proc223_pc_log,ext_census_wage_main_share,pearson,static 2023-01…2024-12 (retrospective),0.43006830376820926,62.0,0.0,0.2549578119393512,0.5855821630759486,0.00048540726987361286,0.0005,9999.0,20261009.0,0.009,0.07414949976454223,0.552,0.3899795031288922,0.002309734513274336,0.015788977426154847,0.034043478260869564,False,True,,,,,,,
v5-20261009T121014Z-d833d0,features_x_external[spearman],proc223_pc_log,ext_census_wage_main_share,spearman,static 2023-01…2024-12 (retrospective),0.4812370964463839,62.0,0.0,0.265361117365501,0.6582855501323335,7.510964114279299e-05,0.0001,9999.0,20261009.0,0.005,0.10130694266072372,0.448,0.4564061920102633,0.0005612903225806452,0.0038368912885064473,0.020232558139534885,False,True,,,,,,,
v5-20261009T121014Z-d833d0,features_x_external[pearson],proc223_pc_log,ext_census_pension_benefit_main_share,pearson,static 2023-01…2024-12 (retrospective),-0.30381212876500235,62.0,0.0,-0.4906393024418741,-0.09263617416595864,0.016369216843335286,0.0144,9999.0,20261009.0,0.09,0.07822898841692415,0.543,-0.25891422808859343,0.037584,0.2569182406783917,0.18943548387096776,False,False,,,,,,,
v5-20261009T121014Z-d833d0,features_x_external[spearman],proc223_pc_log,ext_census_pension_benefit_main_share,spearman,static 2023-01…2024-12 (retrospective),-0.3701707579845589,62.0,0.0,-0.5669634606594246,-0.1351657508897984,0.0030625927017726936,0.003,9999.0,20261009.0,0.029,0.008738133011004508,0.95,-0.3408435835691688,0.008797752808988764,0.06014003761198307,0.07107042253521127,False,False,,,,,,,
v5-20261009T121014Z-d833d0,features_x_external[pearson],proc223_pc_log,ext_census_dependent_main_share,pearson,static 2023-01…2024-12 (retrospective),-0.10938549049719597,62.0,0.0,-0.30374157871251817,0.09929802936978659,0.39737564447593077,0.3927,9999.0,20261009.0,0.413,-0.1533897352313669,0.217,-0.09098301509006494,0.5281727506426735,1.0,0.5809354838709677,False,False,,,,,,,
v5-20261009T121014Z-d833d0,features_x_external[spearman],proc223_pc_log,ext_census_dependent_main_share,spearman,static 2023-01…2024-12 (retrospective),-0.10749005273357583,62.0,0.0,-0.340234808748043,0.14263642585294692,0.40565393790930915,0.4036,9999.0,20261009.0,0.4,-0.12361814106922517,0.347,-0.08314161119881035,0.5355772727272727,1.0,0.5494736842105263,False,False,,,,,,,
v5-20261009T121014Z-d833d0,features_x_external[pearson],proc223_pc_log,ext_census_business_main_share,pearson,static 2023-01…2024-12 (retrospective),-0.1389935445338685,62.0,0.0,-0.4076477090601396,0.11810942361736923,0.2813000391918945,0.2807,9999.0,20261009.0,0.361,0.03670830572555533,0.764,-0.11966352317078893,0.42843684210526317,1.0,0.5293314606741573,False,False,,,,,,,
v5-20261009T121014Z-d833d0,features_x_external[spearman],proc223_pc_log,ext_census_business_main_share,spearman,static 2023-01…2024-12 (retrospective),-0.22450007733530805,62.0,0.0,-0.4533334933959408,0.03525138529538288,0.07939481944697131,0.0809,9999.0,20261009.0,0.131,0.05789327894034399,0.636,-0.20420468246730708,0.15300652173913043,1.0,0.23338566552901027,False,False,,,,,,,
v5-20261009T121014Z-d833d0,features_x_external[pearson],proc223_pc_log,ext_census_subsistence_main_share,pearson,static 2023-01…2024-12 (retrospective),-0.27273910310801125,62.0,0.0,-0.510007508539064,-0.048938780111840496,0.03197791135574983,0.0323,9999.0,20261009.0,0.031,-0.003259989655716718,0.985,-0.2537261540105879,0.074936,0.5122505662908674,0.08384455958549222,False,False,,,,,,,
v5-20261009T121014Z-d833d0,features_x_external[spearman],proc223_pc_log,ext_census_subsistence_main_share,spearman,static 2023-01…2024-12 (retrospective),-0.4371379675015641,62.0,0.0,-0.6364645578699593,-0.19299778543759977,0.0003815776510970111,0.0007,9999.0,20261009.0,0.001,0.017501447961521997,0.886,-0.41459738561544174,0.0026287769784172662,0.01796990092674602,0.007565217391304348,False,False,,,,,,,
v5-20261009T121014Z-d833d0,features_x_external[pearson],proc223_pc_log,ext_census_higher_edu_share,pearson,static 2023-01…2024-12 (retrospective),0.5107636766640861,62.0,0.0,0.36011672305499765,0.6404201863207677,2.2195740451398878e-05,0.0002,9999.0,20261009.0,0.002,0.26465304298053366,0.046,0.49453964968201997,0.0010875000000000001,0.0074339768714812415,0.0116,False,True,,,,,,,
v5-20261009T121014Z-d833d0,features_x_external[spearman],proc223_pc_log,ext_census_higher_edu_share,spearman,static 2023-01…2024-12 (retrospective),0.528433994014969,62.0,0.0,0.28918041084640955,0.7085816960770294,1.0120322441343485e-05,0.0001,9999.0,20261009.0,0.001,0.37176097303014277,0.002,0.5072854731637337,0.0005612903225806452,0.0038368912885064473,0.007565217391304348,False,True,,,,,,,
v5-20261009T121014Z-d833d0,features_x_external[pearson],proc223_pc_log,ext_market_access_sber,pearson,static 2023-01…2024-12 (retrospective),0.27110593798398136,62.0,0.0,0.12209030037948249,0.4255105715305935,0.03306122993346892,0.0656,9999.0,20261009.0,0.03,0.1759935171533957,0.147,0.2622087441699439,0.1369728,0.9363242549168053,0.08242105263157895,False,False,,,,,,,
v5-20261009T121014Z-d833d0,features_x_external[spearman],proc223_pc_log,ext_market_access_sber,spearman,static 2023-01…2024-12 (retrospective),0.20729649464776137,62.0,0.0,-0.0554838191049098,0.4505190061055837,0.10595373703318753,0.1061,9999.0,20261009.0,0.072,0.26806174611568584,0.039,0.16887049480593236,0.18647878787878788,1.0,0.1451119691119691,False,False,,,,,,,
v5-20261009T121014Z-d833d0,features_x_external[pearson],proc223_pc_log,ext_wage_large_medium_orgs_v4,pearson,static 2023-01…2024-12 (retrospective),0.34001907954322697,62.0,0.0,0.09283049772480581,0.5470944056362248,0.00685304769360552,0.0074,9999.0,20261009.0,0.011,0.06701605936388651,0.598,0.2913342815574676,0.02146,0.14669714359722982,0.03777631578947368,False,False,,,,,,,
v5-20261009T121014Z-d833d0,features_x_external[spearman],proc223_pc_log,ext_wage_large_medium_orgs_v4,spearman,static 2023-01…2024-12 (retrospective),0.45501939614281023,62.0,0.0,0.21671104976763392,0.6437079630908267,0.00020270025435515033,0.0003,9999.0,20261009.0,0.003,0.16612525496713756,0.2,0.4297236583907978,0.0013159663865546219,0.008995736718431081,0.013982142857142858,False,True,,,,,,,
v5-20261009T121014Z-d833d0,features_x_external[pearson],proc223_pc_log,ext_emp_share_budget_sector_v4,pearson,static 2023-01…2024-12 (retrospective),-0.32171846436682944,61.0,1.0,-0.5148863979440886,-0.09734427316487132,0.011460705615169294,0.0107,9999.0,20261009.0,0.057,-0.024910889605295052,0.843,-0.29883734468835677,0.02939684210526316,0.20095213269435608,0.13402702702702704,False,False,,,,,,,
v5-20261009T121014Z-d833d0,features_x_external[spearman],proc223_pc_log,ext_emp_share_budget_sector_v4,spearman,static 2023-01…2024-12 (retrospective),-0.44027502698759335,61.0,1.0,-0.6227405241304328,-0.19357265268967302,0.0003841570180974554,0.0006,9999.0,20261009.0,0.013,-0.06636700158646218,0.589,-0.42053633864333556,0.00232,0.01585915065915998,0.037491712707182316,False,True,,,,,,,
v5-20261009T121014Z-d833d0,features_x_external[pearson],proc223_pc_log,ext_emp_share_industry_v4,pearson,static 2023-01…2024-12 (retrospective),0.3523511844243257,61.0,1.0,0.2009418182436453,0.4956110823790218,0.005353761602239798,0.0053,9999.0,20261009.0,0.012,0.1353027536828416,0.304,0.3451079550929315,0.016084883720930233,0.10995370442469929,0.04041290322580645,False,False,,,,,,,
v5-20261009T121014Z-d833d0,features_x_external[spearman],proc223_pc_log,ext_emp_share_industry_v4,spearman,static 2023-01…2024-12 (retrospective),0.49065136483195715,61.0,1.0,0.2935941514005905,0.6447088321266476,5.9603921557544866e-05,0.0002,9999.0,20261009.0,0.002,0.12897937599153886,0.332,0.4823110930249665,0.0009490909090909091,0.006487834360565446,0.010989473684210526,False,True,,,,,,,
v5-20261009T121014Z-d833d0,features_x_external[pearson],proc223_pc_log,ext_emp_share_agri_v4,pearson,static 2023-01…2024-12 (retrospective),-0.03539075519543807,61.0,1.0,-0.2926490968107871,0.22865755608661173,0.7865624668061629,0.7933,9999.0,20261009.0,0.796,0.035066543293128374,0.787,-0.017463257892804184,0.8603253112033195,1.0,0.8777088607594938,False,False,,,,,,,
v5-20261009T121014Z-d833d0,features_x_external[spearman],proc223_pc_log,ext_emp_share_agri_v4,spearman,static 2023-01…2024-12 (retrospective),-0.041171154555552134,61.0,1.0,-0.29441424814018397,0.21585071113419163,0.7527325821757548,0.749,9999.0,20261009.0,0.72,-0.020835536753040715,0.867,-0.022993857974615634,0.8444449244060475,1.0,0.8188235294117646,False,False,,,,,,,
v5-20261009T121014Z-d833d0,features_x_external[pearson],proc223_pc_log,ext_equalization_grants_pc_v4,pearson,static 2023-01…2024-12 (retrospective),-0.4097486591419905,62.0,0.0,-0.5578935483107585,-0.2298429693134942,0.0009423118807203146,0.0014,9999.0,20261009.0,0.007,-0.001981507966248278,0.99,-0.3735997849002365,0.005621538461538462,0.03842794198181072,0.028771653543307085,False,True,,,,,,,
v5-20261009T121014Z-d833d0,features_x_external[spearman],proc223_pc_log,ext_equalization_grants_pc_v4,spearman,static 2023-01…2024-12 (retrospective),-0.43026243226345107,62.0,0.0,-0.6093700518710321,-0.20101303966949316,0.00048224343439779013,0.0008,9999.0,20261009.0,0.008,0.17232001208733097,0.173,-0.40351712636216513,0.0029617021276595744,0.020245724245736143,0.026941935483870968,False,False,,,,,,,
v5-20261009T121014Z-d833d0,features_x_external[pearson],proc223_pc_log,ext_urban_share_v4,pearson,static 2023-01…2024-12 (retrospective),0.3763348874122762,62.0,0.0,0.18984210213552236,0.540779797651596,0.0025729320262718215,0.002,9999.0,20261009.0,0.011,0.06255383541017906,0.627,0.3433229956153605,0.0074571428571428575,0.05097584140444279,0.03777631578947368,False,False,,,,,,,
v5-20261009T121014Z-d833d0,features_x_external[spearman],proc223_pc_log,ext_urban_share_v4,spearman,static 2023-01…2024-12 (retrospective),0.4380623334229027,62.0,0.0,0.20167080536005458,0.6288957927402409,0.0003696135632166246,0.0005,9999.0,20261009.0,0.006,-0.005716300269446754,0.961,0.41255526755890276,0.0020076923076923076,0.013724264993503828,0.022532374100719427,False,False,,,,,,,
v5-20261009T121014Z-d833d0,features_x_external[pearson],proc223_pc_log,ext_log_density_v4,pearson,static 2023-01…2024-12 (retrospective),0.4301079323461986,62.0,0.0,0.25654936664113026,0.5808213680099442,0.00048475988953032914,0.0008,9999.0,20261009.0,0.011,0.11967625138358087,0.363,0.3901197019444952,0.0034229508196721315,0.023398746874170467,0.03777631578947368,False,True,,,,,,,
v5-20261009T121014Z-d833d0,features_x_external[spearman],proc223_pc_log,ext_log_density_v4,spearman,static 2023-01…2024-12 (retrospective),0.4854681950544535,62.0,0.0,0.2552672252068548,0.6625997904802905,6.350121708628741e-05,0.0002,9999.0,20261009.0,0.005,0.14759134748558334,0.261,0.46132487511553644,0.0009490909090909091,0.006487834360565446,0.020232558139534885,False,True,,,,,,,
v5-20261009T121014Z-d833d0,features_x_external[pearson],proc223_pc_log,ext_employees_per_1000_v4,pearson,static 2023-01…2024-12 (retrospective),0.35235837864487635,61.0,1.0,0.17349422892470107,0.5021609822024365,0.005352757675323974,0.0052,9999.0,20261009.0,0.031,0.09958685721493567,0.444,0.3026589438721889,0.01596705882352941,0.10914827218363045,0.08384455958549222,False,False,,,,,,,
v5-20261009T121014Z-d833d0,features_x_external[spearman],proc223_pc_log,ext_employees_per_1000_v4,spearman,static 2023-01…2024-12 (retrospective),0.4087531438613269,61.0,1.0,0.16624065991582448,0.6074412080213254,0.0010733517802655513,0.0011,9999.0,20261009.0,0.009,0.10502379693283977,0.424,0.38096429435415896,0.0037776315789473684,0.025823288079882205,0.028999999999999998,False,True,,,,,,,
v5-20261009T121014Z-d833d0,features_x_external[pearson],proc223_pc_log,ext_msp2026_per_1000,pearson,static 2023-01…2024-12 (retrospective),0.389815580847212,62.0,0.0,0.17609437019517946,0.5380173569695312,0.001737123437106147,0.0039,9999.0,20261009.0,0.006,0.14270550470589954,0.242,0.341402166513464,0.01241341463414634,0.08485612624032245,0.025463414634146343,False,False,,,,,,,
v5-20261009T121014Z-d833d0,features_x_external[spearman],proc223_pc_log,ext_msp2026_per_1000,spearman,static 2023-01…2024-12 (retrospective),0.2847680473895365,62.0,0.0,0.025103366274472277,0.506997547274315,0.0248773789876563,0.0267,9999.0,20261009.0,0.025,0.04641031452242452,0.724,0.25175195248494736,0.05981716738197425,0.4089006334116033,0.06184834123222749,False,False,,,,,,,
v5-20261009T121014Z-d833d0,features_x_external[pearson],proc223_pc_log,msp_lq_agri,pearson,static 2023-01…2024-12 (retrospective),-0.49635648173965996,62.0,0.0,-0.6705428214620336,-0.29439249118389316,4.080219961602579e-05,0.0001,9999.0,20261009.0,0.001,-0.25311031461070826,0.04,-0.47388131598754085,0.0006214285714285715,0.004247986783703567,0.008847457627118643,False,True,,,,,,,
v5-20261009T121014Z-d833d0,features_x_external[spearman],proc223_pc_log,msp_lq_agri,spearman,static 2023-01…2024-12 (retrospective),-0.5494887466122674,62.0,0.0,-0.7277650443458799,-0.3357700507398853,3.740882708807861e-06,0.0001,9999.0,20261009.0,0.002,-0.19825740978570172,0.121,-0.5293931026046388,0.0005612903225806452,0.0038368912885064473,0.010989473684210526,False,True,,,,,,,
v5-20261009T121014Z-d833d0,features_x_external[pearson],proc223_pc_log,msp_lq_business_services,pearson,static 2023-01…2024-12 (retrospective),0.40156998974324526,62.0,0.0,0.19079268215118025,0.5777112532201436,0.001216647108123796,0.0016,9999.0,20261009.0,0.006,0.09647171465956111,0.427,0.35586815144413303,0.0062328358208955225,0.042606673412668605,0.025463414634146343,False,True,,,,,,,
v5-20261009T121014Z-d833d0,features_x_external[spearman],proc223_pc_log,msp_lq_business_services,spearman,static 2023-01…2024-12 (retrospective),0.3982017862630195,62.0,0.0,0.1344502565876753,0.6045075239991944,0.00134914506982532,0.0013,9999.0,20261009.0,0.007,0.034876986225479086,0.788,0.37027634860233544,0.004322292993630573,0.029546506801301234,0.0252,False,True,,,,,,,
v5-20261009T121014Z-d833d0,features_x_external[pearson],proc223_pc_log,msp_lq_construction,pearson,static 2023-01…2024-12 (retrospective),0.1354070097450572,62.0,0.0,-0.07143155528851092,0.3519768975789263,0.294021703768632,0.2876,9999.0,20261009.0,0.298,-0.02723979913237597,0.816,0.10392309374237307,0.4357565217391304,1.0,0.46159050445103855,False,False,,,,,,,
v5-20261009T121014Z-d833d0,features_x_external[spearman],proc223_pc_log,msp_lq_construction,spearman,static 2023-01…2024-12 (retrospective),0.18241575725147366,62.0,0.0,-0.08187663346458328,0.4100232818160774,0.1558845312961066,0.1476,9999.0,20261009.0,0.15,0.060210017375538265,0.63,0.1490413869963407,0.24615718849840257,1.0,0.261,False,False,,,,,,,
v5-20261009T121014Z-d833d0,features_x_external[pearson],proc223_pc_log,msp_lq_consumer_services,pearson,static 2023-01…2024-12 (retrospective),0.2832678096582622,62.0,0.0,0.04182000352800812,0.48412776128459345,0.025682943215627283,0.0251,9999.0,20261009.0,0.027,0.1352573448168661,0.281,0.2888733166828025,0.061225233644859815,0.4185259502224579,0.07457142857142857,False,False,,,,,,,
v5-20261009T121014Z-d833d0,features_x_external[spearman],proc223_pc_log,msp_lq_consumer_services,spearman,static 2023-01…2024-12 (retrospective),0.32383015418189265,62.0,0.0,0.05973933766482493,0.5357574666843778,0.010242295413712325,0.0118,9999.0,20261009.0,0.014,0.07970083855858577,0.535,0.3327780010578338,0.030046829268292684,0.20539534146375488,0.0395027027027027,False,False,,,,,,,
v5-20261009T121014Z-d833d0,features_x_external[pearson],proc223_pc_log,msp_lq_industry,pearson,static 2023-01…2024-12 (retrospective),0.12607059335765236,62.0,0.0,-0.14127716059642215,0.36519728262686935,0.328875418751178,0.3291,9999.0,20261009.0,0.278,0.09304661915036487,0.464,0.1417286422706387,0.4732512396694215,1.0,0.43709638554216873,False,False,,,,,,,
v5-20261009T121014Z-d833d0,features_x_external[spearman],proc223_pc_log,msp_lq_industry,spearman,static 2023-01…2024-12 (retrospective),0.10091673882461065,62.0,0.0,-0.1844299431012556,0.3579311979701888,0.43512997773350914,0.4291,9999.0,20261009.0,0.32,0.0925939915892322,0.481,0.12190929631886631,0.5522142857142858,1.0,0.4627146814404432,False,False,,,,,,,
v5-20261009T121014Z-d833d0,features_x_external[pearson],proc223_pc_log,msp_lq_social,pearson,static 2023-01…2024-12 (retrospective),0.26499479533492465,62.0,0.0,-0.032614597242754444,0.5245793398483044,0.037390182149421816,0.0393,9999.0,20261009.0,0.078,0.06501492381969567,0.595,0.24390916636703783,0.08804549356223176,0.6018649772687645,0.16755555555555557,False,False,,,,,,,
v5-20261009T121014Z-d833d0,features_x_external[spearman],proc223_pc_log,msp_lq_social,spearman,static 2023-01…2024-12 (retrospective),0.3555633937424141,62.0,0.0,0.10372040159823956,0.5739878678644982,0.004567569026428555,0.0057,9999.0,20261009.0,0.013,0.07018206542267885,0.583,0.33425889489598054,0.015742857142857142,0.107615665187157,0.037491712707182316,False,False,,,,,,,
v5-20261009T121014Z-d833d0,features_x_external[pearson],proc223_pc_log,msp_lq_trade,pearson,static 2023-01…2024-12 (retrospective),0.11638122149522956,62.0,0.0,-0.07855211317181392,0.29389305925328457,0.36769278360713153,0.3651,9999.0,20261009.0,0.372,0.031894865657132516,0.801,0.13825514876441405,0.5082192,1.0,0.5394,False,False,,,,,,,
v5-20261009T121014Z-d833d0,features_x_external[spearman],proc223_pc_log,msp_lq_trade,spearman,static 2023-01…2024-12 (retrospective),0.11645595216496125,62.0,0.0,-0.11575532930566615,0.33916815076118495,0.3673831555206806,0.365,9999.0,20261009.0,0.371,-0.01447961521996424,0.906,0.14264181005292081,0.4987696335078534,1.0,0.5150769230769231,False,False,,,,,,,
v5-20261009T121014Z-d833d0,features_x_external[pearson],proc223_pc_log,msp_lq_transport,pearson,static 2023-01…2024-12 (retrospective),0.06891844383805565,62.0,0.0,-0.1876385188490226,0.3106621101132355,0.5945499832103552,0.604,9999.0,20261009.0,0.537,0.16823348979132177,0.2,0.09042395790671316,0.7269775743707094,1.0,0.6917142857142858,False,False,,,,,,,
v5-20261009T121014Z-d833d0,features_x_external[spearman],proc223_pc_log,msp_lq_transport,spearman,static 2023-01…2024-12 (retrospective),0.008915529209860787,62.0,0.0,-0.25880094614223853,0.2881803993664984,0.9451698123019571,0.9446,9999.0,20261009.0,0.947,0.15292991866233538,0.235,0.029512098631638794,0.9687253438113949,1.0,0.9711866404715126,False,False,,,,,,,
v5-20261009T121014Z-d833d0,features_x_external[pearson],proc223_pc_log,ext_msp2026_eci,pearson,static 2023-01…2024-12 (retrospective),0.3305189382930846,62.0,0.0,0.02136976674643365,0.5818158500395548,0.008697265260580208,0.0091,9999.0,20261009.0,0.016,0.04733831516842675,0.717,0.2766695066097689,0.025538709677419356,0.17457855362704333,0.05031325301204819,False,False,,,,,,,
v5-20261009T121014Z-d833d0,features_x_external[spearman],proc223_pc_log,ext_msp2026_eci,spearman,static 2023-01…2024-12 (retrospective),0.3504974202397761,62.0,0.0,0.07077833005615411,0.5714338840562188,0.0052246743842393195,0.005,9999.0,20261009.0,0.015,0.07597391151066456,0.566,0.32018564731948673,0.01403225806451613,0.09592228221266118,0.041648936170212765,False,False,,,,,,,
v5-20261009T121014Z-d833d0,features_x_external[pearson],proc223_pc_log,ext_msp2026_diversity,pearson,static 2023-01…2024-12 (retrospective),0.36207726523447076,62.0,0.0,0.16147935568305324,0.5550556602509858,0.0038304650341405458,0.0038,9999.0,20261009.0,0.006,0.06813358189919988,0.611,0.32442659941355684,0.012244444444444445,0.08370107292334435,0.025463414634146343,False,False,,,,,,,
v5-20261009T121014Z-d833d0,features_x_external[spearman],proc223_pc_log,ext_msp2026_diversity,spearman,static 2023-01…2024-12 (retrospective),0.38163931164026454,62.0,0.0,0.12762993358151517,0.5838739020627532,0.002208767428865514,0.0029,9999.0,20261009.0,0.001,0.075369544962353,0.564,0.3531692820946658,0.008552542372881356,0.058463818107920264,0.007565217391304348,False,False,,,,,,,
v5-20261009T121014Z-d833d0,features_x_external[pearson],proc223_pc_log,ext_old_age_ratio_65_per100_20_64,pearson,static 2023-01…2024-12 (retrospective),-0.181791089693107,62.0,0.0,-0.3545356324390123,-0.0034480146460213025,0.15733036268858822,0.1597,9999.0,20261009.0,0.247,-0.05579137500761132,0.664,-0.1655079290251676,0.28163310810810815,1.0,0.4080189873417721,False,False,,,,,,,
v5-20261009T121014Z-d833d0,features_x_external[spearman],proc223_pc_log,ext_old_age_ratio_65_per100_20_64,spearman,static 2023-01…2024-12 (retrospective),-0.21702009943889944,62.0,0.0,-0.4385553366466379,0.042831554593739746,0.0902083041051124,0.098,9999.0,20261009.0,0.196,-0.025660396363727935,0.832,-0.1921459754995407,0.177625,1.0,0.32377215189873415,False,False,,,,,,,
v5-20261009T121014Z-d833d0,features_x_external[pearson],proc223_pc_log,ext_youth_ratio_0_19_per100_20_64,pearson,static 2023-01…2024-12 (retrospective),-0.06655111540778319,62.0,0.0,-0.2336983325707695,0.10055042424090914,0.6073009649314661,0.6086,9999.0,20261009.0,0.592,-0.011359429481120042,0.929,-0.04843186388828297,0.7269775743707094,1.0,0.7271152941176471,False,False,,,,,,,
v5-20261009T121014Z-d833d0,features_x_external[spearman],proc223_pc_log,ext_youth_ratio_0_19_per100_20_64,spearman,static 2023-01…2024-12 (retrospective),-0.07774643692327755,62.0,0.0,-0.3051507266807257,0.15605351757726565,0.5480878543969709,0.5497,9999.0,20261009.0,0.621,-0.023595477323663468,0.863,-0.051778395269488124,0.6719985948477751,1.0,0.7350612244897959,False,False,,,,,,,
v5-20261009T121014Z-d833d0,features_x_external[pearson],proc223_pc_log,ext_balance_residual_share_2024,pearson,static 2023-01…2024-12 (retrospective),0.0454723361637301,62.0,0.0,-0.2506664213484455,0.35184735664204736,0.7256299952294757,0.7273,9999.0,20261009.0,0.722,0.015647325860977473,0.89,0.02822617381841256,0.8217545454545454,1.0,0.8264999999999999,False,False,,,,,,,
v5-20261009T121014Z-d833d0,features_x_external[spearman],proc223_pc_log,ext_balance_residual_share_2024,spearman,static 2023-01…2024-12 (retrospective),0.06867979704884283,62.0,0.0,-0.19860610199815965,0.3464064827824216,0.5958299722589551,0.5965,9999.0,20261009.0,0.563,0.04605776736924278,0.708,0.045987042581021376,0.714158256880734,1.0,0.6964123222748815,False,False,,,,,,,
v5-20261009T121014Z-d833d0,features_x_external[pearson],pop_growth,ext_census_wage_main_share,pearson,static 2023-01…2024-12 (retrospective),0.6104098187555564,62.0,0.0,0.45659618786363365,0.7335349618080247,1.382481589981976e-07,0.0001,9999.0,20261009.0,0.002,0.12135901832355304,0.344,0.5776346010348793,0.0006214285714285715,0.004247986783703567,0.0116,False,True,,,,,,,
v5-20261009T121014Z-d833d0,features_x_external[spearman],pop_growth,ext_census_wage_main_share,spearman,static 2023-01…2024-12 (retrospective),0.5805192515927576,62.0,0.0,0.37091954942392147,0.72503713805823,7.581169316621532e-07,0.0001,9999.0,20261009.0,0.002,0.15499483770239986,0.225,0.5603913273400317,0.0005612903225806452,0.0038368912885064473,0.010989473684210526,False,True,,,,,,,
v5-20261009T121014Z-d833d0,features_x_external[pearson],pop_growth,ext_census_pension_benefit_main_share,pearson,static 2023-01…2024-12 (retrospective),-0.6702879731265612,62.0,0.0,-0.7747421134081506,-0.5279228632936303,2.537272616074642e-09,0.0001,9999.0,20261009.0,0.001,-0.3453234094145883,0.011,-0.6452894786956015,0.0006214285714285715,0.004247986783703567,0.008847457627118643,False,True,,,,,,,
v5-20261009T121014Z-d833d0,features_x_external[spearman],pop_growth,ext_census_pension_benefit_main_share,spearman,static 2023-01…2024-12 (retrospective),-0.6478053939714437,62.0,0.0,-0.770794556843173,-0.4628241502755306,1.2619875022146296e-08,0.0001,9999.0,20261009.0,0.002,-0.30951121855405306,0.015,-0.6306716023268111,0.0005612903225806452,0.0038368912885064473,0.010989473684210526,False,True,,,,,,,
v5-20261009T121014Z-d833d0,features_x_external[pearson],pop_growth,ext_census_dependent_main_share,pearson,static 2023-01…2024-12 (retrospective),0.18025808077479696,62.0,0.0,-0.04214132526032045,0.3701590894620835,0.16092055296993138,0.166,9999.0,20261009.0,0.347,0.19526030766553584,0.15,0.2124081427448805,0.28796423841059604,1.0,0.513127478753541,False,False,,,,,,,
v5-20261009T121014Z-d833d0,features_x_external[spearman],pop_growth,ext_census_dependent_main_share,spearman,static 2023-01…2024-12 (retrospective),0.15791594268590567,62.0,0.0,-0.07190550106601092,0.380868465114892,0.22026071142157702,0.2184,9999.0,20261009.0,0.431,0.13192818110850899,0.3,0.18392384981491272,0.3339578947368421,1.0,0.5768769230769231,False,False,,,,,,,
v5-20261009T121014Z-d833d0,features_x_external[pearson],pop_growth,ext_census_business_main_share,pearson,static 2023-01…2024-12 (retrospective),-0.16402150088744263,62.0,0.0,-0.3855828147498794,0.05741854198656881,0.20270927390694315,0.1962,9999.0,20261009.0,0.251,0.11144144755043786,0.386,-0.14231824607674898,0.32825769230769236,1.0,0.4133186119873817,False,False,,,,,,,
v5-20261009T121014Z-d833d0,features_x_external[spearman],pop_growth,ext_census_business_main_share,spearman,static 2023-01…2024-12 (retrospective),-0.2321523003701745,62.0,0.0,-0.46727369621266407,0.041569587673383535,0.06942228900685538,0.0687,9999.0,20261009.0,0.092,0.018055450630807584,0.873,-0.2146483342147012,0.13331375464684014,0.9113116033976408,0.17591208791208793,False,False,,,,,,,
v5-20261009T121014Z-d833d0,features_x_external[pearson],pop_growth,ext_census_subsistence_main_share,pearson,static 2023-01…2024-12 (retrospective),-0.40648715846097316,62.0,0.0,-0.5430915677141339,-0.25888430150847697,0.0010441974351689878,0.0015,9999.0,20261009.0,0.002,-0.03554358694267664,0.785,-0.38993282512858474,0.005977099236641222,0.04085849883562209,0.0116,False,True,,,,,,,
v5-20261009T121014Z-d833d0,features_x_external[spearman],pop_growth,ext_census_subsistence_main_share,spearman,static 2023-01…2024-12 (retrospective),-0.5455163556697137,62.0,0.0,-0.7003232541009193,-0.3446735144885738,4.537003706270771e-06,0.0001,9999.0,20261009.0,0.001,-0.048525597441514946,0.722,-0.5270227392913801,0.0005612903225806452,0.0038368912885064473,0.007565217391304348,False,True,,,,,,,
v5-20261009T121014Z-d833d0,features_x_external[pearson],pop_growth,ext_census_higher_edu_share,pearson,static 2023-01…2024-12 (retrospective),0.6868394638541677,62.0,0.0,0.46036515153460245,0.8389786845050112,7.110413361267316e-10,0.0001,9999.0,20261009.0,0.002,0.36595453947081413,0.007,0.6957194998457609,0.0006214285714285715,0.004247986783703567,0.0116,False,True,,,,,,,
v5-20261009T121014Z-d833d0,features_x_external[spearman],pop_growth,ext_census_higher_edu_share,spearman,static 2023-01…2024-12 (retrospective),0.6096295736697641,62.0,0.0,0.43428730986437597,0.7399555253131962,1.4485223426393087e-07,0.0001,9999.0,20261009.0,0.003,0.1313741784392234,0.335,0.5915388683236382,0.0005612903225806452,0.0038368912885064473,0.013982142857142858,False,True,,,,,,,
v5-20261009T121014Z-d833d0,features_x_external[pearson],pop_growth,ext_market_access_sber,pearson,static 2023-01…2024-12 (retrospective),0.5930110704636746,62.0,0.0,0.17749568029582824,0.7947956077746813,3.8013421673305677e-07,0.0002,9999.0,20261009.0,0.001,0.5889723790631105,0.001,0.5944574717911237,0.0010875000000000001,0.0074339768714812415,0.008847457627118643,False,True,,,,,,,
v5-20261009T121014Z-d833d0,features_x_external[spearman],pop_growth,ext_market_access_sber,spearman,static 2023-01…2024-12 (retrospective),0.29109269975726654,62.0,0.0,0.020449880923156263,0.5283924006930601,0.021711754904365322,0.0213,9999.0,20261009.0,0.017,0.1860189871823928,0.129,0.25654450297655407,0.048980616740088107,0.3348236983877718,0.045507692307692305,False,False,,,,,,,
v5-20261009T121014Z-d833d0,features_x_external[pearson],pop_growth,ext_wage_large_medium_orgs_v4,pearson,static 2023-01…2024-12 (retrospective),0.532168804841824,62.0,0.0,0.24162479992847688,0.7225682216405898,8.523739126724018e-06,0.0001,9999.0,20261009.0,0.001,0.19681959898291151,0.122,0.49111632326604177,0.0006214285714285715,0.004247986783703567,0.008847457627118643,False,True,,,,,,,
v5-20261009T121014Z-d833d0,features_x_external[spearman],pop_growth,ext_wage_large_medium_orgs_v4,spearman,static 2023-01…2024-12 (retrospective),0.42323285739467653,62.0,0.0,0.1681042457296791,0.627993120450841,0.0006095818587656999,0.0002,9999.0,20261009.0,0.01,0.11178262949812393,0.385,0.39487043892120566,0.0009490909090909091,0.006487834360565446,0.031636363636363636,False,True,,,,,,,
v5-20261009T121014Z-d833d0,features_x_external[pearson],pop_growth,ext_emp_share_budget_sector_v4,pearson,static 2023-01…2024-12 (retrospective),-0.5147951139751998,61.0,1.0,-0.6723293431963293,-0.30459362553698976,2.1894359086638903e-05,0.0001,9999.0,20261009.0,0.005,-0.14960388122253024,0.249,-0.49661143243900274,0.0006214285714285715,0.004247986783703567,0.02309734513274336,False,True,,,,,,,
v5-20261009T121014Z-d833d0,features_x_external[spearman],pop_growth,ext_emp_share_budget_sector_v4,spearman,static 2023-01…2024-12 (retrospective),-0.5042305658381808,61.0,1.0,-0.6754742504365316,-0.26828786202237265,3.425244093011677e-05,0.0001,9999.0,20261009.0,0.004,-0.12622950819672127,0.327,-0.48630175048624624,0.0005612903225806452,0.0038368912885064473,0.0174,False,True,,,,,,,
v5-20261009T121014Z-d833d0,features_x_external[pearson],pop_growth,ext_emp_share_industry_v4,pearson,static 2023-01…2024-12 (retrospective),0.31111841386048444,61.0,1.0,0.09418432091130652,0.5440626435153975,0.014665093829780372,0.0137,9999.0,20261009.0,0.04,-0.0679377557048057,0.588,0.3026052227735464,0.035936683417085426,0.2456574467681439,0.09990430622009569,False,False,,,,,,,
v5-20261009T121014Z-d833d0,features_x_external[spearman],pop_growth,ext_emp_share_industry_v4,spearman,static 2023-01…2024-12 (retrospective),0.40187212494719327,61.0,1.0,0.16328569472976975,0.6005895664533709,0.0013259958665991635,0.0012,9999.0,20261009.0,0.005,0.026282390269698568,0.837,0.3924085812439632,0.004094117647058823,0.027986736457341135,0.020232558139534885,False,True,,,,,,,
v5-20261009T121014Z-d833d0,features_x_external[pearson],pop_growth,ext_emp_share_agri_v4,pearson,static 2023-01…2024-12 (retrospective),-0.011997437698438683,61.0,1.0,-0.2508290749103341,0.22958389318063083,0.9268825787791379,0.9267,9999.0,20261009.0,0.953,0.10953298085447698,0.364,0.010503630994252555,0.9506758349705304,1.0,0.9716132812499999,False,False,,,,,,,
v5-20261009T121014Z-d833d0,features_x_external[spearman],pop_growth,ext_emp_share_agri_v4,spearman,static 2023-01…2024-12 (retrospective),-0.03811837929093304,61.0,1.0,-0.2782698109720078,0.21564026070497191,0.7705458262808619,0.7714,9999.0,20261009.0,0.799,0.026864093072448435,0.822,-0.018830983366188683,0.8621885106382978,1.0,0.885515923566879,False,False,,,,,,,
v5-20261009T121014Z-d833d0,features_x_external[pearson],pop_growth,ext_equalization_grants_pc_v4,pearson,static 2023-01…2024-12 (retrospective),-0.5867505073726863,62.0,0.0,-0.7462933884602648,-0.43638559765134927,5.392104528126463e-07,0.0001,9999.0,20261009.0,0.002,-0.012472145026913318,0.934,-0.5557314757751527,0.0006214285714285715,0.004247986783703567,0.0116,False,True,,,,,,,
v5-20261009T121014Z-d833d0,features_x_external[spearman],pop_growth,ext_equalization_grants_pc_v4,spearman,static 2023-01…2024-12 (retrospective),-0.6386895318677445,62.0,0.0,-0.7695386226697942,-0.4524489163567779,2.3304180578483708e-08,0.0001,9999.0,20261009.0,0.001,-0.0885648812671552,0.493,-0.6225277630883129,0.0005612903225806452,0.0038368912885064473,0.007565217391304348,False,True,,,,,,,
v5-20261009T121014Z-d833d0,features_x_external[pearson],pop_growth,ext_urban_share_v4,pearson,static 2023-01…2024-12 (retrospective),0.4007348203189238,62.0,0.0,0.15518404572420694,0.6800686965010815,0.0012483601716353153,0.0019,9999.0,20261009.0,0.01,-0.15457940818896318,0.221,0.3622742106230309,0.007135251798561152,0.04877544537259634,0.03575342465753425,False,False,,,,,,,
v5-20261009T121014Z-d833d0,features_x_external[spearman],pop_growth,ext_urban_share_v4,spearman,static 2023-01…2024-12 (retrospective),0.5272634946579939,62.0,0.0,0.33406570488105986,0.6897761052622646,1.0675334370361303e-05,0.0002,9999.0,20261009.0,0.001,-0.03019314547606457,0.815,0.5085512473530583,0.0009490909090909091,0.006487834360565446,0.007565217391304348,False,False,,,,,,,
v5-20261009T121014Z-d833d0,features_x_external[pearson],pop_growth,ext_log_density_v4,pearson,static 2023-01…2024-12 (retrospective),0.5570467548851188,62.0,0.0,0.41173129646449613,0.7204609056997077,2.5736052182785526e-06,0.0001,9999.0,20261009.0,0.002,0.08706594801142009,0.5,0.518665335716638,0.0006214285714285715,0.004247986783703567,0.0116,False,True,,,,,,,
v5-20261009T121014Z-d833d0,features_x_external[spearman],pop_growth,ext_log_density_v4,spearman,static 2023-01…2024-12 (retrospective),0.625796378837098,62.0,0.0,0.4050040019601185,0.7672956584852011,5.364817111076532e-08,0.0001,9999.0,20261009.0,0.001,0.0391579159426859,0.761,0.6084082496033844,0.0005612903225806452,0.0038368912885064473,0.007565217391304348,False,True,,,,,,,
v5-20261009T121014Z-d833d0,features_x_external[pearson],pop_growth,ext_employees_per_1000_v4,pearson,static 2023-01…2024-12 (retrospective),0.28231231772791227,61.0,1.0,-0.012013272299309747,0.5647308368828263,0.027498582385886074,0.0302,9999.0,20261009.0,0.079,-0.19159116078779778,0.151,0.20905603316128826,0.07165636363636363,0.4898314942226912,0.16900819672131148,False,False,,,,,,,
v5-20261009T121014Z-d833d0,features_x_external[spearman],pop_growth,ext_employees_per_1000_v4,spearman,static 2023-01…2024-12 (retrospective),0.3132205182443152,61.0,1.0,0.05905717351535532,0.5496541515004367,0.013974632390316712,0.0126,9999.0,20261009.0,0.042,-0.01723955579058699,0.902,0.2823006390664074,0.031773913043478264,0.21720141120153888,0.09250632911392406,False,False,,,,,,,
v5-20261009T121014Z-d833d0,features_x_external[pearson],pop_growth,ext_msp2026_per_1000,pearson,static 2023-01…2024-12 (retrospective),0.7829314008146887,62.0,0.0,0.6054907034537073,0.8795463121656428,5.558548240371958e-14,0.0001,9999.0,20261009.0,0.001,0.6332514898663735,0.001,0.7746003363980661,0.0006214285714285715,0.004247986783703567,0.008847457627118643,False,True,,,,,,,
v5-20261009T121014Z-d833d0,features_x_external[spearman],pop_growth,ext_msp2026_per_1000,spearman,static 2023-01…2024-12 (retrospective),0.6095792097907381,62.0,0.0,0.4188184247115511,0.7556345733421124,1.4528857282988747e-07,0.0001,9999.0,20261009.0,0.001,0.41945556646772936,0.001,0.5902168164992067,0.0005612903225806452,0.0038368912885064473,0.007565217391304348,False,True,,,,,,,
v5-20261009T121014Z-d833d0,features_x_external[pearson],pop_growth,msp_lq_agri,pearson,static 2023-01…2024-12 (retrospective),-0.6331361052885108,62.0,0.0,-0.7541944307154186,-0.47951190359968643,3.353186605382446e-08,0.0001,9999.0,20261009.0,0.001,-0.28583618725223603,0.031,-0.6139379560311738,0.0006214285714285715,0.004247986783703567,0.008847457627118643,False,True,,,,,,,
v5-20261009T121014Z-d833d0,features_x_external[spearman],pop_growth,msp_lq_agri,spearman,static 2023-01…2024-12 (retrospective),-0.639293898416056,62.0,0.0,-0.7838151501775763,-0.43411885601580524,2.2389530657581753e-08,0.0001,9999.0,20261009.0,0.001,-0.31238195965853294,0.02,-0.6224219989423585,0.0005612903225806452,0.0038368912885064473,0.007565217391304348,False,True,,,,,,,
v5-20261009T121014Z-d833d0,features_x_external[pearson],pop_growth,msp_lq_business_services,pearson,static 2023-01…2024-12 (retrospective),0.6402558532473046,62.0,0.0,0.4679045921536715,0.7642507478354764,2.1003376123694104e-08,0.0001,9999.0,20261009.0,0.001,0.2984064299744282,0.015,0.610855200989404,0.0006214285714285715,0.004247986783703567,0.008847457627118643,False,True,,,,,,,
v5-20261009T121014Z-d833d0,features_x_external[spearman],pop_growth,msp_lq_business_services,spearman,static 2023-01…2024-12 (retrospective),0.6208103548135278,62.0,0.0,0.42057548389366634,0.7599166386034283,7.331734375892533e-08,0.0001,9999.0,20261009.0,0.001,0.2655435521643877,0.041,0.6027498677948175,0.0005612903225806452,0.0038368912885064473,0.007565217391304348,False,True,,,,,,,
v5-20261009T121014Z-d833d0,features_x_external[pearson],pop_growth,msp_lq_construction,pearson,static 2023-01…2024-12 (retrospective),0.3682734022596361,62.0,0.0,0.11583729811384293,0.5630681755403644,0.0032291448299396675,0.0034,9999.0,20261009.0,0.022,0.20588573990882553,0.115,0.34166235462082356,0.011162264150943397,0.0763034607185999,0.06451685393258426,False,False,,,,,,,
v5-20261009T121014Z-d833d0,features_x_external[spearman],pop_growth,msp_lq_construction,spearman,static 2023-01…2024-12 (retrospective),0.25139130215809224,62.0,0.0,-0.008761043760443824,0.47059327978279347,0.048729515130536596,0.0503,9999.0,20261009.0,0.083,0.09319835813754375,0.475,0.2178741406663141,0.10176976744186046,0.695681928624198,0.1616641791044776,False,False,,,,,,,
v5-20261009T121014Z-d833d0,features_x_external[pearson],pop_growth,msp_lq_consumer_services,pearson,static 2023-01…2024-12 (retrospective),0.33806881360343294,62.0,0.0,0.14743609932774188,0.5665936609578062,0.007200890779619307,0.0082,9999.0,20261009.0,0.038,0.1348675430089977,0.29,0.34790932837380867,0.023263043478260872,0.15902246177255525,0.09723529411764704,False,False,,,,,,,
v5-20261009T121014Z-d833d0,features_x_external[spearman],pop_growth,msp_lq_consumer_services,spearman,static 2023-01…2024-12 (retrospective),0.5498980131449724,62.0,0.0,0.34684387281953866,0.6997752773586637,3.6667367518510657e-06,0.0002,9999.0,20261009.0,0.002,0.3171161642869734,0.011,0.56351136964569,0.0009490909090909091,0.006487834360565446,0.010989473684210526,False,True,,,,,,,
v5-20261009T121014Z-d833d0,features_x_external[pearson],pop_growth,msp_lq_industry,pearson,static 2023-01…2024-12 (retrospective),0.14714794649178473,62.0,0.0,-0.0658621141190236,0.33582757327659346,0.25374920534546586,0.2521,9999.0,20261009.0,0.453,0.11401855438748279,0.404,0.1671983189097144,0.39518378378378377,1.0,0.6203874345549739,False,False,,,,,,,
v5-20261009T121014Z-d833d0,features_x_external[spearman],pop_growth,msp_lq_industry,spearman,static 2023-01…2024-12 (retrospective),0.15700939286343835,62.0,0.0,-0.11933432810500336,0.3991176007516636,0.22295464253267497,0.2159,9999.0,20261009.0,0.194,0.12195613306136839,0.36,0.17905869910100472,0.3334313609467455,1.0,0.3214857142857143,False,False,,,,,,,
v5-20261009T121014Z-d833d0,features_x_external[pearson],pop_growth,msp_lq_social,pearson,static 2023-01…2024-12 (retrospective),0.3780559853051276,62.0,0.0,0.19761581022198302,0.5612386625234015,0.002449304465633828,0.0029,9999.0,20261009.0,0.015,0.11160253648485646,0.365,0.3582623649295324,0.00995921052631579,0.068079577665144,0.04803680981595092,False,False,,,,,,,
v5-20261009T121014Z-d833d0,features_x_external[spearman],pop_growth,msp_lq_social,spearman,static 2023-01…2024-12 (retrospective),0.4540555513585657,62.0,0.0,0.22604391188534206,0.6250826017477694,0.00020991855877537327,0.0003,9999.0,20261009.0,0.002,0.23300848631361587,0.066,0.43749338974087776,0.0013159663865546219,0.008995736718431081,0.010989473684210526,False,True,,,,,,,
v5-20261009T121014Z-d833d0,features_x_external[pearson],pop_growth,msp_lq_trade,pearson,static 2023-01…2024-12 (retrospective),0.05702235127299681,62.0,0.0,-0.15977154367103835,0.2960344768151667,0.6597810738402837,0.6579,9999.0,20261009.0,0.733,-0.09567901565609012,0.461,0.08164615495605501,0.7682859060402686,1.0,0.8372560175054705,False,False,,,,,,,
v5-20261009T121014Z-d833d0,features_x_external[spearman],pop_growth,msp_lq_trade,spearman,static 2023-01…2024-12 (retrospective),0.09511218554053033,62.0,0.0,-0.1606553729245643,0.34615837411008094,0.4621309936495599,0.4578,9999.0,20261009.0,0.466,-0.02616403515398756,0.847,0.12273929138022209,0.5758351807228915,1.0,0.6096541353383459,False,False,,,,,,,
v5-20261009T121014Z-d833d0,features_x_external[pearson],pop_growth,msp_lq_transport,pearson,static 2023-01…2024-12 (retrospective),-0.11642418839326421,62.0,0.0,-0.32390710643138,0.06834533822688454,0.36751474151605035,0.3696,9999.0,20261009.0,0.468,-0.008838383445271714,0.953,-0.09695055498075561,0.5117538461538461,1.0,0.6326046511627906,False,False,,,,,,,
v5-20261009T121014Z-d833d0,features_x_external[spearman],pop_growth,msp_lq_transport,spearman,static 2023-01…2024-12 (retrospective),-0.1658230716929818,62.0,0.0,-0.3957764904732988,0.09257223895931818,0.19772558296990483,0.2006,9999.0,20261009.0,0.252,-0.023192566291455767,0.868,-0.14553146483342144,0.3182772036474164,1.0,0.3962168674698795,False,False,,,,,,,
v5-20261009T121014Z-d833d0,features_x_external[pearson],pop_growth,ext_msp2026_eci,pearson,static 2023-01…2024-12 (retrospective),0.5592234764830672,62.0,0.0,0.3449203216965926,0.7158317707678908,2.306840499860354e-06,0.0001,9999.0,20261009.0,0.003,0.23491952350255704,0.062,0.5194522957663441,0.0006214285714285715,0.004247986783703567,0.015504950495049507,False,True,,,,,,,
v5-20261009T121014Z-d833d0,features_x_external[spearman],pop_growth,ext_msp2026_eci,spearman,static 2023-01…2024-12 (retrospective),0.5232938808005274,62.0,0.0,0.2839281219185725,0.7076787396832035,1.2775574258756862e-05,0.0001,9999.0,20261009.0,0.003,0.18511243735992547,0.141,0.5011502156753388,0.0005612903225806452,0.0038368912885064473,0.013982142857142858,False,True,,,,,,,
v5-20261009T121014Z-d833d0,features_x_external[pearson],pop_growth,ext_msp2026_diversity,pearson,static 2023-01…2024-12 (retrospective),0.45278882806621656,62.0,0.0,0.2480829817366649,0.6294064117632893,0.00021976289120344194,0.0003,9999.0,20261009.0,0.011,0.001274024937822261,0.987,0.4132548171609369,0.0015057692307692307,0.01029319874512787,0.03777631578947368,False,True,,,,,,,
v5-20261009T121014Z-d833d0,features_x_external[spearman],pop_growth,ext_msp2026_diversity,spearman,static 2023-01…2024-12 (retrospective),0.4910110910427338,62.0,0.0,0.24710238649404945,0.6872910176719456,5.079289823167243e-05,0.0001,9999.0,20261009.0,0.004,0.07310317040618468,0.583,0.4679827531949617,0.0005612903225806452,0.0038368912885064473,0.0174,False,True,,,,,,,
v5-20261009T121014Z-d833d0,features_x_external[pearson],pop_growth,ext_old_age_ratio_65_per100_20_64,pearson,static 2023-01…2024-12 (retrospective),-0.4761467059195242,62.0,0.0,-0.6036722253426109,-0.31556896909635596,9.165598057933323e-05,0.0004,9999.0,20261009.0,0.018,-0.40178649274372213,0.001,-0.46803714089306553,0.0018981818181818182,0.012975668721130892,0.05527058823529412,False,False,,,,,,,
v5-20261009T121014Z-d833d0,features_x_external[spearman],pop_growth,ext_old_age_ratio_65_per100_20_64,spearman,static 2023-01…2024-12 (retrospective),-0.44725642769006063,62.0,0.0,-0.6410714170017253,-0.2000728369866148,0.00026790450032900876,0.0004,9999.0,20261009.0,0.008,-0.38515776485104886,0.001,-0.4318878900052882,0.0016571428571428575,0.011327964756542845,0.026941935483870968,False,True,,,,,,,
v5-20261009T121014Z-d833d0,features_x_external[pearson],pop_growth,ext_youth_ratio_0_19_per100_20_64,pearson,static 2023-01…2024-12 (retrospective),0.1362904807173182,62.0,0.0,-0.07502987531873043,0.32279211788136625,0.29085362262785286,0.2893,9999.0,20261009.0,0.454,0.29590363096353295,0.023,0.16496270447177402,0.4364583815028902,1.0,0.6203874345549739,False,False,,,,,,,
v5-20261009T121014Z-d833d0,features_x_external[spearman],pop_growth,ext_youth_ratio_0_19_per100_20_64,spearman,static 2023-01…2024-12 (retrospective),0.16134068645967115,62.0,0.0,-0.09845525689308064,0.4138218070195133,0.2102893006991923,0.2133,9999.0,20261009.0,0.299,0.26891793205912723,0.04,0.19164463246959276,0.33184285714285716,1.0,0.447214899713467,False,False,,,,,,,
v5-20261009T121014Z-d833d0,features_x_external[pearson],pop_growth,ext_balance_residual_share_2024,pearson,static 2023-01…2024-12 (retrospective),0.17956334438908625,62.0,0.0,-0.0884032516977228,0.4197262507499086,0.16256729253633925,0.162,9999.0,20261009.0,0.199,0.18244956856537198,0.155,0.16377676475802797,0.28317190635451506,1.0,0.3521288135593221,False,False,,,,,,,
v5-20261009T121014Z-d833d0,features_x_external[spearman],pop_growth,ext_balance_residual_share_2024,spearman,static 2023-01…2024-12 (retrospective),0.21014328523582884,62.0,0.0,-0.07638621425226756,0.46248767485914927,0.10113872761655955,0.1035,9999.0,20261009.0,0.12,0.14728916421142757,0.249,0.1893178212585933,0.18314237288135593,1.0,0.21902097902097903,False,False,,,,,,,
v5-20261009T121014Z-d833d0,features_x_external[pearson],natinc_rate,ext_census_wage_main_share,pearson,static 2023-01…2024-12 (retrospective),0.451129396668825,62.0,0.0,0.16876691992861423,0.6821204004164215,0.00023329816905170032,0.0002,9999.0,20261009.0,0.013,-0.0026953240992717625,0.981,0.41800335467326666,0.0010875000000000001,0.0074339768714812415,0.04294936708860759,False,False,,,,,,,
v5-20261009T121014Z-d833d0,features_x_external[spearman],natinc_rate,ext_census_wage_main_share,spearman,static 2023-01…2024-12 (retrospective),0.49759476704650063,62.0,0.0,0.251174940666561,0.6921014388374879,3.876340692880522e-05,0.0001,9999.0,20261009.0,0.006,0.12563269623026366,0.326,0.4783413610751908,0.0005612903225806452,0.0038368912885064473,0.022532374100719427,False,True,,,,,,,
v5-20261009T121014Z-d833d0,features_x_external[pearson],natinc_rate,ext_census_pension_benefit_main_share,pearson,static 2023-01…2024-12 (retrospective),-0.6705179613884927,62.0,0.0,-0.805845124640565,-0.5063407827636915,2.4941953408898712e-09,0.0001,9999.0,20261009.0,0.002,-0.47465643864475443,0.001,-0.6553125509947474,0.0006214285714285715,0.004247986783703567,0.0116,False,True,,,,,,,
v5-20261009T121014Z-d833d0,features_x_external[spearman],natinc_rate,ext_census_pension_benefit_main_share,spearman,static 2023-01…2024-12 (retrospective),-0.6875204712676709,62.0,0.0,-0.8085411776878542,-0.5209483648577289,6.735762809253256e-10,0.0001,9999.0,20261009.0,0.002,-0.4447885976177885,0.002,-0.6744327582651809,0.0005612903225806452,0.0038368912885064473,0.010989473684210526,False,True,,,,,,,
v5-20261009T121014Z-d833d0,features_x_external[pearson],natinc_rate,ext_census_dependent_main_share,pearson,static 2023-01…2024-12 (retrospective),0.30321031914232244,62.0,0.0,0.06645649781034993,0.5153125718619278,0.016593866270806373,0.0173,9999.0,20261009.0,0.102,0.32698819808738366,0.008,0.3300334444402746,0.04426764705882352,0.30260658794500106,0.20962204724409447,False,False,,,,,,,
v5-20261009T121014Z-d833d0,features_x_external[spearman],natinc_rate,ext_census_dependent_main_share,spearman,static 2023-01…2024-12 (retrospective),0.28830122480038933,62.0,0.0,0.031844381761059415,0.5125887519552482,0.023064095038354885,0.0247,9999.0,20261009.0,0.125,0.31973508599632344,0.015,0.3143544758459086,0.056058260869565224,0.3832053469055722,0.225,False,False,,,,,,,
v5-20261009T121014Z-d833d0,features_x_external[pearson],natinc_rate,ext_census_business_main_share,pearson,static 2023-01…2024-12 (retrospective),0.012692053180042124,62.0,0.0,-0.24054926880088487,0.26015273480269707,0.9220058185709599,0.9201,9999.0,20261009.0,0.919,0.2642670692190942,0.041,0.03436286697137009,0.9506758349705304,1.0,0.9511541501976285,False,False,,,,,,,
v5-20261009T121014Z-d833d0,features_x_external[spearman],natinc_rate,ext_census_business_main_share,spearman,static 2023-01…2024-12 (retrospective),-0.02946732183248498,62.0,0.0,-0.2850395141543186,0.24748788681688186,0.8201490323352111,0.8164,9999.0,20261009.0,0.857,0.21825186975900884,0.089,-0.008806262341775683,0.8951698113207547,1.0,0.9242851239669422,False,False,,,,,,,
v5-20261009T121014Z-d833d0,features_x_external[pearson],natinc_rate,ext_census_subsistence_main_share,pearson,static 2023-01…2024-12 (retrospective),-0.28978093081746636,62.0,0.0,-0.5280343229248384,-0.011522269055672878,0.022338626376835067,0.0216,9999.0,20261009.0,0.046,0.030281771707396724,0.8,-0.27250178562964306,0.05318490566037736,0.3635635481297996,0.11326415094339623,False,False,,,,,,,
v5-20261009T121014Z-d833d0,features_x_external[spearman],natinc_rate,ext_census_subsistence_main_share,spearman,static 2023-01…2024-12 (retrospective),-0.4651807130307672,62.0,0.0,-0.6527732025324777,-0.23222215062902468,0.00013927468675528927,0.0004,9999.0,20261009.0,0.001,-0.02943768729067513,0.815,-0.447135987011241,0.0016571428571428575,0.011327964756542845,0.007565217391304348,False,True,,,,,,,
v5-20261009T121014Z-d833d0,features_x_external[pearson],natinc_rate,ext_census_higher_edu_share,pearson,static 2023-01…2024-12 (retrospective),0.5467988625863389,62.0,0.0,0.3879641332229561,0.6928428294116826,4.264151278203344e-06,0.0001,9999.0,20261009.0,0.011,0.24629439790381555,0.062,0.5505882800173831,0.0006214285714285715,0.004247986783703567,0.03777631578947368,False,True,,,,,,,
v5-20261009T121014Z-d833d0,features_x_external[spearman],natinc_rate,ext_census_higher_edu_share,spearman,static 2023-01…2024-12 (retrospective),0.4955295359437111,62.0,0.0,0.2875649150822092,0.6574696124864069,4.221846855936947e-05,0.0004,9999.0,20261009.0,0.022,0.04152501825690615,0.728,0.47331676694624986,0.0016571428571428575,0.011327964756542845,0.05601951219512195,False,False,,,,,,,
v5-20261009T121014Z-d833d0,features_x_external[pearson],natinc_rate,ext_market_access_sber,pearson,static 2023-01…2024-12 (retrospective),0.3072682388605749,62.0,0.0,-0.2163262745537257,0.5446321882412217,0.015128869688108091,0.0194,9999.0,20261009.0,0.036,0.20707979744959393,0.07,0.2994825596796264,0.048222857142857144,0.3296437744153967,0.09395999999999999,False,False,,,,,,,
v5-20261009T121014Z-d833d0,features_x_external[spearman],natinc_rate,ext_market_access_sber,spearman,static 2023-01…2024-12 (retrospective),0.010427423673301394,62.0,0.0,-0.26119404222963,0.28695065940086406,0.935889829237066,0.9365,9999.0,20261009.0,0.955,-0.15852030923421723,0.217,-0.030757431675326442,0.9661126482213439,1.0,0.974671875,False,False,,,,,,,
v5-20261009T121014Z-d833d0,features_x_external[pearson],natinc_rate,ext_wage_large_medium_orgs_v4,pearson,static 2023-01…2024-12 (retrospective),0.2730955137565843,62.0,0.0,-0.0569722828403722,0.5486097482279036,0.03174548074119481,0.0323,9999.0,20261009.0,0.135,-0.09776208805606468,0.444,0.2235150575866639,0.074936,0.5122505662908674,0.25625454545454546,False,False,,,,,,,
v5-20261009T121014Z-d833d0,features_x_external[spearman],natinc_rate,ext_wage_large_medium_orgs_v4,spearman,static 2023-01…2024-12 (retrospective),0.2518574515597007,62.0,0.0,-0.011506148667347716,0.5041648118861202,0.048299040318231116,0.0458,9999.0,20261009.0,0.162,-0.08861524514618116,0.503,0.2204739013314831,0.09412440944881889,0.6434194785143448,0.27725901639344264,False,False,,,,,,,
v5-20261009T121014Z-d833d0,features_x_external[pearson],natinc_rate,ext_emp_share_budget_sector_v4,pearson,static 2023-01…2024-12 (retrospective),-0.24319250882884152,61.0,1.0,-0.49351938555505903,0.022753055006474624,0.058950742348455785,0.0591,9999.0,20261009.0,0.216,0.15383638970448182,0.247,-0.21933441016286667,0.12540731707317074,0.8572644548381294,0.37709698996655516,False,False,,,,,,,
v5-20261009T121014Z-d833d0,features_x_external[spearman],natinc_rate,ext_emp_share_budget_sector_v4,spearman,static 2023-01…2024-12 (retrospective),-0.2886232648592787,61.0,1.0,-0.5099719478081861,-0.03561930893931476,0.024081466404937805,0.026,9999.0,20261009.0,0.136,0.14283447911158115,0.279,-0.2636171668482435,0.058725000000000006,0.40143475105998705,0.24146938775510204,False,False,,,,,,,
v5-20261009T121014Z-d833d0,features_x_external[pearson],natinc_rate,ext_emp_share_industry_v4,pearson,static 2023-01…2024-12 (retrospective),0.11291466805495794,61.0,1.0,-0.14043885551474497,0.3845390840543122,0.3862583109511679,0.3931,9999.0,20261009.0,0.554,-0.23644665823356859,0.07,0.10063336592314036,0.5281727506426735,1.0,0.7002130750605328,False,False,,,,,,,
v5-20261009T121014Z-d833d0,features_x_external[spearman],natinc_rate,ext_emp_share_industry_v4,spearman,static 2023-01…2024-12 (retrospective),0.2210938338828281,61.0,1.0,-0.018373353367354874,0.44562175740869764,0.08683477679044346,0.0885,9999.0,20261009.0,0.181,-0.21671073506081434,0.095,0.20927130361091653,0.16379363957597173,1.0,0.3038006430868167,False,False,,,,,,,
v5-20261009T121014Z-d833d0,features_x_external[pearson],natinc_rate,ext_emp_share_agri_v4,pearson,static 2023-01…2024-12 (retrospective),-0.10391928499373962,61.0,1.0,-0.3146978884331485,0.10731820854566382,0.42544763014230846,0.4243,9999.0,20261009.0,0.499,-0.03545247918489749,0.766,-0.08883361270062319,0.560720506329114,1.0,0.6611116751269036,False,False,,,,,,,
v5-20261009T121014Z-d833d0,features_x_external[spearman],natinc_rate,ext_emp_share_agri_v4,spearman,static 2023-01…2024-12 (retrospective),-0.16089257230578705,61.0,1.0,-0.3909078383766643,0.08129019773280652,0.21545540043403857,0.2136,9999.0,20261009.0,0.253,-0.09354838709677418,0.459,-0.14434809593882106,0.33184285714285716,1.0,0.3965945945945946,False,False,,,,,,,
v5-20261009T121014Z-d833d0,features_x_external[pearson],natinc_rate,ext_equalization_grants_pc_v4,pearson,static 2023-01…2024-12 (retrospective),-0.47314327205190676,62.0,0.0,-0.7017406781590018,-0.19357494579519896,0.00010293006923328496,0.0003,9999.0,20261009.0,0.002,-0.008016545630874599,0.95,-0.4448751314287589,0.0015057692307692307,0.01029319874512787,0.0116,False,True,,,,,,,
v5-20261009T121014Z-d833d0,features_x_external[spearman],natinc_rate,ext_equalization_grants_pc_v4,spearman,static 2023-01…2024-12 (retrospective),-0.5394282897505669,62.0,0.0,-0.6994291243245981,-0.32406116414792874,6.069235089803461e-06,0.0001,9999.0,20261009.0,0.001,-0.10347258945884012,0.449,-0.5227957965001907,0.0005612903225806452,0.0038368912885064473,0.007565217391304348,False,True,,,,,,,
v5-20261009T121014Z-d833d0,features_x_external[pearson],natinc_rate,ext_urban_share_v4,pearson,static 2023-01…2024-12 (retrospective),0.3487120069057573,62.0,0.0,0.12040943053767317,0.5593909139890717,0.005475346523216489,0.0064,9999.0,20261009.0,0.025,-0.06674221584274606,0.584,0.31728613632355385,0.018874576271186442,0.12902359858299645,0.07016129032258066,False,False,,,,,,,
v5-20261009T121014Z-d833d0,features_x_external[spearman],natinc_rate,ext_urban_share_v4,spearman,static 2023-01…2024-12 (retrospective),0.40765949019229275,62.0,0.0,0.18540329498460684,0.5886429051693532,0.0010064846948505482,0.0013,9999.0,20261009.0,0.003,-0.08413285991287048,0.53,0.3866718435155507,0.004322292993630573,0.029546506801301234,0.013982142857142858,False,False,,,,,,,
v5-20261009T121014Z-d833d0,features_x_external[pearson],natinc_rate,ext_log_density_v4,pearson,static 2023-01…2024-12 (retrospective),0.4030443962113206,62.0,0.0,0.16054509124093685,0.6103511300546176,0.001162426461621007,0.0013,9999.0,20261009.0,0.015,-0.024117419372483365,0.86,0.36552849084671823,0.0053015625,0.03624063724847105,0.04803680981595092,False,False,,,,,,,
v5-20261009T121014Z-d833d0,features_x_external[spearman],natinc_rate,ext_log_density_v4,spearman,static 2023-01…2024-12 (retrospective),0.38141292464201076,62.0,0.0,0.1252576947522994,0.6016906044469046,0.0022233150399357106,0.0025,9999.0,20261009.0,0.03,-0.18591825942434087,0.151,0.357301533032226,0.007543352601156069,0.051565157490043284,0.0725,False,False,,,,,,,
v5-20261009T121014Z-d833d0,features_x_external[pearson],natinc_rate,ext_employees_per_1000_v4,pearson,static 2023-01…2024-12 (retrospective),0.1531746012788714,61.0,1.0,-0.12636477888783815,0.4194144520294334,0.23857639012786966,0.244,9999.0,20261009.0,0.364,-0.24075475250196876,0.063,0.08791039463608573,0.3871367781155015,1.0,0.5307486033519553,False,False,,,,,,,
v5-20261009T121014Z-d833d0,features_x_external[spearman],natinc_rate,ext_employees_per_1000_v4,spearman,static 2023-01…2024-12 (retrospective),0.16634051090020732,61.0,1.0,-0.0937228805217163,0.42064260086069766,0.200112378099647,0.2061,9999.0,20261009.0,0.328,-0.1917503966155473,0.136,0.13144731174279903,0.3240162162162162,1.0,0.4716694214876034,False,False,,,,,,,
v5-20261009T121014Z-d833d0,features_x_external[pearson],natinc_rate,ext_msp2026_per_1000,pearson,static 2023-01…2024-12 (retrospective),0.5524529650570684,62.0,0.0,0.35618592882664074,0.7169668580051499,3.2340166897658903e-06,0.0001,9999.0,20261009.0,0.006,0.3299706970296382,0.018,0.5314367722927086,0.0006214285714285715,0.004247986783703567,0.025463414634146343,False,True,,,,,,,
v5-20261009T121014Z-d833d0,features_x_external[spearman],natinc_rate,ext_msp2026_per_1000,spearman,static 2023-01…2024-12 (retrospective),0.49263317525077455,62.0,0.0,0.27659947307327265,0.6710023713082225,4.754507774242861e-05,0.0001,9999.0,20261009.0,0.01,0.25325476568205285,0.052,0.4700111129140516,0.0005612903225806452,0.0038368912885064473,0.031636363636363636,False,True,,,,,,,
v5-20261009T121014Z-d833d0,features_x_external[pearson],natinc_rate,msp_lq_agri,pearson,static 2023-01…2024-12 (retrospective),-0.38606466845062,62.0,0.0,-0.6514479757396964,-0.086289845909905,0.0019409556210608224,0.0024,9999.0,20261009.0,0.047,0.01223522466764554,0.928,-0.360932092994226,0.008580821917808219,0.05865713257497527,0.11464485981308412,False,False,,,,,,,
v5-20261009T121014Z-d833d0,features_x_external[spearman],natinc_rate,msp_lq_agri,spearman,static 2023-01…2024-12 (retrospective),-0.4225160607365539,62.0,0.0,-0.6489237925185032,-0.16034432947696023,0.000624145802959436,0.001,9999.0,20261009.0,0.03,-0.08710432877540228,0.48,-0.4003543711475738,0.003551020408163265,0.024274210192591805,0.0725,False,False,,,,,,,
v5-20261009T121014Z-d833d0,features_x_external[pearson],natinc_rate,msp_lq_business_services,pearson,static 2023-01…2024-12 (retrospective),0.45675680458076456,62.0,0.0,0.22969333861647753,0.6371722080297264,0.0001902598847487762,0.0004,9999.0,20261009.0,0.021,0.10839581021405768,0.404,0.42340896804009714,0.0018981818181818182,0.012975668721130892,0.062284090909090914,False,False,,,,,,,
v5-20261009T121014Z-d833d0,features_x_external[spearman],natinc_rate,msp_lq_business_services,spearman,static 2023-01…2024-12 (retrospective),0.4459639894767619,62.0,0.0,0.20349507025977595,0.6339553039223478,0.0002804573336506546,0.0005,9999.0,20261009.0,0.021,0.11606355921533076,0.376,0.4228063733342631,0.0020076923076923076,0.013724264993503828,0.053735294117647055,False,False,,,,,,,
v5-20261009T121014Z-d833d0,features_x_external[pearson],natinc_rate,msp_lq_construction,pearson,static 2023-01…2024-12 (retrospective),0.26922303685799026,62.0,0.0,-0.06042721021242836,0.5498813840877398,0.03434803032008271,0.0368,9999.0,20261009.0,0.136,0.11085762025787663,0.375,0.24472035010050522,0.08352000000000001,0.5709294237297594,0.25628880866425996,False,False,,,,,,,
v5-20261009T121014Z-d833d0,features_x_external[spearman],natinc_rate,msp_lq_construction,spearman,static 2023-01…2024-12 (retrospective),0.2828611038466998,62.0,0.0,0.011363079085444028,0.5020833889573338,0.02590507787125194,0.0292,9999.0,20261009.0,0.112,0.14461987862305156,0.259,0.25416512722764595,0.06486127659574467,0.4433813609816215,0.20585915492957746,False,False,,,,,,,
v5-20261009T121014Z-d833d0,features_x_external[pearson],natinc_rate,msp_lq_consumer_services,pearson,static 2023-01…2024-12 (retrospective),0.2993785284639635,62.0,0.0,0.10438895028818468,0.48814227083388884,0.018087036617542223,0.0188,9999.0,20261009.0,0.039,0.12977529979678326,0.315,0.30438907555053085,0.047180769230769234,0.32252022734734,0.09882524271844662,False,False,,,,,,,
v5-20261009T121014Z-d833d0,features_x_external[spearman],natinc_rate,msp_lq_consumer_services,spearman,static 2023-01…2024-12 (retrospective),0.3605843133980235,62.0,0.0,0.13721347503794667,0.5535493044466363,0.003989400824960301,0.0047,9999.0,20261009.0,0.011,0.15489410994434794,0.231,0.36962501126426045,0.013261621621621622,0.09065433417330637,0.034178571428571426,False,False,,,,,,,
v5-20261009T121014Z-d833d0,features_x_external[pearson],natinc_rate,msp_lq_industry,pearson,static 2023-01…2024-12 (retrospective),0.2209455386606845,62.0,0.0,-0.024153686109919196,0.4304158462138087,0.08439781908659233,0.0817,9999.0,20261009.0,0.225,0.2033443477070332,0.099,0.23709429150443898,0.1634,1.0,0.39019933554817277,False,False,,,,,,,
v5-20261009T121014Z-d833d0,features_x_external[spearman],natinc_rate,msp_lq_industry,spearman,static 2023-01…2024-12 (retrospective),0.14358393313418535,62.0,0.0,-0.11892442525108458,0.37992121160874753,0.2655566998504772,0.2612,9999.0,20261009.0,0.462,0.12951071491526275,0.317,0.16369598767444887,0.3829955056179775,1.0,0.6074659949622166,False,False,,,,,,,
v5-20261009T121014Z-d833d0,features_x_external[pearson],natinc_rate,msp_lq_social,pearson,static 2023-01…2024-12 (retrospective),0.32999811148097347,62.0,0.0,0.1485345992425668,0.5019684521660118,0.008809817858257433,0.011,9999.0,20261009.0,0.02,0.11254357468747621,0.379,0.31223779488350195,0.03006282722513089,0.2055047009498479,0.06034682080924855,False,False,,,,,,,
v5-20261009T121014Z-d833d0,features_x_external[spearman],natinc_rate,msp_lq_social,spearman,static 2023-01…2024-12 (retrospective),0.3868530455957003,62.0,0.0,0.15618551201627073,0.566301858084285,0.001896419062297776,0.0028,9999.0,20261009.0,0.008,0.13530256100324847,0.302,0.36951923033523004,0.008304545454545455,0.05676855065494766,0.026941935483870968,False,False,,,,,,,
v5-20261009T121014Z-d833d0,features_x_external[pearson],natinc_rate,msp_lq_trade,pearson,static 2023-01…2024-12 (retrospective),-0.03914537941852929,62.0,0.0,-0.32564365878924934,0.26227922967437833,0.7625956402639258,0.7704,9999.0,20261009.0,0.863,-0.17130045132933405,0.193,-0.022666148031968918,0.8532266949152542,1.0,0.9231270491803278,False,False,,,,,,,
v5-20261009T121014Z-d833d0,features_x_external[spearman],natinc_rate,msp_lq_trade,spearman,static 2023-01…2024-12 (retrospective),-0.028258406064998423,62.0,0.0,-0.29524509416007205,0.24034332161917932,0.8274118367096349,0.8304,9999.0,20261009.0,0.901,-0.11193372113520182,0.416,-0.004442799019274218,0.90306,1.0,0.9454698795180723,False,False,,,,,,,
v5-20261009T121014Z-d833d0,features_x_external[pearson],natinc_rate,msp_lq_transport,pearson,static 2023-01…2024-12 (retrospective),-0.27196030045018166,62.0,0.0,-0.4804251855352582,-0.052487584962149884,0.03249075260453324,0.035,9999.0,20261009.0,0.017,-0.2213490734443791,0.09,-0.2600578588752488,0.08013157894736841,0.5477667168459861,0.052821428571428575,False,False,,,,,,,
v5-20261009T121014Z-d833d0,features_x_external[spearman],natinc_rate,msp_lq_transport,spearman,static 2023-01…2024-12 (retrospective),-0.2848759634591775,62.0,0.0,-0.5056469269837147,-0.044818394591070655,0.024820264201636074,0.0261,9999.0,20261009.0,0.024,-0.18042859661051094,0.166,-0.2660125912790438,0.058725000000000006,0.40143475105998705,0.060230769230769234,False,False,,,,,,,
v5-20261009T121014Z-d833d0,features_x_external[pearson],natinc_rate,ext_msp2026_eci,pearson,static 2023-01…2024-12 (retrospective),0.5241463641809646,62.0,0.0,0.32327726896459985,0.6727460573404517,1.2294547789887579e-05,0.0001,9999.0,20261009.0,0.004,0.2785960712254066,0.025,0.4984543796341891,0.0006214285714285715,0.004247986783703567,0.01933333333333333,False,True,,,,,,,
v5-20261009T121014Z-d833d0,features_x_external[spearman],natinc_rate,ext_msp2026_eci,spearman,static 2023-01…2024-12 (retrospective),0.47549365680282957,62.0,0.0,0.2543423837884082,0.6577752105479749,9.400593507683682e-05,0.0001,9999.0,20261009.0,0.002,0.17514038931278486,0.17,0.45391796868943335,0.0005612903225806452,0.0038368912885064473,0.010989473684210526,False,True,,,,,,,
v5-20261009T121014Z-d833d0,features_x_external[pearson],natinc_rate,ext_msp2026_diversity,pearson,static 2023-01…2024-12 (retrospective),0.39086011773255575,62.0,0.0,0.1701445160646831,0.586479639999908,0.001683885643760118,0.0025,9999.0,20261009.0,0.01,0.041810238671623964,0.764,0.3585625823238714,0.008877551020408164,0.06068552548147952,0.03575342465753425,False,False,,,,,,,
v5-20261009T121014Z-d833d0,features_x_external[spearman],natinc_rate,ext_msp2026_diversity,spearman,static 2023-01…2024-12 (retrospective),0.3915988514566355,62.0,0.0,0.146492603848827,0.5957785737600068,0.0016471219264507148,0.0024,9999.0,20261009.0,0.004,0.021329102767495153,0.888,0.36828462624433156,0.007283720930232557,0.04979035672061854,0.0174,False,True,,,,,,,
v5-20261009T121014Z-d833d0,features_x_external[pearson],natinc_rate,ext_old_age_ratio_65_per100_20_64,pearson,static 2023-01…2024-12 (retrospective),-0.7625839197693678,62.0,0.0,-0.8530850550416681,-0.6331470402520005,5.938251202441651e-13,0.0001,9999.0,20261009.0,0.001,-0.7557631229288719,0.001,-0.761084341984451,0.0006214285714285715,0.004247986783703567,0.008847457627118643,False,True,,,,,,,
v5-20261009T121014Z-d833d0,features_x_external[spearman],natinc_rate,ext_old_age_ratio_65_per100_20_64,spearman,static 2023-01…2024-12 (retrospective),-0.7362045166541611,62.0,0.0,-0.848329388691076,-0.5799708027103183,9.212283588028362e-12,0.0001,9999.0,20261009.0,0.001,-0.729394877993503,0.001,-0.7282488059093656,0.0005612903225806452,0.0038368912885064473,0.007565217391304348,False,True,,,,,,,
v5-20261009T121014Z-d833d0,features_x_external[pearson],natinc_rate,ext_youth_ratio_0_19_per100_20_64,pearson,static 2023-01…2024-12 (retrospective),0.5161711854900153,62.0,0.0,0.245715540119132,0.701057944118489,1.753492476468223e-05,0.0002,9999.0,20261009.0,0.006,0.6978431704878544,0.001,0.5463014316463536,0.0010875000000000001,0.0074339768714812415,0.025463414634146343,False,True,,,,,,,
v5-20261009T121014Z-d833d0,features_x_external[spearman],natinc_rate,ext_youth_ratio_0_19_per100_20_64,spearman,static 2023-01…2024-12 (retrospective),0.4466188188508173,62.0,0.0,0.21073917868312117,0.6526414891211572,0.0002740316894164346,0.0003,9999.0,20261009.0,0.02,0.6098813930648939,0.001,0.48095943906869176,0.0013159663865546219,0.008995736718431081,0.05168316831683169,False,False,,,,,,,
v5-20261009T121014Z-d833d0,features_x_external[pearson],natinc_rate,ext_balance_residual_share_2024,pearson,static 2023-01…2024-12 (retrospective),0.09702421434063252,62.0,0.0,-0.1860448050827472,0.36952150982989285,0.4531376160311363,0.4551,9999.0,20261009.0,0.46,0.0723734423795978,0.571,0.08224954593268602,0.5894843672456576,1.0,0.6253125,False,False,,,,,,,
v5-20261009T121014Z-d833d0,features_x_external[spearman],natinc_rate,ext_balance_residual_share_2024,spearman,static 2023-01…2024-12 (retrospective),0.06031985964854832,62.0,0.0,-0.2141586033760573,0.3195836090793385,0.641417638813565,0.6455,9999.0,20261009.0,0.636,-0.024401299388078872,0.857,0.03395567821873867,0.7538053691275168,1.0,0.7455470852017938,False,False,,,,,,,
v5-20261009T121014Z-d833d0,features_x_external[pearson],migr_rate,ext_census_wage_main_share,pearson,static 2023-01…2024-12 (retrospective),0.5895165429241501,62.0,0.0,0.4594800935667357,0.706544396914612,4.624609801456056e-07,0.0001,9999.0,20261009.0,0.002,0.15948042969001835,0.225,0.5588759828486415,0.0006214285714285715,0.004247986783703567,0.0116,False,True,,,,,,,
v5-20261009T121014Z-d833d0,features_x_external[spearman],migr_rate,ext_census_wage_main_share,spearman,static 2023-01…2024-12 (retrospective),0.5540600093613544,62.0,0.0,0.3516177537799373,0.6963613218724004,2.9868054927742385e-06,0.0001,9999.0,20261009.0,0.003,0.09773110724988039,0.445,0.5332963154394594,0.0005612903225806452,0.0038368912885064473,0.013982142857142858,False,True,,,,,,,
v5-20261009T121014Z-d833d0,features_x_external[pearson],migr_rate,ext_census_pension_benefit_main_share,pearson,static 2023-01…2024-12 (retrospective),-0.5486281857078881,62.0,0.0,-0.6922872239140855,-0.33970294608209745,3.901379729218776e-06,0.0001,9999.0,20261009.0,0.002,-0.16340899975186207,0.217,-0.5169313010238422,0.0006214285714285715,0.004247986783703567,0.0116,False,True,,,,,,,
v5-20261009T121014Z-d833d0,features_x_external[spearman],migr_rate,ext_census_pension_benefit_main_share,spearman,static 2023-01…2024-12 (retrospective),-0.49697183368540704,62.0,0.0,-0.6604845314492169,-0.25671837868461894,3.97769651733341e-05,0.0001,9999.0,20261009.0,0.007,-0.06705950492306917,0.614,-0.47314216215348737,0.0005612903225806452,0.0038368912885064473,0.0252,False,True,,,,,,,
v5-20261009T121014Z-d833d0,features_x_external[pearson],migr_rate,ext_census_dependent_main_share,pearson,static 2023-01…2024-12 (retrospective),0.0786921276316689,62.0,0.0,-0.1664667648564309,0.2872162777822871,0.5432163690565349,0.5436,9999.0,20261009.0,0.659,0.05778101305911764,0.666,0.10496796846023274,0.669243396226415,1.0,0.7771216216216217,False,False,,,,,,,
v5-20261009T121014Z-d833d0,features_x_external[spearman],migr_rate,ext_census_dependent_main_share,spearman,static 2023-01…2024-12 (retrospective),0.021933745484671373,62.0,0.0,-0.21571665042735158,0.2651200518547068,0.865629858509623,0.8678,9999.0,20261009.0,0.908,-0.049029236231774576,0.692,0.04159230027201496,0.922589816700611,1.0,0.947952,False,False,,,,,,,
v5-20261009T121014Z-d833d0,features_x_external[pearson],migr_rate,ext_census_business_main_share,pearson,static 2023-01…2024-12 (retrospective),-0.23158220446579011,62.0,0.0,-0.47018982074865495,-0.019234188803968457,0.0701288675633183,0.0684,9999.0,20261009.0,0.131,-0.01097208595579442,0.926,-0.21341554857524525,0.1416857142857143,0.9685409866844132,0.2504835164835165,False,False,,,,,,,
v5-20261009T121014Z-d833d0,features_x_external[spearman],migr_rate,ext_census_business_main_share,spearman,static 2023-01…2024-12 (retrospective),-0.3342692738961284,62.0,0.0,-0.5349129464865541,-0.11086156948320969,0.007923145315456756,0.0078,9999.0,20261009.0,0.035,-0.09747928785475057,0.451,-0.32253202715704926,0.0207734693877551,0.14200412962666206,0.08120000000000001,False,False,,,,,,,
v5-20261009T121014Z-d833d0,features_x_external[pearson],migr_rate,ext_census_subsistence_main_share,pearson,static 2023-01…2024-12 (retrospective),-0.40101577597418847,62.0,0.0,-0.5270041692349022,-0.2763840568965241,0.0012376096548319458,0.0019,9999.0,20261009.0,0.008,-0.06824208144577644,0.599,-0.3848813182460741,0.007135251798561152,0.04877544537259634,0.0313984962406015,False,True,,,,,,,
v5-20261009T121014Z-d833d0,features_x_external[spearman],migr_rate,ext_census_subsistence_main_share,spearman,static 2023-01…2024-12 (retrospective),-0.532075899363515,62.0,0.0,-0.6756841350457221,-0.338790260109102,8.560433075394205e-06,0.0001,9999.0,20261009.0,0.001,-0.050540152602553456,0.712,-0.5144700485649046,0.0005612903225806452,0.0038368912885064473,0.007565217391304348,False,True,,,,,,,
v5-20261009T121014Z-d833d0,features_x_external[pearson],migr_rate,ext_census_higher_edu_share,pearson,static 2023-01…2024-12 (retrospective),0.6333643848285266,62.0,0.0,0.37481445937285396,0.8036471423631465,3.303877071542816e-08,0.0001,9999.0,20261009.0,0.002,0.3134113257101001,0.015,0.6371209011642098,0.0006214285714285715,0.004247986783703567,0.0116,False,True,,,,,,,
v5-20261009T121014Z-d833d0,features_x_external[spearman],migr_rate,ext_census_higher_edu_share,spearman,static 2023-01…2024-12 (retrospective),0.5552183931642187,62.0,0.0,0.36511022489482853,0.7001508353758564,2.8196911557985946e-06,0.0001,9999.0,20261009.0,0.002,0.088816700662285,0.517,0.535623157412719,0.0005612903225806452,0.0038368912885064473,0.010989473684210526,False,True,,,,,,,
v5-20261009T121014Z-d833d0,features_x_external[pearson],migr_rate,ext_market_access_sber,pearson,static 2023-01…2024-12 (retrospective),0.6332422090723762,62.0,0.0,0.34556988405531813,0.8147916952474654,3.330181791096357e-08,0.0001,9999.0,20261009.0,0.001,0.627465618189196,0.001,0.6346918569003862,0.0006214285714285715,0.004247986783703567,0.008847457627118643,False,True,,,,,,,
v5-20261009T121014Z-d833d0,features_x_external[spearman],migr_rate,ext_market_access_sber,spearman,static 2023-01…2024-12 (retrospective),0.47292141514785396,62.0,0.0,0.23177970296115327,0.6666799131596469,0.0001038114655268052,0.0002,9999.0,20261009.0,0.001,0.37689808869079094,0.003,0.4473590272574362,0.0009490909090909091,0.006487834360565446,0.007565217391304348,False,True,,,,,,,
v5-20261009T121014Z-d833d0,features_x_external[pearson],migr_rate,ext_wage_large_medium_orgs_v4,pearson,static 2023-01…2024-12 (retrospective),0.5792433579207773,62.0,0.0,0.30132119706885574,0.7553467345052479,8.121909593115078e-07,0.0001,9999.0,20261009.0,0.001,0.3123330670871365,0.011,0.5475755155368787,0.0006214285714285715,0.004247986783703567,0.008847457627118643,False,True,,,,,,,
v5-20261009T121014Z-d833d0,features_x_external[spearman],migr_rate,ext_wage_large_medium_orgs_v4,spearman,static 2023-01…2024-12 (retrospective),0.5213734403153113,62.0,0.0,0.2874099904854019,0.6942303343555739,1.39240286191204e-05,0.0001,9999.0,20261009.0,0.002,0.22938228702374658,0.085,0.49902827910600017,0.0005612903225806452,0.0038368912885064473,0.010989473684210526,False,True,,,,,,,
v5-20261009T121014Z-d833d0,features_x_external[pearson],migr_rate,ext_emp_share_budget_sector_v4,pearson,static 2023-01…2024-12 (retrospective),-0.5744053935483854,61.0,1.0,-0.7370557374964539,-0.37481105086218774,1.295184199190917e-06,0.0001,9999.0,20261009.0,0.003,-0.2944158861171486,0.025,-0.5594309610465001,0.0006214285714285715,0.004247986783703567,0.015504950495049507,False,True,,,,,,,
v5-20261009T121014Z-d833d0,features_x_external[spearman],migr_rate,ext_emp_share_budget_sector_v4,spearman,static 2023-01…2024-12 (retrospective),-0.5936091170417901,61.0,1.0,-0.7499138196615124,-0.3704648882959513,4.602943323536559e-07,0.0001,9999.0,20261009.0,0.001,-0.2912215758857747,0.023,-0.5803915031332982,0.0005612903225806452,0.0038368912885064473,0.007565217391304348,False,True,,,,,,,
v5-20261009T121014Z-d833d0,features_x_external[pearson],migr_rate,ext_emp_share_industry_v4,pearson,static 2023-01…2024-12 (retrospective),0.3690712112793621,61.0,1.0,0.1582481059403392,0.6058453542257953,0.003422460257431107,0.0032,9999.0,20261009.0,0.019,0.06248007501760211,0.619,0.36234456425121553,0.010639490445859873,0.07272986289551074,0.058,False,False,,,,,,,
v5-20261009T121014Z-d833d0,features_x_external[spearman],migr_rate,ext_emp_share_industry_v4,spearman,static 2023-01…2024-12 (retrospective),0.4942685268646411,61.0,1.0,0.2700920757902727,0.6799237004619516,5.154419318668494e-05,0.0001,9999.0,20261009.0,0.006,0.1957694341618191,0.139,0.48766933005196134,0.0005612903225806452,0.0038368912885064473,0.022532374100719427,False,True,,,,,,,
v5-20261009T121014Z-d833d0,features_x_external[pearson],migr_rate,ext_emp_share_agri_v4,pearson,static 2023-01…2024-12 (retrospective),0.04904255286972284,61.0,1.0,-0.19170170913469045,0.29260006966221175,0.707410285169325,0.7046,9999.0,20261009.0,0.797,0.1729461366603085,0.16,0.07176876481086328,0.8055019693654268,1.0,0.8777088607594938,False,False,,,,,,,
v5-20261009T121014Z-d833d0,features_x_external[spearman],migr_rate,ext_emp_share_agri_v4,spearman,static 2023-01…2024-12 (retrospective),0.04768870105908123,61.0,1.0,-0.20947860079446515,0.29308886666648976,0.715139010444541,0.7179,9999.0,20261009.0,0.741,0.11983077736647274,0.362,0.06692118553890032,0.816435294117647,1.0,0.8372337662337662,False,False,,,,,,,
v5-20261009T121014Z-d833d0,features_x_external[pearson],migr_rate,ext_equalization_grants_pc_v4,pearson,static 2023-01…2024-12 (retrospective),-0.5488786812293631,62.0,0.0,-0.7055045463595161,-0.4125337279018935,3.854010322928822e-06,0.0001,9999.0,20261009.0,0.002,-0.021688971877270556,0.868,-0.5180010487376195,0.0006214285714285715,0.004247986783703567,0.0116,False,True,,,,,,,
v5-20261009T121014Z-d833d0,features_x_external[spearman],migr_rate,ext_equalization_grants_pc_v4,spearman,static 2023-01…2024-12 (retrospective),-0.6107956334451253,62.0,0.0,-0.7353292378956965,-0.4429501975296863,1.3508841589395907e-07,0.0001,9999.0,20261009.0,0.001,-0.06887260456800384,0.621,-0.5949311863447785,0.0005612903225806452,0.0038368912885064473,0.007565217391304348,False,True,,,,,,,
v5-20261009T121014Z-d833d0,features_x_external[pearson],migr_rate,ext_urban_share_v4,pearson,static 2023-01…2024-12 (retrospective),0.36082098716186845,62.0,0.0,0.1307667124904331,0.6476082442846223,0.003963822345005618,0.005,9999.0,20261009.0,0.023,-0.1562711595372157,0.202,0.32284071491237665,0.01562874251497006,0.10683559575781425,0.0667,False,False,,,,,,,
v5-20261009T121014Z-d833d0,features_x_external[spearman],migr_rate,ext_urban_share_v4,spearman,static 2023-01…2024-12 (retrospective),0.4837317380043,62.0,0.0,0.2803437354258097,0.6509804374614417,6.804900264158698e-05,0.0003,9999.0,20261009.0,0.002,-0.04026592128125708,0.761,0.4649369559169085,0.0013159663865546219,0.008995736718431081,0.010989473684210526,False,False,,,,,,,
v5-20261009T121014Z-d833d0,features_x_external[pearson],migr_rate,ext_log_density_v4,pearson,static 2023-01…2024-12 (retrospective),0.540675108792786,62.0,0.0,0.42463972628451196,0.6998627891271064,5.7207808991154936e-06,0.0001,9999.0,20261009.0,0.002,0.12345827852448876,0.342,0.505111833961961,0.0006214285714285715,0.004247986783703567,0.0116,False,True,,,,,,,
v5-20261009T121014Z-d833d0,features_x_external[spearman],migr_rate,ext_log_density_v4,spearman,static 2023-01…2024-12 (retrospective),0.7237884187375713,62.0,0.0,0.5955089727809879,0.8059601167469966,2.999596895659367e-11,0.0001,9999.0,20261009.0,0.001,0.14144695424441592,0.267,0.7120929679756102,0.0005612903225806452,0.0038368912885064473,0.007565217391304348,False,True,,,,,,,
v5-20261009T121014Z-d833d0,features_x_external[pearson],migr_rate,ext_employees_per_1000_v4,pearson,static 2023-01…2024-12 (retrospective),0.3062634680341911,61.0,1.0,0.009961419587424632,0.5941231688427033,0.016372572944439508,0.0199,9999.0,20261009.0,0.058,-0.09624253878321738,0.456,0.2424840839005648,0.04923127962085308,0.336537189935492,0.13576681614349778,False,False,,,,,,,
v5-20261009T121014Z-d833d0,features_x_external[spearman],migr_rate,ext_employees_per_1000_v4,spearman,static 2023-01…2024-12 (retrospective),0.36766747316107307,61.0,1.0,0.07892476603997028,0.614122645197575,0.003556683050432174,0.0037,9999.0,20261009.0,0.014,0.0812797461660497,0.544,0.3424609956012017,0.010496739130434782,0.0717540376290798,0.0395027027027027,False,False,,,,,,,
v5-20261009T121014Z-d833d0,features_x_external[pearson],migr_rate,ext_msp2026_per_1000,pearson,static 2023-01…2024-12 (retrospective),0.7658684286457265,62.0,0.0,0.569430849940832,0.8736507607952259,4.117574636304792e-13,0.0001,9999.0,20261009.0,0.001,0.6200650012221413,0.001,0.7601261455776218,0.0006214285714285715,0.004247986783703567,0.008847457627118643,False,True,,,,,,,
v5-20261009T121014Z-d833d0,features_x_external[spearman],migr_rate,ext_msp2026_per_1000,spearman,static 2023-01…2024-12 (retrospective),0.5688671762327513,62.0,0.0,0.36982097962312355,0.7336592540972606,1.4072017454946477e-06,0.0001,9999.0,20261009.0,0.001,0.3407871874291758,0.005,0.5475217811396146,0.0005612903225806452,0.0038368912885064473,0.007565217391304348,False,True,,,,,,,
v5-20261009T121014Z-d833d0,features_x_external[pearson],migr_rate,msp_lq_agri,pearson,static 2023-01…2024-12 (retrospective),-0.6594820438369853,62.0,0.0,-0.7597403500634407,-0.554143512685466,5.5788908507745966e-09,0.0001,9999.0,20261009.0,0.001,-0.3843195195131637,0.006,-0.6426995912606257,0.0006214285714285715,0.004247986783703567,0.008847457627118643,False,True,,,,,,,
v5-20261009T121014Z-d833d0,features_x_external[spearman],migr_rate,msp_lq_agri,spearman,static 2023-01…2024-12 (retrospective),-0.6898679191189119,62.0,0.0,-0.7945053883958481,-0.5297429705983248,5.58295878561233e-10,0.0001,9999.0,20261009.0,0.001,-0.3588678199994964,0.007,-0.6764764209531028,0.0005612903225806452,0.0038368912885064473,0.007565217391304348,False,True,,,,,,,
v5-20261009T121014Z-d833d0,features_x_external[pearson],migr_rate,msp_lq_business_services,pearson,static 2023-01…2024-12 (retrospective),0.6225184530197947,62.0,0.0,0.44571101929708257,0.7492690161839225,6.591792597011295e-08,0.0001,9999.0,20261009.0,0.002,0.31468849980379254,0.013,0.5959976305395801,0.0006214285714285715,0.004247986783703567,0.0116,False,True,,,,,,,
v5-20261009T121014Z-d833d0,features_x_external[spearman],migr_rate,msp_lq_business_services,spearman,static 2023-01…2024-12 (retrospective),0.6264338147837946,62.0,0.0,0.4118487816913424,0.7695018912634173,5.152759183066399e-08,0.0001,9999.0,20261009.0,0.001,0.27632142227594375,0.033,0.6092359762031129,0.0005612903225806452,0.0038368912885064473,0.007565217391304348,False,True,,,,,,,
v5-20261009T121014Z-d833d0,features_x_external[pearson],migr_rate,msp_lq_construction,pearson,static 2023-01…2024-12 (retrospective),0.3519641965630839,62.0,0.0,0.12728516872655188,0.534618563858003,0.005026357006170856,0.0063,9999.0,20261009.0,0.022,0.1947102888208953,0.147,0.32622846243409837,0.018685227272727273,0.12772923897363223,0.06451685393258426,False,False,,,,,,,
v5-20261009T121014Z-d833d0,features_x_external[spearman],migr_rate,msp_lq_construction,spearman,static 2023-01…2024-12 (retrospective),0.23009027840808535,62.0,0.0,-0.010104124069586372,0.4389425027547139,0.07200521121231537,0.0741,9999.0,20261009.0,0.108,0.018407997783989324,0.893,0.19685611921497223,0.14273136531365313,0.9756888906451836,0.19991489361702125,False,False,,,,,,,
v5-20261009T121014Z-d833d0,features_x_external[pearson],migr_rate,msp_lq_consumer_services,pearson,static 2023-01…2024-12 (retrospective),0.29986954331389526,62.0,0.0,0.11394829925600831,0.5234722557904966,0.01788951157243155,0.0193,9999.0,20261009.0,0.063,0.09933749842844235,0.456,0.3072963737662875,0.04820382775119617,0.3295136925234556,0.14487224669603524,False,False,,,,,,,
v5-20261009T121014Z-d833d0,features_x_external[spearman],migr_rate,msp_lq_consumer_services,spearman,static 2023-01…2024-12 (retrospective),0.49614081921813485,62.0,0.0,0.29489609888766294,0.6567484556867754,4.11672575939661e-05,0.0002,9999.0,20261009.0,0.002,0.253053310165949,0.046,0.5070664604681696,0.0009490909090909091,0.006487834360565446,0.010989473684210526,False,True,,,,,,,
v5-20261009T121014Z-d833d0,features_x_external[pearson],migr_rate,msp_lq_industry,pearson,static 2023-01…2024-12 (retrospective),0.07681995207942313,62.0,0.0,-0.1355974467963976,0.27181404999813086,0.5528807180732433,0.5561,9999.0,20261009.0,0.627,0.023217273529368372,0.874,0.09313282663783941,0.6798224824355973,1.0,0.7541336405529954,False,False,,,,,,,
v5-20261009T121014Z-d833d0,features_x_external[spearman],migr_rate,msp_lq_industry,spearman,static 2023-01…2024-12 (retrospective),0.07630223744954566,62.0,0.0,-0.18506131683880778,0.3319528745615066,0.5555676401648046,0.5552,9999.0,20261009.0,0.506,-0.00546448087431694,0.963,0.09347029972127963,0.675558041958042,1.0,0.648972972972973,False,False,,,,,,,
v5-20261009T121014Z-d833d0,features_x_external[pearson],migr_rate,msp_lq_social,pearson,static 2023-01…2024-12 (retrospective),0.33639201230520566,62.0,0.0,0.1483588873206371,0.5344453542583203,0.007512208680071525,0.0082,9999.0,20261009.0,0.018,0.07718913866808617,0.532,0.3159864978306052,0.023263043478260872,0.15902246177255525,0.05527058823529412,False,False,,,,,,,
v5-20261009T121014Z-d833d0,features_x_external[spearman],migr_rate,msp_lq_social,spearman,static 2023-01…2024-12 (retrospective),0.41178025966170645,62.0,0.0,0.16526927356020574,0.6028577773994952,0.0008834738093915597,0.0009,9999.0,20261009.0,0.004,0.1974515877212863,0.121,0.3958011079286662,0.00324,0.022148124196413075,0.0174,False,True,,,,,,,
v5-20261009T121014Z-d833d0,features_x_external[pearson],migr_rate,msp_lq_trade,pearson,static 2023-01…2024-12 (retrospective),0.10927123634853533,62.0,0.0,-0.08280833863333385,0.32577987008234366,0.39787181691196727,0.3928,9999.0,20261009.0,0.417,-0.010535175687288562,0.93,0.1336365774391104,0.5281727506426735,1.0,0.5835764075067024,False,False,,,,,,,
v5-20261009T121014Z-d833d0,features_x_external[spearman],migr_rate,msp_lq_trade,spearman,static 2023-01…2024-12 (retrospective),0.1758225154695471,62.0,0.0,-0.05432505188491553,0.3829346423106535,0.17164765641480978,0.17,9999.0,20261009.0,0.119,0.07995265795371559,0.552,0.204629886716544,0.27993690851735015,1.0,0.21795789473684207,False,False,,,,,,,
v5-20261009T121014Z-d833d0,features_x_external[pearson],migr_rate,msp_lq_transport,pearson,static 2023-01…2024-12 (retrospective),-0.0018295170349988418,62.0,0.0,-0.1977685578470921,0.20256354138490915,0.9887402534212748,0.99,9999.0,20261009.0,0.991,0.13033082183340416,0.318,0.02002511196240646,0.9920003838771594,1.0,0.9929021113243762,False,False,,,,,,,
v5-20261009T121014Z-d833d0,features_x_external[spearman],migr_rate,msp_lq_transport,spearman,static 2023-01…2024-12 (retrospective),-0.007378401179114482,62.0,0.0,-0.2478721015614228,0.255755015974073,0.9546121127650893,0.9506,9999.0,20261009.0,0.961,0.12789907078643198,0.333,0.014093258769856306,0.9695742187499999,1.0,0.977859649122807,False,False,,,,,,,
v5-20261009T121014Z-d833d0,features_x_external[pearson],migr_rate,ext_msp2026_eci,pearson,static 2023-01…2024-12 (retrospective),0.4726931383860799,62.0,0.0,0.23187878804333084,0.640033984194161,0.00010472560718599319,0.0004,9999.0,20261009.0,0.005,0.12989140053097536,0.304,0.4277122890737226,0.0018981818181818182,0.012975668721130892,0.02309734513274336,False,True,,,,,,,
v5-20261009T121014Z-d833d0,features_x_external[spearman],migr_rate,ext_msp2026_eci,spearman,static 2023-01…2024-12 (retrospective),0.42808395979167574,62.0,0.0,0.18122371304827337,0.6264235656651598,0.000518846440889823,0.0006,9999.0,20261009.0,0.008,0.11022134924831911,0.369,0.40345333636536396,0.00232,0.01585915065915998,0.026941935483870968,False,True,,,,,,,
v5-20261009T121014Z-d833d0,features_x_external[pearson],migr_rate,ext_msp2026_diversity,pearson,static 2023-01…2024-12 (retrospective),0.4021726926882251,62.0,0.0,0.2034918509479458,0.5813122314177277,0.001194213750519097,0.0016,9999.0,20261009.0,0.016,-0.030211716596927153,0.822,0.36238480322487926,0.0062328358208955225,0.042606673412668605,0.05031325301204819,False,False,,,,,,,
v5-20261009T121014Z-d833d0,features_x_external[spearman],migr_rate,ext_msp2026_diversity,spearman,static 2023-01…2024-12 (retrospective),0.43962071343076886,62.0,0.0,0.19733108249035966,0.6410841281165665,0.0003502147661739811,0.0004,9999.0,20261009.0,0.006,0.026667673944247187,0.842,0.416560547792176,0.0016571428571428575,0.011327964756542845,0.022532374100719427,False,True,,,,,,,
v5-20261009T121014Z-d833d0,features_x_external[pearson],migr_rate,ext_old_age_ratio_65_per100_20_64,pearson,static 2023-01…2024-12 (retrospective),-0.23117129172262343,62.0,0.0,-0.44492028311913745,0.011080154710443196,0.07064171213980013,0.0655,9999.0,20261009.0,0.241,-0.07113462000185837,0.57,-0.21501820903529262,0.1369728,0.9363242549168053,0.40321153846153845,False,False,,,,,,,
v5-20261009T121014Z-d833d0,features_x_external[spearman],migr_rate,ext_old_age_ratio_65_per100_20_64,spearman,static 2023-01…2024-12 (retrospective),-0.15852230519633329,62.0,0.0,-0.40831640013967646,0.11217549603680582,0.21847157879496318,0.2153,9999.0,20261009.0,0.425,0.015235073405353683,0.902,-0.13371408930424641,0.3334313609467455,1.0,0.5732558139534883,False,False,,,,,,,
v5-20261009T121014Z-d833d0,features_x_external[pearson],migr_rate,ext_youth_ratio_0_19_per100_20_64,pearson,static 2023-01…2024-12 (retrospective),-0.10083974000763479,62.0,0.0,-0.31472999804714213,0.08797279729865863,0.4354822401753566,0.4275,9999.0,20261009.0,0.616,-0.03360423207587933,0.8,-0.08190484059976512,0.5635227272727272,1.0,0.7443333333333333,False,False,,,,,,,
v5-20261009T121014Z-d833d0,features_x_external[spearman],migr_rate,ext_youth_ratio_0_19_per100_20_64,spearman,static 2023-01…2024-12 (retrospective),-0.12157993478759288,62.0,0.0,-0.35739353095620896,0.12966516375624113,0.34653211711340537,0.3473,9999.0,20261009.0,0.595,-0.09430636347611493,0.447,-0.10195798464646515,0.47960476190476187,1.0,0.7185034642032333,False,False,,,,,,,
v5-20261009T121014Z-d833d0,features_x_external[pearson],migr_rate,ext_balance_residual_share_2024,pearson,static 2023-01…2024-12 (retrospective),0.1595341799315444,62.0,0.0,-0.11865451627643903,0.4080194545334403,0.21550865197517766,0.2128,9999.0,20261009.0,0.26,0.15116959373588826,0.232,0.14395646983366234,0.35041514195583595,1.0,0.422803738317757,False,False,,,,,,,
v5-20261009T121014Z-d833d0,features_x_external[spearman],migr_rate,ext_balance_residual_share_2024,spearman,static 2023-01…2024-12 (retrospective),0.18181589253654112,62.0,0.0,-0.09940916764377158,0.44380420749049754,0.1572727667961273,0.1561,9999.0,20261009.0,0.172,0.1255823323512377,0.316,0.16264096565363254,0.2578613924050633,1.0,0.2896258064516129,False,False,,,,,,,
v5-20261009T121014Z-d833d0,features_x_external[pearson],age_ilr1,ext_census_wage_main_share,pearson,static 2023-01…2024-12 (retrospective),-0.3935426535455097,62.0,0.0,-0.6030263233784096,-0.09782113553106475,0.0015538013329228543,0.0011,9999.0,20261009.0,0.006,-0.4164207051899136,0.002,-0.3814958174045976,0.004593600000000001,0.03140111830513676,0.025463414634146343,False,True,,,,,,,
v5-20261009T121014Z-d833d0,features_x_external[spearman],age_ilr1,ext_census_wage_main_share,spearman,static 2023-01…2024-12 (retrospective),-0.21084837954219235,62.0,0.0,-0.4664303504197888,0.07780617816197069,0.09997280875751509,0.0991,9999.0,20261009.0,0.141,-0.3096119463121049,0.013,-0.1859862506610259,0.17776701030927836,1.0,0.24698657718120803,False,False,,,,,,,
v5-20261009T121014Z-d833d0,features_x_external[pearson],age_ilr1,ext_census_pension_benefit_main_share,pearson,static 2023-01…2024-12 (retrospective),-0.09888739039195381,62.0,0.0,-0.39382828115357876,0.1726878304881994,0.44446747806482945,0.4415,9999.0,20261009.0,0.538,-0.3745862911918689,0.004,-0.1401876734313191,0.5790527638190955,1.0,0.6917142857142858,False,False,,,,,,,
v5-20261009T121014Z-d833d0,features_x_external[spearman],age_ilr1,ext_census_pension_benefit_main_share,spearman,static 2023-01…2024-12 (retrospective),-0.16889526831356552,62.0,0.0,-0.4535187347248643,0.10136629122384994,0.18942964782215693,0.1846,9999.0,20261009.0,0.314,-0.3061368386593135,0.02,-0.20861977789529348,0.2983318885448916,1.0,0.4627146814404432,False,False,,,,,,,
v5-20261009T121014Z-d833d0,features_x_external[pearson],age_ilr1,ext_census_dependent_main_share,pearson,static 2023-01…2024-12 (retrospective),0.5594665464281866,62.0,0.0,0.3634384345728189,0.7328249726610618,2.278713334541568e-06,0.0001,9999.0,20261009.0,0.001,0.5829349814145592,0.001,0.5544762697548351,0.0006214285714285715,0.004247986783703567,0.008847457627118643,False,True,,,,,,,
v5-20261009T121014Z-d833d0,features_x_external[spearman],age_ilr1,ext_census_dependent_main_share,spearman,static 2023-01…2024-12 (retrospective),0.6045428218881418,62.0,0.0,0.37970654045233126,0.7785088462531223,1.9575782812129452e-07,0.0001,9999.0,20261009.0,0.001,0.6068091964443102,0.001,0.59941829719725,0.0005612903225806452,0.0038368912885064473,0.007565217391304348,False,True,,,,,,,
v5-20261009T121014Z-d833d0,features_x_external[pearson],age_ilr1,ext_census_business_main_share,pearson,static 2023-01…2024-12 (retrospective),0.2540252353600452,62.0,0.0,-0.0040836101450183095,0.49296476998254435,0.04633787182712268,0.0453,9999.0,20261009.0,0.076,0.1993281277912086,0.133,0.24479170602270237,0.0989397489539749,0.6763363727761008,0.16599163179916315,False,False,,,,,,,
v5-20261009T121014Z-d833d0,features_x_external[spearman],age_ilr1,ext_census_business_main_share,spearman,static 2023-01…2024-12 (retrospective),0.27350104505048983,62.0,0.0,-0.012892974854608559,0.51750765396117,0.03148273534206461,0.0298,9999.0,20261009.0,0.058,0.1760469391352522,0.176,0.2590163934426229,0.0659135593220339,0.4505745981765579,0.12110400000000002,False,False,,,,,,,
v5-20261009T121014Z-d833d0,features_x_external[pearson],age_ilr1,ext_census_subsistence_main_share,pearson,static 2023-01…2024-12 (retrospective),0.2676896180074938,62.0,0.0,0.013515461133782441,0.47476822132623053,0.0354265633789524,0.0379,9999.0,20261009.0,0.04,0.19047138512757014,0.15,0.2570825507574798,0.085275,0.5829263243361498,0.09990430622009569,False,False,,,,,,,
v5-20261009T121014Z-d833d0,features_x_external[spearman],age_ilr1,ext_census_subsistence_main_share,spearman,static 2023-01…2024-12 (retrospective),0.24136889023192565,62.0,0.0,-0.015725436512728126,0.4734621295166641,0.05877001545423168,0.0606,9999.0,20261009.0,0.06,0.13530256100324847,0.299,0.22152300370174507,0.12002045454545454,0.8204407201798387,0.12478087649402389,False,False,,,,,,,
v5-20261009T121014Z-d833d0,features_x_external[pearson],age_ilr1,ext_census_higher_edu_share,pearson,static 2023-01…2024-12 (retrospective),-0.0967660586956539,62.0,0.0,-0.34919008216408043,0.1697472576807707,0.45434621792411567,0.4495,9999.0,20261009.0,0.575,0.08564570029690109,0.51,-0.03836459259883908,0.5865358208955224,1.0,0.7180622009569377,False,False,,,,,,,
v5-20261009T121014Z-d833d0,features_x_external[spearman],age_ilr1,ext_census_higher_edu_share,spearman,static 2023-01…2024-12 (retrospective),-0.10231422024124298,62.0,0.0,-0.3330224919204866,0.17597133322115235,0.4287645469012,0.4377,9999.0,20261009.0,0.544,-0.07728337236533958,0.539,-0.0696985721840296,0.5572668292682926,1.0,0.6826153846153846,False,False,,,,,,,
v5-20261009T121014Z-d833d0,features_x_external[pearson],age_ilr1,ext_market_access_sber,pearson,static 2023-01…2024-12 (retrospective),0.035946921232692,62.0,0.0,-0.6434575805123606,0.24259214759098688,0.7814916353525092,0.754,9999.0,20261009.0,0.828,0.09217157270811695,0.461,0.04455408627404888,0.8393181236673775,1.0,0.8996632016632016,False,False,,,,,,,
v5-20261009T121014Z-d833d0,features_x_external[spearman],age_ilr1,ext_market_access_sber,spearman,static 2023-01…2024-12 (retrospective),-0.45035130632054643,62.0,0.0,-0.6635323730696433,-0.20775806151638232,0.00023990359771024162,0.0006,9999.0,20261009.0,0.005,-0.35549344010475686,0.005,-0.44103337096948525,0.00232,0.01585915065915998,0.020232558139534885,False,True,,,,,,,
v5-20261009T121014Z-d833d0,features_x_external[pearson],age_ilr1,ext_wage_large_medium_orgs_v4,pearson,static 2023-01…2024-12 (retrospective),-0.16132235825725177,62.0,0.0,-0.4505483152081438,0.13114932988485248,0.21034180266628538,0.2106,9999.0,20261009.0,0.355,-0.048111645753540454,0.707,-0.13076473434903954,0.34788987341772154,1.0,0.522,False,False,,,,,,,
v5-20261009T121014Z-d833d0,features_x_external[spearman],age_ilr1,ext_wage_large_medium_orgs_v4,spearman,static 2023-01…2024-12 (retrospective),-0.1367127496159754,62.0,0.0,-0.400469834838309,0.13570904714579768,0.2893473231146594,0.2838,9999.0,20261009.0,0.358,-0.08111102717131274,0.521,-0.10946589106292966,0.40854049586776864,1.0,0.49966844919786096,False,False,,,,,,,
v5-20261009T121014Z-d833d0,features_x_external[pearson],age_ilr1,ext_emp_share_budget_sector_v4,pearson,static 2023-01…2024-12 (retrospective),0.30172217411984653,61.0,1.0,0.05457583412836608,0.5388220355727747,0.018121000118907556,0.0175,9999.0,20261009.0,0.024,0.2035495392119129,0.109,0.288721068647668,0.0445609756097561,0.3046117352216704,0.06808695652173913,False,False,,,,,,,
v5-20261009T121014Z-d833d0,features_x_external[spearman],age_ilr1,ext_emp_share_budget_sector_v4,spearman,static 2023-01…2024-12 (retrospective),0.2105764145954521,61.0,1.0,-0.06548371950621291,0.48647584451020937,0.10332307973458811,0.1017,9999.0,20261009.0,0.106,0.18979375991538863,0.14,0.19360933592664634,0.18092448979591838,1.0,0.19832258064516128,False,False,,,,,,,
v5-20261009T121014Z-d833d0,features_x_external[pearson],age_ilr1,ext_emp_share_industry_v4,pearson,static 2023-01…2024-12 (retrospective),-0.3223167977672955,61.0,1.0,-0.5563473169648236,-0.05282148567368504,0.011299471355609695,0.0118,9999.0,20261009.0,0.009,-0.240753763423316,0.064,-0.316570174411035,0.03191502590673575,0.21816603626979142,0.034043478260869564,False,False,,,,,,,
v5-20261009T121014Z-d833d0,features_x_external[spearman],age_ilr1,ext_emp_share_industry_v4,spearman,static 2023-01…2024-12 (retrospective),-0.22840975228937066,61.0,1.0,-0.4850755812382715,0.03319955767503086,0.07664090694060151,0.0773,9999.0,20261009.0,0.047,-0.24219989423585403,0.048,-0.21173724607555586,0.1481868131868132,1.0,0.10096296296296298,False,False,,,,,,,
v5-20261009T121014Z-d833d0,features_x_external[pearson],age_ilr1,ext_emp_share_agri_v4,pearson,static 2023-01…2024-12 (retrospective),0.03360768112477456,61.0,1.0,-0.14237489392181174,0.2070863379237441,0.7970809215663464,0.7944,9999.0,20261009.0,0.82,0.0010748138182237028,0.992,0.023456794534009527,0.8603253112033195,1.0,0.8947014613778704,False,False,,,,,,,
v5-20261009T121014Z-d833d0,features_x_external[spearman],age_ilr1,ext_emp_share_agri_v4,spearman,static 2023-01…2024-12 (retrospective),0.16279167593392863,61.0,1.0,-0.09887139554631864,0.38552128488209375,0.21001594459686393,0.2062,9999.0,20261009.0,0.274,0.10555261766261236,0.402,0.14682545836562638,0.3240162162162162,1.0,0.4157790697674419,False,False,,,,,,,
v5-20261009T121014Z-d833d0,features_x_external[pearson],age_ilr1,ext_equalization_grants_pc_v4,pearson,static 2023-01…2024-12 (retrospective),0.2562644468830037,62.0,0.0,-0.039943721598232215,0.48935125910066435,0.044381180869125486,0.0422,9999.0,20261009.0,0.052,0.1680716979526419,0.214,0.2354447302187044,0.09373787234042553,0.640777172377549,0.12451376146788991,False,False,,,,,,,
v5-20261009T121014Z-d833d0,features_x_external[spearman],age_ilr1,ext_equalization_grants_pc_v4,spearman,static 2023-01…2024-12 (retrospective),0.15690866510538642,62.0,0.0,-0.12355643609259889,0.41021105005699804,0.22325538070463521,0.2188,9999.0,20261009.0,0.232,0.17559366422401854,0.183,0.131041776837652,0.3339578947368421,1.0,0.3726276923076923,False,False,,,,,,,
v5-20261009T121014Z-d833d0,features_x_external[pearson],age_ilr1,ext_urban_share_v4,pearson,static 2023-01…2024-12 (retrospective),-0.3787876090476913,62.0,0.0,-0.5530755648285199,-0.15982374401753235,0.002398376206771486,0.0022,9999.0,20261009.0,0.001,-0.3432186053245532,0.005,-0.36485705338409535,0.008030769230769232,0.054897059974015325,0.008847457627118643,False,False,,,,,,,
v5-20261009T121014Z-d833d0,features_x_external[spearman],age_ilr1,ext_urban_share_v4,spearman,static 2023-01…2024-12 (retrospective),-0.3095294505493249,62.0,0.0,-0.523243072824702,-0.04737643088336268,0.014361761874477536,0.0142,9999.0,20261009.0,0.009,-0.2809045352673063,0.027,-0.28257424430752875,0.03546602870813397,0.24244012610534038,0.028999999999999998,False,False,,,,,,,
v5-20261009T121014Z-d833d0,features_x_external[pearson],age_ilr1,ext_log_density_v4,pearson,static 2023-01…2024-12 (retrospective),-0.4714761276015522,62.0,0.0,-0.641295418874052,-0.24578074618881188,0.00010972533279764022,0.0004,9999.0,20261009.0,0.001,-0.5037491473206815,0.002,-0.46554671570799805,0.0018981818181818182,0.012975668721130892,0.008847457627118643,False,True,,,,,,,
v5-20261009T121014Z-d833d0,features_x_external[spearman],age_ilr1,ext_log_density_v4,spearman,static 2023-01…2024-12 (retrospective),-0.3786608244566997,62.0,0.0,-0.5824209350911318,-0.12442512798502665,0.0024071334195501994,0.0016,9999.0,20261009.0,0.005,-0.590894210672106,0.001,-0.3612374405076678,0.0051875776397515535,0.035461454890047164,0.020232558139534885,False,True,,,,,,,
v5-20261009T121014Z-d833d0,features_x_external[pearson],age_ilr1,ext_employees_per_1000_v4,pearson,static 2023-01…2024-12 (retrospective),-0.18049360666544106,61.0,1.0,-0.4253041387838359,0.08437913620507588,0.16392273668503113,0.1666,9999.0,20261009.0,0.119,-0.052973730115458584,0.674,-0.1480961407710561,0.28796423841059604,1.0,0.2326516853932584,False,False,,,,,,,
v5-20261009T121014Z-d833d0,features_x_external[spearman],age_ilr1,ext_employees_per_1000_v4,spearman,static 2023-01…2024-12 (retrospective),-0.11147540983606555,61.0,1.0,-0.37851367177784256,0.15657028227891917,0.3923800081838005,0.3924,9999.0,20261009.0,0.304,-0.052670544685351664,0.683,-0.07891080855793278,0.5261492307692307,1.0,0.4533942857142857,False,False,,,,,,,
v5-20261009T121014Z-d833d0,features_x_external[pearson],age_ilr1,ext_msp2026_per_1000,pearson,static 2023-01…2024-12 (retrospective),-0.04114478518134668,62.0,0.0,-0.322407140762283,0.20594987449176147,0.7508523648995364,0.7432,9999.0,20261009.0,0.848,0.10578457945516086,0.394,0.00734988034028469,0.8343019354838709,1.0,0.9108148148148149,False,False,,,,,,,
v5-20261009T121014Z-d833d0,features_x_external[spearman],age_ilr1,ext_msp2026_per_1000,spearman,static 2023-01…2024-12 (retrospective),-0.09546473269371208,62.0,0.0,-0.3562124313779545,0.1772414644805,0.4604654961845961,0.452,9999.0,20261009.0,0.636,-0.023142202412429806,0.878,-0.07017451084082495,0.5699130434782609,1.0,0.7455470852017938,False,False,,,,,,,
v5-20261009T121014Z-d833d0,features_x_external[pearson],age_ilr1,msp_lq_agri,pearson,static 2023-01…2024-12 (retrospective),0.3460222322467491,62.0,0.0,0.07751040565623102,0.5743271535381744,0.005872969786604367,0.0051,9999.0,20261009.0,0.038,0.29690608350594616,0.02,0.3321969064437459,0.015846428571428574,0.10832366298444095,0.09723529411764704,False,False,,,,,,,
v5-20261009T121014Z-d833d0,features_x_external[spearman],age_ilr1,msp_lq_agri,spearman,static 2023-01…2024-12 (retrospective),0.2589458840119866,62.0,0.0,-0.022474105057776875,0.5200910746661245,0.04212799882083582,0.0392,9999.0,20261009.0,0.131,0.17342801742590216,0.168,0.23638286620835533,0.08238795180722891,0.5631909225045065,0.23338566552901027,False,False,,,,,,,
v5-20261009T121014Z-d833d0,features_x_external[pearson],age_ilr1,msp_lq_business_services,pearson,static 2023-01…2024-12 (retrospective),-0.2768692728461416,62.0,0.0,-0.49104805465123547,-0.02050109128676251,0.029369911128516283,0.0267,9999.0,20261009.0,0.07,-0.19483258961057945,0.127,-0.2552515581418484,0.06422764976958525,0.43904998887052343,0.15615384615384617,False,False,,,,,,,
v5-20261009T121014Z-d833d0,features_x_external[spearman],age_ilr1,msp_lq_business_services,spearman,static 2023-01…2024-12 (retrospective),-0.18561607615018508,62.0,0.0,-0.4256412054502199,0.08752708933663257,0.1486310283616581,0.1469,9999.0,20261009.0,0.27,-0.14547606456649292,0.251,-0.1589106292966684,0.24577500000000002,1.0,0.4109037900874636,False,False,,,,,,,
v5-20261009T121014Z-d833d0,features_x_external[pearson],age_ilr1,msp_lq_construction,pearson,static 2023-01…2024-12 (retrospective),-0.20058017474624446,62.0,0.0,-0.491475593737945,0.11332000081959508,0.11801480814699909,0.1179,9999.0,20261009.0,0.269,-0.1447451708272788,0.242,-0.1854054533483115,0.21817394366197182,1.0,0.4307300613496933,False,False,,,,,,,
v5-20261009T121014Z-d833d0,features_x_external[spearman],age_ilr1,msp_lq_construction,spearman,static 2023-01…2024-12 (retrospective),-0.1663770743622674,62.0,0.0,-0.42735684424463755,0.08925649098377776,0.19621076218793543,0.1927,9999.0,20261009.0,0.372,-0.14597970335675253,0.234,-0.14806980433632996,0.3091969325153374,1.0,0.5150769230769231,False,False,,,,,,,
v5-20261009T121014Z-d833d0,features_x_external[pearson],age_ilr1,msp_lq_consumer_services,pearson,static 2023-01…2024-12 (retrospective),0.08385614566452392,62.0,0.0,-0.11243296618197829,0.28817370529443337,0.5169918671942766,0.5154,9999.0,20261009.0,0.571,0.17182181032255178,0.177,0.08466371821483343,0.6467278846153846,1.0,0.7147769784172662,False,False,,,,,,,
v5-20261009T121014Z-d833d0,features_x_external[spearman],age_ilr1,msp_lq_consumer_services,spearman,static 2023-01…2024-12 (retrospective),0.13686384125305331,62.0,0.0,-0.101587765239029,0.36697381446772026,0.2888096019389871,0.2877,9999.0,20261009.0,0.32,0.23487194983757648,0.064,0.1461131676361713,0.41258076923076925,1.0,0.4627146814404432,False,False,,,,,,,
v5-20261009T121014Z-d833d0,features_x_external[pearson],age_ilr1,msp_lq_industry,pearson,static 2023-01…2024-12 (retrospective),0.128303552636866,62.0,0.0,-0.1404966089254083,0.37424733958452233,0.320311264075188,0.3278,9999.0,20261009.0,0.52,0.1508564309336472,0.236,0.12257186203494025,0.4732512396694215,1.0,0.6820100502512563,False,False,,,,,,,
v5-20261009T121014Z-d833d0,features_x_external[spearman],age_ilr1,msp_lq_industry,spearman,static 2023-01…2024-12 (retrospective),0.12578378786734154,62.0,0.0,-0.1414076159062474,0.36086410432116517,0.32998580295682955,0.3374,9999.0,20261009.0,0.56,0.13006471758454838,0.307,0.12115282919090427,0.46966079999999993,1.0,0.6943467933491687,False,False,,,,,,,
v5-20261009T121014Z-d833d0,features_x_external[pearson],age_ilr1,msp_lq_social,pearson,static 2023-01…2024-12 (retrospective),-0.1645750504951485,62.0,0.0,-0.3333205338911854,0.016674053291683574,0.20116858851905509,0.2002,9999.0,20261009.0,0.128,-0.08467773889525584,0.491,-0.15150057530799216,0.33281656050955416,1.0,0.24746666666666667,False,False,,,,,,,
v5-20261009T121014Z-d833d0,features_x_external[spearman],age_ilr1,msp_lq_social,spearman,static 2023-01…2024-12 (retrospective),-0.1355543803983783,62.0,0.0,-0.3449790328729549,0.10138435925903419,0.29349167885214106,0.2841,9999.0,20261009.0,0.251,-0.09702601294351691,0.43,-0.11485986250661025,0.40854049586776864,1.0,0.3962168674698795,False,False,,,,,,,
v5-20261009T121014Z-d833d0,features_x_external[pearson],age_ilr1,msp_lq_trade,pearson,static 2023-01…2024-12 (retrospective),-0.0678831998877825,62.0,0.0,-0.3257410358276864,0.19858323681563117,0.6001113824503054,0.6069,9999.0,20261009.0,0.705,-0.031480866954009375,0.804,-0.07864273112657046,0.7269775743707094,1.0,0.8159866962305986,False,False,,,,,,,
v5-20261009T121014Z-d833d0,features_x_external[spearman],age_ilr1,msp_lq_trade,spearman,static 2023-01…2024-12 (retrospective),-0.02188310543678074,62.0,0.0,-0.2785514766005093,0.23236908546446886,0.8659372230393647,0.8645,9999.0,20261009.0,0.902,0.002090100979577447,0.991,-0.040243257535695395,0.9209571428571428,1.0,0.9454698795180723,False,False,,,,,,,
v5-20261009T121014Z-d833d0,features_x_external[pearson],age_ilr1,msp_lq_transport,pearson,static 2023-01…2024-12 (retrospective),-0.30526173769526804,62.0,0.0,-0.5132088982961613,-0.08440944840702838,0.015838758099815442,0.0153,9999.0,20261009.0,0.069,-0.34965611376775246,0.006,-0.3190191821445506,0.039734328358208955,0.27161754300576235,0.15525,False,False,,,,,,,
v5-20261009T121014Z-d833d0,features_x_external[spearman],age_ilr1,msp_lq_transport,spearman,static 2023-01…2024-12 (retrospective),-0.2902218528871094,62.0,0.0,-0.5134347548843916,-0.05007722177222746,0.02212622781058342,0.0208,9999.0,20261009.0,0.078,-0.36612021857923505,0.004,-0.31533580116340554,0.04804247787610619,0.3284107304640208,0.15481368821292776,False,False,,,,,,,
v5-20261009T121014Z-d833d0,features_x_external[pearson],age_ilr1,ext_msp2026_eci,pearson,static 2023-01…2024-12 (retrospective),-0.07494289760654056,62.0,0.0,-0.34692556316077044,0.23936229718207452,0.5626520044660146,0.5575,9999.0,20261009.0,0.58,0.0673268421312175,0.607,-0.033112190313880456,0.6799415887850467,1.0,0.7221,False,False,,,,,,,
v5-20261009T121014Z-d833d0,features_x_external[spearman],age_ilr1,ext_msp2026_eci,spearman,static 2023-01…2024-12 (retrospective),-0.015663560820882005,62.0,0.0,-0.2735657293672711,0.2688904907946934,0.903823803599862,0.9028,9999.0,20261009.0,0.916,0.08297449069527336,0.519,0.018614981893918563,0.9463084337349398,1.0,0.951638170974155,False,False,,,,,,,
v5-20261009T121014Z-d833d0,features_x_external[pearson],age_ilr1,ext_msp2026_diversity,pearson,static 2023-01…2024-12 (retrospective),-0.14765002734064342,62.0,0.0,-0.4105181800008059,0.15781124476412028,0.25211491649068213,0.2552,9999.0,20261009.0,0.237,-0.018182406682493837,0.887,-0.1222962864060265,0.3952949554896142,1.0,0.3990774193548387,False,False,,,,,,,
v5-20261009T121014Z-d833d0,features_x_external[spearman],age_ilr1,ext_msp2026_diversity,spearman,static 2023-01…2024-12 (retrospective),-0.06863899168257953,62.0,0.0,-0.33384234422186404,0.21559822962009453,0.5960489555744997,0.5901,9999.0,20261009.0,0.574,-0.001636826068343784,0.992,-0.03562349281532443,0.70812,1.0,0.7033521126760562,False,False,,,,,,,
v5-20261009T121014Z-d833d0,features_x_external[pearson],age_ilr1,ext_old_age_ratio_65_per100_20_64,pearson,static 2023-01…2024-12 (retrospective),-0.5495642057075166,62.0,0.0,-0.7436022379680592,-0.28880494479917,3.727107509448899e-06,0.0001,9999.0,20261009.0,0.006,-0.6458099949153593,0.001,-0.5670874279804847,0.0006214285714285715,0.004247986783703567,0.025463414634146343,False,True,,,,,,,
v5-20261009T121014Z-d833d0,features_x_external[spearman],age_ilr1,ext_old_age_ratio_65_per100_20_64,spearman,static 2023-01…2024-12 (retrospective),-0.4510840824960339,62.0,0.0,-0.672963839358424,-0.2083403960178336,0.00023367824533451626,0.0001,9999.0,20261009.0,0.042,-0.570748659061721,0.001,-0.48434690639873085,0.0005612903225806452,0.0038368912885064473,0.09250632911392406,False,False,,,,,,,
v5-20261009T121014Z-d833d0,features_x_external[pearson],age_ilr1,ext_youth_ratio_0_19_per100_20_64,pearson,static 2023-01…2024-12 (retrospective),0.9261501362809745,62.0,0.0,0.8674218195047214,0.9634053358287417,4.309375465641352e-27,0.0001,9999.0,20261009.0,0.001,0.9275398926380314,0.001,0.9254961850229184,0.0006214285714285715,0.004247986783703567,0.008847457627118643,False,True,,,,,,,
v5-20261009T121014Z-d833d0,features_x_external[spearman],age_ilr1,ext_youth_ratio_0_19_per100_20_64,spearman,static 2023-01…2024-12 (retrospective),0.9376998816448843,62.0,0.0,0.8715479513064872,0.9697474288447083,3.0995311359546896e-29,0.0001,9999.0,20261009.0,0.001,0.9395633451688449,0.001,0.9354309888947645,0.0005612903225806452,0.0038368912885064473,0.007565217391304348,False,True,,,,,,,
v5-20261009T121014Z-d833d0,features_x_external[pearson],age_ilr1,ext_balance_residual_share_2024,pearson,static 2023-01…2024-12 (retrospective),0.03366390006664651,62.0,0.0,-0.16188268926151347,0.24445293749082408,0.7950574087740249,0.7904,9999.0,20261009.0,0.758,0.0481784635822482,0.697,0.043820896047487665,0.8603253112033195,1.0,0.8594316702819957,False,False,,,,,,,
v5-20261009T121014Z-d833d0,features_x_external[spearman],age_ilr1,ext_balance_residual_share_2024,spearman,static 2023-01…2024-12 (retrospective),-0.014681070736068091,62.0,0.0,-0.25364876706557393,0.2235512426343333,0.909830473969662,0.9104,9999.0,20261009.0,0.882,0.016343078743924856,0.905,0.003172924378635642,0.9504576,1.0,0.9395999999999999,False,False,,,,,,,
v5-20261009T121014Z-d833d0,features_x_external[pearson],age_ilr2,ext_census_wage_main_share,pearson,static 2023-01…2024-12 (retrospective),0.03797035123161489,62.0,0.0,-0.21832953010253767,0.3173591799482174,0.769522155856221,0.769,9999.0,20261009.0,0.837,-0.13791383619520048,0.286,0.027077638362186646,0.8532266949152542,1.0,0.906460580912863,False,False,,,,,,,
v5-20261009T121014Z-d833d0,features_x_external[spearman],age_ilr2,ext_census_wage_main_share,spearman,static 2023-01…2024-12 (retrospective),0.14482133413915538,62.0,0.0,-0.13143477947345,0.39203242981700276,0.2614161334134318,0.2572,9999.0,20261009.0,0.443,-0.015537256679509457,0.895,0.13722897937599152,0.378192676056338,1.0,0.588412213740458,False,False,,,,,,,
v5-20261009T121014Z-d833d0,features_x_external[pearson],age_ilr2,ext_census_pension_benefit_main_share,pearson,static 2023-01…2024-12 (retrospective),-0.48894827850885897,62.0,0.0,-0.6682946435299499,-0.29021644072704056,5.521909698757929e-05,0.0002,9999.0,20261009.0,0.008,-0.5810390348754751,0.001,-0.5024377789532102,0.0010875000000000001,0.0074339768714812415,0.0313984962406015,False,True,,,,,,,
v5-20261009T121014Z-d833d0,features_x_external[spearman],age_ilr2,ext_census_pension_benefit_main_share,spearman,static 2023-01…2024-12 (retrospective),-0.5177658583264083,62.0,0.0,-0.7035057019406693,-0.29941254374937604,1.634489825724937e-05,0.0001,9999.0,20261009.0,0.004,-0.5089521794968649,0.001,-0.5197250132205182,0.0005612903225806452,0.0038368912885064473,0.0174,False,True,,,,,,,
v5-20261009T121014Z-d833d0,features_x_external[pearson],age_ilr2,ext_census_dependent_main_share,pearson,static 2023-01…2024-12 (retrospective),0.5296881674399643,62.0,0.0,0.33628456080653385,0.692564697624192,9.555509665145476e-06,0.0001,9999.0,20261009.0,0.002,0.5280523563645281,0.001,0.5363491554380019,0.0006214285714285715,0.004247986783703567,0.0116,False,True,,,,,,,
v5-20261009T121014Z-d833d0,features_x_external[spearman],age_ilr2,ext_census_dependent_main_share,spearman,static 2023-01…2024-12 (retrospective),0.5145929339477726,62.0,0.0,0.2764857032617491,0.7042999115669584,1.8791470237707585e-05,0.0001,9999.0,20261009.0,0.001,0.5133338369721236,0.001,0.5297726070861977,0.0005612903225806452,0.0038368912885064473,0.007565217391304348,False,True,,,,,,,
v5-20261009T121014Z-d833d0,features_x_external[pearson],age_ilr2,ext_census_business_main_share,pearson,static 2023-01…2024-12 (retrospective),0.09485003382762222,62.0,0.0,-0.2168378789275018,0.3864166463751756,0.463371567829908,0.471,9999.0,20261009.0,0.59,0.1554250455992673,0.249,0.09938670804880476,0.6055714285714285,1.0,0.7263679245283019,False,False,,,,,,,
v5-20261009T121014Z-d833d0,features_x_external[spearman],age_ilr2,ext_census_business_main_share,spearman,static 2023-01…2024-12 (retrospective),0.09390345244390723,62.0,0.0,-0.18371505575967603,0.3592860313184874,0.46786607355234433,0.4699,9999.0,20261009.0,0.533,0.16562161617687793,0.218,0.10063458487572711,0.5882201438848921,1.0,0.6753058252427185,False,False,,,,,,,
v5-20261009T121014Z-d833d0,features_x_external[pearson],age_ilr2,ext_census_subsistence_main_share,pearson,static 2023-01…2024-12 (retrospective),0.0585186568137287,62.0,0.0,-0.23160868437752527,0.32583913741059295,0.6514227177298356,0.6536,9999.0,20261009.0,0.709,0.1681282980638115,0.196,0.06362923400075544,0.7673165919282511,1.0,0.8188008849557521,False,False,,,,,,,
v5-20261009T121014Z-d833d0,features_x_external[spearman],age_ilr2,ext_census_subsistence_main_share,spearman,static 2023-01…2024-12 (retrospective),-0.07960011080053386,62.0,0.0,-0.3170145731770992,0.17800323802919177,0.5385589882591828,0.5354,9999.0,20261009.0,0.544,0.1331369142051321,0.332,-0.06668429402432574,0.6578428235294117,1.0,0.6826153846153846,False,False,,,,,,,
v5-20261009T121014Z-d833d0,features_x_external[pearson],age_ilr2,ext_census_higher_edu_share,pearson,static 2023-01…2024-12 (retrospective),0.22617366614245904,62.0,0.0,0.04656069147414065,0.3956703931956344,0.07712210753918936,0.0785,9999.0,20261009.0,0.228,0.18901714103554876,0.133,0.2558181437409829,0.15902790697674418,1.0,0.3915,False,False,,,,,,,
v5-20261009T121014Z-d833d0,features_x_external[spearman],age_ilr2,ext_census_higher_edu_share,spearman,static 2023-01…2024-12 (retrospective),0.21568331192868476,62.0,0.0,-0.0063372042838561364,0.42362430177023364,0.09225711797445897,0.093,9999.0,20261009.0,0.267,0.03744554405580318,0.768,0.20661025912215752,0.1691498257839721,1.0,0.40752631578947374,False,False,,,,,,,
v5-20261009T121014Z-d833d0,features_x_external[pearson],age_ilr2,ext_market_access_sber,pearson,static 2023-01…2024-12 (retrospective),0.10646376451354661,62.0,0.0,-0.5805894209937712,0.3469885515745675,0.4101778215356938,0.3487,9999.0,20261009.0,0.527,0.07453480008962607,0.54,0.10421452415013296,0.4932829268292683,1.0,0.687735,False,False,,,,,,,
v5-20261009T121014Z-d833d0,features_x_external[spearman],age_ilr2,ext_market_access_sber,spearman,static 2023-01…2024-12 (retrospective),-0.36024578856542067,62.0,0.0,-0.5934086204365708,-0.11181427982216686,0.004026240687026557,0.0056,9999.0,20261009.0,0.017,-0.3481403137669663,0.006,-0.38587445185908614,0.015548936170212767,0.10629005229011476,0.045507692307692305,False,False,,,,,,,
v5-20261009T121014Z-d833d0,features_x_external[pearson],age_ilr2,ext_wage_large_medium_orgs_v4,pearson,static 2023-01…2024-12 (retrospective),0.07609580303287693,62.0,0.0,-0.2272325553034996,0.3769478800352347,0.5566407584592438,0.5546,9999.0,20261009.0,0.661,-0.01143868355014565,0.922,0.06803307681554535,0.6795802816901407,1.0,0.7771216216216217,False,False,,,,,,,
v5-20261009T121014Z-d833d0,features_x_external[spearman],age_ilr2,ext_wage_large_medium_orgs_v4,spearman,static 2023-01…2024-12 (retrospective),0.1024149479992949,62.0,0.0,-0.17612509916930957,0.36812037631171485,0.42830778793499014,0.4245,9999.0,20261009.0,0.501,-0.04414393996625621,0.716,0.0921734531993654,0.549848635235732,1.0,0.6457333333333334,False,False,,,,,,,
v5-20261009T121014Z-d833d0,features_x_external[pearson],age_ilr2,ext_emp_share_budget_sector_v4,pearson,static 2023-01…2024-12 (retrospective),0.05066105596459285,61.0,1.0,-0.21843269567417972,0.3107092758965148,0.6982092114822578,0.6933,9999.0,20261009.0,0.781,0.16162555128524392,0.205,0.05669600050628986,0.800169536423841,1.0,0.8744615384615385,False,False,,,,,,,
v5-20261009T121014Z-d833d0,features_x_external[spearman],age_ilr2,ext_emp_share_budget_sector_v4,spearman,static 2023-01…2024-12 (retrospective),-0.014119513484928608,61.0,1.0,-0.27182867225776475,0.2716286789781507,0.913994998231915,0.9125,9999.0,20261009.0,0.94,0.18075092543627708,0.152,-0.0007224228952486803,0.9507485029940119,1.0,0.9669330708661417,False,False,,,,,,,
v5-20261009T121014Z-d833d0,features_x_external[pearson],age_ilr2,ext_emp_share_industry_v4,pearson,static 2023-01…2024-12 (retrospective),-0.08084789456380777,61.0,1.0,-0.33730914336765633,0.1989385005311626,0.5356566293329829,0.5286,9999.0,20261009.0,0.581,-0.16664676566713213,0.209,-0.08360109922144637,0.6569742857142856,1.0,0.7221,False,False,,,,,,,
v5-20261009T121014Z-d833d0,features_x_external[spearman],age_ilr2,ext_emp_share_industry_v4,spearman,static 2023-01…2024-12 (retrospective),-0.0008461579154040126,61.0,1.0,-0.2681698208987562,0.247720459385118,0.9948361408017142,0.9942,9999.0,20261009.0,0.997,-0.1785827604442094,0.148,-0.004557074587452908,0.9942,1.0,0.997,False,False,,,,,,,
v5-20261009T121014Z-d833d0,features_x_external[pearson],age_ilr2,ext_emp_share_agri_v4,pearson,static 2023-01…2024-12 (retrospective),-0.16696487118608883,61.0,1.0,-0.35647761853453536,0.050136900234223805,0.19840496452835996,0.1972,9999.0,20261009.0,0.313,-0.15383569134378824,0.243,-0.1647942945846059,0.3288766773162939,1.0,0.4777368421052632,False,False,,,,,,,
v5-20261009T121014Z-d833d0,features_x_external[spearman],age_ilr2,ext_emp_share_agri_v4,spearman,static 2023-01…2024-12 (retrospective),-0.11681438814963352,61.0,1.0,-0.3813712215304939,0.14377543765344955,0.3699592462681385,0.3688,9999.0,20261009.0,0.571,-0.09227921734531992,0.478,-0.1092759154145397,0.5013375,1.0,0.7013223529411764,False,False,,,,,,,
v5-20261009T121014Z-d833d0,features_x_external[pearson],age_ilr2,ext_equalization_grants_pc_v4,pearson,static 2023-01…2024-12 (retrospective),-0.049492588524197974,62.0,0.0,-0.31393696800758697,0.20404936752720923,0.7024551327143013,0.7019,9999.0,20261009.0,0.755,0.13752546907755328,0.299,-0.041005703161626494,0.8055019693654268,1.0,0.8586274509803922,False,False,,,,,,,
v5-20261009T121014Z-d833d0,features_x_external[spearman],age_ilr2,ext_equalization_grants_pc_v4,spearman,static 2023-01…2024-12 (retrospective),-0.1025660396363728,62.0,0.0,-0.33324926990841086,0.1458576973485229,0.42762316721854193,0.4197,9999.0,20261009.0,0.496,0.1490015360983103,0.26,-0.09259650978318348,0.5463426433915212,1.0,0.6408712871287129,False,False,,,,,,,
v5-20261009T121014Z-d833d0,features_x_external[pearson],age_ilr2,ext_urban_share_v4,pearson,static 2023-01…2024-12 (retrospective),0.022188155221667605,62.0,0.0,-0.16833055472020161,0.23206530822325597,0.8640859953623187,0.8598,9999.0,20261009.0,0.877,-0.10871179122077948,0.375,0.013928299790022488,0.915085020242915,1.0,0.9304756097560977,False,False,,,,,,,
v5-20261009T121014Z-d833d0,features_x_external[spearman],age_ilr2,ext_urban_share_v4,spearman,static 2023-01…2024-12 (retrospective),0.09788921148910806,62.0,0.0,-0.13200994070521083,0.32214458025850495,0.44910089934042813,0.4451,9999.0,20261009.0,0.451,-0.09697564906449095,0.458,0.08581485405234808,0.5625719128329298,1.0,0.5960050632911392,False,False,,,,,,,
v5-20261009T121014Z-d833d0,features_x_external[pearson],age_ilr2,ext_log_density_v4,pearson,static 2023-01…2024-12 (retrospective),-0.021205635265953243,62.0,0.0,-0.2279015110259886,0.20708211463979323,0.8700510752064694,0.8643,9999.0,20261009.0,0.894,-0.19730567970475202,0.115,-0.036393802199837025,0.915085020242915,1.0,0.9423253012048193,False,False,,,,,,,
v5-20261009T121014Z-d833d0,features_x_external[spearman],age_ilr2,ext_log_density_v4,spearman,static 2023-01…2024-12 (retrospective),-0.07662864193800206,62.0,0.0,-0.32500533800629156,0.17703792590339268,0.5538728875439511,0.553,9999.0,20261009.0,0.595,-0.3763440860215054,0.004,-0.09254362771020623,0.6744532710280374,1.0,0.7185034642032333,False,False,,,,,,,
v5-20261009T121014Z-d833d0,features_x_external[pearson],age_ilr2,ext_employees_per_1000_v4,pearson,static 2023-01…2024-12 (retrospective),0.06535027762635731,61.0,1.0,-0.12781779454749292,0.27568654172223966,0.6168087279256185,0.6202,9999.0,20261009.0,0.588,-0.001561506348488032,0.986,0.05723599958411593,0.7357827272727272,1.0,0.7263679245283019,False,False,,,,,,,
v5-20261009T121014Z-d833d0,features_x_external[spearman],age_ilr2,ext_employees_per_1000_v4,spearman,static 2023-01…2024-12 (retrospective),0.05790586991010047,61.0,1.0,-0.2027853928219532,0.3041989107085228,0.6575666140530796,0.6601,9999.0,20261009.0,0.616,-0.016181914331041772,0.897,0.04929146985273688,0.765716,1.0,0.7307999999999999,False,False,,,,,,,
v5-20261009T121014Z-d833d0,features_x_external[pearson],age_ilr2,ext_msp2026_per_1000,pearson,static 2023-01…2024-12 (retrospective),0.17316530005390238,62.0,0.0,-0.06809221658496786,0.39698324791581613,0.1783187841029819,0.1663,9999.0,20261009.0,0.438,0.11387261263737207,0.341,0.17519923815523394,0.28796423841059604,1.0,0.6048571428571429,False,False,,,,,,,
v5-20261009T121014Z-d833d0,features_x_external[spearman],age_ilr2,ext_msp2026_per_1000,spearman,static 2023-01…2024-12 (retrospective),0.15066354410616706,62.0,0.0,-0.09988485579648028,0.3939968862722977,0.24245622190028726,0.2367,9999.0,20261009.0,0.557,0.07068570421293849,0.579,0.1399259650978318,0.35505,1.0,0.6922714285714286,False,False,,,,,,,
v5-20261009T121014Z-d833d0,features_x_external[pearson],age_ilr2,msp_lq_agri,pearson,static 2023-01…2024-12 (retrospective),0.004008243220005471,62.0,0.0,-0.31473341255409615,0.29488294480444854,0.9753343347851955,0.9765,9999.0,20261009.0,0.988,0.150401172917505,0.245,0.011592433391768344,0.9859439071566732,1.0,0.9918,False,False,,,,,,,
v5-20261009T121014Z-d833d0,features_x_external[spearman],age_ilr2,msp_lq_agri,spearman,static 2023-01…2024-12 (retrospective),-0.08634887059001285,62.0,0.0,-0.3636330481747723,0.20639707454447903,0.5045659170570346,0.5053,9999.0,20261009.0,0.656,0.037697363450933,0.765,-0.07826546800634585,0.625039336492891,1.0,0.7592727272727273,False,False,,,,,,,
v5-20261009T121014Z-d833d0,features_x_external[pearson],age_ilr2,msp_lq_business_services,pearson,static 2023-01…2024-12 (retrospective),0.11666660407741627,62.0,0.0,-0.0957217319186778,0.3217182080427178,0.36651122392327656,0.3564,9999.0,20261009.0,0.532,0.02550699589117209,0.841,0.11214614946187706,0.5001096774193549,1.0,0.6908059701492537,False,False,,,,,,,
v5-20261009T121014Z-d833d0,features_x_external[spearman],age_ilr2,msp_lq_business_services,spearman,static 2023-01…2024-12 (retrospective),0.17055727632142229,62.0,0.0,-0.09328425454769808,0.4023045300401706,0.18504734928760433,0.1807,9999.0,20261009.0,0.341,0.08473722646118205,0.489,0.16303543098889473,0.29384859813084113,1.0,0.48370108695652175,False,False,,,,,,,
v5-20261009T121014Z-d833d0,features_x_external[pearson],age_ilr2,msp_lq_construction,pearson,static 2023-01…2024-12 (retrospective),0.0570396249809029,62.0,0.0,-0.27106249562485596,0.3809884574674841,0.6596843439147707,0.6556,9999.0,20261009.0,0.796,0.012117332620830548,0.924,0.05180821696484423,0.7673165919282511,1.0,0.8777088607594938,False,False,,,,,,,
v5-20261009T121014Z-d833d0,features_x_external[spearman],age_ilr2,msp_lq_construction,spearman,static 2023-01…2024-12 (retrospective),0.10750169978091714,62.0,0.0,-0.16963015657111313,0.35373032171972724,0.4056027649917796,0.4044,9999.0,20261009.0,0.648,0.02107728337236534,0.863,0.09666842940243256,0.5355772727272727,1.0,0.7533541202672606,False,False,,,,,,,
v5-20261009T121014Z-d833d0,features_x_external[pearson],age_ilr2,msp_lq_consumer_services,pearson,static 2023-01…2024-12 (retrospective),0.216038866964071,62.0,0.0,0.009140400448324783,0.40183354754337064,0.09170865757629323,0.0933,9999.0,20261009.0,0.113,0.18009891303997802,0.167,0.21608278384966056,0.1824067415730337,1.0,0.2251374045801527,False,False,,,,,,,
v5-20261009T121014Z-d833d0,features_x_external[spearman],age_ilr2,msp_lq_consumer_services,spearman,static 2023-01…2024-12 (retrospective),0.27204049255873686,62.0,0.0,0.02971208563818508,0.47902432728966,0.032437631002645954,0.0313,9999.0,20261009.0,0.032,0.22051824431517716,0.09,0.2775780010576414,0.0683623430962343,0.4673140942139504,0.07558371040723982,False,False,,,,,,,
v5-20261009T121014Z-d833d0,features_x_external[pearson],age_ilr2,msp_lq_industry,pearson,static 2023-01…2024-12 (retrospective),0.283068652554827,62.0,0.0,0.00675358124072137,0.5023959372218565,0.025791517415253172,0.0279,9999.0,20261009.0,0.115,0.2739810543893324,0.035,0.28589284083847144,0.06673972602739726,0.45622214224980767,0.22738636363636364,False,False,,,,,,,
v5-20261009T121014Z-d833d0,features_x_external[spearman],age_ilr2,msp_lq_industry,spearman,static 2023-01…2024-12 (retrospective),0.2600538893505578,62.0,0.0,-0.009911586220537725,0.4973169964341057,0.04122491748301935,0.0393,9999.0,20261009.0,0.201,0.25672987333484426,0.042,0.26779481755684825,0.08238795180722891,0.5631909225045065,0.32890909090909093,False,False,,,,,,,
v5-20261009T121014Z-d833d0,features_x_external[pearson],age_ilr2,msp_lq_social,pearson,static 2023-01…2024-12 (retrospective),0.14618764556679234,62.0,0.0,-0.045729344546386566,0.3323669252648548,0.256895001496363,0.2545,9999.0,20261009.0,0.206,0.09537133516600375,0.464,0.14277071365123048,0.3952949554896142,1.0,0.362060606060606,False,False,,,,,,,
v5-20261009T121014Z-d833d0,features_x_external[spearman],age_ilr2,msp_lq_social,spearman,static 2023-01…2024-12 (retrospective),0.2068696330991413,62.0,0.0,-0.030450672984826333,0.4090596584046754,0.1066907484539185,0.1054,9999.0,20261009.0,0.061,0.1267910654478608,0.322,0.1993125330512956,0.18587432432432432,1.0,0.12635714285714286,False,False,,,,,,,
v5-20261009T121014Z-d833d0,features_x_external[pearson],age_ilr2,msp_lq_trade,pearson,static 2023-01…2024-12 (retrospective),-0.11186767973635421,62.0,0.0,-0.4264115042377097,0.23665125366426068,0.3866862491909453,0.3868,9999.0,20261009.0,0.561,-0.14137556395193684,0.294,-0.10922325430570351,0.5258062499999999,1.0,0.705643373493976,False,False,,,,,,,
v5-20261009T121014Z-d833d0,features_x_external[spearman],age_ilr2,msp_lq_trade,spearman,static 2023-01…2024-12 (retrospective),-0.1025660396363728,62.0,0.0,-0.37352011858490514,0.184168788598223,0.42762316721854193,0.4295,9999.0,20261009.0,0.683,-0.10407695600715168,0.457,-0.09566367001586461,0.5522142857142858,1.0,0.7835736263736264,False,False,,,,,,,
v5-20261009T121014Z-d833d0,features_x_external[pearson],age_ilr2,msp_lq_transport,pearson,static 2023-01…2024-12 (retrospective),-0.4269406110633948,62.0,0.0,-0.6097053511519263,-0.2146677880640336,0.0005390505180583576,0.0008,9999.0,20261009.0,0.003,-0.4139839534863637,0.003,-0.4257845006780814,0.0034229508196721315,0.023398746874170467,0.015504950495049507,False,True,,,,,,,
v5-20261009T121014Z-d833d0,features_x_external[spearman],age_ilr2,msp_lq_transport,spearman,static 2023-01…2024-12 (retrospective),-0.4076200548966281,62.0,0.0,-0.6136812735595991,-0.17150461924938695,0.0010077330453060172,0.0015,9999.0,20261009.0,0.006,-0.39996474528468184,0.003,-0.4034373347435219,0.0048937500000000005,0.03345289592166559,0.022532374100719427,False,True,,,,,,,
v5-20261009T121014Z-d833d0,features_x_external[pearson],age_ilr2,ext_msp2026_eci,pearson,static 2023-01…2024-12 (retrospective),0.3163400649616473,62.0,0.0,0.10408340325797207,0.508823705031857,0.01224993095641257,0.0122,9999.0,20261009.0,0.036,0.2988613575111898,0.013,0.3305337883443091,0.03282680412371135,0.22439880700718637,0.09395999999999999,False,False,,,,,,,
v5-20261009T121014Z-d833d0,features_x_external[spearman],age_ilr2,ext_msp2026_eci,spearman,static 2023-01…2024-12 (retrospective),0.3500629565451459,62.0,0.0,0.10707555995130676,0.5562666730708786,0.005284724161256745,0.0053,9999.0,20261009.0,0.014,0.279897257686787,0.026,0.34572569355537675,0.014794652406417112,0.10113388856175548,0.0395027027027027,False,False,,,,,,,
v5-20261009T121014Z-d833d0,features_x_external[pearson],age_ilr2,ext_msp2026_diversity,pearson,static 2023-01…2024-12 (retrospective),0.2102981710492626,62.0,0.0,-0.028728480620640175,0.4540360528050841,0.10088171341282257,0.1046,9999.0,20261009.0,0.096,0.16108621314495403,0.205,0.20891265550286842,0.1978304347826087,1.0,0.19964940239043824,False,False,,,,,,,
v5-20261009T121014Z-d833d0,features_x_external[spearman],age_ilr2,ext_msp2026_diversity,spearman,static 2023-01…2024-12 (retrospective),0.26324860949011736,62.0,0.0,-0.002728688225432643,0.514099234153592,0.03871013758135267,0.0378,9999.0,20261009.0,0.032,0.16451361083830676,0.213,0.25944250289405724,0.07988502024291498,0.5460812807941524,0.07558371040723982,False,False,,,,,,,
v5-20261009T121014Z-d833d0,features_x_external[pearson],age_ilr2,ext_old_age_ratio_65_per100_20_64,pearson,static 2023-01…2024-12 (retrospective),-0.9487430904644336,62.0,0.0,-0.9702729647152594,-0.9190701797178898,1.0431397710132968e-31,0.0001,9999.0,20261009.0,0.001,-0.9579704165751434,0.001,-0.9506167087060048,0.0006214285714285715,0.004247986783703567,0.008847457627118643,False,True,,,,,,,
v5-20261009T121014Z-d833d0,features_x_external[spearman],age_ilr2,ext_old_age_ratio_65_per100_20_64,spearman,static 2023-01…2024-12 (retrospective),-0.9401677117171564,62.0,0.0,-0.9709539435784754,-0.8807439609453871,9.553904642708948e-30,0.0001,9999.0,20261009.0,0.001,-0.9559316058522828,0.001,-0.9425171866737176,0.0005612903225806452,0.0038368912885064473,0.007565217391304348,False,True,,,,,,,
v5-20261009T121014Z-d833d0,features_x_external[pearson],age_ilr2,ext_youth_ratio_0_19_per100_20_64,pearson,static 2023-01…2024-12 (retrospective),0.8217446712998163,62.0,0.0,0.6853353603386177,0.9032783637228583,2.747331573694465e-16,0.0001,9999.0,20261009.0,0.001,0.852223131511955,0.001,0.8292807190610244,0.0006214285714285715,0.004247986783703567,0.008847457627118643,False,True,,,,,,,
v5-20261009T121014Z-d833d0,features_x_external[spearman],age_ilr2,ext_youth_ratio_0_19_per100_20_64,spearman,static 2023-01…2024-12 (retrospective),0.7461156858301227,62.0,0.0,0.5945731888960005,0.8530136243265559,3.420582943783573e-12,0.0001,9999.0,20261009.0,0.001,0.7849462365591398,0.001,0.7644632469592807,0.0005612903225806452,0.0038368912885064473,0.007565217391304348,False,True,,,,,,,
v5-20261009T121014Z-d833d0,features_x_external[pearson],age_ilr2,ext_balance_residual_share_2024,pearson,static 2023-01…2024-12 (retrospective),0.013259281907688651,62.0,0.0,-0.2416029466152444,0.25626054023452033,0.9185317099094659,0.9156,9999.0,20261009.0,0.919,0.0041282085202144336,0.967,0.01022827683926035,0.9501852882703776,1.0,0.9511541501976285,False,False,,,,,,,
v5-20261009T121014Z-d833d0,features_x_external[spearman],age_ilr2,ext_balance_residual_share_2024,spearman,static 2023-01…2024-12 (retrospective),-0.060159653496512304,62.0,0.0,-0.3249902838516268,0.2004034809483227,0.6423049967317982,0.6387,9999.0,20261009.0,0.595,-0.09591800760494573,0.441,-0.07292437863564251,0.7475367713004485,1.0,0.7185034642032333,False,False,,,,,,,
v5-20261009T121014Z-d833d0,panel_within_between[pearson],sber_spend_pc_log,sber_rel_trend,pearson,2023Q4…2024Q4 скользящие окна (monitoring),,,,,,,,,,,,,,,,,,,62.0,308.0,0.6377269590087403,-0.029835696926301343,-0.20907395752120203,0.13639324195670335,"cluster bootstrap by MO, B=2000"
v5-20261009T121014Z-d833d0,panel_within_between[pearson],sber_spend_pc_log,proc44_pc_log,pearson,2023Q4…2024Q4 скользящие окна (monitoring),,,,,,,,,,,,,,,,,,,62.0,310.0,0.12755712594443586,-0.24294648005885958,-0.3786737317938195,-0.10328399641532512,"cluster bootstrap by MO, B=2000"
v5-20261009T121014Z-d833d0,panel_within_between[pearson],sber_spend_pc_log,supplier_hhi,pearson,2023Q4…2024Q4 скользящие окна (monitoring),,,,,,,,,,,,,,,,,,,62.0,310.0,-0.3406410053170461,-0.12347719524933493,-0.27813475337516697,0.04047404440315045,"cluster bootstrap by MO, B=2000"
v5-20261009T121014Z-d833d0,panel_within_between[pearson],sber_spend_pc_log,procgeo_ilr1,pearson,2023Q4…2024Q4 скользящие окна (monitoring),,,,,,,,,,,,,,,,,,,62.0,310.0,0.47614237100331214,0.23376329613793095,0.08187206433275436,0.3750603420051851,"cluster bootstrap by MO, B=2000"
v5-20261009T121014Z-d833d0,panel_within_between[pearson],sber_spend_pc_log,proc223_pc_log,pearson,2023Q4…2024Q4 скользящие окна (monitoring),,,,,,,,,,,,,,,,,,,62.0,310.0,0.49087759593425134,-0.17450924810982443,-0.34059842409923696,0.006036205542779171,"cluster bootstrap by MO, B=2000"
v5-20261009T121014Z-d833d0,panel_within_between[pearson],sber_rel_trend,proc44_pc_log,pearson,2023Q4…2024Q4 скользящие окна (monitoring),,,,,,,,,,,,,,,,,,,62.0,308.0,0.0025354949397704677,-0.1307762708550155,-0.22245777367583083,-0.02211860092274509,"cluster bootstrap by MO, B=2000"
v5-20261009T121014Z-d833d0,panel_within_between[pearson],sber_rel_trend,supplier_hhi,pearson,2023Q4…2024Q4 скользящие окна (monitoring),,,,,,,,,,,,,,,,,,,62.0,308.0,-0.30476679004615903,-0.1695011781831849,-0.2665183296268308,-0.0535076455185655,"cluster bootstrap by MO, B=2000"
v5-20261009T121014Z-d833d0,panel_within_between[pearson],sber_rel_trend,procgeo_ilr1,pearson,2023Q4…2024Q4 скользящие окна (monitoring),,,,,,,,,,,,,,,,,,,62.0,308.0,0.2096889354606341,0.11162288884619896,-0.016721213145261794,0.22969977637581174,"cluster bootstrap by MO, B=2000"
v5-20261009T121014Z-d833d0,panel_within_between[pearson],sber_rel_trend,proc223_pc_log,pearson,2023Q4…2024Q4 скользящие окна (monitoring),,,,,,,,,,,,,,,,,,,62.0,308.0,0.3046402470041243,-0.012656810874258366,-0.07840740844960117,0.07393589681001511,"cluster bootstrap by MO, B=2000"
v5-20261009T121014Z-d833d0,panel_within_between[pearson],proc44_pc_log,supplier_hhi,pearson,2023Q4…2024Q4 скользящие окна (monitoring),,,,,,,,,,,,,,,,,,,62.0,310.0,0.4271561012552802,0.7166920481384118,0.5776937342148677,0.8086535588997916,"cluster bootstrap by MO, B=2000"
v5-20261009T121014Z-d833d0,panel_within_between[pearson],proc44_pc_log,procgeo_ilr1,pearson,2023Q4…2024Q4 скользящие окна (monitoring),,,,,,,,,,,,,,,,,,,62.0,310.0,0.02772628096285644,-0.5148321013975715,-0.6848315819632531,-0.3011169954797061,"cluster bootstrap by MO, B=2000"
v5-20261009T121014Z-d833d0,panel_within_between[pearson],proc44_pc_log,proc223_pc_log,pearson,2023Q4…2024Q4 скользящие окна (monitoring),,,,,,,,,,,,,,,,,,,62.0,310.0,-0.05023664793818682,0.1229371693054276,0.027556312430346314,0.24600658988011675,"cluster bootstrap by MO, B=2000"
v5-20261009T121014Z-d833d0,panel_within_between[pearson],supplier_hhi,procgeo_ilr1,pearson,2023Q4…2024Q4 скользящие окна (monitoring),,,,,,,,,,,,,,,,,,,62.0,310.0,-0.2298448254114792,-0.45665027174308764,-0.6681483476495281,-0.1861423338959557,"cluster bootstrap by MO, B=2000"
v5-20261009T121014Z-d833d0,panel_within_between[pearson],supplier_hhi,proc223_pc_log,pearson,2023Q4…2024Q4 скользящие окна (monitoring),,,,,,,,,,,,,,,,,,,62.0,310.0,-0.20497919643097012,0.038056526508881014,-0.025720708140964887,0.08973564027825923,"cluster bootstrap by MO, B=2000"
v5-20261009T121014Z-d833d0,panel_within_between[pearson],procgeo_ilr1,proc223_pc_log,pearson,2023Q4…2024Q4 скользящие окна (monitoring),,,,,,,,,,,,,,,,,,,62.0,310.0,0.28097696092117913,-0.07236529405901401,-0.21950509549484506,0.02817034006349996,"cluster bootstrap by MO, B=2000"
v5-20261009T121014Z-d833d0,feature_redundancy[spearman],pop_growth,migr_rate,spearman,,0.8780045580580392,,,,,,,,,,,,,,,,,,,,,,,,
