run_id,level,mode,beta,period,mo,label
v5-20261009T142841Z-d833d0,detailed,monitoring,0.0,2023Q1,ГО Агидель,3
v5-20261009T142841Z-d833d0,detailed,monitoring,0.0,2023Q1,ГО Кумертау,1
v5-20261009T142841Z-d833d0,detailed,monitoring,0.0,2023Q1,ГО Нефтекамск,1
v5-20261009T142841Z-d833d0,detailed,monitoring,0.0,2023Q1,ГО Октябрьский,3
v5-20261009T142841Z-d833d0,detailed,monitoring,0.0,2023Q1,ГО Салават,1
v5-20261009T142841Z-d833d0,detailed,monitoring,0.0,2023Q1,ГО Сибай,1
v5-20261009T142841Z-d833d0,detailed,monitoring,0.0,2023Q1,ГО Стерлитамак,1
v5-20261009T142841Z-d833d0,detailed,monitoring,0.0,2023Q1,ГО Уфа,2
v5-20261009T142841Z-d833d0,detailed,monitoring,0.0,2023Q1,МР Абзелиловский,3
v5-20261009T142841Z-d833d0,detailed,monitoring,0.0,2023Q1,МР Альшеевский,0
v5-20261009T142841Z-d833d0,detailed,monitoring,0.0,2023Q1,МР Архангельский,0
v5-20261009T142841Z-d833d0,detailed,monitoring,0.0,2023Q1,МР Аскинский,0
v5-20261009T142841Z-d833d0,detailed,monitoring,0.0,2023Q1,МР Аургазинский,2
v5-20261009T142841Z-d833d0,detailed,monitoring,0.0,2023Q1,МР Баймакский,4
v5-20261009T142841Z-d833d0,detailed,monitoring,0.0,2023Q1,МР Бакалинский,4
v5-20261009T142841Z-d833d0,detailed,monitoring,0.0,2023Q1,МР Балтачевский,4
v5-20261009T142841Z-d833d0,detailed,monitoring,0.0,2023Q1,МР Белебеевский,3
v5-20261009T142841Z-d833d0,detailed,monitoring,0.0,2023Q1,МР Белокатайский,4
v5-20261009T142841Z-d833d0,detailed,monitoring,0.0,2023Q1,МР Белорецкий,1
v5-20261009T142841Z-d833d0,detailed,monitoring,0.0,2023Q1,МР Бижбулякский,3
v5-20261009T142841Z-d833d0,detailed,monitoring,0.0,2023Q1,МР Бирский,1
v5-20261009T142841Z-d833d0,detailed,monitoring,0.0,2023Q1,МР Благоварский,2
v5-20261009T142841Z-d833d0,detailed,monitoring,0.0,2023Q1,МР Благовещенский,4
v5-20261009T142841Z-d833d0,detailed,monitoring,0.0,2023Q1,МР Буздякский,3
v5-20261009T142841Z-d833d0,detailed,monitoring,0.0,2023Q1,МР Бураевский,4
v5-20261009T142841Z-d833d0,detailed,monitoring,0.0,2023Q1,МР Бурзянский,4
v5-20261009T142841Z-d833d0,detailed,monitoring,0.0,2023Q1,МР Гафурийский,2
v5-20261009T142841Z-d833d0,detailed,monitoring,0.0,2023Q1,МР Давлекановский,0
v5-20261009T142841Z-d833d0,detailed,monitoring,0.0,2023Q1,МР Дуванский,1
v5-20261009T142841Z-d833d0,detailed,monitoring,0.0,2023Q1,МР Дюртюлинский,1
v5-20261009T142841Z-d833d0,detailed,monitoring,0.0,2023Q1,МР Ермекеевский,4
v5-20261009T142841Z-d833d0,detailed,monitoring,0.0,2023Q1,МР Зианчуринский,0
v5-20261009T142841Z-d833d0,detailed,monitoring,0.0,2023Q1,МР Зилаирский,0
v5-20261009T142841Z-d833d0,detailed,monitoring,0.0,2023Q1,МР Иглинский,1
v5-20261009T142841Z-d833d0,detailed,monitoring,0.0,2023Q1,МР Илишевский,4
v5-20261009T142841Z-d833d0,detailed,monitoring,0.0,2023Q1,МР Ишимбайский,1
v5-20261009T142841Z-d833d0,detailed,monitoring,0.0,2023Q1,МР Калтасинский,0
v5-20261009T142841Z-d833d0,detailed,monitoring,0.0,2023Q1,МР Караидельский,0
v5-20261009T142841Z-d833d0,detailed,monitoring,0.0,2023Q1,МР Кармаскалинский,3
v5-20261009T142841Z-d833d0,detailed,monitoring,0.0,2023Q1,МР Кигинский,0
v5-20261009T142841Z-d833d0,detailed,monitoring,0.0,2023Q1,МР Краснокамский,4
v5-20261009T142841Z-d833d0,detailed,monitoring,0.0,2023Q1,МР Кугарчинский,4
v5-20261009T142841Z-d833d0,detailed,monitoring,0.0,2023Q1,МР Кушнаренковский,4
v5-20261009T142841Z-d833d0,detailed,monitoring,0.0,2023Q1,МР Куюргазинский,0
v5-20261009T142841Z-d833d0,detailed,monitoring,0.0,2023Q1,МР Мелеузовский,1
v5-20261009T142841Z-d833d0,detailed,monitoring,0.0,2023Q1,МР Мечетлинский,4
v5-20261009T142841Z-d833d0,detailed,monitoring,0.0,2023Q1,МР Мишкинский,2
v5-20261009T142841Z-d833d0,detailed,monitoring,0.0,2023Q1,МР Миякинский,0
v5-20261009T142841Z-d833d0,detailed,monitoring,0.0,2023Q1,МР Нуримановский,4
v5-20261009T142841Z-d833d0,detailed,monitoring,0.0,2023Q1,МР Салаватский,3
v5-20261009T142841Z-d833d0,detailed,monitoring,0.0,2023Q1,МР Стерлибашевский,2
v5-20261009T142841Z-d833d0,detailed,monitoring,0.0,2023Q1,МР Стерлитамакский,1
v5-20261009T142841Z-d833d0,detailed,monitoring,0.0,2023Q1,МР Татышлинский,2
v5-20261009T142841Z-d833d0,detailed,monitoring,0.0,2023Q1,МР Туймазинский,1
v5-20261009T142841Z-d833d0,detailed,monitoring,0.0,2023Q1,МР Уфимский,1
v5-20261009T142841Z-d833d0,detailed,monitoring,0.0,2023Q1,МР Учалинский,1
v5-20261009T142841Z-d833d0,detailed,monitoring,0.0,2023Q1,МР Федоровский,0
v5-20261009T142841Z-d833d0,detailed,monitoring,0.0,2023Q1,МР Хайбуллинский,3
v5-20261009T142841Z-d833d0,detailed,monitoring,0.0,2023Q1,МР Чекмагушевский,2
v5-20261009T142841Z-d833d0,detailed,monitoring,0.0,2023Q1,МР Чишминский,1
v5-20261009T142841Z-d833d0,detailed,monitoring,0.0,2023Q1,МР Шаранский,2
v5-20261009T142841Z-d833d0,detailed,monitoring,0.0,2023Q1,МР Янаульский,4
v5-20261009T142841Z-d833d0,detailed,monitoring,0.0,2023Q2,ГО Агидель,2
v5-20261009T142841Z-d833d0,detailed,monitoring,0.0,2023Q2,ГО Кумертау,1
v5-20261009T142841Z-d833d0,detailed,monitoring,0.0,2023Q2,ГО Нефтекамск,1
v5-20261009T142841Z-d833d0,detailed,monitoring,0.0,2023Q2,ГО Октябрьский,1
v5-20261009T142841Z-d833d0,detailed,monitoring,0.0,2023Q2,ГО Салават,1
v5-20261009T142841Z-d833d0,detailed,monitoring,0.0,2023Q2,ГО Сибай,1
v5-20261009T142841Z-d833d0,detailed,monitoring,0.0,2023Q2,ГО Стерлитамак,1
v5-20261009T142841Z-d833d0,detailed,monitoring,0.0,2023Q2,ГО Уфа,1
v5-20261009T142841Z-d833d0,detailed,monitoring,0.0,2023Q2,МР Абзелиловский,4
v5-20261009T142841Z-d833d0,detailed,monitoring,0.0,2023Q2,МР Альшеевский,0
v5-20261009T142841Z-d833d0,detailed,monitoring,0.0,2023Q2,МР Архангельский,0
v5-20261009T142841Z-d833d0,detailed,monitoring,0.0,2023Q2,МР Аскинский,4
v5-20261009T142841Z-d833d0,detailed,monitoring,0.0,2023Q2,МР Аургазинский,2
v5-20261009T142841Z-d833d0,detailed,monitoring,0.0,2023Q2,МР Баймакский,3
v5-20261009T142841Z-d833d0,detailed,monitoring,0.0,2023Q2,МР Бакалинский,2
v5-20261009T142841Z-d833d0,detailed,monitoring,0.0,2023Q2,МР Балтачевский,0
v5-20261009T142841Z-d833d0,detailed,monitoring,0.0,2023Q2,МР Белебеевский,1
v5-20261009T142841Z-d833d0,detailed,monitoring,0.0,2023Q2,МР Белокатайский,3
v5-20261009T142841Z-d833d0,detailed,monitoring,0.0,2023Q2,МР Белорецкий,1
v5-20261009T142841Z-d833d0,detailed,monitoring,0.0,2023Q2,МР Бижбулякский,3
v5-20261009T142841Z-d833d0,detailed,monitoring,0.0,2023Q2,МР Бирский,1
v5-20261009T142841Z-d833d0,detailed,monitoring,0.0,2023Q2,МР Благоварский,4
v5-20261009T142841Z-d833d0,detailed,monitoring,0.0,2023Q2,МР Благовещенский,0
v5-20261009T142841Z-d833d0,detailed,monitoring,0.0,2023Q2,МР Буздякский,3
v5-20261009T142841Z-d833d0,detailed,monitoring,0.0,2023Q2,МР Бураевский,2
v5-20261009T142841Z-d833d0,detailed,monitoring,0.0,2023Q2,МР Бурзянский,3
v5-20261009T142841Z-d833d0,detailed,monitoring,0.0,2023Q2,МР Гафурийский,4
v5-20261009T142841Z-d833d0,detailed,monitoring,0.0,2023Q2,МР Давлекановский,0
v5-20261009T142841Z-d833d0,detailed,monitoring,0.0,2023Q2,МР Дуванский,3
v5-20261009T142841Z-d833d0,detailed,monitoring,0.0,2023Q2,МР Дюртюлинский,4
v5-20261009T142841Z-d833d0,detailed,monitoring,0.0,2023Q2,МР Ермекеевский,0
v5-20261009T142841Z-d833d0,detailed,monitoring,0.0,2023Q2,МР Зианчуринский,0
v5-20261009T142841Z-d833d0,detailed,monitoring,0.0,2023Q2,МР Зилаирский,3
v5-20261009T142841Z-d833d0,detailed,monitoring,0.0,2023Q2,МР Иглинский,1
v5-20261009T142841Z-d833d0,detailed,monitoring,0.0,2023Q2,МР Илишевский,4
v5-20261009T142841Z-d833d0,detailed,monitoring,0.0,2023Q2,МР Ишимбайский,1
v5-20261009T142841Z-d833d0,detailed,monitoring,0.0,2023Q2,МР Калтасинский,2
v5-20261009T142841Z-d833d0,detailed,monitoring,0.0,2023Q2,МР Караидельский,0
v5-20261009T142841Z-d833d0,detailed,monitoring,0.0,2023Q2,МР Кармаскалинский,3
v5-20261009T142841Z-d833d0,detailed,monitoring,0.0,2023Q2,МР Кигинский,0
v5-20261009T142841Z-d833d0,detailed,monitoring,0.0,2023Q2,МР Краснокамский,3
v5-20261009T142841Z-d833d0,detailed,monitoring,0.0,2023Q2,МР Кугарчинский,0
v5-20261009T142841Z-d833d0,detailed,monitoring,0.0,2023Q2,МР Кушнаренковский,3
v5-20261009T142841Z-d833d0,detailed,monitoring,0.0,2023Q2,МР Куюргазинский,0
v5-20261009T142841Z-d833d0,detailed,monitoring,0.0,2023Q2,МР Мелеузовский,1
v5-20261009T142841Z-d833d0,detailed,monitoring,0.0,2023Q2,МР Мечетлинский,3
v5-20261009T142841Z-d833d0,detailed,monitoring,0.0,2023Q2,МР Мишкинский,2
v5-20261009T142841Z-d833d0,detailed,monitoring,0.0,2023Q2,МР Миякинский,3
v5-20261009T142841Z-d833d0,detailed,monitoring,0.0,2023Q2,МР Нуримановский,0
v5-20261009T142841Z-d833d0,detailed,monitoring,0.0,2023Q2,МР Салаватский,3
v5-20261009T142841Z-d833d0,detailed,monitoring,0.0,2023Q2,МР Стерлибашевский,2
v5-20261009T142841Z-d833d0,detailed,monitoring,0.0,2023Q2,МР Стерлитамакский,1
v5-20261009T142841Z-d833d0,detailed,monitoring,0.0,2023Q2,МР Татышлинский,4
v5-20261009T142841Z-d833d0,detailed,monitoring,0.0,2023Q2,МР Туймазинский,1
v5-20261009T142841Z-d833d0,detailed,monitoring,0.0,2023Q2,МР Уфимский,1
v5-20261009T142841Z-d833d0,detailed,monitoring,0.0,2023Q2,МР Учалинский,1
v5-20261009T142841Z-d833d0,detailed,monitoring,0.0,2023Q2,МР Федоровский,0
v5-20261009T142841Z-d833d0,detailed,monitoring,0.0,2023Q2,МР Хайбуллинский,3
v5-20261009T142841Z-d833d0,detailed,monitoring,0.0,2023Q2,МР Чекмагушевский,2
v5-20261009T142841Z-d833d0,detailed,monitoring,0.0,2023Q2,МР Чишминский,4
v5-20261009T142841Z-d833d0,detailed,monitoring,0.0,2023Q2,МР Шаранский,2
v5-20261009T142841Z-d833d0,detailed,monitoring,0.0,2023Q2,МР Янаульский,4
v5-20261009T142841Z-d833d0,detailed,monitoring,0.0,2023Q3,ГО Агидель,4
v5-20261009T142841Z-d833d0,detailed,monitoring,0.0,2023Q3,ГО Кумертау,1
v5-20261009T142841Z-d833d0,detailed,monitoring,0.0,2023Q3,ГО Нефтекамск,1
v5-20261009T142841Z-d833d0,detailed,monitoring,0.0,2023Q3,ГО Октябрьский,1
v5-20261009T142841Z-d833d0,detailed,monitoring,0.0,2023Q3,ГО Салават,1
v5-20261009T142841Z-d833d0,detailed,monitoring,0.0,2023Q3,ГО Сибай,2
v5-20261009T142841Z-d833d0,detailed,monitoring,0.0,2023Q3,ГО Стерлитамак,1
v5-20261009T142841Z-d833d0,detailed,monitoring,0.0,2023Q3,ГО Уфа,1
v5-20261009T142841Z-d833d0,detailed,monitoring,0.0,2023Q3,МР Абзелиловский,3
v5-20261009T142841Z-d833d0,detailed,monitoring,0.0,2023Q3,МР Альшеевский,0
v5-20261009T142841Z-d833d0,detailed,monitoring,0.0,2023Q3,МР Архангельский,3
v5-20261009T142841Z-d833d0,detailed,monitoring,0.0,2023Q3,МР Аскинский,4
v5-20261009T142841Z-d833d0,detailed,monitoring,0.0,2023Q3,МР Аургазинский,4
v5-20261009T142841Z-d833d0,detailed,monitoring,0.0,2023Q3,МР Баймакский,3
v5-20261009T142841Z-d833d0,detailed,monitoring,0.0,2023Q3,МР Бакалинский,3
v5-20261009T142841Z-d833d0,detailed,monitoring,0.0,2023Q3,МР Балтачевский,0
v5-20261009T142841Z-d833d0,detailed,monitoring,0.0,2023Q3,МР Белебеевский,1
v5-20261009T142841Z-d833d0,detailed,monitoring,0.0,2023Q3,МР Белокатайский,2
v5-20261009T142841Z-d833d0,detailed,monitoring,0.0,2023Q3,МР Белорецкий,1
v5-20261009T142841Z-d833d0,detailed,monitoring,0.0,2023Q3,МР Бижбулякский,3
v5-20261009T142841Z-d833d0,detailed,monitoring,0.0,2023Q3,МР Бирский,1
v5-20261009T142841Z-d833d0,detailed,monitoring,0.0,2023Q3,МР Благоварский,3
v5-20261009T142841Z-d833d0,detailed,monitoring,0.0,2023Q3,МР Благовещенский,3
v5-20261009T142841Z-d833d0,detailed,monitoring,0.0,2023Q3,МР Буздякский,3
v5-20261009T142841Z-d833d0,detailed,monitoring,0.0,2023Q3,МР Бураевский,3
v5-20261009T142841Z-d833d0,detailed,monitoring,0.0,2023Q3,МР Бурзянский,2
v5-20261009T142841Z-d833d0,detailed,monitoring,0.0,2023Q3,МР Гафурийский,4
v5-20261009T142841Z-d833d0,detailed,monitoring,0.0,2023Q3,МР Давлекановский,0
v5-20261009T142841Z-d833d0,detailed,monitoring,0.0,2023Q3,МР Дуванский,2
v5-20261009T142841Z-d833d0,detailed,monitoring,0.0,2023Q3,МР Дюртюлинский,4
v5-20261009T142841Z-d833d0,detailed,monitoring,0.0,2023Q3,МР Ермекеевский,0
v5-20261009T142841Z-d833d0,detailed,monitoring,0.0,2023Q3,МР Зианчуринский,0
v5-20261009T142841Z-d833d0,detailed,monitoring,0.0,2023Q3,МР Зилаирский,2
v5-20261009T142841Z-d833d0,detailed,monitoring,0.0,2023Q3,МР Иглинский,3
v5-20261009T142841Z-d833d0,detailed,monitoring,0.0,2023Q3,МР Илишевский,4
v5-20261009T142841Z-d833d0,detailed,monitoring,0.0,2023Q3,МР Ишимбайский,1
v5-20261009T142841Z-d833d0,detailed,monitoring,0.0,2023Q3,МР Калтасинский,2
v5-20261009T142841Z-d833d0,detailed,monitoring,0.0,2023Q3,МР Караидельский,0
v5-20261009T142841Z-d833d0,detailed,monitoring,0.0,2023Q3,МР Кармаскалинский,3
v5-20261009T142841Z-d833d0,detailed,monitoring,0.0,2023Q3,МР Кигинский,0
v5-20261009T142841Z-d833d0,detailed,monitoring,0.0,2023Q3,МР Краснокамский,3
v5-20261009T142841Z-d833d0,detailed,monitoring,0.0,2023Q3,МР Кугарчинский,0
v5-20261009T142841Z-d833d0,detailed,monitoring,0.0,2023Q3,МР Кушнаренковский,3
v5-20261009T142841Z-d833d0,detailed,monitoring,0.0,2023Q3,МР Куюргазинский,2
v5-20261009T142841Z-d833d0,detailed,monitoring,0.0,2023Q3,МР Мелеузовский,1
v5-20261009T142841Z-d833d0,detailed,monitoring,0.0,2023Q3,МР Мечетлинский,2
v5-20261009T142841Z-d833d0,detailed,monitoring,0.0,2023Q3,МР Мишкинский,2
v5-20261009T142841Z-d833d0,detailed,monitoring,0.0,2023Q3,МР Миякинский,0
v5-20261009T142841Z-d833d0,detailed,monitoring,0.0,2023Q3,МР Нуримановский,3
v5-20261009T142841Z-d833d0,detailed,monitoring,0.0,2023Q3,МР Салаватский,4
v5-20261009T142841Z-d833d0,detailed,monitoring,0.0,2023Q3,МР Стерлибашевский,2
v5-20261009T142841Z-d833d0,detailed,monitoring,0.0,2023Q3,МР Стерлитамакский,1
v5-20261009T142841Z-d833d0,detailed,monitoring,0.0,2023Q3,МР Татышлинский,4
v5-20261009T142841Z-d833d0,detailed,monitoring,0.0,2023Q3,МР Туймазинский,1
v5-20261009T142841Z-d833d0,detailed,monitoring,0.0,2023Q3,МР Уфимский,1
v5-20261009T142841Z-d833d0,detailed,monitoring,0.0,2023Q3,МР Учалинский,1
v5-20261009T142841Z-d833d0,detailed,monitoring,0.0,2023Q3,МР Федоровский,0
v5-20261009T142841Z-d833d0,detailed,monitoring,0.0,2023Q3,МР Хайбуллинский,2
v5-20261009T142841Z-d833d0,detailed,monitoring,0.0,2023Q3,МР Чекмагушевский,4
v5-20261009T142841Z-d833d0,detailed,monitoring,0.0,2023Q3,МР Чишминский,4
v5-20261009T142841Z-d833d0,detailed,monitoring,0.0,2023Q3,МР Шаранский,2
v5-20261009T142841Z-d833d0,detailed,monitoring,0.0,2023Q3,МР Янаульский,4
v5-20261009T142841Z-d833d0,detailed,monitoring,0.0,2023Q4,ГО Агидель,3
v5-20261009T142841Z-d833d0,detailed,monitoring,0.0,2023Q4,ГО Кумертау,1
v5-20261009T142841Z-d833d0,detailed,monitoring,0.0,2023Q4,ГО Нефтекамск,1
v5-20261009T142841Z-d833d0,detailed,monitoring,0.0,2023Q4,ГО Октябрьский,1
v5-20261009T142841Z-d833d0,detailed,monitoring,0.0,2023Q4,ГО Салават,1
v5-20261009T142841Z-d833d0,detailed,monitoring,0.0,2023Q4,ГО Сибай,1
v5-20261009T142841Z-d833d0,detailed,monitoring,0.0,2023Q4,ГО Стерлитамак,1
v5-20261009T142841Z-d833d0,detailed,monitoring,0.0,2023Q4,ГО Уфа,1
v5-20261009T142841Z-d833d0,detailed,monitoring,0.0,2023Q4,МР Абзелиловский,2
v5-20261009T142841Z-d833d0,detailed,monitoring,0.0,2023Q4,МР Альшеевский,3
v5-20261009T142841Z-d833d0,detailed,monitoring,0.0,2023Q4,МР Архангельский,0
v5-20261009T142841Z-d833d0,detailed,monitoring,0.0,2023Q4,МР Аскинский,4
v5-20261009T142841Z-d833d0,detailed,monitoring,0.0,2023Q4,МР Аургазинский,0
v5-20261009T142841Z-d833d0,detailed,monitoring,0.0,2023Q4,МР Баймакский,2
v5-20261009T142841Z-d833d0,detailed,monitoring,0.0,2023Q4,МР Бакалинский,0
v5-20261009T142841Z-d833d0,detailed,monitoring,0.0,2023Q4,МР Балтачевский,4
v5-20261009T142841Z-d833d0,detailed,monitoring,0.0,2023Q4,МР Белебеевский,1
v5-20261009T142841Z-d833d0,detailed,monitoring,0.0,2023Q4,МР Белокатайский,2
v5-20261009T142841Z-d833d0,detailed,monitoring,0.0,2023Q4,МР Белорецкий,1
v5-20261009T142841Z-d833d0,detailed,monitoring,0.0,2023Q4,МР Бижбулякский,3
v5-20261009T142841Z-d833d0,detailed,monitoring,0.0,2023Q4,МР Бирский,1
v5-20261009T142841Z-d833d0,detailed,monitoring,0.0,2023Q4,МР Благоварский,3
v5-20261009T142841Z-d833d0,detailed,monitoring,0.0,2023Q4,МР Благовещенский,3
v5-20261009T142841Z-d833d0,detailed,monitoring,0.0,2023Q4,МР Буздякский,3
v5-20261009T142841Z-d833d0,detailed,monitoring,0.0,2023Q4,МР Бураевский,3
v5-20261009T142841Z-d833d0,detailed,monitoring,0.0,2023Q4,МР Бурзянский,2
v5-20261009T142841Z-d833d0,detailed,monitoring,0.0,2023Q4,МР Гафурийский,4
v5-20261009T142841Z-d833d0,detailed,monitoring,0.0,2023Q4,МР Давлекановский,3
v5-20261009T142841Z-d833d0,detailed,monitoring,0.0,2023Q4,МР Дуванский,2
v5-20261009T142841Z-d833d0,detailed,monitoring,0.0,2023Q4,МР Дюртюлинский,0
v5-20261009T142841Z-d833d0,detailed,monitoring,0.0,2023Q4,МР Ермекеевский,0
v5-20261009T142841Z-d833d0,detailed,monitoring,0.0,2023Q4,МР Зианчуринский,2
v5-20261009T142841Z-d833d0,detailed,monitoring,0.0,2023Q4,МР Зилаирский,2
v5-20261009T142841Z-d833d0,detailed,monitoring,0.0,2023Q4,МР Иглинский,3
v5-20261009T142841Z-d833d0,detailed,monitoring,0.0,2023Q4,МР Илишевский,4
v5-20261009T142841Z-d833d0,detailed,monitoring,0.0,2023Q4,МР Ишимбайский,1
v5-20261009T142841Z-d833d0,detailed,monitoring,0.0,2023Q4,МР Калтасинский,0
v5-20261009T142841Z-d833d0,detailed,monitoring,0.0,2023Q4,МР Караидельский,4
v5-20261009T142841Z-d833d0,detailed,monitoring,0.0,2023Q4,МР Кармаскалинский,3
v5-20261009T142841Z-d833d0,detailed,monitoring,0.0,2023Q4,МР Кигинский,2
v5-20261009T142841Z-d833d0,detailed,monitoring,0.0,2023Q4,МР Краснокамский,3
v5-20261009T142841Z-d833d0,detailed,monitoring,0.0,2023Q4,МР Кугарчинский,4
v5-20261009T142841Z-d833d0,detailed,monitoring,0.0,2023Q4,МР Кушнаренковский,3
v5-20261009T142841Z-d833d0,detailed,monitoring,0.0,2023Q4,МР Куюргазинский,0
v5-20261009T142841Z-d833d0,detailed,monitoring,0.0,2023Q4,МР Мелеузовский,1
v5-20261009T142841Z-d833d0,detailed,monitoring,0.0,2023Q4,МР Мечетлинский,2
v5-20261009T142841Z-d833d0,detailed,monitoring,0.0,2023Q4,МР Мишкинский,0
v5-20261009T142841Z-d833d0,detailed,monitoring,0.0,2023Q4,МР Миякинский,0
v5-20261009T142841Z-d833d0,detailed,monitoring,0.0,2023Q4,МР Нуримановский,2
v5-20261009T142841Z-d833d0,detailed,monitoring,0.0,2023Q4,МР Салаватский,4
v5-20261009T142841Z-d833d0,detailed,monitoring,0.0,2023Q4,МР Стерлибашевский,0
v5-20261009T142841Z-d833d0,detailed,monitoring,0.0,2023Q4,МР Стерлитамакский,1
v5-20261009T142841Z-d833d0,detailed,monitoring,0.0,2023Q4,МР Татышлинский,4
v5-20261009T142841Z-d833d0,detailed,monitoring,0.0,2023Q4,МР Туймазинский,1
v5-20261009T142841Z-d833d0,detailed,monitoring,0.0,2023Q4,МР Уфимский,1
v5-20261009T142841Z-d833d0,detailed,monitoring,0.0,2023Q4,МР Учалинский,1
v5-20261009T142841Z-d833d0,detailed,monitoring,0.0,2023Q4,МР Федоровский,0
v5-20261009T142841Z-d833d0,detailed,monitoring,0.0,2023Q4,МР Хайбуллинский,2
v5-20261009T142841Z-d833d0,detailed,monitoring,0.0,2023Q4,МР Чекмагушевский,0
v5-20261009T142841Z-d833d0,detailed,monitoring,0.0,2023Q4,МР Чишминский,3
v5-20261009T142841Z-d833d0,detailed,monitoring,0.0,2023Q4,МР Шаранский,0
v5-20261009T142841Z-d833d0,detailed,monitoring,0.0,2023Q4,МР Янаульский,4
v5-20261009T142841Z-d833d0,detailed,monitoring,0.0,2024Q1,ГО Агидель,4
v5-20261009T142841Z-d833d0,detailed,monitoring,0.0,2024Q1,ГО Кумертау,1
v5-20261009T142841Z-d833d0,detailed,monitoring,0.0,2024Q1,ГО Нефтекамск,1
v5-20261009T142841Z-d833d0,detailed,monitoring,0.0,2024Q1,ГО Октябрьский,1
v5-20261009T142841Z-d833d0,detailed,monitoring,0.0,2024Q1,ГО Салават,1
v5-20261009T142841Z-d833d0,detailed,monitoring,0.0,2024Q1,ГО Сибай,3
v5-20261009T142841Z-d833d0,detailed,monitoring,0.0,2024Q1,ГО Стерлитамак,1
v5-20261009T142841Z-d833d0,detailed,monitoring,0.0,2024Q1,ГО Уфа,1
v5-20261009T142841Z-d833d0,detailed,monitoring,0.0,2024Q1,МР Абзелиловский,2
v5-20261009T142841Z-d833d0,detailed,monitoring,0.0,2024Q1,МР Альшеевский,0
v5-20261009T142841Z-d833d0,detailed,monitoring,0.0,2024Q1,МР Архангельский,4
v5-20261009T142841Z-d833d0,detailed,monitoring,0.0,2024Q1,МР Аскинский,4
v5-20261009T142841Z-d833d0,detailed,monitoring,0.0,2024Q1,МР Аургазинский,0
v5-20261009T142841Z-d833d0,detailed,monitoring,0.0,2024Q1,МР Баймакский,2
v5-20261009T142841Z-d833d0,detailed,monitoring,0.0,2024Q1,МР Бакалинский,0
v5-20261009T142841Z-d833d0,detailed,monitoring,0.0,2024Q1,МР Балтачевский,0
v5-20261009T142841Z-d833d0,detailed,monitoring,0.0,2024Q1,МР Белебеевский,1
v5-20261009T142841Z-d833d0,detailed,monitoring,0.0,2024Q1,МР Белокатайский,2
v5-20261009T142841Z-d833d0,detailed,monitoring,0.0,2024Q1,МР Белорецкий,3
v5-20261009T142841Z-d833d0,detailed,monitoring,0.0,2024Q1,МР Бижбулякский,0
v5-20261009T142841Z-d833d0,detailed,monitoring,0.0,2024Q1,МР Бирский,3
v5-20261009T142841Z-d833d0,detailed,monitoring,0.0,2024Q1,МР Благоварский,0
v5-20261009T142841Z-d833d0,detailed,monitoring,0.0,2024Q1,МР Благовещенский,3
v5-20261009T142841Z-d833d0,detailed,monitoring,0.0,2024Q1,МР Буздякский,0
v5-20261009T142841Z-d833d0,detailed,monitoring,0.0,2024Q1,МР Бураевский,0
v5-20261009T142841Z-d833d0,detailed,monitoring,0.0,2024Q1,МР Бурзянский,2
v5-20261009T142841Z-d833d0,detailed,monitoring,0.0,2024Q1,МР Гафурийский,4
v5-20261009T142841Z-d833d0,detailed,monitoring,0.0,2024Q1,МР Давлекановский,0
v5-20261009T142841Z-d833d0,detailed,monitoring,0.0,2024Q1,МР Дуванский,2
v5-20261009T142841Z-d833d0,detailed,monitoring,0.0,2024Q1,МР Дюртюлинский,3
v5-20261009T142841Z-d833d0,detailed,monitoring,0.0,2024Q1,МР Ермекеевский,0
v5-20261009T142841Z-d833d0,detailed,monitoring,0.0,2024Q1,МР Зианчуринский,4
v5-20261009T142841Z-d833d0,detailed,monitoring,0.0,2024Q1,МР Зилаирский,2
v5-20261009T142841Z-d833d0,detailed,monitoring,0.0,2024Q1,МР Иглинский,3
v5-20261009T142841Z-d833d0,detailed,monitoring,0.0,2024Q1,МР Илишевский,2
v5-20261009T142841Z-d833d0,detailed,monitoring,0.0,2024Q1,МР Ишимбайский,1
v5-20261009T142841Z-d833d0,detailed,monitoring,0.0,2024Q1,МР Калтасинский,1
v5-20261009T142841Z-d833d0,detailed,monitoring,0.0,2024Q1,МР Караидельский,4
v5-20261009T142841Z-d833d0,detailed,monitoring,0.0,2024Q1,МР Кармаскалинский,3
v5-20261009T142841Z-d833d0,detailed,monitoring,0.0,2024Q1,МР Кигинский,4
v5-20261009T142841Z-d833d0,detailed,monitoring,0.0,2024Q1,МР Краснокамский,3
v5-20261009T142841Z-d833d0,detailed,monitoring,0.0,2024Q1,МР Кугарчинский,4
v5-20261009T142841Z-d833d0,detailed,monitoring,0.0,2024Q1,МР Кушнаренковский,0
v5-20261009T142841Z-d833d0,detailed,monitoring,0.0,2024Q1,МР Мелеузовский,3
v5-20261009T142841Z-d833d0,detailed,monitoring,0.0,2024Q1,МР Мечетлинский,2
v5-20261009T142841Z-d833d0,detailed,monitoring,0.0,2024Q1,МР Мишкинский,0
v5-20261009T142841Z-d833d0,detailed,monitoring,0.0,2024Q1,МР Миякинский,0
v5-20261009T142841Z-d833d0,detailed,monitoring,0.0,2024Q1,МР Нуримановский,4
v5-20261009T142841Z-d833d0,detailed,monitoring,0.0,2024Q1,МР Салаватский,4
v5-20261009T142841Z-d833d0,detailed,monitoring,0.0,2024Q1,МР Стерлибашевский,0
v5-20261009T142841Z-d833d0,detailed,monitoring,0.0,2024Q1,МР Стерлитамакский,1
v5-20261009T142841Z-d833d0,detailed,monitoring,0.0,2024Q1,МР Татышлинский,4
v5-20261009T142841Z-d833d0,detailed,monitoring,0.0,2024Q1,МР Туймазинский,3
v5-20261009T142841Z-d833d0,detailed,monitoring,0.0,2024Q1,МР Уфимский,3
v5-20261009T142841Z-d833d0,detailed,monitoring,0.0,2024Q1,МР Учалинский,3
v5-20261009T142841Z-d833d0,detailed,monitoring,0.0,2024Q1,МР Федоровский,1
v5-20261009T142841Z-d833d0,detailed,monitoring,0.0,2024Q1,МР Хайбуллинский,2
v5-20261009T142841Z-d833d0,detailed,monitoring,0.0,2024Q1,МР Чекмагушевский,0
v5-20261009T142841Z-d833d0,detailed,monitoring,0.0,2024Q1,МР Чишминский,3
v5-20261009T142841Z-d833d0,detailed,monitoring,0.0,2024Q1,МР Шаранский,0
v5-20261009T142841Z-d833d0,detailed,monitoring,0.0,2024Q1,МР Янаульский,4
v5-20261009T142841Z-d833d0,detailed,monitoring,0.0,2024Q2,ГО Агидель,0
v5-20261009T142841Z-d833d0,detailed,monitoring,0.0,2024Q2,ГО Кумертау,1
v5-20261009T142841Z-d833d0,detailed,monitoring,0.0,2024Q2,ГО Нефтекамск,1
v5-20261009T142841Z-d833d0,detailed,monitoring,0.0,2024Q2,ГО Октябрьский,1
v5-20261009T142841Z-d833d0,detailed,monitoring,0.0,2024Q2,ГО Салават,1
v5-20261009T142841Z-d833d0,detailed,monitoring,0.0,2024Q2,ГО Сибай,2
v5-20261009T142841Z-d833d0,detailed,monitoring,0.0,2024Q2,ГО Стерлитамак,1
v5-20261009T142841Z-d833d0,detailed,monitoring,0.0,2024Q2,ГО Уфа,1
v5-20261009T142841Z-d833d0,detailed,monitoring,0.0,2024Q2,МР Абзелиловский,2
v5-20261009T142841Z-d833d0,detailed,monitoring,0.0,2024Q2,МР Альшеевский,4
v5-20261009T142841Z-d833d0,detailed,monitoring,0.0,2024Q2,МР Архангельский,0
v5-20261009T142841Z-d833d0,detailed,monitoring,0.0,2024Q2,МР Аскинский,4
v5-20261009T142841Z-d833d0,detailed,monitoring,0.0,2024Q2,МР Аургазинский,4
v5-20261009T142841Z-d833d0,detailed,monitoring,0.0,2024Q2,МР Баймакский,2
v5-20261009T142841Z-d833d0,detailed,monitoring,0.0,2024Q2,МР Бакалинский,0
v5-20261009T142841Z-d833d0,detailed,monitoring,0.0,2024Q2,МР Балтачевский,0
v5-20261009T142841Z-d833d0,detailed,monitoring,0.0,2024Q2,МР Белебеевский,1
v5-20261009T142841Z-d833d0,detailed,monitoring,0.0,2024Q2,МР Белокатайский,2
v5-20261009T142841Z-d833d0,detailed,monitoring,0.0,2024Q2,МР Белорецкий,3
v5-20261009T142841Z-d833d0,detailed,monitoring,0.0,2024Q2,МР Бижбулякский,3
v5-20261009T142841Z-d833d0,detailed,monitoring,0.0,2024Q2,МР Бирский,3
v5-20261009T142841Z-d833d0,detailed,monitoring,0.0,2024Q2,МР Благоварский,0
v5-20261009T142841Z-d833d0,detailed,monitoring,0.0,2024Q2,МР Благовещенский,4
v5-20261009T142841Z-d833d0,detailed,monitoring,0.0,2024Q2,МР Буздякский,4
v5-20261009T142841Z-d833d0,detailed,monitoring,0.0,2024Q2,МР Бураевский,1
v5-20261009T142841Z-d833d0,detailed,monitoring,0.0,2024Q2,МР Бурзянский,2
v5-20261009T142841Z-d833d0,detailed,monitoring,0.0,2024Q2,МР Гафурийский,1
v5-20261009T142841Z-d833d0,detailed,monitoring,0.0,2024Q2,МР Давлекановский,4
v5-20261009T142841Z-d833d0,detailed,monitoring,0.0,2024Q2,МР Дуванский,2
v5-20261009T142841Z-d833d0,detailed,monitoring,0.0,2024Q2,МР Дюртюлинский,3
v5-20261009T142841Z-d833d0,detailed,monitoring,0.0,2024Q2,МР Ермекеевский,0
v5-20261009T142841Z-d833d0,detailed,monitoring,0.0,2024Q2,МР Зианчуринский,2
v5-20261009T142841Z-d833d0,detailed,monitoring,0.0,2024Q2,МР Зилаирский,2
v5-20261009T142841Z-d833d0,detailed,monitoring,0.0,2024Q2,МР Иглинский,3
v5-20261009T142841Z-d833d0,detailed,monitoring,0.0,2024Q2,МР Илишевский,3
v5-20261009T142841Z-d833d0,detailed,monitoring,0.0,2024Q2,МР Ишимбайский,1
v5-20261009T142841Z-d833d0,detailed,monitoring,0.0,2024Q2,МР Калтасинский,4
v5-20261009T142841Z-d833d0,detailed,monitoring,0.0,2024Q2,МР Караидельский,4
v5-20261009T142841Z-d833d0,detailed,monitoring,0.0,2024Q2,МР Кармаскалинский,3
v5-20261009T142841Z-d833d0,detailed,monitoring,0.0,2024Q2,МР Кигинский,2
v5-20261009T142841Z-d833d0,detailed,monitoring,0.0,2024Q2,МР Краснокамский,0
v5-20261009T142841Z-d833d0,detailed,monitoring,0.0,2024Q2,МР Кугарчинский,2
v5-20261009T142841Z-d833d0,detailed,monitoring,0.0,2024Q2,МР Кушнаренковский,4
v5-20261009T142841Z-d833d0,detailed,monitoring,0.0,2024Q2,МР Мелеузовский,3
v5-20261009T142841Z-d833d0,detailed,monitoring,0.0,2024Q2,МР Мечетлинский,2
v5-20261009T142841Z-d833d0,detailed,monitoring,0.0,2024Q2,МР Мишкинский,0
v5-20261009T142841Z-d833d0,detailed,monitoring,0.0,2024Q2,МР Миякинский,0
v5-20261009T142841Z-d833d0,detailed,monitoring,0.0,2024Q2,МР Нуримановский,2
v5-20261009T142841Z-d833d0,detailed,monitoring,0.0,2024Q2,МР Салаватский,2
v5-20261009T142841Z-d833d0,detailed,monitoring,0.0,2024Q2,МР Стерлибашевский,0
v5-20261009T142841Z-d833d0,detailed,monitoring,0.0,2024Q2,МР Стерлитамакский,1
v5-20261009T142841Z-d833d0,detailed,monitoring,0.0,2024Q2,МР Татышлинский,0
v5-20261009T142841Z-d833d0,detailed,monitoring,0.0,2024Q2,МР Туймазинский,3
v5-20261009T142841Z-d833d0,detailed,monitoring,0.0,2024Q2,МР Уфимский,1
v5-20261009T142841Z-d833d0,detailed,monitoring,0.0,2024Q2,МР Учалинский,3
v5-20261009T142841Z-d833d0,detailed,monitoring,0.0,2024Q2,МР Федоровский,4
v5-20261009T142841Z-d833d0,detailed,monitoring,0.0,2024Q2,МР Хайбуллинский,2
v5-20261009T142841Z-d833d0,detailed,monitoring,0.0,2024Q2,МР Чекмагушевский,0
v5-20261009T142841Z-d833d0,detailed,monitoring,0.0,2024Q2,МР Чишминский,3
v5-20261009T142841Z-d833d0,detailed,monitoring,0.0,2024Q2,МР Шаранский,4
v5-20261009T142841Z-d833d0,detailed,monitoring,0.0,2024Q2,МР Янаульский,3
v5-20261009T142841Z-d833d0,detailed,monitoring,0.0,2024Q3,ГО Агидель,0
v5-20261009T142841Z-d833d0,detailed,monitoring,0.0,2024Q3,ГО Кумертау,1
v5-20261009T142841Z-d833d0,detailed,monitoring,0.0,2024Q3,ГО Нефтекамск,1
v5-20261009T142841Z-d833d0,detailed,monitoring,0.0,2024Q3,ГО Октябрьский,1
v5-20261009T142841Z-d833d0,detailed,monitoring,0.0,2024Q3,ГО Салават,1
v5-20261009T142841Z-d833d0,detailed,monitoring,0.0,2024Q3,ГО Сибай,2
v5-20261009T142841Z-d833d0,detailed,monitoring,0.0,2024Q3,ГО Стерлитамак,1
v5-20261009T142841Z-d833d0,detailed,monitoring,0.0,2024Q3,ГО Уфа,1
v5-20261009T142841Z-d833d0,detailed,monitoring,0.0,2024Q3,МР Абзелиловский,2
v5-20261009T142841Z-d833d0,detailed,monitoring,0.0,2024Q3,МР Альшеевский,4
v5-20261009T142841Z-d833d0,detailed,monitoring,0.0,2024Q3,МР Архангельский,2
v5-20261009T142841Z-d833d0,detailed,monitoring,0.0,2024Q3,МР Аскинский,0
v5-20261009T142841Z-d833d0,detailed,monitoring,0.0,2024Q3,МР Аургазинский,4
v5-20261009T142841Z-d833d0,detailed,monitoring,0.0,2024Q3,МР Баймакский,2
v5-20261009T142841Z-d833d0,detailed,monitoring,0.0,2024Q3,МР Бакалинский,0
v5-20261009T142841Z-d833d0,detailed,monitoring,0.0,2024Q3,МР Балтачевский,0
v5-20261009T142841Z-d833d0,detailed,monitoring,0.0,2024Q3,МР Белебеевский,1
v5-20261009T142841Z-d833d0,detailed,monitoring,0.0,2024Q3,МР Белокатайский,2
v5-20261009T142841Z-d833d0,detailed,monitoring,0.0,2024Q3,МР Белорецкий,3
v5-20261009T142841Z-d833d0,detailed,monitoring,0.0,2024Q3,МР Бижбулякский,4
v5-20261009T142841Z-d833d0,detailed,monitoring,0.0,2024Q3,МР Бирский,3
v5-20261009T142841Z-d833d0,detailed,monitoring,0.0,2024Q3,МР Благоварский,0
v5-20261009T142841Z-d833d0,detailed,monitoring,0.0,2024Q3,МР Благовещенский,3
v5-20261009T142841Z-d833d0,detailed,monitoring,0.0,2024Q3,МР Буздякский,0
v5-20261009T142841Z-d833d0,detailed,monitoring,0.0,2024Q3,МР Бураевский,4
v5-20261009T142841Z-d833d0,detailed,monitoring,0.0,2024Q3,МР Бурзянский,2
v5-20261009T142841Z-d833d0,detailed,monitoring,0.0,2024Q3,МР Гафурийский,3
v5-20261009T142841Z-d833d0,detailed,monitoring,0.0,2024Q3,МР Давлекановский,4
v5-20261009T142841Z-d833d0,detailed,monitoring,0.0,2024Q3,МР Дуванский,2
v5-20261009T142841Z-d833d0,detailed,monitoring,0.0,2024Q3,МР Дюртюлинский,3
v5-20261009T142841Z-d833d0,detailed,monitoring,0.0,2024Q3,МР Ермекеевский,4
v5-20261009T142841Z-d833d0,detailed,monitoring,0.0,2024Q3,МР Зианчуринский,2
v5-20261009T142841Z-d833d0,detailed,monitoring,0.0,2024Q3,МР Зилаирский,2
v5-20261009T142841Z-d833d0,detailed,monitoring,0.0,2024Q3,МР Иглинский,3
v5-20261009T142841Z-d833d0,detailed,monitoring,0.0,2024Q3,МР Илишевский,0
v5-20261009T142841Z-d833d0,detailed,monitoring,0.0,2024Q3,МР Ишимбайский,1
v5-20261009T142841Z-d833d0,detailed,monitoring,0.0,2024Q3,МР Калтасинский,1
v5-20261009T142841Z-d833d0,detailed,monitoring,0.0,2024Q3,МР Караидельский,0
v5-20261009T142841Z-d833d0,detailed,monitoring,0.0,2024Q3,МР Кармаскалинский,3
v5-20261009T142841Z-d833d0,detailed,monitoring,0.0,2024Q3,МР Кигинский,2
v5-20261009T142841Z-d833d0,detailed,monitoring,0.0,2024Q3,МР Краснокамский,0
v5-20261009T142841Z-d833d0,detailed,monitoring,0.0,2024Q3,МР Кугарчинский,2
v5-20261009T142841Z-d833d0,detailed,monitoring,0.0,2024Q3,МР Кушнаренковский,4
v5-20261009T142841Z-d833d0,detailed,monitoring,0.0,2024Q3,МР Куюргазинский,1
v5-20261009T142841Z-d833d0,detailed,monitoring,0.0,2024Q3,МР Мелеузовский,3
v5-20261009T142841Z-d833d0,detailed,monitoring,0.0,2024Q3,МР Мечетлинский,0
v5-20261009T142841Z-d833d0,detailed,monitoring,0.0,2024Q3,МР Мишкинский,0
v5-20261009T142841Z-d833d0,detailed,monitoring,0.0,2024Q3,МР Миякинский,4
v5-20261009T142841Z-d833d0,detailed,monitoring,0.0,2024Q3,МР Нуримановский,2
v5-20261009T142841Z-d833d0,detailed,monitoring,0.0,2024Q3,МР Салаватский,2
v5-20261009T142841Z-d833d0,detailed,monitoring,0.0,2024Q3,МР Стерлибашевский,4
v5-20261009T142841Z-d833d0,detailed,monitoring,0.0,2024Q3,МР Стерлитамакский,3
v5-20261009T142841Z-d833d0,detailed,monitoring,0.0,2024Q3,МР Татышлинский,0
v5-20261009T142841Z-d833d0,detailed,monitoring,0.0,2024Q3,МР Туймазинский,3
v5-20261009T142841Z-d833d0,detailed,monitoring,0.0,2024Q3,МР Уфимский,3
v5-20261009T142841Z-d833d0,detailed,monitoring,0.0,2024Q3,МР Учалинский,3
v5-20261009T142841Z-d833d0,detailed,monitoring,0.0,2024Q3,МР Федоровский,4
v5-20261009T142841Z-d833d0,detailed,monitoring,0.0,2024Q3,МР Хайбуллинский,2
v5-20261009T142841Z-d833d0,detailed,monitoring,0.0,2024Q3,МР Чекмагушевский,4
v5-20261009T142841Z-d833d0,detailed,monitoring,0.0,2024Q3,МР Чишминский,3
v5-20261009T142841Z-d833d0,detailed,monitoring,0.0,2024Q3,МР Шаранский,4
v5-20261009T142841Z-d833d0,detailed,monitoring,0.0,2024Q3,МР Янаульский,3
v5-20261009T142841Z-d833d0,detailed,monitoring,0.0,2024Q4,ГО Агидель,0
v5-20261009T142841Z-d833d0,detailed,monitoring,0.0,2024Q4,ГО Кумертау,1
v5-20261009T142841Z-d833d0,detailed,monitoring,0.0,2024Q4,ГО Нефтекамск,1
v5-20261009T142841Z-d833d0,detailed,monitoring,0.0,2024Q4,ГО Октябрьский,1
v5-20261009T142841Z-d833d0,detailed,monitoring,0.0,2024Q4,ГО Салават,1
v5-20261009T142841Z-d833d0,detailed,monitoring,0.0,2024Q4,ГО Сибай,2
v5-20261009T142841Z-d833d0,detailed,monitoring,0.0,2024Q4,ГО Стерлитамак,1
v5-20261009T142841Z-d833d0,detailed,monitoring,0.0,2024Q4,ГО Уфа,1
v5-20261009T142841Z-d833d0,detailed,monitoring,0.0,2024Q4,МР Абзелиловский,3
v5-20261009T142841Z-d833d0,detailed,monitoring,0.0,2024Q4,МР Альшеевский,3
v5-20261009T142841Z-d833d0,detailed,monitoring,0.0,2024Q4,МР Архангельский,4
v5-20261009T142841Z-d833d0,detailed,monitoring,0.0,2024Q4,МР Аскинский,0
v5-20261009T142841Z-d833d0,detailed,monitoring,0.0,2024Q4,МР Аургазинский,4
v5-20261009T142841Z-d833d0,detailed,monitoring,0.0,2024Q4,МР Баймакский,2
v5-20261009T142841Z-d833d0,detailed,monitoring,0.0,2024Q4,МР Бакалинский,4
v5-20261009T142841Z-d833d0,detailed,monitoring,0.0,2024Q4,МР Балтачевский,0
v5-20261009T142841Z-d833d0,detailed,monitoring,0.0,2024Q4,МР Белебеевский,1
v5-20261009T142841Z-d833d0,detailed,monitoring,0.0,2024Q4,МР Белокатайский,3
v5-20261009T142841Z-d833d0,detailed,monitoring,0.0,2024Q4,МР Белорецкий,1
v5-20261009T142841Z-d833d0,detailed,monitoring,0.0,2024Q4,МР Бижбулякский,4
v5-20261009T142841Z-d833d0,detailed,monitoring,0.0,2024Q4,МР Бирский,3
v5-20261009T142841Z-d833d0,detailed,monitoring,0.0,2024Q4,МР Благоварский,2
v5-20261009T142841Z-d833d0,detailed,monitoring,0.0,2024Q4,МР Благовещенский,2
v5-20261009T142841Z-d833d0,detailed,monitoring,0.0,2024Q4,МР Буздякский,3
v5-20261009T142841Z-d833d0,detailed,monitoring,0.0,2024Q4,МР Бураевский,4
v5-20261009T142841Z-d833d0,detailed,monitoring,0.0,2024Q4,МР Бурзянский,2
v5-20261009T142841Z-d833d0,detailed,monitoring,0.0,2024Q4,МР Гафурийский,2
v5-20261009T142841Z-d833d0,detailed,monitoring,0.0,2024Q4,МР Давлекановский,4
v5-20261009T142841Z-d833d0,detailed,monitoring,0.0,2024Q4,МР Дуванский,3
v5-20261009T142841Z-d833d0,detailed,monitoring,0.0,2024Q4,МР Дюртюлинский,3
v5-20261009T142841Z-d833d0,detailed,monitoring,0.0,2024Q4,МР Ермекеевский,4
v5-20261009T142841Z-d833d0,detailed,monitoring,0.0,2024Q4,МР Зианчуринский,2
v5-20261009T142841Z-d833d0,detailed,monitoring,0.0,2024Q4,МР Зилаирский,2
v5-20261009T142841Z-d833d0,detailed,monitoring,0.0,2024Q4,МР Иглинский,2
v5-20261009T142841Z-d833d0,detailed,monitoring,0.0,2024Q4,МР Илишевский,3
v5-20261009T142841Z-d833d0,detailed,monitoring,0.0,2024Q4,МР Ишимбайский,1
v5-20261009T142841Z-d833d0,detailed,monitoring,0.0,2024Q4,МР Калтасинский,0
v5-20261009T142841Z-d833d0,detailed,monitoring,0.0,2024Q4,МР Караидельский,0
v5-20261009T142841Z-d833d0,detailed,monitoring,0.0,2024Q4,МР Кармаскалинский,3
v5-20261009T142841Z-d833d0,detailed,monitoring,0.0,2024Q4,МР Кигинский,3
v5-20261009T142841Z-d833d0,detailed,monitoring,0.0,2024Q4,МР Краснокамский,0
v5-20261009T142841Z-d833d0,detailed,monitoring,0.0,2024Q4,МР Кугарчинский,0
v5-20261009T142841Z-d833d0,detailed,monitoring,0.0,2024Q4,МР Кушнаренковский,4
v5-20261009T142841Z-d833d0,detailed,monitoring,0.0,2024Q4,МР Куюргазинский,0
v5-20261009T142841Z-d833d0,detailed,monitoring,0.0,2024Q4,МР Мелеузовский,1
v5-20261009T142841Z-d833d0,detailed,monitoring,0.0,2024Q4,МР Мечетлинский,3
v5-20261009T142841Z-d833d0,detailed,monitoring,0.0,2024Q4,МР Мишкинский,2
v5-20261009T142841Z-d833d0,detailed,monitoring,0.0,2024Q4,МР Миякинский,4
v5-20261009T142841Z-d833d0,detailed,monitoring,0.0,2024Q4,МР Нуримановский,2
v5-20261009T142841Z-d833d0,detailed,monitoring,0.0,2024Q4,МР Салаватский,3
v5-20261009T142841Z-d833d0,detailed,monitoring,0.0,2024Q4,МР Стерлибашевский,4
v5-20261009T142841Z-d833d0,detailed,monitoring,0.0,2024Q4,МР Стерлитамакский,1
v5-20261009T142841Z-d833d0,detailed,monitoring,0.0,2024Q4,МР Татышлинский,0
v5-20261009T142841Z-d833d0,detailed,monitoring,0.0,2024Q4,МР Туймазинский,3
v5-20261009T142841Z-d833d0,detailed,monitoring,0.0,2024Q4,МР Уфимский,1
v5-20261009T142841Z-d833d0,detailed,monitoring,0.0,2024Q4,МР Учалинский,3
v5-20261009T142841Z-d833d0,detailed,monitoring,0.0,2024Q4,МР Федоровский,4
v5-20261009T142841Z-d833d0,detailed,monitoring,0.0,2024Q4,МР Хайбуллинский,2
v5-20261009T142841Z-d833d0,detailed,monitoring,0.0,2024Q4,МР Чекмагушевский,4
v5-20261009T142841Z-d833d0,detailed,monitoring,0.0,2024Q4,МР Чишминский,3
v5-20261009T142841Z-d833d0,detailed,monitoring,0.0,2024Q4,МР Шаранский,4
v5-20261009T142841Z-d833d0,detailed,monitoring,0.0,2024Q4,МР Янаульский,3
v5-20261009T142841Z-d833d0,detailed,monitoring,0.5,2023Q1,ГО Агидель,3
v5-20261009T142841Z-d833d0,detailed,monitoring,0.5,2023Q1,ГО Кумертау,1
v5-20261009T142841Z-d833d0,detailed,monitoring,0.5,2023Q1,ГО Нефтекамск,1
v5-20261009T142841Z-d833d0,detailed,monitoring,0.5,2023Q1,ГО Октябрьский,3
v5-20261009T142841Z-d833d0,detailed,monitoring,0.5,2023Q1,ГО Салават,1
v5-20261009T142841Z-d833d0,detailed,monitoring,0.5,2023Q1,ГО Сибай,1
v5-20261009T142841Z-d833d0,detailed,monitoring,0.5,2023Q1,ГО Стерлитамак,1
v5-20261009T142841Z-d833d0,detailed,monitoring,0.5,2023Q1,ГО Уфа,2
v5-20261009T142841Z-d833d0,detailed,monitoring,0.5,2023Q1,МР Абзелиловский,3
v5-20261009T142841Z-d833d0,detailed,monitoring,0.5,2023Q1,МР Альшеевский,0
v5-20261009T142841Z-d833d0,detailed,monitoring,0.5,2023Q1,МР Архангельский,0
v5-20261009T142841Z-d833d0,detailed,monitoring,0.5,2023Q1,МР Аскинский,0
v5-20261009T142841Z-d833d0,detailed,monitoring,0.5,2023Q1,МР Аургазинский,2
v5-20261009T142841Z-d833d0,detailed,monitoring,0.5,2023Q1,МР Баймакский,4
v5-20261009T142841Z-d833d0,detailed,monitoring,0.5,2023Q1,МР Бакалинский,4
v5-20261009T142841Z-d833d0,detailed,monitoring,0.5,2023Q1,МР Балтачевский,4
v5-20261009T142841Z-d833d0,detailed,monitoring,0.5,2023Q1,МР Белебеевский,3
v5-20261009T142841Z-d833d0,detailed,monitoring,0.5,2023Q1,МР Белокатайский,4
v5-20261009T142841Z-d833d0,detailed,monitoring,0.5,2023Q1,МР Белорецкий,1
v5-20261009T142841Z-d833d0,detailed,monitoring,0.5,2023Q1,МР Бижбулякский,3
v5-20261009T142841Z-d833d0,detailed,monitoring,0.5,2023Q1,МР Бирский,1
v5-20261009T142841Z-d833d0,detailed,monitoring,0.5,2023Q1,МР Благоварский,2
v5-20261009T142841Z-d833d0,detailed,monitoring,0.5,2023Q1,МР Благовещенский,4
v5-20261009T142841Z-d833d0,detailed,monitoring,0.5,2023Q1,МР Буздякский,3
v5-20261009T142841Z-d833d0,detailed,monitoring,0.5,2023Q1,МР Бураевский,4
v5-20261009T142841Z-d833d0,detailed,monitoring,0.5,2023Q1,МР Бурзянский,4
v5-20261009T142841Z-d833d0,detailed,monitoring,0.5,2023Q1,МР Гафурийский,2
v5-20261009T142841Z-d833d0,detailed,monitoring,0.5,2023Q1,МР Давлекановский,0
v5-20261009T142841Z-d833d0,detailed,monitoring,0.5,2023Q1,МР Дуванский,1
v5-20261009T142841Z-d833d0,detailed,monitoring,0.5,2023Q1,МР Дюртюлинский,1
v5-20261009T142841Z-d833d0,detailed,monitoring,0.5,2023Q1,МР Ермекеевский,4
v5-20261009T142841Z-d833d0,detailed,monitoring,0.5,2023Q1,МР Зианчуринский,0
v5-20261009T142841Z-d833d0,detailed,monitoring,0.5,2023Q1,МР Зилаирский,0
v5-20261009T142841Z-d833d0,detailed,monitoring,0.5,2023Q1,МР Иглинский,1
v5-20261009T142841Z-d833d0,detailed,monitoring,0.5,2023Q1,МР Илишевский,4
v5-20261009T142841Z-d833d0,detailed,monitoring,0.5,2023Q1,МР Ишимбайский,1
v5-20261009T142841Z-d833d0,detailed,monitoring,0.5,2023Q1,МР Калтасинский,0
v5-20261009T142841Z-d833d0,detailed,monitoring,0.5,2023Q1,МР Караидельский,0
v5-20261009T142841Z-d833d0,detailed,monitoring,0.5,2023Q1,МР Кармаскалинский,3
v5-20261009T142841Z-d833d0,detailed,monitoring,0.5,2023Q1,МР Кигинский,0
v5-20261009T142841Z-d833d0,detailed,monitoring,0.5,2023Q1,МР Краснокамский,4
v5-20261009T142841Z-d833d0,detailed,monitoring,0.5,2023Q1,МР Кугарчинский,4
v5-20261009T142841Z-d833d0,detailed,monitoring,0.5,2023Q1,МР Кушнаренковский,4
v5-20261009T142841Z-d833d0,detailed,monitoring,0.5,2023Q1,МР Куюргазинский,0
v5-20261009T142841Z-d833d0,detailed,monitoring,0.5,2023Q1,МР Мелеузовский,1
v5-20261009T142841Z-d833d0,detailed,monitoring,0.5,2023Q1,МР Мечетлинский,4
v5-20261009T142841Z-d833d0,detailed,monitoring,0.5,2023Q1,МР Мишкинский,2
v5-20261009T142841Z-d833d0,detailed,monitoring,0.5,2023Q1,МР Миякинский,0
v5-20261009T142841Z-d833d0,detailed,monitoring,0.5,2023Q1,МР Нуримановский,4
v5-20261009T142841Z-d833d0,detailed,monitoring,0.5,2023Q1,МР Салаватский,3
v5-20261009T142841Z-d833d0,detailed,monitoring,0.5,2023Q1,МР Стерлибашевский,2
v5-20261009T142841Z-d833d0,detailed,monitoring,0.5,2023Q1,МР Стерлитамакский,1
v5-20261009T142841Z-d833d0,detailed,monitoring,0.5,2023Q1,МР Татышлинский,2
v5-20261009T142841Z-d833d0,detailed,monitoring,0.5,2023Q1,МР Туймазинский,1
v5-20261009T142841Z-d833d0,detailed,monitoring,0.5,2023Q1,МР Уфимский,1
v5-20261009T142841Z-d833d0,detailed,monitoring,0.5,2023Q1,МР Учалинский,1
v5-20261009T142841Z-d833d0,detailed,monitoring,0.5,2023Q1,МР Федоровский,0
v5-20261009T142841Z-d833d0,detailed,monitoring,0.5,2023Q1,МР Хайбуллинский,3
v5-20261009T142841Z-d833d0,detailed,monitoring,0.5,2023Q1,МР Чекмагушевский,2
v5-20261009T142841Z-d833d0,detailed,monitoring,0.5,2023Q1,МР Чишминский,1
v5-20261009T142841Z-d833d0,detailed,monitoring,0.5,2023Q1,МР Шаранский,2
v5-20261009T142841Z-d833d0,detailed,monitoring,0.5,2023Q1,МР Янаульский,4
v5-20261009T142841Z-d833d0,detailed,monitoring,0.5,2023Q2,ГО Агидель,2
v5-20261009T142841Z-d833d0,detailed,monitoring,0.5,2023Q2,ГО Кумертау,3
v5-20261009T142841Z-d833d0,detailed,monitoring,0.5,2023Q2,ГО Нефтекамск,1
v5-20261009T142841Z-d833d0,detailed,monitoring,0.5,2023Q2,ГО Октябрьский,3
v5-20261009T142841Z-d833d0,detailed,monitoring,0.5,2023Q2,ГО Салават,1
v5-20261009T142841Z-d833d0,detailed,monitoring,0.5,2023Q2,ГО Сибай,1
v5-20261009T142841Z-d833d0,detailed,monitoring,0.5,2023Q2,ГО Стерлитамак,1
v5-20261009T142841Z-d833d0,detailed,monitoring,0.5,2023Q2,ГО Уфа,1
v5-20261009T142841Z-d833d0,detailed,monitoring,0.5,2023Q2,МР Абзелиловский,4
v5-20261009T142841Z-d833d0,detailed,monitoring,0.5,2023Q2,МР Альшеевский,0
v5-20261009T142841Z-d833d0,detailed,monitoring,0.5,2023Q2,МР Архангельский,0
v5-20261009T142841Z-d833d0,detailed,monitoring,0.5,2023Q2,МР Аскинский,2
v5-20261009T142841Z-d833d0,detailed,monitoring,0.5,2023Q2,МР Аургазинский,2
v5-20261009T142841Z-d833d0,detailed,monitoring,0.5,2023Q2,МР Баймакский,4
v5-20261009T142841Z-d833d0,detailed,monitoring,0.5,2023Q2,МР Бакалинский,4
v5-20261009T142841Z-d833d0,detailed,monitoring,0.5,2023Q2,МР Балтачевский,4
v5-20261009T142841Z-d833d0,detailed,monitoring,0.5,2023Q2,МР Белебеевский,3
v5-20261009T142841Z-d833d0,detailed,monitoring,0.5,2023Q2,МР Белокатайский,4
v5-20261009T142841Z-d833d0,detailed,monitoring,0.5,2023Q2,МР Белорецкий,1
v5-20261009T142841Z-d833d0,detailed,monitoring,0.5,2023Q2,МР Бижбулякский,3
v5-20261009T142841Z-d833d0,detailed,monitoring,0.5,2023Q2,МР Бирский,1
v5-20261009T142841Z-d833d0,detailed,monitoring,0.5,2023Q2,МР Благоварский,2
v5-20261009T142841Z-d833d0,detailed,monitoring,0.5,2023Q2,МР Благовещенский,1
v5-20261009T142841Z-d833d0,detailed,monitoring,0.5,2023Q2,МР Буздякский,4
v5-20261009T142841Z-d833d0,detailed,monitoring,0.5,2023Q2,МР Бураевский,2
v5-20261009T142841Z-d833d0,detailed,monitoring,0.5,2023Q2,МР Бурзянский,4
v5-20261009T142841Z-d833d0,detailed,monitoring,0.5,2023Q2,МР Гафурийский,2
v5-20261009T142841Z-d833d0,detailed,monitoring,0.5,2023Q2,МР Давлекановский,0
v5-20261009T142841Z-d833d0,detailed,monitoring,0.5,2023Q2,МР Дуванский,1
v5-20261009T142841Z-d833d0,detailed,monitoring,0.5,2023Q2,МР Дюртюлинский,1
v5-20261009T142841Z-d833d0,detailed,monitoring,0.5,2023Q2,МР Ермекеевский,4
v5-20261009T142841Z-d833d0,detailed,monitoring,0.5,2023Q2,МР Зианчуринский,0
v5-20261009T142841Z-d833d0,detailed,monitoring,0.5,2023Q2,МР Зилаирский,4
v5-20261009T142841Z-d833d0,detailed,monitoring,0.5,2023Q2,МР Иглинский,1
v5-20261009T142841Z-d833d0,detailed,monitoring,0.5,2023Q2,МР Илишевский,4
v5-20261009T142841Z-d833d0,detailed,monitoring,0.5,2023Q2,МР Ишимбайский,1
v5-20261009T142841Z-d833d0,detailed,monitoring,0.5,2023Q2,МР Калтасинский,2
v5-20261009T142841Z-d833d0,detailed,monitoring,0.5,2023Q2,МР Караидельский,0
v5-20261009T142841Z-d833d0,detailed,monitoring,0.5,2023Q2,МР Кармаскалинский,4
v5-20261009T142841Z-d833d0,detailed,monitoring,0.5,2023Q2,МР Кигинский,0
v5-20261009T142841Z-d833d0,detailed,monitoring,0.5,2023Q2,МР Краснокамский,4
v5-20261009T142841Z-d833d0,detailed,monitoring,0.5,2023Q2,МР Кугарчинский,0
v5-20261009T142841Z-d833d0,detailed,monitoring,0.5,2023Q2,МР Кушнаренковский,4
v5-20261009T142841Z-d833d0,detailed,monitoring,0.5,2023Q2,МР Куюргазинский,0
v5-20261009T142841Z-d833d0,detailed,monitoring,0.5,2023Q2,МР Мелеузовский,1
v5-20261009T142841Z-d833d0,detailed,monitoring,0.5,2023Q2,МР Мечетлинский,4
v5-20261009T142841Z-d833d0,detailed,monitoring,0.5,2023Q2,МР Мишкинский,2
v5-20261009T142841Z-d833d0,detailed,monitoring,0.5,2023Q2,МР Миякинский,3
v5-20261009T142841Z-d833d0,detailed,monitoring,0.5,2023Q2,МР Нуримановский,3
v5-20261009T142841Z-d833d0,detailed,monitoring,0.5,2023Q2,МР Салаватский,4
v5-20261009T142841Z-d833d0,detailed,monitoring,0.5,2023Q2,МР Стерлибашевский,2
v5-20261009T142841Z-d833d0,detailed,monitoring,0.5,2023Q2,МР Стерлитамакский,1
v5-20261009T142841Z-d833d0,detailed,monitoring,0.5,2023Q2,МР Татышлинский,2
v5-20261009T142841Z-d833d0,detailed,monitoring,0.5,2023Q2,МР Туймазинский,3
v5-20261009T142841Z-d833d0,detailed,monitoring,0.5,2023Q2,МР Уфимский,1
v5-20261009T142841Z-d833d0,detailed,monitoring,0.5,2023Q2,МР Учалинский,1
v5-20261009T142841Z-d833d0,detailed,monitoring,0.5,2023Q2,МР Федоровский,0
v5-20261009T142841Z-d833d0,detailed,monitoring,0.5,2023Q2,МР Хайбуллинский,4
v5-20261009T142841Z-d833d0,detailed,monitoring,0.5,2023Q2,МР Чекмагушевский,2
v5-20261009T142841Z-d833d0,detailed,monitoring,0.5,2023Q2,МР Чишминский,1
v5-20261009T142841Z-d833d0,detailed,monitoring,0.5,2023Q2,МР Шаранский,2
v5-20261009T142841Z-d833d0,detailed,monitoring,0.5,2023Q2,МР Янаульский,4
v5-20261009T142841Z-d833d0,detailed,monitoring,0.5,2023Q3,ГО Агидель,2
v5-20261009T142841Z-d833d0,detailed,monitoring,0.5,2023Q3,ГО Кумертау,3
v5-20261009T142841Z-d833d0,detailed,monitoring,0.5,2023Q3,ГО Нефтекамск,3
v5-20261009T142841Z-d833d0,detailed,monitoring,0.5,2023Q3,ГО Октябрьский,3
v5-20261009T142841Z-d833d0,detailed,monitoring,0.5,2023Q3,ГО Салават,3
v5-20261009T142841Z-d833d0,detailed,monitoring,0.5,2023Q3,ГО Сибай,1
v5-20261009T142841Z-d833d0,detailed,monitoring,0.5,2023Q3,ГО Стерлитамак,3
v5-20261009T142841Z-d833d0,detailed,monitoring,0.5,2023Q3,ГО Уфа,3
v5-20261009T142841Z-d833d0,detailed,monitoring,0.5,2023Q3,МР Абзелиловский,4
v5-20261009T142841Z-d833d0,detailed,monitoring,0.5,2023Q3,МР Альшеевский,0
v5-20261009T142841Z-d833d0,detailed,monitoring,0.5,2023Q3,МР Архангельский,4
v5-20261009T142841Z-d833d0,detailed,monitoring,0.5,2023Q3,МР Аскинский,1
v5-20261009T142841Z-d833d0,detailed,monitoring,0.5,2023Q3,МР Аургазинский,2
v5-20261009T142841Z-d833d0,detailed,monitoring,0.5,2023Q3,МР Баймакский,4
v5-20261009T142841Z-d833d0,detailed,monitoring,0.5,2023Q3,МР Бакалинский,4
v5-20261009T142841Z-d833d0,detailed,monitoring,0.5,2023Q3,МР Балтачевский,1
v5-20261009T142841Z-d833d0,detailed,monitoring,0.5,2023Q3,МР Белебеевский,3
v5-20261009T142841Z-d833d0,detailed,monitoring,0.5,2023Q3,МР Белокатайский,4
v5-20261009T142841Z-d833d0,detailed,monitoring,0.5,2023Q3,МР Белорецкий,3
v5-20261009T142841Z-d833d0,detailed,monitoring,0.5,2023Q3,МР Бижбулякский,4
v5-20261009T142841Z-d833d0,detailed,monitoring,0.5,2023Q3,МР Бирский,3
v5-20261009T142841Z-d833d0,detailed,monitoring,0.5,2023Q3,МР Благоварский,4
v5-20261009T142841Z-d833d0,detailed,monitoring,0.5,2023Q3,МР Благовещенский,4
v5-20261009T142841Z-d833d0,detailed,monitoring,0.5,2023Q3,МР Буздякский,4
v5-20261009T142841Z-d833d0,detailed,monitoring,0.5,2023Q3,МР Бураевский,4
v5-20261009T142841Z-d833d0,detailed,monitoring,0.5,2023Q3,МР Бурзянский,4
v5-20261009T142841Z-d833d0,detailed,monitoring,0.5,2023Q3,МР Гафурийский,1
v5-20261009T142841Z-d833d0,detailed,monitoring,0.5,2023Q3,МР Давлекановский,0
v5-20261009T142841Z-d833d0,detailed,monitoring,0.5,2023Q3,МР Дуванский,1
v5-20261009T142841Z-d833d0,detailed,monitoring,0.5,2023Q3,МР Дюртюлинский,1
v5-20261009T142841Z-d833d0,detailed,monitoring,0.5,2023Q3,МР Ермекеевский,0
v5-20261009T142841Z-d833d0,detailed,monitoring,0.5,2023Q3,МР Зианчуринский,0
v5-20261009T142841Z-d833d0,detailed,monitoring,0.5,2023Q3,МР Зилаирский,4
v5-20261009T142841Z-d833d0,detailed,monitoring,0.5,2023Q3,МР Иглинский,4
v5-20261009T142841Z-d833d0,detailed,monitoring,0.5,2023Q3,МР Илишевский,1
v5-20261009T142841Z-d833d0,detailed,monitoring,0.5,2023Q3,МР Ишимбайский,1
v5-20261009T142841Z-d833d0,detailed,monitoring,0.5,2023Q3,МР Калтасинский,2
v5-20261009T142841Z-d833d0,detailed,monitoring,0.5,2023Q3,МР Караидельский,0
v5-20261009T142841Z-d833d0,detailed,monitoring,0.5,2023Q3,МР Кармаскалинский,4
v5-20261009T142841Z-d833d0,detailed,monitoring,0.5,2023Q3,МР Кигинский,0
v5-20261009T142841Z-d833d0,detailed,monitoring,0.5,2023Q3,МР Краснокамский,4
v5-20261009T142841Z-d833d0,detailed,monitoring,0.5,2023Q3,МР Кугарчинский,0
v5-20261009T142841Z-d833d0,detailed,monitoring,0.5,2023Q3,МР Кушнаренковский,4
v5-20261009T142841Z-d833d0,detailed,monitoring,0.5,2023Q3,МР Куюргазинский,0
v5-20261009T142841Z-d833d0,detailed,monitoring,0.5,2023Q3,МР Мелеузовский,1
v5-20261009T142841Z-d833d0,detailed,monitoring,0.5,2023Q3,МР Мечетлинский,4
v5-20261009T142841Z-d833d0,detailed,monitoring,0.5,2023Q3,МР Мишкинский,2
v5-20261009T142841Z-d833d0,detailed,monitoring,0.5,2023Q3,МР Миякинский,0
v5-20261009T142841Z-d833d0,detailed,monitoring,0.5,2023Q3,МР Нуримановский,4
v5-20261009T142841Z-d833d0,detailed,monitoring,0.5,2023Q3,МР Салаватский,1
v5-20261009T142841Z-d833d0,detailed,monitoring,0.5,2023Q3,МР Стерлибашевский,2
v5-20261009T142841Z-d833d0,detailed,monitoring,0.5,2023Q3,МР Стерлитамакский,3
v5-20261009T142841Z-d833d0,detailed,monitoring,0.5,2023Q3,МР Татышлинский,1
v5-20261009T142841Z-d833d0,detailed,monitoring,0.5,2023Q3,МР Туймазинский,3
v5-20261009T142841Z-d833d0,detailed,monitoring,0.5,2023Q3,МР Уфимский,3
v5-20261009T142841Z-d833d0,detailed,monitoring,0.5,2023Q3,МР Учалинский,3
v5-20261009T142841Z-d833d0,detailed,monitoring,0.5,2023Q3,МР Федоровский,0
v5-20261009T142841Z-d833d0,detailed,monitoring,0.5,2023Q3,МР Хайбуллинский,4
v5-20261009T142841Z-d833d0,detailed,monitoring,0.5,2023Q3,МР Чекмагушевский,2
v5-20261009T142841Z-d833d0,detailed,monitoring,0.5,2023Q3,МР Чишминский,1
v5-20261009T142841Z-d833d0,detailed,monitoring,0.5,2023Q3,МР Шаранский,2
v5-20261009T142841Z-d833d0,detailed,monitoring,0.5,2023Q3,МР Янаульский,1
v5-20261009T142841Z-d833d0,detailed,monitoring,0.5,2023Q4,ГО Агидель,4
v5-20261009T142841Z-d833d0,detailed,monitoring,0.5,2023Q4,ГО Кумертау,3
v5-20261009T142841Z-d833d0,detailed,monitoring,0.5,2023Q4,ГО Нефтекамск,3
v5-20261009T142841Z-d833d0,detailed,monitoring,0.5,2023Q4,ГО Октябрьский,3
v5-20261009T142841Z-d833d0,detailed,monitoring,0.5,2023Q4,ГО Салават,3
v5-20261009T142841Z-d833d0,detailed,monitoring,0.5,2023Q4,ГО Сибай,3
v5-20261009T142841Z-d833d0,detailed,monitoring,0.5,2023Q4,ГО Стерлитамак,3
v5-20261009T142841Z-d833d0,detailed,monitoring,0.5,2023Q4,ГО Уфа,3
v5-20261009T142841Z-d833d0,detailed,monitoring,0.5,2023Q4,МР Абзелиловский,4
v5-20261009T142841Z-d833d0,detailed,monitoring,0.5,2023Q4,МР Альшеевский,2
v5-20261009T142841Z-d833d0,detailed,monitoring,0.5,2023Q4,МР Архангельский,4
v5-20261009T142841Z-d833d0,detailed,monitoring,0.5,2023Q4,МР Аскинский,1
v5-20261009T142841Z-d833d0,detailed,monitoring,0.5,2023Q4,МР Аургазинский,2
v5-20261009T142841Z-d833d0,detailed,monitoring,0.5,2023Q4,МР Баймакский,0
v5-20261009T142841Z-d833d0,detailed,monitoring,0.5,2023Q4,МР Бакалинский,2
v5-20261009T142841Z-d833d0,detailed,monitoring,0.5,2023Q4,МР Балтачевский,1
v5-20261009T142841Z-d833d0,detailed,monitoring,0.5,2023Q4,МР Белебеевский,3
v5-20261009T142841Z-d833d0,detailed,monitoring,0.5,2023Q4,МР Белокатайский,0
v5-20261009T142841Z-d833d0,detailed,monitoring,0.5,2023Q4,МР Белорецкий,3
v5-20261009T142841Z-d833d0,detailed,monitoring,0.5,2023Q4,МР Бижбулякский,4
v5-20261009T142841Z-d833d0,detailed,monitoring,0.5,2023Q4,МР Бирский,3
v5-20261009T142841Z-d833d0,detailed,monitoring,0.5,2023Q4,МР Благоварский,4
v5-20261009T142841Z-d833d0,detailed,monitoring,0.5,2023Q4,МР Благовещенский,4
v5-20261009T142841Z-d833d0,detailed,monitoring,0.5,2023Q4,МР Буздякский,4
v5-20261009T142841Z-d833d0,detailed,monitoring,0.5,2023Q4,МР Бураевский,4
v5-20261009T142841Z-d833d0,detailed,monitoring,0.5,2023Q4,МР Бурзянский,0
v5-20261009T142841Z-d833d0,detailed,monitoring,0.5,2023Q4,МР Гафурийский,1
v5-20261009T142841Z-d833d0,detailed,monitoring,0.5,2023Q4,МР Давлекановский,0
v5-20261009T142841Z-d833d0,detailed,monitoring,0.5,2023Q4,МР Дуванский,0
v5-20261009T142841Z-d833d0,detailed,monitoring,0.5,2023Q4,МР Дюртюлинский,1
v5-20261009T142841Z-d833d0,detailed,monitoring,0.5,2023Q4,МР Ермекеевский,2
v5-20261009T142841Z-d833d0,detailed,monitoring,0.5,2023Q4,МР Зианчуринский,0
v5-20261009T142841Z-d833d0,detailed,monitoring,0.5,2023Q4,МР Зилаирский,0
v5-20261009T142841Z-d833d0,detailed,monitoring,0.5,2023Q4,МР Иглинский,4
v5-20261009T142841Z-d833d0,detailed,monitoring,0.5,2023Q4,МР Илишевский,1
v5-20261009T142841Z-d833d0,detailed,monitoring,0.5,2023Q4,МР Ишимбайский,3
v5-20261009T142841Z-d833d0,detailed,monitoring,0.5,2023Q4,МР Калтасинский,2
v5-20261009T142841Z-d833d0,detailed,monitoring,0.5,2023Q4,МР Караидельский,1
v5-20261009T142841Z-d833d0,detailed,monitoring,0.5,2023Q4,МР Кармаскалинский,4
v5-20261009T142841Z-d833d0,detailed,monitoring,0.5,2023Q4,МР Кигинский,0
v5-20261009T142841Z-d833d0,detailed,monitoring,0.5,2023Q4,МР Краснокамский,4
v5-20261009T142841Z-d833d0,detailed,monitoring,0.5,2023Q4,МР Кугарчинский,1
v5-20261009T142841Z-d833d0,detailed,monitoring,0.5,2023Q4,МР Кушнаренковский,4
v5-20261009T142841Z-d833d0,detailed,monitoring,0.5,2023Q4,МР Куюргазинский,2
v5-20261009T142841Z-d833d0,detailed,monitoring,0.5,2023Q4,МР Мелеузовский,3
v5-20261009T142841Z-d833d0,detailed,monitoring,0.5,2023Q4,МР Мечетлинский,0
v5-20261009T142841Z-d833d0,detailed,monitoring,0.5,2023Q4,МР Мишкинский,2
v5-20261009T142841Z-d833d0,detailed,monitoring,0.5,2023Q4,МР Миякинский,2
v5-20261009T142841Z-d833d0,detailed,monitoring,0.5,2023Q4,МР Нуримановский,4
v5-20261009T142841Z-d833d0,detailed,monitoring,0.5,2023Q4,МР Салаватский,1
v5-20261009T142841Z-d833d0,detailed,monitoring,0.5,2023Q4,МР Стерлибашевский,2
v5-20261009T142841Z-d833d0,detailed,monitoring,0.5,2023Q4,МР Стерлитамакский,3
v5-20261009T142841Z-d833d0,detailed,monitoring,0.5,2023Q4,МР Татышлинский,1
v5-20261009T142841Z-d833d0,detailed,monitoring,0.5,2023Q4,МР Туймазинский,3
v5-20261009T142841Z-d833d0,detailed,monitoring,0.5,2023Q4,МР Уфимский,4
v5-20261009T142841Z-d833d0,detailed,monitoring,0.5,2023Q4,МР Учалинский,3
v5-20261009T142841Z-d833d0,detailed,monitoring,0.5,2023Q4,МР Федоровский,2
v5-20261009T142841Z-d833d0,detailed,monitoring,0.5,2023Q4,МР Хайбуллинский,0
v5-20261009T142841Z-d833d0,detailed,monitoring,0.5,2023Q4,МР Чекмагушевский,2
v5-20261009T142841Z-d833d0,detailed,monitoring,0.5,2023Q4,МР Чишминский,1
v5-20261009T142841Z-d833d0,detailed,monitoring,0.5,2023Q4,МР Шаранский,2
v5-20261009T142841Z-d833d0,detailed,monitoring,0.5,2023Q4,МР Янаульский,1
v5-20261009T142841Z-d833d0,detailed,monitoring,0.5,2024Q1,ГО Агидель,1
v5-20261009T142841Z-d833d0,detailed,monitoring,0.5,2024Q1,ГО Кумертау,3
v5-20261009T142841Z-d833d0,detailed,monitoring,0.5,2024Q1,ГО Нефтекамск,3
v5-20261009T142841Z-d833d0,detailed,monitoring,0.5,2024Q1,ГО Октябрьский,3
v5-20261009T142841Z-d833d0,detailed,monitoring,0.5,2024Q1,ГО Салават,3
v5-20261009T142841Z-d833d0,detailed,monitoring,0.5,2024Q1,ГО Сибай,4
v5-20261009T142841Z-d833d0,detailed,monitoring,0.5,2024Q1,ГО Стерлитамак,3
v5-20261009T142841Z-d833d0,detailed,monitoring,0.5,2024Q1,ГО Уфа,3
v5-20261009T142841Z-d833d0,detailed,monitoring,0.5,2024Q1,МР Абзелиловский,0
v5-20261009T142841Z-d833d0,detailed,monitoring,0.5,2024Q1,МР Альшеевский,2
v5-20261009T142841Z-d833d0,detailed,monitoring,0.5,2024Q1,МР Архангельский,4
v5-20261009T142841Z-d833d0,detailed,monitoring,0.5,2024Q1,МР Аскинский,1
v5-20261009T142841Z-d833d0,detailed,monitoring,0.5,2024Q1,МР Аургазинский,2
v5-20261009T142841Z-d833d0,detailed,monitoring,0.5,2024Q1,МР Баймакский,0
v5-20261009T142841Z-d833d0,detailed,monitoring,0.5,2024Q1,МР Бакалинский,2
v5-20261009T142841Z-d833d0,detailed,monitoring,0.5,2024Q1,МР Балтачевский,1
v5-20261009T142841Z-d833d0,detailed,monitoring,0.5,2024Q1,МР Белебеевский,3
v5-20261009T142841Z-d833d0,detailed,monitoring,0.5,2024Q1,МР Белокатайский,0
v5-20261009T142841Z-d833d0,detailed,monitoring,0.5,2024Q1,МР Белорецкий,4
v5-20261009T142841Z-d833d0,detailed,monitoring,0.5,2024Q1,МР Бижбулякский,2
v5-20261009T142841Z-d833d0,detailed,monitoring,0.5,2024Q1,МР Бирский,4
v5-20261009T142841Z-d833d0,detailed,monitoring,0.5,2024Q1,МР Благоварский,4
v5-20261009T142841Z-d833d0,detailed,monitoring,0.5,2024Q1,МР Благовещенский,4
v5-20261009T142841Z-d833d0,detailed,monitoring,0.5,2024Q1,МР Буздякский,2
v5-20261009T142841Z-d833d0,detailed,monitoring,0.5,2024Q1,МР Бураевский,2
v5-20261009T142841Z-d833d0,detailed,monitoring,0.5,2024Q1,МР Бурзянский,0
v5-20261009T142841Z-d833d0,detailed,monitoring,0.5,2024Q1,МР Гафурийский,1
v5-20261009T142841Z-d833d0,detailed,monitoring,0.5,2024Q1,МР Давлекановский,2
v5-20261009T142841Z-d833d0,detailed,monitoring,0.5,2024Q1,МР Дуванский,0
v5-20261009T142841Z-d833d0,detailed,monitoring,0.5,2024Q1,МР Дюртюлинский,4
v5-20261009T142841Z-d833d0,detailed,monitoring,0.5,2024Q1,МР Ермекеевский,2
v5-20261009T142841Z-d833d0,detailed,monitoring,0.5,2024Q1,МР Зианчуринский,1
v5-20261009T142841Z-d833d0,detailed,monitoring,0.5,2024Q1,МР Зилаирский,0
v5-20261009T142841Z-d833d0,detailed,monitoring,0.5,2024Q1,МР Иглинский,4
v5-20261009T142841Z-d833d0,detailed,monitoring,0.5,2024Q1,МР Илишевский,0
v5-20261009T142841Z-d833d0,detailed,monitoring,0.5,2024Q1,МР Ишимбайский,3
v5-20261009T142841Z-d833d0,detailed,monitoring,0.5,2024Q1,МР Калтасинский,2
v5-20261009T142841Z-d833d0,detailed,monitoring,0.5,2024Q1,МР Караидельский,1
v5-20261009T142841Z-d833d0,detailed,monitoring,0.5,2024Q1,МР Кармаскалинский,4
v5-20261009T142841Z-d833d0,detailed,monitoring,0.5,2024Q1,МР Кигинский,1
v5-20261009T142841Z-d833d0,detailed,monitoring,0.5,2024Q1,МР Краснокамский,4
v5-20261009T142841Z-d833d0,detailed,monitoring,0.5,2024Q1,МР Кугарчинский,1
v5-20261009T142841Z-d833d0,detailed,monitoring,0.5,2024Q1,МР Кушнаренковский,2
v5-20261009T142841Z-d833d0,detailed,monitoring,0.5,2024Q1,МР Мелеузовский,3
v5-20261009T142841Z-d833d0,detailed,monitoring,0.5,2024Q1,МР Мечетлинский,0
v5-20261009T142841Z-d833d0,detailed,monitoring,0.5,2024Q1,МР Мишкинский,2
v5-20261009T142841Z-d833d0,detailed,monitoring,0.5,2024Q1,МР Миякинский,2
v5-20261009T142841Z-d833d0,detailed,monitoring,0.5,2024Q1,МР Нуримановский,1
v5-20261009T142841Z-d833d0,detailed,monitoring,0.5,2024Q1,МР Салаватский,1
v5-20261009T142841Z-d833d0,detailed,monitoring,0.5,2024Q1,МР Стерлибашевский,2
v5-20261009T142841Z-d833d0,detailed,monitoring,0.5,2024Q1,МР Стерлитамакский,3
v5-20261009T142841Z-d833d0,detailed,monitoring,0.5,2024Q1,МР Татышлинский,1
v5-20261009T142841Z-d833d0,detailed,monitoring,0.5,2024Q1,МР Туймазинский,3
v5-20261009T142841Z-d833d0,detailed,monitoring,0.5,2024Q1,МР Уфимский,4
v5-20261009T142841Z-d833d0,detailed,monitoring,0.5,2024Q1,МР Учалинский,4
v5-20261009T142841Z-d833d0,detailed,monitoring,0.5,2024Q1,МР Федоровский,2
v5-20261009T142841Z-d833d0,detailed,monitoring,0.5,2024Q1,МР Хайбуллинский,0
v5-20261009T142841Z-d833d0,detailed,monitoring,0.5,2024Q1,МР Чекмагушевский,2
v5-20261009T142841Z-d833d0,detailed,monitoring,0.5,2024Q1,МР Чишминский,4
v5-20261009T142841Z-d833d0,detailed,monitoring,0.5,2024Q1,МР Шаранский,2
v5-20261009T142841Z-d833d0,detailed,monitoring,0.5,2024Q1,МР Янаульский,1
v5-20261009T142841Z-d833d0,detailed,monitoring,0.5,2024Q2,ГО Агидель,2
v5-20261009T142841Z-d833d0,detailed,monitoring,0.5,2024Q2,ГО Кумертау,3
v5-20261009T142841Z-d833d0,detailed,monitoring,0.5,2024Q2,ГО Нефтекамск,3
v5-20261009T142841Z-d833d0,detailed,monitoring,0.5,2024Q2,ГО Октябрьский,3
v5-20261009T142841Z-d833d0,detailed,monitoring,0.5,2024Q2,ГО Салават,3
v5-20261009T142841Z-d833d0,detailed,monitoring,0.5,2024Q2,ГО Сибай,4
v5-20261009T142841Z-d833d0,detailed,monitoring,0.5,2024Q2,ГО Стерлитамак,3
v5-20261009T142841Z-d833d0,detailed,monitoring,0.5,2024Q2,ГО Уфа,3
v5-20261009T142841Z-d833d0,detailed,monitoring,0.5,2024Q2,МР Абзелиловский,0
v5-20261009T142841Z-d833d0,detailed,monitoring,0.5,2024Q2,МР Альшеевский,1
v5-20261009T142841Z-d833d0,detailed,monitoring,0.5,2024Q2,МР Архангельский,2
v5-20261009T142841Z-d833d0,detailed,monitoring,0.5,2024Q2,МР Аскинский,1
v5-20261009T142841Z-d833d0,detailed,monitoring,0.5,2024Q2,МР Аургазинский,1
v5-20261009T142841Z-d833d0,detailed,monitoring,0.5,2024Q2,МР Баймакский,0
v5-20261009T142841Z-d833d0,detailed,monitoring,0.5,2024Q2,МР Бакалинский,2
v5-20261009T142841Z-d833d0,detailed,monitoring,0.5,2024Q2,МР Балтачевский,2
v5-20261009T142841Z-d833d0,detailed,monitoring,0.5,2024Q2,МР Белебеевский,3
v5-20261009T142841Z-d833d0,detailed,monitoring,0.5,2024Q2,МР Белокатайский,0
v5-20261009T142841Z-d833d0,detailed,monitoring,0.5,2024Q2,МР Белорецкий,4
v5-20261009T142841Z-d833d0,detailed,monitoring,0.5,2024Q2,МР Бижбулякский,2
v5-20261009T142841Z-d833d0,detailed,monitoring,0.5,2024Q2,МР Бирский,4
v5-20261009T142841Z-d833d0,detailed,monitoring,0.5,2024Q2,МР Благоварский,2
v5-20261009T142841Z-d833d0,detailed,monitoring,0.5,2024Q2,МР Благовещенский,1
v5-20261009T142841Z-d833d0,detailed,monitoring,0.5,2024Q2,МР Буздякский,2
v5-20261009T142841Z-d833d0,detailed,monitoring,0.5,2024Q2,МР Бураевский,2
v5-20261009T142841Z-d833d0,detailed,monitoring,0.5,2024Q2,МР Бурзянский,0
v5-20261009T142841Z-d833d0,detailed,monitoring,0.5,2024Q2,МР Гафурийский,1
v5-20261009T142841Z-d833d0,detailed,monitoring,0.5,2024Q2,МР Давлекановский,1
v5-20261009T142841Z-d833d0,detailed,monitoring,0.5,2024Q2,МР Дуванский,0
v5-20261009T142841Z-d833d0,detailed,monitoring,0.5,2024Q2,МР Дюртюлинский,4
v5-20261009T142841Z-d833d0,detailed,monitoring,0.5,2024Q2,МР Ермекеевский,2
v5-20261009T142841Z-d833d0,detailed,monitoring,0.5,2024Q2,МР Зианчуринский,1
v5-20261009T142841Z-d833d0,detailed,monitoring,0.5,2024Q2,МР Зилаирский,0
v5-20261009T142841Z-d833d0,detailed,monitoring,0.5,2024Q2,МР Иглинский,1
v5-20261009T142841Z-d833d0,detailed,monitoring,0.5,2024Q2,МР Илишевский,4
v5-20261009T142841Z-d833d0,detailed,monitoring,0.5,2024Q2,МР Ишимбайский,3
v5-20261009T142841Z-d833d0,detailed,monitoring,0.5,2024Q2,МР Калтасинский,1
v5-20261009T142841Z-d833d0,detailed,monitoring,0.5,2024Q2,МР Караидельский,1
v5-20261009T142841Z-d833d0,detailed,monitoring,0.5,2024Q2,МР Кармаскалинский,4
v5-20261009T142841Z-d833d0,detailed,monitoring,0.5,2024Q2,МР Кигинский,0
v5-20261009T142841Z-d833d0,detailed,monitoring,0.5,2024Q2,МР Краснокамский,2
v5-20261009T142841Z-d833d0,detailed,monitoring,0.5,2024Q2,МР Кугарчинский,1
v5-20261009T142841Z-d833d0,detailed,monitoring,0.5,2024Q2,МР Кушнаренковский,2
v5-20261009T142841Z-d833d0,detailed,monitoring,0.5,2024Q2,МР Мелеузовский,4
v5-20261009T142841Z-d833d0,detailed,monitoring,0.5,2024Q2,МР Мечетлинский,0
v5-20261009T142841Z-d833d0,detailed,monitoring,0.5,2024Q2,МР Мишкинский,2
v5-20261009T142841Z-d833d0,detailed,monitoring,0.5,2024Q2,МР Миякинский,2
v5-20261009T142841Z-d833d0,detailed,monitoring,0.5,2024Q2,МР Нуримановский,0
v5-20261009T142841Z-d833d0,detailed,monitoring,0.5,2024Q2,МР Салаватский,0
v5-20261009T142841Z-d833d0,detailed,monitoring,0.5,2024Q2,МР Стерлибашевский,2
v5-20261009T142841Z-d833d0,detailed,monitoring,0.5,2024Q2,МР Стерлитамакский,3
v5-20261009T142841Z-d833d0,detailed,monitoring,0.5,2024Q2,МР Татышлинский,2
v5-20261009T142841Z-d833d0,detailed,monitoring,0.5,2024Q2,МР Туймазинский,4
v5-20261009T142841Z-d833d0,detailed,monitoring,0.5,2024Q2,МР Уфимский,1
v5-20261009T142841Z-d833d0,detailed,monitoring,0.5,2024Q2,МР Учалинский,4
v5-20261009T142841Z-d833d0,detailed,monitoring,0.5,2024Q2,МР Федоровский,1
v5-20261009T142841Z-d833d0,detailed,monitoring,0.5,2024Q2,МР Хайбуллинский,0
v5-20261009T142841Z-d833d0,detailed,monitoring,0.5,2024Q2,МР Чекмагушевский,2
v5-20261009T142841Z-d833d0,detailed,monitoring,0.5,2024Q2,МР Чишминский,4
v5-20261009T142841Z-d833d0,detailed,monitoring,0.5,2024Q2,МР Шаранский,1
v5-20261009T142841Z-d833d0,detailed,monitoring,0.5,2024Q2,МР Янаульский,4
v5-20261009T142841Z-d833d0,detailed,monitoring,0.5,2024Q3,ГО Агидель,1
v5-20261009T142841Z-d833d0,detailed,monitoring,0.5,2024Q3,ГО Кумертау,3
v5-20261009T142841Z-d833d0,detailed,monitoring,0.5,2024Q3,ГО Нефтекамск,3
v5-20261009T142841Z-d833d0,detailed,monitoring,0.5,2024Q3,ГО Октябрьский,3
v5-20261009T142841Z-d833d0,detailed,monitoring,0.5,2024Q3,ГО Салават,3
v5-20261009T142841Z-d833d0,detailed,monitoring,0.5,2024Q3,ГО Сибай,0
v5-20261009T142841Z-d833d0,detailed,monitoring,0.5,2024Q3,ГО Стерлитамак,3
v5-20261009T142841Z-d833d0,detailed,monitoring,0.5,2024Q3,ГО Уфа,3
v5-20261009T142841Z-d833d0,detailed,monitoring,0.5,2024Q3,МР Абзелиловский,0
v5-20261009T142841Z-d833d0,detailed,monitoring,0.5,2024Q3,МР Альшеевский,2
v5-20261009T142841Z-d833d0,detailed,monitoring,0.5,2024Q3,МР Архангельский,1
v5-20261009T142841Z-d833d0,detailed,monitoring,0.5,2024Q3,МР Аскинский,1
v5-20261009T142841Z-d833d0,detailed,monitoring,0.5,2024Q3,МР Аургазинский,2
v5-20261009T142841Z-d833d0,detailed,monitoring,0.5,2024Q3,МР Баймакский,0
v5-20261009T142841Z-d833d0,detailed,monitoring,0.5,2024Q3,МР Бакалинский,2
v5-20261009T142841Z-d833d0,detailed,monitoring,0.5,2024Q3,МР Балтачевский,1
v5-20261009T142841Z-d833d0,detailed,monitoring,0.5,2024Q3,МР Белебеевский,3
v5-20261009T142841Z-d833d0,detailed,monitoring,0.5,2024Q3,МР Белокатайский,0
v5-20261009T142841Z-d833d0,detailed,monitoring,0.5,2024Q3,МР Белорецкий,4
v5-20261009T142841Z-d833d0,detailed,monitoring,0.5,2024Q3,МР Бижбулякский,2
v5-20261009T142841Z-d833d0,detailed,monitoring,0.5,2024Q3,МР Бирский,4
v5-20261009T142841Z-d833d0,detailed,monitoring,0.5,2024Q3,МР Благоварский,4
v5-20261009T142841Z-d833d0,detailed,monitoring,0.5,2024Q3,МР Благовещенский,4
v5-20261009T142841Z-d833d0,detailed,monitoring,0.5,2024Q3,МР Буздякский,2
v5-20261009T142841Z-d833d0,detailed,monitoring,0.5,2024Q3,МР Бураевский,2
v5-20261009T142841Z-d833d0,detailed,monitoring,0.5,2024Q3,МР Бурзянский,0
v5-20261009T142841Z-d833d0,detailed,monitoring,0.5,2024Q3,МР Гафурийский,4
v5-20261009T142841Z-d833d0,detailed,monitoring,0.5,2024Q3,МР Давлекановский,2
v5-20261009T142841Z-d833d0,detailed,monitoring,0.5,2024Q3,МР Дуванский,0
v5-20261009T142841Z-d833d0,detailed,monitoring,0.5,2024Q3,МР Дюртюлинский,4
v5-20261009T142841Z-d833d0,detailed,monitoring,0.5,2024Q3,МР Ермекеевский,2
v5-20261009T142841Z-d833d0,detailed,monitoring,0.5,2024Q3,МР Зианчуринский,0
v5-20261009T142841Z-d833d0,detailed,monitoring,0.5,2024Q3,МР Зилаирский,0
v5-20261009T142841Z-d833d0,detailed,monitoring,0.5,2024Q3,МР Иглинский,4
v5-20261009T142841Z-d833d0,detailed,monitoring,0.5,2024Q3,МР Илишевский,4
v5-20261009T142841Z-d833d0,detailed,monitoring,0.5,2024Q3,МР Ишимбайский,3
v5-20261009T142841Z-d833d0,detailed,monitoring,0.5,2024Q3,МР Калтасинский,2
v5-20261009T142841Z-d833d0,detailed,monitoring,0.5,2024Q3,МР Караидельский,1
v5-20261009T142841Z-d833d0,detailed,monitoring,0.5,2024Q3,МР Кармаскалинский,4
v5-20261009T142841Z-d833d0,detailed,monitoring,0.5,2024Q3,МР Кигинский,1
v5-20261009T142841Z-d833d0,detailed,monitoring,0.5,2024Q3,МР Краснокамский,4
v5-20261009T142841Z-d833d0,detailed,monitoring,0.5,2024Q3,МР Кугарчинский,1
v5-20261009T142841Z-d833d0,detailed,monitoring,0.5,2024Q3,МР Кушнаренковский,2
v5-20261009T142841Z-d833d0,detailed,monitoring,0.5,2024Q3,МР Куюргазинский,1
v5-20261009T142841Z-d833d0,detailed,monitoring,0.5,2024Q3,МР Мелеузовский,4
v5-20261009T142841Z-d833d0,detailed,monitoring,0.5,2024Q3,МР Мечетлинский,4
v5-20261009T142841Z-d833d0,detailed,monitoring,0.5,2024Q3,МР Мишкинский,1
v5-20261009T142841Z-d833d0,detailed,monitoring,0.5,2024Q3,МР Миякинский,2
v5-20261009T142841Z-d833d0,detailed,monitoring,0.5,2024Q3,МР Нуримановский,1
v5-20261009T142841Z-d833d0,detailed,monitoring,0.5,2024Q3,МР Салаватский,0
v5-20261009T142841Z-d833d0,detailed,monitoring,0.5,2024Q3,МР Стерлибашевский,2
v5-20261009T142841Z-d833d0,detailed,monitoring,0.5,2024Q3,МР Стерлитамакский,4
v5-20261009T142841Z-d833d0,detailed,monitoring,0.5,2024Q3,МР Татышлинский,1
v5-20261009T142841Z-d833d0,detailed,monitoring,0.5,2024Q3,МР Туймазинский,4
v5-20261009T142841Z-d833d0,detailed,monitoring,0.5,2024Q3,МР Уфимский,4
v5-20261009T142841Z-d833d0,detailed,monitoring,0.5,2024Q3,МР Учалинский,4
v5-20261009T142841Z-d833d0,detailed,monitoring,0.5,2024Q3,МР Федоровский,2
v5-20261009T142841Z-d833d0,detailed,monitoring,0.5,2024Q3,МР Хайбуллинский,0
v5-20261009T142841Z-d833d0,detailed,monitoring,0.5,2024Q3,МР Чекмагушевский,2
v5-20261009T142841Z-d833d0,detailed,monitoring,0.5,2024Q3,МР Чишминский,4
v5-20261009T142841Z-d833d0,detailed,monitoring,0.5,2024Q3,МР Шаранский,2
v5-20261009T142841Z-d833d0,detailed,monitoring,0.5,2024Q3,МР Янаульский,4
v5-20261009T142841Z-d833d0,detailed,monitoring,0.5,2024Q4,ГО Агидель,1
v5-20261009T142841Z-d833d0,detailed,monitoring,0.5,2024Q4,ГО Кумертау,3
v5-20261009T142841Z-d833d0,detailed,monitoring,0.5,2024Q4,ГО Нефтекамск,3
v5-20261009T142841Z-d833d0,detailed,monitoring,0.5,2024Q4,ГО Октябрьский,3
v5-20261009T142841Z-d833d0,detailed,monitoring,0.5,2024Q4,ГО Салават,3
v5-20261009T142841Z-d833d0,detailed,monitoring,0.5,2024Q4,ГО Сибай,0
v5-20261009T142841Z-d833d0,detailed,monitoring,0.5,2024Q4,ГО Стерлитамак,3
v5-20261009T142841Z-d833d0,detailed,monitoring,0.5,2024Q4,ГО Уфа,3
v5-20261009T142841Z-d833d0,detailed,monitoring,0.5,2024Q4,МР Абзелиловский,0
v5-20261009T142841Z-d833d0,detailed,monitoring,0.5,2024Q4,МР Альшеевский,2
v5-20261009T142841Z-d833d0,detailed,monitoring,0.5,2024Q4,МР Архангельский,0
v5-20261009T142841Z-d833d0,detailed,monitoring,0.5,2024Q4,МР Аскинский,1
v5-20261009T142841Z-d833d0,detailed,monitoring,0.5,2024Q4,МР Аургазинский,2
v5-20261009T142841Z-d833d0,detailed,monitoring,0.5,2024Q4,МР Баймакский,0
v5-20261009T142841Z-d833d0,detailed,monitoring,0.5,2024Q4,МР Бакалинский,4
v5-20261009T142841Z-d833d0,detailed,monitoring,0.5,2024Q4,МР Балтачевский,1
v5-20261009T142841Z-d833d0,detailed,monitoring,0.5,2024Q4,МР Белебеевский,3
v5-20261009T142841Z-d833d0,detailed,monitoring,0.5,2024Q4,МР Белокатайский,0
v5-20261009T142841Z-d833d0,detailed,monitoring,0.5,2024Q4,МР Белорецкий,3
v5-20261009T142841Z-d833d0,detailed,monitoring,0.5,2024Q4,МР Бижбулякский,2
v5-20261009T142841Z-d833d0,detailed,monitoring,0.5,2024Q4,МР Бирский,4
v5-20261009T142841Z-d833d0,detailed,monitoring,0.5,2024Q4,МР Благоварский,4
v5-20261009T142841Z-d833d0,detailed,monitoring,0.5,2024Q4,МР Благовещенский,4
v5-20261009T142841Z-d833d0,detailed,monitoring,0.5,2024Q4,МР Буздякский,4
v5-20261009T142841Z-d833d0,detailed,monitoring,0.5,2024Q4,МР Бураевский,2
v5-20261009T142841Z-d833d0,detailed,monitoring,0.5,2024Q4,МР Бурзянский,0
v5-20261009T142841Z-d833d0,detailed,monitoring,0.5,2024Q4,МР Гафурийский,0
v5-20261009T142841Z-d833d0,detailed,monitoring,0.5,2024Q4,МР Давлекановский,2
v5-20261009T142841Z-d833d0,detailed,monitoring,0.5,2024Q4,МР Дуванский,4
v5-20261009T142841Z-d833d0,detailed,monitoring,0.5,2024Q4,МР Дюртюлинский,4
v5-20261009T142841Z-d833d0,detailed,monitoring,0.5,2024Q4,МР Ермекеевский,2
v5-20261009T142841Z-d833d0,detailed,monitoring,0.5,2024Q4,МР Зианчуринский,0
v5-20261009T142841Z-d833d0,detailed,monitoring,0.5,2024Q4,МР Зилаирский,0
v5-20261009T142841Z-d833d0,detailed,monitoring,0.5,2024Q4,МР Иглинский,4
v5-20261009T142841Z-d833d0,detailed,monitoring,0.5,2024Q4,МР Илишевский,4
v5-20261009T142841Z-d833d0,detailed,monitoring,0.5,2024Q4,МР Ишимбайский,3
v5-20261009T142841Z-d833d0,detailed,monitoring,0.5,2024Q4,МР Калтасинский,2
v5-20261009T142841Z-d833d0,detailed,monitoring,0.5,2024Q4,МР Караидельский,1
v5-20261009T142841Z-d833d0,detailed,monitoring,0.5,2024Q4,МР Кармаскалинский,4
v5-20261009T142841Z-d833d0,detailed,monitoring,0.5,2024Q4,МР Кигинский,4
v5-20261009T142841Z-d833d0,detailed,monitoring,0.5,2024Q4,МР Краснокамский,1
v5-20261009T142841Z-d833d0,detailed,monitoring,0.5,2024Q4,МР Кугарчинский,1
v5-20261009T142841Z-d833d0,detailed,monitoring,0.5,2024Q4,МР Кушнаренковский,2
v5-20261009T142841Z-d833d0,detailed,monitoring,0.5,2024Q4,МР Куюргазинский,1
v5-20261009T142841Z-d833d0,detailed,monitoring,0.5,2024Q4,МР Мелеузовский,3
v5-20261009T142841Z-d833d0,detailed,monitoring,0.5,2024Q4,МР Мечетлинский,4
v5-20261009T142841Z-d833d0,detailed,monitoring,0.5,2024Q4,МР Мишкинский,0
v5-20261009T142841Z-d833d0,detailed,monitoring,0.5,2024Q4,МР Миякинский,2
v5-20261009T142841Z-d833d0,detailed,monitoring,0.5,2024Q4,МР Нуримановский,1
v5-20261009T142841Z-d833d0,detailed,monitoring,0.5,2024Q4,МР Салаватский,0
v5-20261009T142841Z-d833d0,detailed,monitoring,0.5,2024Q4,МР Стерлибашевский,2
v5-20261009T142841Z-d833d0,detailed,monitoring,0.5,2024Q4,МР Стерлитамакский,3
v5-20261009T142841Z-d833d0,detailed,monitoring,0.5,2024Q4,МР Татышлинский,1
v5-20261009T142841Z-d833d0,detailed,monitoring,0.5,2024Q4,МР Туймазинский,4
v5-20261009T142841Z-d833d0,detailed,monitoring,0.5,2024Q4,МР Уфимский,4
v5-20261009T142841Z-d833d0,detailed,monitoring,0.5,2024Q4,МР Учалинский,4
v5-20261009T142841Z-d833d0,detailed,monitoring,0.5,2024Q4,МР Федоровский,2
v5-20261009T142841Z-d833d0,detailed,monitoring,0.5,2024Q4,МР Хайбуллинский,0
v5-20261009T142841Z-d833d0,detailed,monitoring,0.5,2024Q4,МР Чекмагушевский,2
v5-20261009T142841Z-d833d0,detailed,monitoring,0.5,2024Q4,МР Чишминский,4
v5-20261009T142841Z-d833d0,detailed,monitoring,0.5,2024Q4,МР Шаранский,2
v5-20261009T142841Z-d833d0,detailed,monitoring,0.5,2024Q4,МР Янаульский,4
v5-20261009T142841Z-d833d0,detailed,retrospective,0.0,2023Q1,ГО Агидель,1
v5-20261009T142841Z-d833d0,detailed,retrospective,0.0,2023Q1,ГО Кумертау,2
v5-20261009T142841Z-d833d0,detailed,retrospective,0.0,2023Q1,ГО Нефтекамск,2
v5-20261009T142841Z-d833d0,detailed,retrospective,0.0,2023Q1,ГО Октябрьский,1
v5-20261009T142841Z-d833d0,detailed,retrospective,0.0,2023Q1,ГО Салават,2
v5-20261009T142841Z-d833d0,detailed,retrospective,0.0,2023Q1,ГО Сибай,2
v5-20261009T142841Z-d833d0,detailed,retrospective,0.0,2023Q1,ГО Стерлитамак,2
v5-20261009T142841Z-d833d0,detailed,retrospective,0.0,2023Q1,ГО Уфа,4
v5-20261009T142841Z-d833d0,detailed,retrospective,0.0,2023Q1,МР Абзелиловский,3
v5-20261009T142841Z-d833d0,detailed,retrospective,0.0,2023Q1,МР Альшеевский,0
v5-20261009T142841Z-d833d0,detailed,retrospective,0.0,2023Q1,МР Архангельский,0
v5-20261009T142841Z-d833d0,detailed,retrospective,0.0,2023Q1,МР Аскинский,4
v5-20261009T142841Z-d833d0,detailed,retrospective,0.0,2023Q1,МР Аургазинский,4
v5-20261009T142841Z-d833d0,detailed,retrospective,0.0,2023Q1,МР Баймакский,3
v5-20261009T142841Z-d833d0,detailed,retrospective,0.0,2023Q1,МР Бакалинский,1
v5-20261009T142841Z-d833d0,detailed,retrospective,0.0,2023Q1,МР Балтачевский,1
v5-20261009T142841Z-d833d0,detailed,retrospective,0.0,2023Q1,МР Белебеевский,1
v5-20261009T142841Z-d833d0,detailed,retrospective,0.0,2023Q1,МР Белокатайский,0
v5-20261009T142841Z-d833d0,detailed,retrospective,0.0,2023Q1,МР Белорецкий,2
v5-20261009T142841Z-d833d0,detailed,retrospective,0.0,2023Q1,МР Бижбулякский,1
v5-20261009T142841Z-d833d0,detailed,retrospective,0.0,2023Q1,МР Бирский,2
v5-20261009T142841Z-d833d0,detailed,retrospective,0.0,2023Q1,МР Благоварский,4
v5-20261009T142841Z-d833d0,detailed,retrospective,0.0,2023Q1,МР Благовещенский,2
v5-20261009T142841Z-d833d0,detailed,retrospective,0.0,2023Q1,МР Буздякский,1
v5-20261009T142841Z-d833d0,detailed,retrospective,0.0,2023Q1,МР Бураевский,1
v5-20261009T142841Z-d833d0,detailed,retrospective,0.0,2023Q1,МР Бурзянский,3
v5-20261009T142841Z-d833d0,detailed,retrospective,0.0,2023Q1,МР Гафурийский,4
v5-20261009T142841Z-d833d0,detailed,retrospective,0.0,2023Q1,МР Давлекановский,0
v5-20261009T142841Z-d833d0,detailed,retrospective,0.0,2023Q1,МР Дуванский,3
v5-20261009T142841Z-d833d0,detailed,retrospective,0.0,2023Q1,МР Дюртюлинский,2
v5-20261009T142841Z-d833d0,detailed,retrospective,0.0,2023Q1,МР Ермекеевский,1
v5-20261009T142841Z-d833d0,detailed,retrospective,0.0,2023Q1,МР Зианчуринский,3
v5-20261009T142841Z-d833d0,detailed,retrospective,0.0,2023Q1,МР Зилаирский,3
v5-20261009T142841Z-d833d0,detailed,retrospective,0.0,2023Q1,МР Иглинский,2
v5-20261009T142841Z-d833d0,detailed,retrospective,0.0,2023Q1,МР Илишевский,1
v5-20261009T142841Z-d833d0,detailed,retrospective,0.0,2023Q1,МР Ишимбайский,2
v5-20261009T142841Z-d833d0,detailed,retrospective,0.0,2023Q1,МР Калтасинский,0
v5-20261009T142841Z-d833d0,detailed,retrospective,0.0,2023Q1,МР Караидельский,0
v5-20261009T142841Z-d833d0,detailed,retrospective,0.0,2023Q1,МР Кармаскалинский,4
v5-20261009T142841Z-d833d0,detailed,retrospective,0.0,2023Q1,МР Кигинский,0
v5-20261009T142841Z-d833d0,detailed,retrospective,0.0,2023Q1,МР Краснокамский,1
v5-20261009T142841Z-d833d0,detailed,retrospective,0.0,2023Q1,МР Кугарчинский,0
v5-20261009T142841Z-d833d0,detailed,retrospective,0.0,2023Q1,МР Кушнаренковский,1
v5-20261009T142841Z-d833d0,detailed,retrospective,0.0,2023Q1,МР Куюргазинский,0
v5-20261009T142841Z-d833d0,detailed,retrospective,0.0,2023Q1,МР Мелеузовский,2
v5-20261009T142841Z-d833d0,detailed,retrospective,0.0,2023Q1,МР Мечетлинский,1
v5-20261009T142841Z-d833d0,detailed,retrospective,0.0,2023Q1,МР Мишкинский,4
v5-20261009T142841Z-d833d0,detailed,retrospective,0.0,2023Q1,МР Миякинский,1
v5-20261009T142841Z-d833d0,detailed,retrospective,0.0,2023Q1,МР Нуримановский,0
v5-20261009T142841Z-d833d0,detailed,retrospective,0.0,2023Q1,МР Салаватский,3
v5-20261009T142841Z-d833d0,detailed,retrospective,0.0,2023Q1,МР Стерлибашевский,4
v5-20261009T142841Z-d833d0,detailed,retrospective,0.0,2023Q1,МР Стерлитамакский,2
v5-20261009T142841Z-d833d0,detailed,retrospective,0.0,2023Q1,МР Татышлинский,4
v5-20261009T142841Z-d833d0,detailed,retrospective,0.0,2023Q1,МР Туймазинский,1
v5-20261009T142841Z-d833d0,detailed,retrospective,0.0,2023Q1,МР Уфимский,2
v5-20261009T142841Z-d833d0,detailed,retrospective,0.0,2023Q1,МР Учалинский,2
v5-20261009T142841Z-d833d0,detailed,retrospective,0.0,2023Q1,МР Федоровский,0
v5-20261009T142841Z-d833d0,detailed,retrospective,0.0,2023Q1,МР Хайбуллинский,3
v5-20261009T142841Z-d833d0,detailed,retrospective,0.0,2023Q1,МР Чекмагушевский,4
v5-20261009T142841Z-d833d0,detailed,retrospective,0.0,2023Q1,МР Чишминский,2
v5-20261009T142841Z-d833d0,detailed,retrospective,0.0,2023Q1,МР Шаранский,4
v5-20261009T142841Z-d833d0,detailed,retrospective,0.0,2023Q1,МР Янаульский,1
v5-20261009T142841Z-d833d0,detailed,retrospective,0.0,2023Q2,ГО Агидель,4
v5-20261009T142841Z-d833d0,detailed,retrospective,0.0,2023Q2,ГО Кумертау,2
v5-20261009T142841Z-d833d0,detailed,retrospective,0.0,2023Q2,ГО Нефтекамск,2
v5-20261009T142841Z-d833d0,detailed,retrospective,0.0,2023Q2,ГО Октябрьский,2
v5-20261009T142841Z-d833d0,detailed,retrospective,0.0,2023Q2,ГО Салават,2
v5-20261009T142841Z-d833d0,detailed,retrospective,0.0,2023Q2,ГО Сибай,3
v5-20261009T142841Z-d833d0,detailed,retrospective,0.0,2023Q2,ГО Стерлитамак,2
v5-20261009T142841Z-d833d0,detailed,retrospective,0.0,2023Q2,ГО Уфа,2
v5-20261009T142841Z-d833d0,detailed,retrospective,0.0,2023Q2,МР Абзелиловский,3
v5-20261009T142841Z-d833d0,detailed,retrospective,0.0,2023Q2,МР Альшеевский,0
v5-20261009T142841Z-d833d0,detailed,retrospective,0.0,2023Q2,МР Архангельский,0
v5-20261009T142841Z-d833d0,detailed,retrospective,0.0,2023Q2,МР Аскинский,0
v5-20261009T142841Z-d833d0,detailed,retrospective,0.0,2023Q2,МР Аургазинский,4
v5-20261009T142841Z-d833d0,detailed,retrospective,0.0,2023Q2,МР Баймакский,3
v5-20261009T142841Z-d833d0,detailed,retrospective,0.0,2023Q2,МР Бакалинский,1
v5-20261009T142841Z-d833d0,detailed,retrospective,0.0,2023Q2,МР Балтачевский,1
v5-20261009T142841Z-d833d0,detailed,retrospective,0.0,2023Q2,МР Белебеевский,2
v5-20261009T142841Z-d833d0,detailed,retrospective,0.0,2023Q2,МР Белокатайский,3
v5-20261009T142841Z-d833d0,detailed,retrospective,0.0,2023Q2,МР Белорецкий,2
v5-20261009T142841Z-d833d0,detailed,retrospective,0.0,2023Q2,МР Бижбулякский,1
v5-20261009T142841Z-d833d0,detailed,retrospective,0.0,2023Q2,МР Бирский,2
v5-20261009T142841Z-d833d0,detailed,retrospective,0.0,2023Q2,МР Благоварский,1
v5-20261009T142841Z-d833d0,detailed,retrospective,0.0,2023Q2,МР Благовещенский,3
v5-20261009T142841Z-d833d0,detailed,retrospective,0.0,2023Q2,МР Буздякский,1
v5-20261009T142841Z-d833d0,detailed,retrospective,0.0,2023Q2,МР Бураевский,4
v5-20261009T142841Z-d833d0,detailed,retrospective,0.0,2023Q2,МР Бурзянский,3
v5-20261009T142841Z-d833d0,detailed,retrospective,0.0,2023Q2,МР Гафурийский,4
v5-20261009T142841Z-d833d0,detailed,retrospective,0.0,2023Q2,МР Давлекановский,0
v5-20261009T142841Z-d833d0,detailed,retrospective,0.0,2023Q2,МР Дуванский,3
v5-20261009T142841Z-d833d0,detailed,retrospective,0.0,2023Q2,МР Дюртюлинский,2
v5-20261009T142841Z-d833d0,detailed,retrospective,0.0,2023Q2,МР Ермекеевский,1
v5-20261009T142841Z-d833d0,detailed,retrospective,0.0,2023Q2,МР Зианчуринский,0
v5-20261009T142841Z-d833d0,detailed,retrospective,0.0,2023Q2,МР Зилаирский,3
v5-20261009T142841Z-d833d0,detailed,retrospective,0.0,2023Q2,МР Иглинский,3
v5-20261009T142841Z-d833d0,detailed,retrospective,0.0,2023Q2,МР Илишевский,1
v5-20261009T142841Z-d833d0,detailed,retrospective,0.0,2023Q2,МР Ишимбайский,2
v5-20261009T142841Z-d833d0,detailed,retrospective,0.0,2023Q2,МР Калтасинский,4
v5-20261009T142841Z-d833d0,detailed,retrospective,0.0,2023Q2,МР Караидельский,0
v5-20261009T142841Z-d833d0,detailed,retrospective,0.0,2023Q2,МР Кармаскалинский,1
v5-20261009T142841Z-d833d0,detailed,retrospective,0.0,2023Q2,МР Кигинский,0
v5-20261009T142841Z-d833d0,detailed,retrospective,0.0,2023Q2,МР Краснокамский,1
v5-20261009T142841Z-d833d0,detailed,retrospective,0.0,2023Q2,МР Кугарчинский,0
v5-20261009T142841Z-d833d0,detailed,retrospective,0.0,2023Q2,МР Кушнаренковский,1
v5-20261009T142841Z-d833d0,detailed,retrospective,0.0,2023Q2,МР Куюргазинский,4
v5-20261009T142841Z-d833d0,detailed,retrospective,0.0,2023Q2,МР Мелеузовский,2
v5-20261009T142841Z-d833d0,detailed,retrospective,0.0,2023Q2,МР Мечетлинский,1
v5-20261009T142841Z-d833d0,detailed,retrospective,0.0,2023Q2,МР Мишкинский,4
v5-20261009T142841Z-d833d0,detailed,retrospective,0.0,2023Q2,МР Миякинский,1
v5-20261009T142841Z-d833d0,detailed,retrospective,0.0,2023Q2,МР Нуримановский,0
v5-20261009T142841Z-d833d0,detailed,retrospective,0.0,2023Q2,МР Салаватский,3
v5-20261009T142841Z-d833d0,detailed,retrospective,0.0,2023Q2,МР Стерлибашевский,4
v5-20261009T142841Z-d833d0,detailed,retrospective,0.0,2023Q2,МР Стерлитамакский,2
v5-20261009T142841Z-d833d0,detailed,retrospective,0.0,2023Q2,МР Татышлинский,1
v5-20261009T142841Z-d833d0,detailed,retrospective,0.0,2023Q2,МР Туймазинский,2
v5-20261009T142841Z-d833d0,detailed,retrospective,0.0,2023Q2,МР Уфимский,2
v5-20261009T142841Z-d833d0,detailed,retrospective,0.0,2023Q2,МР Учалинский,2
v5-20261009T142841Z-d833d0,detailed,retrospective,0.0,2023Q2,МР Федоровский,0
v5-20261009T142841Z-d833d0,detailed,retrospective,0.0,2023Q2,МР Хайбуллинский,3
v5-20261009T142841Z-d833d0,detailed,retrospective,0.0,2023Q2,МР Чекмагушевский,4
v5-20261009T142841Z-d833d0,detailed,retrospective,0.0,2023Q2,МР Чишминский,2
v5-20261009T142841Z-d833d0,detailed,retrospective,0.0,2023Q2,МР Шаранский,4
v5-20261009T142841Z-d833d0,detailed,retrospective,0.0,2023Q2,МР Янаульский,1
v5-20261009T142841Z-d833d0,detailed,retrospective,0.0,2023Q3,ГО Агидель,1
v5-20261009T142841Z-d833d0,detailed,retrospective,0.0,2023Q3,ГО Кумертау,2
v5-20261009T142841Z-d833d0,detailed,retrospective,0.0,2023Q3,ГО Нефтекамск,2
v5-20261009T142841Z-d833d0,detailed,retrospective,0.0,2023Q3,ГО Октябрьский,2
v5-20261009T142841Z-d833d0,detailed,retrospective,0.0,2023Q3,ГО Салават,2
v5-20261009T142841Z-d833d0,detailed,retrospective,0.0,2023Q3,ГО Сибай,0
v5-20261009T142841Z-d833d0,detailed,retrospective,0.0,2023Q3,ГО Стерлитамак,2
v5-20261009T142841Z-d833d0,detailed,retrospective,0.0,2023Q3,ГО Уфа,2
v5-20261009T142841Z-d833d0,detailed,retrospective,0.0,2023Q3,МР Абзелиловский,3
v5-20261009T142841Z-d833d0,detailed,retrospective,0.0,2023Q3,МР Альшеевский,4
v5-20261009T142841Z-d833d0,detailed,retrospective,0.0,2023Q3,МР Архангельский,4
v5-20261009T142841Z-d833d0,detailed,retrospective,0.0,2023Q3,МР Аскинский,1
v5-20261009T142841Z-d833d0,detailed,retrospective,0.0,2023Q3,МР Аургазинский,4
v5-20261009T142841Z-d833d0,detailed,retrospective,0.0,2023Q3,МР Баймакский,0
v5-20261009T142841Z-d833d0,detailed,retrospective,0.0,2023Q3,МР Бакалинский,4
v5-20261009T142841Z-d833d0,detailed,retrospective,0.0,2023Q3,МР Балтачевский,1
v5-20261009T142841Z-d833d0,detailed,retrospective,0.0,2023Q3,МР Белебеевский,2
v5-20261009T142841Z-d833d0,detailed,retrospective,0.0,2023Q3,МР Белокатайский,0
v5-20261009T142841Z-d833d0,detailed,retrospective,0.0,2023Q3,МР Белорецкий,2
v5-20261009T142841Z-d833d0,detailed,retrospective,0.0,2023Q3,МР Бижбулякский,1
v5-20261009T142841Z-d833d0,detailed,retrospective,0.0,2023Q3,МР Бирский,2
v5-20261009T142841Z-d833d0,detailed,retrospective,0.0,2023Q3,МР Благоварский,1
v5-20261009T142841Z-d833d0,detailed,retrospective,0.0,2023Q3,МР Благовещенский,3
v5-20261009T142841Z-d833d0,detailed,retrospective,0.0,2023Q3,МР Буздякский,1
v5-20261009T142841Z-d833d0,detailed,retrospective,0.0,2023Q3,МР Бураевский,1
v5-20261009T142841Z-d833d0,detailed,retrospective,0.0,2023Q3,МР Бурзянский,0
v5-20261009T142841Z-d833d0,detailed,retrospective,0.0,2023Q3,МР Гафурийский,1
v5-20261009T142841Z-d833d0,detailed,retrospective,0.0,2023Q3,МР Давлекановский,4
v5-20261009T142841Z-d833d0,detailed,retrospective,0.0,2023Q3,МР Дуванский,0
v5-20261009T142841Z-d833d0,detailed,retrospective,0.0,2023Q3,МР Дюртюлинский,1
v5-20261009T142841Z-d833d0,detailed,retrospective,0.0,2023Q3,МР Ермекеевский,4
v5-20261009T142841Z-d833d0,detailed,retrospective,0.0,2023Q3,МР Зианчуринский,0
v5-20261009T142841Z-d833d0,detailed,retrospective,0.0,2023Q3,МР Зилаирский,3
v5-20261009T142841Z-d833d0,detailed,retrospective,0.0,2023Q3,МР Иглинский,3
v5-20261009T142841Z-d833d0,detailed,retrospective,0.0,2023Q3,МР Илишевский,1
v5-20261009T142841Z-d833d0,detailed,retrospective,0.0,2023Q3,МР Ишимбайский,2
v5-20261009T142841Z-d833d0,detailed,retrospective,0.0,2023Q3,МР Калтасинский,4
v5-20261009T142841Z-d833d0,detailed,retrospective,0.0,2023Q3,МР Караидельский,4
v5-20261009T142841Z-d833d0,detailed,retrospective,0.0,2023Q3,МР Кармаскалинский,3
v5-20261009T142841Z-d833d0,detailed,retrospective,0.0,2023Q3,МР Кигинский,0
v5-20261009T142841Z-d833d0,detailed,retrospective,0.0,2023Q3,МР Краснокамский,3
v5-20261009T142841Z-d833d0,detailed,retrospective,0.0,2023Q3,МР Кугарчинский,0
v5-20261009T142841Z-d833d0,detailed,retrospective,0.0,2023Q3,МР Кушнаренковский,4
v5-20261009T142841Z-d833d0,detailed,retrospective,0.0,2023Q3,МР Куюргазинский,4
v5-20261009T142841Z-d833d0,detailed,retrospective,0.0,2023Q3,МР Мелеузовский,2
v5-20261009T142841Z-d833d0,detailed,retrospective,0.0,2023Q3,МР Мечетлинский,0
v5-20261009T142841Z-d833d0,detailed,retrospective,0.0,2023Q3,МР Мишкинский,4
v5-20261009T142841Z-d833d0,detailed,retrospective,0.0,2023Q3,МР Миякинский,4
v5-20261009T142841Z-d833d0,detailed,retrospective,0.0,2023Q3,МР Нуримановский,4
v5-20261009T142841Z-d833d0,detailed,retrospective,0.0,2023Q3,МР Салаватский,1
v5-20261009T142841Z-d833d0,detailed,retrospective,0.0,2023Q3,МР Стерлибашевский,4
v5-20261009T142841Z-d833d0,detailed,retrospective,0.0,2023Q3,МР Стерлитамакский,2
v5-20261009T142841Z-d833d0,detailed,retrospective,0.0,2023Q3,МР Татышлинский,1
v5-20261009T142841Z-d833d0,detailed,retrospective,0.0,2023Q3,МР Туймазинский,2
v5-20261009T142841Z-d833d0,detailed,retrospective,0.0,2023Q3,МР Уфимский,3
v5-20261009T142841Z-d833d0,detailed,retrospective,0.0,2023Q3,МР Учалинский,2
v5-20261009T142841Z-d833d0,detailed,retrospective,0.0,2023Q3,МР Федоровский,4
v5-20261009T142841Z-d833d0,detailed,retrospective,0.0,2023Q3,МР Хайбуллинский,0
v5-20261009T142841Z-d833d0,detailed,retrospective,0.0,2023Q3,МР Чекмагушевский,4
v5-20261009T142841Z-d833d0,detailed,retrospective,0.0,2023Q3,МР Чишминский,1
v5-20261009T142841Z-d833d0,detailed,retrospective,0.0,2023Q3,МР Шаранский,4
v5-20261009T142841Z-d833d0,detailed,retrospective,0.0,2023Q3,МР Янаульский,1
v5-20261009T142841Z-d833d0,detailed,retrospective,0.0,2023Q4,ГО Агидель,3
v5-20261009T142841Z-d833d0,detailed,retrospective,0.0,2023Q4,ГО Кумертау,2
v5-20261009T142841Z-d833d0,detailed,retrospective,0.0,2023Q4,ГО Нефтекамск,2
v5-20261009T142841Z-d833d0,detailed,retrospective,0.0,2023Q4,ГО Октябрьский,2
v5-20261009T142841Z-d833d0,detailed,retrospective,0.0,2023Q4,ГО Салават,2
v5-20261009T142841Z-d833d0,detailed,retrospective,0.0,2023Q4,ГО Сибай,0
v5-20261009T142841Z-d833d0,detailed,retrospective,0.0,2023Q4,ГО Стерлитамак,2
v5-20261009T142841Z-d833d0,detailed,retrospective,0.0,2023Q4,ГО Уфа,2
v5-20261009T142841Z-d833d0,detailed,retrospective,0.0,2023Q4,МР Абзелиловский,0
v5-20261009T142841Z-d833d0,detailed,retrospective,0.0,2023Q4,МР Альшеевский,3
v5-20261009T142841Z-d833d0,detailed,retrospective,0.0,2023Q4,МР Архангельский,4
v5-20261009T142841Z-d833d0,detailed,retrospective,0.0,2023Q4,МР Аскинский,1
v5-20261009T142841Z-d833d0,detailed,retrospective,0.0,2023Q4,МР Аургазинский,4
v5-20261009T142841Z-d833d0,detailed,retrospective,0.0,2023Q4,МР Баймакский,0
v5-20261009T142841Z-d833d0,detailed,retrospective,0.0,2023Q4,МР Бакалинский,3
v5-20261009T142841Z-d833d0,detailed,retrospective,0.0,2023Q4,МР Балтачевский,1
v5-20261009T142841Z-d833d0,detailed,retrospective,0.0,2023Q4,МР Белебеевский,2
v5-20261009T142841Z-d833d0,detailed,retrospective,0.0,2023Q4,МР Белокатайский,0
v5-20261009T142841Z-d833d0,detailed,retrospective,0.0,2023Q4,МР Белорецкий,4
v5-20261009T142841Z-d833d0,detailed,retrospective,0.0,2023Q4,МР Бижбулякский,3
v5-20261009T142841Z-d833d0,detailed,retrospective,0.0,2023Q4,МР Бирский,4
v5-20261009T142841Z-d833d0,detailed,retrospective,0.0,2023Q4,МР Благоварский,3
v5-20261009T142841Z-d833d0,detailed,retrospective,0.0,2023Q4,МР Благовещенский,3
v5-20261009T142841Z-d833d0,detailed,retrospective,0.0,2023Q4,МР Буздякский,3
v5-20261009T142841Z-d833d0,detailed,retrospective,0.0,2023Q4,МР Бураевский,3
v5-20261009T142841Z-d833d0,detailed,retrospective,0.0,2023Q4,МР Бурзянский,0
v5-20261009T142841Z-d833d0,detailed,retrospective,0.0,2023Q4,МР Гафурийский,1
v5-20261009T142841Z-d833d0,detailed,retrospective,0.0,2023Q4,МР Давлекановский,3
v5-20261009T142841Z-d833d0,detailed,retrospective,0.0,2023Q4,МР Дуванский,0
v5-20261009T142841Z-d833d0,detailed,retrospective,0.0,2023Q4,МР Дюртюлинский,4
v5-20261009T142841Z-d833d0,detailed,retrospective,0.0,2023Q4,МР Ермекеевский,4
v5-20261009T142841Z-d833d0,detailed,retrospective,0.0,2023Q4,МР Зианчуринский,0
v5-20261009T142841Z-d833d0,detailed,retrospective,0.0,2023Q4,МР Зилаирский,0
v5-20261009T142841Z-d833d0,detailed,retrospective,0.0,2023Q4,МР Иглинский,3
v5-20261009T142841Z-d833d0,detailed,retrospective,0.0,2023Q4,МР Илишевский,1
v5-20261009T142841Z-d833d0,detailed,retrospective,0.0,2023Q4,МР Ишимбайский,2
v5-20261009T142841Z-d833d0,detailed,retrospective,0.0,2023Q4,МР Калтасинский,4
v5-20261009T142841Z-d833d0,detailed,retrospective,0.0,2023Q4,МР Караидельский,1
v5-20261009T142841Z-d833d0,detailed,retrospective,0.0,2023Q4,МР Кармаскалинский,3
v5-20261009T142841Z-d833d0,detailed,retrospective,0.0,2023Q4,МР Кигинский,0
v5-20261009T142841Z-d833d0,detailed,retrospective,0.0,2023Q4,МР Краснокамский,3
v5-20261009T142841Z-d833d0,detailed,retrospective,0.0,2023Q4,МР Кугарчинский,1
v5-20261009T142841Z-d833d0,detailed,retrospective,0.0,2023Q4,МР Кушнаренковский,3
v5-20261009T142841Z-d833d0,detailed,retrospective,0.0,2023Q4,МР Куюргазинский,4
v5-20261009T142841Z-d833d0,detailed,retrospective,0.0,2023Q4,МР Мелеузовский,2
v5-20261009T142841Z-d833d0,detailed,retrospective,0.0,2023Q4,МР Мечетлинский,0
v5-20261009T142841Z-d833d0,detailed,retrospective,0.0,2023Q4,МР Мишкинский,4
v5-20261009T142841Z-d833d0,detailed,retrospective,0.0,2023Q4,МР Миякинский,4
v5-20261009T142841Z-d833d0,detailed,retrospective,0.0,2023Q4,МР Нуримановский,0
v5-20261009T142841Z-d833d0,detailed,retrospective,0.0,2023Q4,МР Салаватский,1
v5-20261009T142841Z-d833d0,detailed,retrospective,0.0,2023Q4,МР Стерлибашевский,4
v5-20261009T142841Z-d833d0,detailed,retrospective,0.0,2023Q4,МР Стерлитамакский,2
v5-20261009T142841Z-d833d0,detailed,retrospective,0.0,2023Q4,МР Татышлинский,1
v5-20261009T142841Z-d833d0,detailed,retrospective,0.0,2023Q4,МР Туймазинский,2
v5-20261009T142841Z-d833d0,detailed,retrospective,0.0,2023Q4,МР Уфимский,3
v5-20261009T142841Z-d833d0,detailed,retrospective,0.0,2023Q4,МР Учалинский,4
v5-20261009T142841Z-d833d0,detailed,retrospective,0.0,2023Q4,МР Федоровский,4
v5-20261009T142841Z-d833d0,detailed,retrospective,0.0,2023Q4,МР Хайбуллинский,0
v5-20261009T142841Z-d833d0,detailed,retrospective,0.0,2023Q4,МР Чекмагушевский,4
v5-20261009T142841Z-d833d0,detailed,retrospective,0.0,2023Q4,МР Чишминский,3
v5-20261009T142841Z-d833d0,detailed,retrospective,0.0,2023Q4,МР Шаранский,4
v5-20261009T142841Z-d833d0,detailed,retrospective,0.0,2023Q4,МР Янаульский,4
v5-20261009T142841Z-d833d0,detailed,retrospective,0.0,2024Q1,ГО Агидель,3
v5-20261009T142841Z-d833d0,detailed,retrospective,0.0,2024Q1,ГО Кумертау,2
v5-20261009T142841Z-d833d0,detailed,retrospective,0.0,2024Q1,ГО Нефтекамск,2
v5-20261009T142841Z-d833d0,detailed,retrospective,0.0,2024Q1,ГО Октябрьский,2
v5-20261009T142841Z-d833d0,detailed,retrospective,0.0,2024Q1,ГО Салават,2
v5-20261009T142841Z-d833d0,detailed,retrospective,0.0,2024Q1,ГО Сибай,3
v5-20261009T142841Z-d833d0,detailed,retrospective,0.0,2024Q1,ГО Стерлитамак,2
v5-20261009T142841Z-d833d0,detailed,retrospective,0.0,2024Q1,ГО Уфа,2
v5-20261009T142841Z-d833d0,detailed,retrospective,0.0,2024Q1,МР Абзелиловский,0
v5-20261009T142841Z-d833d0,detailed,retrospective,0.0,2024Q1,МР Альшеевский,4
v5-20261009T142841Z-d833d0,detailed,retrospective,0.0,2024Q1,МР Архангельский,2
v5-20261009T142841Z-d833d0,detailed,retrospective,0.0,2024Q1,МР Аскинский,1
v5-20261009T142841Z-d833d0,detailed,retrospective,0.0,2024Q1,МР Аургазинский,4
v5-20261009T142841Z-d833d0,detailed,retrospective,0.0,2024Q1,МР Баймакский,0
v5-20261009T142841Z-d833d0,detailed,retrospective,0.0,2024Q1,МР Бакалинский,4
v5-20261009T142841Z-d833d0,detailed,retrospective,0.0,2024Q1,МР Балтачевский,4
v5-20261009T142841Z-d833d0,detailed,retrospective,0.0,2024Q1,МР Белебеевский,2
v5-20261009T142841Z-d833d0,detailed,retrospective,0.0,2024Q1,МР Белокатайский,1
v5-20261009T142841Z-d833d0,detailed,retrospective,0.0,2024Q1,МР Белорецкий,3
v5-20261009T142841Z-d833d0,detailed,retrospective,0.0,2024Q1,МР Бижбулякский,4
v5-20261009T142841Z-d833d0,detailed,retrospective,0.0,2024Q1,МР Бирский,3
v5-20261009T142841Z-d833d0,detailed,retrospective,0.0,2024Q1,МР Благоварский,4
v5-20261009T142841Z-d833d0,detailed,retrospective,0.0,2024Q1,МР Благовещенский,3
v5-20261009T142841Z-d833d0,detailed,retrospective,0.0,2024Q1,МР Буздякский,4
v5-20261009T142841Z-d833d0,detailed,retrospective,0.0,2024Q1,МР Бураевский,4
v5-20261009T142841Z-d833d0,detailed,retrospective,0.0,2024Q1,МР Бурзянский,0
v5-20261009T142841Z-d833d0,detailed,retrospective,0.0,2024Q1,МР Гафурийский,1
v5-20261009T142841Z-d833d0,detailed,retrospective,0.0,2024Q1,МР Давлекановский,1
v5-20261009T142841Z-d833d0,detailed,retrospective,0.0,2024Q1,МР Дуванский,1
v5-20261009T142841Z-d833d0,detailed,retrospective,0.0,2024Q1,МР Дюртюлинский,3
v5-20261009T142841Z-d833d0,detailed,retrospective,0.0,2024Q1,МР Ермекеевский,4
v5-20261009T142841Z-d833d0,detailed,retrospective,0.0,2024Q1,МР Зианчуринский,1
v5-20261009T142841Z-d833d0,detailed,retrospective,0.0,2024Q1,МР Зилаирский,0
v5-20261009T142841Z-d833d0,detailed,retrospective,0.0,2024Q1,МР Иглинский,3
v5-20261009T142841Z-d833d0,detailed,retrospective,0.0,2024Q1,МР Илишевский,0
v5-20261009T142841Z-d833d0,detailed,retrospective,0.0,2024Q1,МР Ишимбайский,2
v5-20261009T142841Z-d833d0,detailed,retrospective,0.0,2024Q1,МР Калтасинский,4
v5-20261009T142841Z-d833d0,detailed,retrospective,0.0,2024Q1,МР Караидельский,4
v5-20261009T142841Z-d833d0,detailed,retrospective,0.0,2024Q1,МР Кармаскалинский,3
v5-20261009T142841Z-d833d0,detailed,retrospective,0.0,2024Q1,МР Кигинский,1
v5-20261009T142841Z-d833d0,detailed,retrospective,0.0,2024Q1,МР Краснокамский,3
v5-20261009T142841Z-d833d0,detailed,retrospective,0.0,2024Q1,МР Кугарчинский,1
v5-20261009T142841Z-d833d0,detailed,retrospective,0.0,2024Q1,МР Кушнаренковский,4
v5-20261009T142841Z-d833d0,detailed,retrospective,0.0,2024Q1,МР Мелеузовский,3
v5-20261009T142841Z-d833d0,detailed,retrospective,0.0,2024Q1,МР Мечетлинский,1
v5-20261009T142841Z-d833d0,detailed,retrospective,0.0,2024Q1,МР Мишкинский,4
v5-20261009T142841Z-d833d0,detailed,retrospective,0.0,2024Q1,МР Миякинский,4
v5-20261009T142841Z-d833d0,detailed,retrospective,0.0,2024Q1,МР Нуримановский,4
v5-20261009T142841Z-d833d0,detailed,retrospective,0.0,2024Q1,МР Салаватский,1
v5-20261009T142841Z-d833d0,detailed,retrospective,0.0,2024Q1,МР Стерлибашевский,4
v5-20261009T142841Z-d833d0,detailed,retrospective,0.0,2024Q1,МР Стерлитамакский,2
v5-20261009T142841Z-d833d0,detailed,retrospective,0.0,2024Q1,МР Татышлинский,1
v5-20261009T142841Z-d833d0,detailed,retrospective,0.0,2024Q1,МР Туймазинский,3
v5-20261009T142841Z-d833d0,detailed,retrospective,0.0,2024Q1,МР Уфимский,3
v5-20261009T142841Z-d833d0,detailed,retrospective,0.0,2024Q1,МР Учалинский,3
v5-20261009T142841Z-d833d0,detailed,retrospective,0.0,2024Q1,МР Федоровский,4
v5-20261009T142841Z-d833d0,detailed,retrospective,0.0,2024Q1,МР Хайбуллинский,0
v5-20261009T142841Z-d833d0,detailed,retrospective,0.0,2024Q1,МР Чекмагушевский,4
v5-20261009T142841Z-d833d0,detailed,retrospective,0.0,2024Q1,МР Чишминский,3
v5-20261009T142841Z-d833d0,detailed,retrospective,0.0,2024Q1,МР Шаранский,4
v5-20261009T142841Z-d833d0,detailed,retrospective,0.0,2024Q1,МР Янаульский,3
v5-20261009T142841Z-d833d0,detailed,retrospective,0.0,2024Q2,ГО Агидель,4
v5-20261009T142841Z-d833d0,detailed,retrospective,0.0,2024Q2,ГО Кумертау,2
v5-20261009T142841Z-d833d0,detailed,retrospective,0.0,2024Q2,ГО Нефтекамск,2
v5-20261009T142841Z-d833d0,detailed,retrospective,0.0,2024Q2,ГО Октябрьский,2
v5-20261009T142841Z-d833d0,detailed,retrospective,0.0,2024Q2,ГО Салават,2
v5-20261009T142841Z-d833d0,detailed,retrospective,0.0,2024Q2,ГО Сибай,3
v5-20261009T142841Z-d833d0,detailed,retrospective,0.0,2024Q2,ГО Стерлитамак,2
v5-20261009T142841Z-d833d0,detailed,retrospective,0.0,2024Q2,ГО Уфа,2
v5-20261009T142841Z-d833d0,detailed,retrospective,0.0,2024Q2,МР Абзелиловский,1
v5-20261009T142841Z-d833d0,detailed,retrospective,0.0,2024Q2,МР Альшеевский,4
v5-20261009T142841Z-d833d0,detailed,retrospective,0.0,2024Q2,МР Архангельский,0
v5-20261009T142841Z-d833d0,detailed,retrospective,0.0,2024Q2,МР Аскинский,1
v5-20261009T142841Z-d833d0,detailed,retrospective,0.0,2024Q2,МР Аургазинский,2
v5-20261009T142841Z-d833d0,detailed,retrospective,0.0,2024Q2,МР Баймакский,1
v5-20261009T142841Z-d833d0,detailed,retrospective,0.0,2024Q2,МР Бакалинский,0
v5-20261009T142841Z-d833d0,detailed,retrospective,0.0,2024Q2,МР Балтачевский,0
v5-20261009T142841Z-d833d0,detailed,retrospective,0.0,2024Q2,МР Белебеевский,2
v5-20261009T142841Z-d833d0,detailed,retrospective,0.0,2024Q2,МР Белокатайский,1
v5-20261009T142841Z-d833d0,detailed,retrospective,0.0,2024Q2,МР Белорецкий,3
v5-20261009T142841Z-d833d0,detailed,retrospective,0.0,2024Q2,МР Бижбулякский,4
v5-20261009T142841Z-d833d0,detailed,retrospective,0.0,2024Q2,МР Бирский,3
v5-20261009T142841Z-d833d0,detailed,retrospective,0.0,2024Q2,МР Благоварский,4
v5-20261009T142841Z-d833d0,detailed,retrospective,0.0,2024Q2,МР Благовещенский,3
v5-20261009T142841Z-d833d0,detailed,retrospective,0.0,2024Q2,МР Буздякский,4
v5-20261009T142841Z-d833d0,detailed,retrospective,0.0,2024Q2,МР Бураевский,4
v5-20261009T142841Z-d833d0,detailed,retrospective,0.0,2024Q2,МР Бурзянский,1
v5-20261009T142841Z-d833d0,detailed,retrospective,0.0,2024Q2,МР Гафурийский,4
v5-20261009T142841Z-d833d0,detailed,retrospective,0.0,2024Q2,МР Давлекановский,4
v5-20261009T142841Z-d833d0,detailed,retrospective,0.0,2024Q2,МР Дуванский,1
v5-20261009T142841Z-d833d0,detailed,retrospective,0.0,2024Q2,МР Дюртюлинский,3
v5-20261009T142841Z-d833d0,detailed,retrospective,0.0,2024Q2,МР Ермекеевский,0
v5-20261009T142841Z-d833d0,detailed,retrospective,0.0,2024Q2,МР Зианчуринский,1
v5-20261009T142841Z-d833d0,detailed,retrospective,0.0,2024Q2,МР Зилаирский,0
v5-20261009T142841Z-d833d0,detailed,retrospective,0.0,2024Q2,МР Иглинский,3
v5-20261009T142841Z-d833d0,detailed,retrospective,0.0,2024Q2,МР Илишевский,3
v5-20261009T142841Z-d833d0,detailed,retrospective,0.0,2024Q2,МР Ишимбайский,2
v5-20261009T142841Z-d833d0,detailed,retrospective,0.0,2024Q2,МР Калтасинский,0
v5-20261009T142841Z-d833d0,detailed,retrospective,0.0,2024Q2,МР Караидельский,1
v5-20261009T142841Z-d833d0,detailed,retrospective,0.0,2024Q2,МР Кармаскалинский,3
v5-20261009T142841Z-d833d0,detailed,retrospective,0.0,2024Q2,МР Кигинский,1
v5-20261009T142841Z-d833d0,detailed,retrospective,0.0,2024Q2,МР Краснокамский,0
v5-20261009T142841Z-d833d0,detailed,retrospective,0.0,2024Q2,МР Кугарчинский,1
v5-20261009T142841Z-d833d0,detailed,retrospective,0.0,2024Q2,МР Кушнаренковский,4
v5-20261009T142841Z-d833d0,detailed,retrospective,0.0,2024Q2,МР Мелеузовский,3
v5-20261009T142841Z-d833d0,detailed,retrospective,0.0,2024Q2,МР Мечетлинский,1
v5-20261009T142841Z-d833d0,detailed,retrospective,0.0,2024Q2,МР Мишкинский,0
v5-20261009T142841Z-d833d0,detailed,retrospective,0.0,2024Q2,МР Миякинский,0
v5-20261009T142841Z-d833d0,detailed,retrospective,0.0,2024Q2,МР Нуримановский,4
v5-20261009T142841Z-d833d0,detailed,retrospective,0.0,2024Q2,МР Салаватский,1
v5-20261009T142841Z-d833d0,detailed,retrospective,0.0,2024Q2,МР Стерлибашевский,0
v5-20261009T142841Z-d833d0,detailed,retrospective,0.0,2024Q2,МР Стерлитамакский,2
v5-20261009T142841Z-d833d0,detailed,retrospective,0.0,2024Q2,МР Татышлинский,0
v5-20261009T142841Z-d833d0,detailed,retrospective,0.0,2024Q2,МР Туймазинский,3
v5-20261009T142841Z-d833d0,detailed,retrospective,0.0,2024Q2,МР Уфимский,3
v5-20261009T142841Z-d833d0,detailed,retrospective,0.0,2024Q2,МР Учалинский,3
v5-20261009T142841Z-d833d0,detailed,retrospective,0.0,2024Q2,МР Федоровский,4
v5-20261009T142841Z-d833d0,detailed,retrospective,0.0,2024Q2,МР Хайбуллинский,1
v5-20261009T142841Z-d833d0,detailed,retrospective,0.0,2024Q2,МР Чекмагушевский,4
v5-20261009T142841Z-d833d0,detailed,retrospective,0.0,2024Q2,МР Чишминский,3
v5-20261009T142841Z-d833d0,detailed,retrospective,0.0,2024Q2,МР Шаранский,4
v5-20261009T142841Z-d833d0,detailed,retrospective,0.0,2024Q2,МР Янаульский,3
v5-20261009T142841Z-d833d0,detailed,retrospective,0.0,2024Q3,ГО Агидель,0
v5-20261009T142841Z-d833d0,detailed,retrospective,0.0,2024Q3,ГО Кумертау,2
v5-20261009T142841Z-d833d0,detailed,retrospective,0.0,2024Q3,ГО Нефтекамск,2
v5-20261009T142841Z-d833d0,detailed,retrospective,0.0,2024Q3,ГО Октябрьский,2
v5-20261009T142841Z-d833d0,detailed,retrospective,0.0,2024Q3,ГО Салават,2
v5-20261009T142841Z-d833d0,detailed,retrospective,0.0,2024Q3,ГО Сибай,2
v5-20261009T142841Z-d833d0,detailed,retrospective,0.0,2024Q3,ГО Стерлитамак,2
v5-20261009T142841Z-d833d0,detailed,retrospective,0.0,2024Q3,ГО Уфа,2
v5-20261009T142841Z-d833d0,detailed,retrospective,0.0,2024Q3,МР Абзелиловский,1
v5-20261009T142841Z-d833d0,detailed,retrospective,0.0,2024Q3,МР Альшеевский,4
v5-20261009T142841Z-d833d0,detailed,retrospective,0.0,2024Q3,МР Архангельский,0
v5-20261009T142841Z-d833d0,detailed,retrospective,0.0,2024Q3,МР Аскинский,0
v5-20261009T142841Z-d833d0,detailed,retrospective,0.0,2024Q3,МР Аургазинский,4
v5-20261009T142841Z-d833d0,detailed,retrospective,0.0,2024Q3,МР Баймакский,3
v5-20261009T142841Z-d833d0,detailed,retrospective,0.0,2024Q3,МР Бакалинский,0
v5-20261009T142841Z-d833d0,detailed,retrospective,0.0,2024Q3,МР Балтачевский,0
v5-20261009T142841Z-d833d0,detailed,retrospective,0.0,2024Q3,МР Белебеевский,2
v5-20261009T142841Z-d833d0,detailed,retrospective,0.0,2024Q3,МР Белокатайский,1
v5-20261009T142841Z-d833d0,detailed,retrospective,0.0,2024Q3,МР Белорецкий,3
v5-20261009T142841Z-d833d0,detailed,retrospective,0.0,2024Q3,МР Бижбулякский,4
v5-20261009T142841Z-d833d0,detailed,retrospective,0.0,2024Q3,МР Бирский,3
v5-20261009T142841Z-d833d0,detailed,retrospective,0.0,2024Q3,МР Благоварский,0
v5-20261009T142841Z-d833d0,detailed,retrospective,0.0,2024Q3,МР Благовещенский,3
v5-20261009T142841Z-d833d0,detailed,retrospective,0.0,2024Q3,МР Буздякский,4
v5-20261009T142841Z-d833d0,detailed,retrospective,0.0,2024Q3,МР Бураевский,4
v5-20261009T142841Z-d833d0,detailed,retrospective,0.0,2024Q3,МР Бурзянский,3
v5-20261009T142841Z-d833d0,detailed,retrospective,0.0,2024Q3,МР Гафурийский,3
v5-20261009T142841Z-d833d0,detailed,retrospective,0.0,2024Q3,МР Давлекановский,4
v5-20261009T142841Z-d833d0,detailed,retrospective,0.0,2024Q3,МР Дуванский,3
v5-20261009T142841Z-d833d0,detailed,retrospective,0.0,2024Q3,МР Дюртюлинский,4
v5-20261009T142841Z-d833d0,detailed,retrospective,0.0,2024Q3,МР Ермекеевский,1
v5-20261009T142841Z-d833d0,detailed,retrospective,0.0,2024Q3,МР Зианчуринский,1
v5-20261009T142841Z-d833d0,detailed,retrospective,0.0,2024Q3,МР Зилаирский,3
v5-20261009T142841Z-d833d0,detailed,retrospective,0.0,2024Q3,МР Иглинский,3
v5-20261009T142841Z-d833d0,detailed,retrospective,0.0,2024Q3,МР Илишевский,1
v5-20261009T142841Z-d833d0,detailed,retrospective,0.0,2024Q3,МР Ишимбайский,2
v5-20261009T142841Z-d833d0,detailed,retrospective,0.0,2024Q3,МР Калтасинский,0
v5-20261009T142841Z-d833d0,detailed,retrospective,0.0,2024Q3,МР Караидельский,0
v5-20261009T142841Z-d833d0,detailed,retrospective,0.0,2024Q3,МР Кармаскалинский,4
v5-20261009T142841Z-d833d0,detailed,retrospective,0.0,2024Q3,МР Кигинский,0
v5-20261009T142841Z-d833d0,detailed,retrospective,0.0,2024Q3,МР Краснокамский,4
v5-20261009T142841Z-d833d0,detailed,retrospective,0.0,2024Q3,МР Кугарчинский,1
v5-20261009T142841Z-d833d0,detailed,retrospective,0.0,2024Q3,МР Кушнаренковский,4
v5-20261009T142841Z-d833d0,detailed,retrospective,0.0,2024Q3,МР Куюргазинский,2
v5-20261009T142841Z-d833d0,detailed,retrospective,0.0,2024Q3,МР Мелеузовский,2
v5-20261009T142841Z-d833d0,detailed,retrospective,0.0,2024Q3,МР Мечетлинский,1
v5-20261009T142841Z-d833d0,detailed,retrospective,0.0,2024Q3,МР Мишкинский,0
v5-20261009T142841Z-d833d0,detailed,retrospective,0.0,2024Q3,МР Миякинский,1
v5-20261009T142841Z-d833d0,detailed,retrospective,0.0,2024Q3,МР Нуримановский,0
v5-20261009T142841Z-d833d0,detailed,retrospective,0.0,2024Q3,МР Салаватский,3
v5-20261009T142841Z-d833d0,detailed,retrospective,0.0,2024Q3,МР Стерлибашевский,4
v5-20261009T142841Z-d833d0,detailed,retrospective,0.0,2024Q3,МР Стерлитамакский,2
v5-20261009T142841Z-d833d0,detailed,retrospective,0.0,2024Q3,МР Татышлинский,0
v5-20261009T142841Z-d833d0,detailed,retrospective,0.0,2024Q3,МР Туймазинский,2
v5-20261009T142841Z-d833d0,detailed,retrospective,0.0,2024Q3,МР Уфимский,2
v5-20261009T142841Z-d833d0,detailed,retrospective,0.0,2024Q3,МР Учалинский,2
v5-20261009T142841Z-d833d0,detailed,retrospective,0.0,2024Q3,МР Федоровский,1
v5-20261009T142841Z-d833d0,detailed,retrospective,0.0,2024Q3,МР Хайбуллинский,3
v5-20261009T142841Z-d833d0,detailed,retrospective,0.0,2024Q3,МР Чекмагушевский,4
v5-20261009T142841Z-d833d0,detailed,retrospective,0.0,2024Q3,МР Чишминский,3
v5-20261009T142841Z-d833d0,detailed,retrospective,0.0,2024Q3,МР Шаранский,4
v5-20261009T142841Z-d833d0,detailed,retrospective,0.0,2024Q3,МР Янаульский,1
v5-20261009T142841Z-d833d0,detailed,retrospective,0.0,2024Q4,ГО Агидель,0
v5-20261009T142841Z-d833d0,detailed,retrospective,0.0,2024Q4,ГО Кумертау,2
v5-20261009T142841Z-d833d0,detailed,retrospective,0.0,2024Q4,ГО Нефтекамск,2
v5-20261009T142841Z-d833d0,detailed,retrospective,0.0,2024Q4,ГО Октябрьский,2
v5-20261009T142841Z-d833d0,detailed,retrospective,0.0,2024Q4,ГО Салават,2
v5-20261009T142841Z-d833d0,detailed,retrospective,0.0,2024Q4,ГО Сибай,3
v5-20261009T142841Z-d833d0,detailed,retrospective,0.0,2024Q4,ГО Стерлитамак,2
v5-20261009T142841Z-d833d0,detailed,retrospective,0.0,2024Q4,ГО Уфа,2
v5-20261009T142841Z-d833d0,detailed,retrospective,0.0,2024Q4,МР Абзелиловский,3
v5-20261009T142841Z-d833d0,detailed,retrospective,0.0,2024Q4,МР Альшеевский,1
v5-20261009T142841Z-d833d0,detailed,retrospective,0.0,2024Q4,МР Архангельский,4
v5-20261009T142841Z-d833d0,detailed,retrospective,0.0,2024Q4,МР Аскинский,0
v5-20261009T142841Z-d833d0,detailed,retrospective,0.0,2024Q4,МР Аургазинский,4
v5-20261009T142841Z-d833d0,detailed,retrospective,0.0,2024Q4,МР Баймакский,3
v5-20261009T142841Z-d833d0,detailed,retrospective,0.0,2024Q4,МР Бакалинский,0
v5-20261009T142841Z-d833d0,detailed,retrospective,0.0,2024Q4,МР Балтачевский,0
v5-20261009T142841Z-d833d0,detailed,retrospective,0.0,2024Q4,МР Белебеевский,2
v5-20261009T142841Z-d833d0,detailed,retrospective,0.0,2024Q4,МР Белокатайский,1
v5-20261009T142841Z-d833d0,detailed,retrospective,0.0,2024Q4,МР Белорецкий,2
v5-20261009T142841Z-d833d0,detailed,retrospective,0.0,2024Q4,МР Бижбулякский,0
v5-20261009T142841Z-d833d0,detailed,retrospective,0.0,2024Q4,МР Бирский,2
v5-20261009T142841Z-d833d0,detailed,retrospective,0.0,2024Q4,МР Благоварский,3
v5-20261009T142841Z-d833d0,detailed,retrospective,0.0,2024Q4,МР Благовещенский,3
v5-20261009T142841Z-d833d0,detailed,retrospective,0.0,2024Q4,МР Буздякский,0
v5-20261009T142841Z-d833d0,detailed,retrospective,0.0,2024Q4,МР Бураевский,0
v5-20261009T142841Z-d833d0,detailed,retrospective,0.0,2024Q4,МР Бурзянский,3
v5-20261009T142841Z-d833d0,detailed,retrospective,0.0,2024Q4,МР Гафурийский,3
v5-20261009T142841Z-d833d0,detailed,retrospective,0.0,2024Q4,МР Давлекановский,4
v5-20261009T142841Z-d833d0,detailed,retrospective,0.0,2024Q4,МР Дуванский,1
v5-20261009T142841Z-d833d0,detailed,retrospective,0.0,2024Q4,МР Дюртюлинский,0
v5-20261009T142841Z-d833d0,detailed,retrospective,0.0,2024Q4,МР Ермекеевский,4
v5-20261009T142841Z-d833d0,detailed,retrospective,0.0,2024Q4,МР Зианчуринский,1
v5-20261009T142841Z-d833d0,detailed,retrospective,0.0,2024Q4,МР Зилаирский,3
v5-20261009T142841Z-d833d0,detailed,retrospective,0.0,2024Q4,МР Иглинский,3
v5-20261009T142841Z-d833d0,detailed,retrospective,0.0,2024Q4,МР Илишевский,0
v5-20261009T142841Z-d833d0,detailed,retrospective,0.0,2024Q4,МР Ишимбайский,2
v5-20261009T142841Z-d833d0,detailed,retrospective,0.0,2024Q4,МР Калтасинский,1
v5-20261009T142841Z-d833d0,detailed,retrospective,0.0,2024Q4,МР Караидельский,1
v5-20261009T142841Z-d833d0,detailed,retrospective,0.0,2024Q4,МР Кармаскалинский,0
v5-20261009T142841Z-d833d0,detailed,retrospective,0.0,2024Q4,МР Кигинский,1
v5-20261009T142841Z-d833d0,detailed,retrospective,0.0,2024Q4,МР Краснокамский,0
v5-20261009T142841Z-d833d0,detailed,retrospective,0.0,2024Q4,МР Кугарчинский,1
v5-20261009T142841Z-d833d0,detailed,retrospective,0.0,2024Q4,МР Кушнаренковский,4
v5-20261009T142841Z-d833d0,detailed,retrospective,0.0,2024Q4,МР Куюргазинский,2
v5-20261009T142841Z-d833d0,detailed,retrospective,0.0,2024Q4,МР Мелеузовский,2
v5-20261009T142841Z-d833d0,detailed,retrospective,0.0,2024Q4,МР Мечетлинский,1
v5-20261009T142841Z-d833d0,detailed,retrospective,0.0,2024Q4,МР Мишкинский,3
v5-20261009T142841Z-d833d0,detailed,retrospective,0.0,2024Q4,МР Миякинский,4
v5-20261009T142841Z-d833d0,detailed,retrospective,0.0,2024Q4,МР Нуримановский,3
v5-20261009T142841Z-d833d0,detailed,retrospective,0.0,2024Q4,МР Салаватский,3
v5-20261009T142841Z-d833d0,detailed,retrospective,0.0,2024Q4,МР Стерлибашевский,4
v5-20261009T142841Z-d833d0,detailed,retrospective,0.0,2024Q4,МР Стерлитамакский,2
v5-20261009T142841Z-d833d0,detailed,retrospective,0.0,2024Q4,МР Татышлинский,1
v5-20261009T142841Z-d833d0,detailed,retrospective,0.0,2024Q4,МР Туймазинский,2
v5-20261009T142841Z-d833d0,detailed,retrospective,0.0,2024Q4,МР Уфимский,2
v5-20261009T142841Z-d833d0,detailed,retrospective,0.0,2024Q4,МР Учалинский,2
v5-20261009T142841Z-d833d0,detailed,retrospective,0.0,2024Q4,МР Федоровский,4
v5-20261009T142841Z-d833d0,detailed,retrospective,0.0,2024Q4,МР Хайбуллинский,3
v5-20261009T142841Z-d833d0,detailed,retrospective,0.0,2024Q4,МР Чекмагушевский,4
v5-20261009T142841Z-d833d0,detailed,retrospective,0.0,2024Q4,МР Чишминский,0
v5-20261009T142841Z-d833d0,detailed,retrospective,0.0,2024Q4,МР Шаранский,4
v5-20261009T142841Z-d833d0,detailed,retrospective,0.0,2024Q4,МР Янаульский,0
v5-20261009T142841Z-d833d0,detailed,retrospective,0.5,2023Q1,ГО Агидель,1
v5-20261009T142841Z-d833d0,detailed,retrospective,0.5,2023Q1,ГО Кумертау,2
v5-20261009T142841Z-d833d0,detailed,retrospective,0.5,2023Q1,ГО Нефтекамск,2
v5-20261009T142841Z-d833d0,detailed,retrospective,0.5,2023Q1,ГО Октябрьский,1
v5-20261009T142841Z-d833d0,detailed,retrospective,0.5,2023Q1,ГО Салават,2
v5-20261009T142841Z-d833d0,detailed,retrospective,0.5,2023Q1,ГО Сибай,2
v5-20261009T142841Z-d833d0,detailed,retrospective,0.5,2023Q1,ГО Стерлитамак,2
v5-20261009T142841Z-d833d0,detailed,retrospective,0.5,2023Q1,ГО Уфа,4
v5-20261009T142841Z-d833d0,detailed,retrospective,0.5,2023Q1,МР Абзелиловский,3
v5-20261009T142841Z-d833d0,detailed,retrospective,0.5,2023Q1,МР Альшеевский,0
v5-20261009T142841Z-d833d0,detailed,retrospective,0.5,2023Q1,МР Архангельский,0
v5-20261009T142841Z-d833d0,detailed,retrospective,0.5,2023Q1,МР Аскинский,4
v5-20261009T142841Z-d833d0,detailed,retrospective,0.5,2023Q1,МР Аургазинский,4
v5-20261009T142841Z-d833d0,detailed,retrospective,0.5,2023Q1,МР Баймакский,3
v5-20261009T142841Z-d833d0,detailed,retrospective,0.5,2023Q1,МР Бакалинский,1
v5-20261009T142841Z-d833d0,detailed,retrospective,0.5,2023Q1,МР Балтачевский,1
v5-20261009T142841Z-d833d0,detailed,retrospective,0.5,2023Q1,МР Белебеевский,1
v5-20261009T142841Z-d833d0,detailed,retrospective,0.5,2023Q1,МР Белокатайский,0
v5-20261009T142841Z-d833d0,detailed,retrospective,0.5,2023Q1,МР Белорецкий,2
v5-20261009T142841Z-d833d0,detailed,retrospective,0.5,2023Q1,МР Бижбулякский,1
v5-20261009T142841Z-d833d0,detailed,retrospective,0.5,2023Q1,МР Бирский,2
v5-20261009T142841Z-d833d0,detailed,retrospective,0.5,2023Q1,МР Благоварский,4
v5-20261009T142841Z-d833d0,detailed,retrospective,0.5,2023Q1,МР Благовещенский,2
v5-20261009T142841Z-d833d0,detailed,retrospective,0.5,2023Q1,МР Буздякский,1
v5-20261009T142841Z-d833d0,detailed,retrospective,0.5,2023Q1,МР Бураевский,1
v5-20261009T142841Z-d833d0,detailed,retrospective,0.5,2023Q1,МР Бурзянский,3
v5-20261009T142841Z-d833d0,detailed,retrospective,0.5,2023Q1,МР Гафурийский,4
v5-20261009T142841Z-d833d0,detailed,retrospective,0.5,2023Q1,МР Давлекановский,0
v5-20261009T142841Z-d833d0,detailed,retrospective,0.5,2023Q1,МР Дуванский,3
v5-20261009T142841Z-d833d0,detailed,retrospective,0.5,2023Q1,МР Дюртюлинский,2
v5-20261009T142841Z-d833d0,detailed,retrospective,0.5,2023Q1,МР Ермекеевский,1
v5-20261009T142841Z-d833d0,detailed,retrospective,0.5,2023Q1,МР Зианчуринский,3
v5-20261009T142841Z-d833d0,detailed,retrospective,0.5,2023Q1,МР Зилаирский,3
v5-20261009T142841Z-d833d0,detailed,retrospective,0.5,2023Q1,МР Иглинский,2
v5-20261009T142841Z-d833d0,detailed,retrospective,0.5,2023Q1,МР Илишевский,1
v5-20261009T142841Z-d833d0,detailed,retrospective,0.5,2023Q1,МР Ишимбайский,2
v5-20261009T142841Z-d833d0,detailed,retrospective,0.5,2023Q1,МР Калтасинский,0
v5-20261009T142841Z-d833d0,detailed,retrospective,0.5,2023Q1,МР Караидельский,0
v5-20261009T142841Z-d833d0,detailed,retrospective,0.5,2023Q1,МР Кармаскалинский,4
v5-20261009T142841Z-d833d0,detailed,retrospective,0.5,2023Q1,МР Кигинский,0
v5-20261009T142841Z-d833d0,detailed,retrospective,0.5,2023Q1,МР Краснокамский,1
v5-20261009T142841Z-d833d0,detailed,retrospective,0.5,2023Q1,МР Кугарчинский,0
v5-20261009T142841Z-d833d0,detailed,retrospective,0.5,2023Q1,МР Кушнаренковский,1
v5-20261009T142841Z-d833d0,detailed,retrospective,0.5,2023Q1,МР Куюргазинский,0
v5-20261009T142841Z-d833d0,detailed,retrospective,0.5,2023Q1,МР Мелеузовский,2
v5-20261009T142841Z-d833d0,detailed,retrospective,0.5,2023Q1,МР Мечетлинский,1
v5-20261009T142841Z-d833d0,detailed,retrospective,0.5,2023Q1,МР Мишкинский,4
v5-20261009T142841Z-d833d0,detailed,retrospective,0.5,2023Q1,МР Миякинский,1
v5-20261009T142841Z-d833d0,detailed,retrospective,0.5,2023Q1,МР Нуримановский,0
v5-20261009T142841Z-d833d0,detailed,retrospective,0.5,2023Q1,МР Салаватский,3
v5-20261009T142841Z-d833d0,detailed,retrospective,0.5,2023Q1,МР Стерлибашевский,4
v5-20261009T142841Z-d833d0,detailed,retrospective,0.5,2023Q1,МР Стерлитамакский,2
v5-20261009T142841Z-d833d0,detailed,retrospective,0.5,2023Q1,МР Татышлинский,4
v5-20261009T142841Z-d833d0,detailed,retrospective,0.5,2023Q1,МР Туймазинский,1
v5-20261009T142841Z-d833d0,detailed,retrospective,0.5,2023Q1,МР Уфимский,2
v5-20261009T142841Z-d833d0,detailed,retrospective,0.5,2023Q1,МР Учалинский,2
v5-20261009T142841Z-d833d0,detailed,retrospective,0.5,2023Q1,МР Федоровский,0
v5-20261009T142841Z-d833d0,detailed,retrospective,0.5,2023Q1,МР Хайбуллинский,3
v5-20261009T142841Z-d833d0,detailed,retrospective,0.5,2023Q1,МР Чекмагушевский,4
v5-20261009T142841Z-d833d0,detailed,retrospective,0.5,2023Q1,МР Чишминский,2
v5-20261009T142841Z-d833d0,detailed,retrospective,0.5,2023Q1,МР Шаранский,4
v5-20261009T142841Z-d833d0,detailed,retrospective,0.5,2023Q1,МР Янаульский,1
v5-20261009T142841Z-d833d0,detailed,retrospective,0.5,2023Q2,ГО Агидель,4
v5-20261009T142841Z-d833d0,detailed,retrospective,0.5,2023Q2,ГО Кумертау,2
v5-20261009T142841Z-d833d0,detailed,retrospective,0.5,2023Q2,ГО Нефтекамск,2
v5-20261009T142841Z-d833d0,detailed,retrospective,0.5,2023Q2,ГО Октябрьский,2
v5-20261009T142841Z-d833d0,detailed,retrospective,0.5,2023Q2,ГО Салават,2
v5-20261009T142841Z-d833d0,detailed,retrospective,0.5,2023Q2,ГО Сибай,2
v5-20261009T142841Z-d833d0,detailed,retrospective,0.5,2023Q2,ГО Стерлитамак,2
v5-20261009T142841Z-d833d0,detailed,retrospective,0.5,2023Q2,ГО Уфа,2
v5-20261009T142841Z-d833d0,detailed,retrospective,0.5,2023Q2,МР Абзелиловский,3
v5-20261009T142841Z-d833d0,detailed,retrospective,0.5,2023Q2,МР Альшеевский,0
v5-20261009T142841Z-d833d0,detailed,retrospective,0.5,2023Q2,МР Архангельский,0
v5-20261009T142841Z-d833d0,detailed,retrospective,0.5,2023Q2,МР Аскинский,4
v5-20261009T142841Z-d833d0,detailed,retrospective,0.5,2023Q2,МР Аургазинский,4
v5-20261009T142841Z-d833d0,detailed,retrospective,0.5,2023Q2,МР Баймакский,3
v5-20261009T142841Z-d833d0,detailed,retrospective,0.5,2023Q2,МР Бакалинский,1
v5-20261009T142841Z-d833d0,detailed,retrospective,0.5,2023Q2,МР Балтачевский,1
v5-20261009T142841Z-d833d0,detailed,retrospective,0.5,2023Q2,МР Белебеевский,2
v5-20261009T142841Z-d833d0,detailed,retrospective,0.5,2023Q2,МР Белокатайский,0
v5-20261009T142841Z-d833d0,detailed,retrospective,0.5,2023Q2,МР Белорецкий,2
v5-20261009T142841Z-d833d0,detailed,retrospective,0.5,2023Q2,МР Бижбулякский,1
v5-20261009T142841Z-d833d0,detailed,retrospective,0.5,2023Q2,МР Бирский,2
v5-20261009T142841Z-d833d0,detailed,retrospective,0.5,2023Q2,МР Благоварский,4
v5-20261009T142841Z-d833d0,detailed,retrospective,0.5,2023Q2,МР Благовещенский,2
v5-20261009T142841Z-d833d0,detailed,retrospective,0.5,2023Q2,МР Буздякский,1
v5-20261009T142841Z-d833d0,detailed,retrospective,0.5,2023Q2,МР Бураевский,4
v5-20261009T142841Z-d833d0,detailed,retrospective,0.5,2023Q2,МР Бурзянский,3
v5-20261009T142841Z-d833d0,detailed,retrospective,0.5,2023Q2,МР Гафурийский,4
v5-20261009T142841Z-d833d0,detailed,retrospective,0.5,2023Q2,МР Давлекановский,0
v5-20261009T142841Z-d833d0,detailed,retrospective,0.5,2023Q2,МР Дуванский,3
v5-20261009T142841Z-d833d0,detailed,retrospective,0.5,2023Q2,МР Дюртюлинский,2
v5-20261009T142841Z-d833d0,detailed,retrospective,0.5,2023Q2,МР Ермекеевский,1
v5-20261009T142841Z-d833d0,detailed,retrospective,0.5,2023Q2,МР Зианчуринский,0
v5-20261009T142841Z-d833d0,detailed,retrospective,0.5,2023Q2,МР Зилаирский,3
v5-20261009T142841Z-d833d0,detailed,retrospective,0.5,2023Q2,МР Иглинский,2
v5-20261009T142841Z-d833d0,detailed,retrospective,0.5,2023Q2,МР Илишевский,1
v5-20261009T142841Z-d833d0,detailed,retrospective,0.5,2023Q2,МР Ишимбайский,2
v5-20261009T142841Z-d833d0,detailed,retrospective,0.5,2023Q2,МР Калтасинский,0
v5-20261009T142841Z-d833d0,detailed,retrospective,0.5,2023Q2,МР Караидельский,0
v5-20261009T142841Z-d833d0,detailed,retrospective,0.5,2023Q2,МР Кармаскалинский,1
v5-20261009T142841Z-d833d0,detailed,retrospective,0.5,2023Q2,МР Кигинский,0
v5-20261009T142841Z-d833d0,detailed,retrospective,0.5,2023Q2,МР Краснокамский,1
v5-20261009T142841Z-d833d0,detailed,retrospective,0.5,2023Q2,МР Кугарчинский,0
v5-20261009T142841Z-d833d0,detailed,retrospective,0.5,2023Q2,МР Кушнаренковский,1
v5-20261009T142841Z-d833d0,detailed,retrospective,0.5,2023Q2,МР Куюргазинский,0
v5-20261009T142841Z-d833d0,detailed,retrospective,0.5,2023Q2,МР Мелеузовский,2
v5-20261009T142841Z-d833d0,detailed,retrospective,0.5,2023Q2,МР Мечетлинский,1
v5-20261009T142841Z-d833d0,detailed,retrospective,0.5,2023Q2,МР Мишкинский,4
v5-20261009T142841Z-d833d0,detailed,retrospective,0.5,2023Q2,МР Миякинский,1
v5-20261009T142841Z-d833d0,detailed,retrospective,0.5,2023Q2,МР Нуримановский,0
v5-20261009T142841Z-d833d0,detailed,retrospective,0.5,2023Q2,МР Салаватский,3
v5-20261009T142841Z-d833d0,detailed,retrospective,0.5,2023Q2,МР Стерлибашевский,4
v5-20261009T142841Z-d833d0,detailed,retrospective,0.5,2023Q2,МР Стерлитамакский,2
v5-20261009T142841Z-d833d0,detailed,retrospective,0.5,2023Q2,МР Татышлинский,4
v5-20261009T142841Z-d833d0,detailed,retrospective,0.5,2023Q2,МР Туймазинский,2
v5-20261009T142841Z-d833d0,detailed,retrospective,0.5,2023Q2,МР Уфимский,2
v5-20261009T142841Z-d833d0,detailed,retrospective,0.5,2023Q2,МР Учалинский,2
v5-20261009T142841Z-d833d0,detailed,retrospective,0.5,2023Q2,МР Федоровский,0
v5-20261009T142841Z-d833d0,detailed,retrospective,0.5,2023Q2,МР Хайбуллинский,3
v5-20261009T142841Z-d833d0,detailed,retrospective,0.5,2023Q2,МР Чекмагушевский,4
v5-20261009T142841Z-d833d0,detailed,retrospective,0.5,2023Q2,МР Чишминский,2
v5-20261009T142841Z-d833d0,detailed,retrospective,0.5,2023Q2,МР Шаранский,4
v5-20261009T142841Z-d833d0,detailed,retrospective,0.5,2023Q2,МР Янаульский,1
v5-20261009T142841Z-d833d0,detailed,retrospective,0.5,2023Q3,ГО Агидель,4
v5-20261009T142841Z-d833d0,detailed,retrospective,0.5,2023Q3,ГО Кумертау,2
v5-20261009T142841Z-d833d0,detailed,retrospective,0.5,2023Q3,ГО Нефтекамск,2
v5-20261009T142841Z-d833d0,detailed,retrospective,0.5,2023Q3,ГО Октябрьский,2
v5-20261009T142841Z-d833d0,detailed,retrospective,0.5,2023Q3,ГО Салават,2
v5-20261009T142841Z-d833d0,detailed,retrospective,0.5,2023Q3,ГО Сибай,3
v5-20261009T142841Z-d833d0,detailed,retrospective,0.5,2023Q3,ГО Стерлитамак,2
v5-20261009T142841Z-d833d0,detailed,retrospective,0.5,2023Q3,ГО Уфа,2
v5-20261009T142841Z-d833d0,detailed,retrospective,0.5,2023Q3,МР Абзелиловский,3
v5-20261009T142841Z-d833d0,detailed,retrospective,0.5,2023Q3,МР Альшеевский,0
v5-20261009T142841Z-d833d0,detailed,retrospective,0.5,2023Q3,МР Архангельский,0
v5-20261009T142841Z-d833d0,detailed,retrospective,0.5,2023Q3,МР Аскинский,4
v5-20261009T142841Z-d833d0,detailed,retrospective,0.5,2023Q3,МР Аургазинский,4
v5-20261009T142841Z-d833d0,detailed,retrospective,0.5,2023Q3,МР Баймакский,3
v5-20261009T142841Z-d833d0,detailed,retrospective,0.5,2023Q3,МР Бакалинский,1
v5-20261009T142841Z-d833d0,detailed,retrospective,0.5,2023Q3,МР Балтачевский,1
v5-20261009T142841Z-d833d0,detailed,retrospective,0.5,2023Q3,МР Белебеевский,2
v5-20261009T142841Z-d833d0,detailed,retrospective,0.5,2023Q3,МР Белокатайский,0
v5-20261009T142841Z-d833d0,detailed,retrospective,0.5,2023Q3,МР Белорецкий,2
v5-20261009T142841Z-d833d0,detailed,retrospective,0.5,2023Q3,МР Бижбулякский,1
v5-20261009T142841Z-d833d0,detailed,retrospective,0.5,2023Q3,МР Бирский,2
v5-20261009T142841Z-d833d0,detailed,retrospective,0.5,2023Q3,МР Благоварский,4
v5-20261009T142841Z-d833d0,detailed,retrospective,0.5,2023Q3,МР Благовещенский,1
v5-20261009T142841Z-d833d0,detailed,retrospective,0.5,2023Q3,МР Буздякский,1
v5-20261009T142841Z-d833d0,detailed,retrospective,0.5,2023Q3,МР Бураевский,4
v5-20261009T142841Z-d833d0,detailed,retrospective,0.5,2023Q3,МР Бурзянский,3
v5-20261009T142841Z-d833d0,detailed,retrospective,0.5,2023Q3,МР Гафурийский,4
v5-20261009T142841Z-d833d0,detailed,retrospective,0.5,2023Q3,МР Давлекановский,0
v5-20261009T142841Z-d833d0,detailed,retrospective,0.5,2023Q3,МР Дуванский,3
v5-20261009T142841Z-d833d0,detailed,retrospective,0.5,2023Q3,МР Дюртюлинский,2
v5-20261009T142841Z-d833d0,detailed,retrospective,0.5,2023Q3,МР Ермекеевский,1
v5-20261009T142841Z-d833d0,detailed,retrospective,0.5,2023Q3,МР Зианчуринский,0
v5-20261009T142841Z-d833d0,detailed,retrospective,0.5,2023Q3,МР Зилаирский,3
v5-20261009T142841Z-d833d0,detailed,retrospective,0.5,2023Q3,МР Иглинский,1
v5-20261009T142841Z-d833d0,detailed,retrospective,0.5,2023Q3,МР Илишевский,4
v5-20261009T142841Z-d833d0,detailed,retrospective,0.5,2023Q3,МР Ишимбайский,2
v5-20261009T142841Z-d833d0,detailed,retrospective,0.5,2023Q3,МР Калтасинский,0
v5-20261009T142841Z-d833d0,detailed,retrospective,0.5,2023Q3,МР Караидельский,0
v5-20261009T142841Z-d833d0,detailed,retrospective,0.5,2023Q3,МР Кармаскалинский,1
v5-20261009T142841Z-d833d0,detailed,retrospective,0.5,2023Q3,МР Кигинский,0
v5-20261009T142841Z-d833d0,detailed,retrospective,0.5,2023Q3,МР Краснокамский,1
v5-20261009T142841Z-d833d0,detailed,retrospective,0.5,2023Q3,МР Кугарчинский,0
v5-20261009T142841Z-d833d0,detailed,retrospective,0.5,2023Q3,МР Кушнаренковский,1
v5-20261009T142841Z-d833d0,detailed,retrospective,0.5,2023Q3,МР Куюргазинский,0
v5-20261009T142841Z-d833d0,detailed,retrospective,0.5,2023Q3,МР Мелеузовский,2
v5-20261009T142841Z-d833d0,detailed,retrospective,0.5,2023Q3,МР Мечетлинский,3
v5-20261009T142841Z-d833d0,detailed,retrospective,0.5,2023Q3,МР Мишкинский,0
v5-20261009T142841Z-d833d0,detailed,retrospective,0.5,2023Q3,МР Миякинский,1
v5-20261009T142841Z-d833d0,detailed,retrospective,0.5,2023Q3,МР Нуримановский,0
v5-20261009T142841Z-d833d0,detailed,retrospective,0.5,2023Q3,МР Салаватский,3
v5-20261009T142841Z-d833d0,detailed,retrospective,0.5,2023Q3,МР Стерлибашевский,4
v5-20261009T142841Z-d833d0,detailed,retrospective,0.5,2023Q3,МР Стерлитамакский,2
v5-20261009T142841Z-d833d0,detailed,retrospective,0.5,2023Q3,МР Татышлинский,4
v5-20261009T142841Z-d833d0,detailed,retrospective,0.5,2023Q3,МР Туймазинский,2
v5-20261009T142841Z-d833d0,detailed,retrospective,0.5,2023Q3,МР Уфимский,1
v5-20261009T142841Z-d833d0,detailed,retrospective,0.5,2023Q3,МР Учалинский,2
v5-20261009T142841Z-d833d0,detailed,retrospective,0.5,2023Q3,МР Федоровский,0
v5-20261009T142841Z-d833d0,detailed,retrospective,0.5,2023Q3,МР Хайбуллинский,3
v5-20261009T142841Z-d833d0,detailed,retrospective,0.5,2023Q3,МР Чекмагушевский,4
v5-20261009T142841Z-d833d0,detailed,retrospective,0.5,2023Q3,МР Чишминский,2
v5-20261009T142841Z-d833d0,detailed,retrospective,0.5,2023Q3,МР Шаранский,0
v5-20261009T142841Z-d833d0,detailed,retrospective,0.5,2023Q3,МР Янаульский,4
v5-20261009T142841Z-d833d0,detailed,retrospective,0.5,2023Q4,ГО Агидель,1
v5-20261009T142841Z-d833d0,detailed,retrospective,0.5,2023Q4,ГО Кумертау,2
v5-20261009T142841Z-d833d0,detailed,retrospective,0.5,2023Q4,ГО Нефтекамск,2
v5-20261009T142841Z-d833d0,detailed,retrospective,0.5,2023Q4,ГО Октябрьский,2
v5-20261009T142841Z-d833d0,detailed,retrospective,0.5,2023Q4,ГО Салават,2
v5-20261009T142841Z-d833d0,detailed,retrospective,0.5,2023Q4,ГО Сибай,3
v5-20261009T142841Z-d833d0,detailed,retrospective,0.5,2023Q4,ГО Стерлитамак,2
v5-20261009T142841Z-d833d0,detailed,retrospective,0.5,2023Q4,ГО Уфа,2
v5-20261009T142841Z-d833d0,detailed,retrospective,0.5,2023Q4,МР Абзелиловский,3
v5-20261009T142841Z-d833d0,detailed,retrospective,0.5,2023Q4,МР Альшеевский,0
v5-20261009T142841Z-d833d0,detailed,retrospective,0.5,2023Q4,МР Архангельский,0
v5-20261009T142841Z-d833d0,detailed,retrospective,0.5,2023Q4,МР Аскинский,4
v5-20261009T142841Z-d833d0,detailed,retrospective,0.5,2023Q4,МР Аургазинский,0
v5-20261009T142841Z-d833d0,detailed,retrospective,0.5,2023Q4,МР Баймакский,3
v5-20261009T142841Z-d833d0,detailed,retrospective,0.5,2023Q4,МР Бакалинский,1
v5-20261009T142841Z-d833d0,detailed,retrospective,0.5,2023Q4,МР Балтачевский,4
v5-20261009T142841Z-d833d0,detailed,retrospective,0.5,2023Q4,МР Белебеевский,2
v5-20261009T142841Z-d833d0,detailed,retrospective,0.5,2023Q4,МР Белокатайский,3
v5-20261009T142841Z-d833d0,detailed,retrospective,0.5,2023Q4,МР Белорецкий,0
v5-20261009T142841Z-d833d0,detailed,retrospective,0.5,2023Q4,МР Бижбулякский,1
v5-20261009T142841Z-d833d0,detailed,retrospective,0.5,2023Q4,МР Бирский,2
v5-20261009T142841Z-d833d0,detailed,retrospective,0.5,2023Q4,МР Благоварский,1
v5-20261009T142841Z-d833d0,detailed,retrospective,0.5,2023Q4,МР Благовещенский,1
v5-20261009T142841Z-d833d0,detailed,retrospective,0.5,2023Q4,МР Буздякский,1
v5-20261009T142841Z-d833d0,detailed,retrospective,0.5,2023Q4,МР Бураевский,1
v5-20261009T142841Z-d833d0,detailed,retrospective,0.5,2023Q4,МР Бурзянский,3
v5-20261009T142841Z-d833d0,detailed,retrospective,0.5,2023Q4,МР Гафурийский,4
v5-20261009T142841Z-d833d0,detailed,retrospective,0.5,2023Q4,МР Давлекановский,0
v5-20261009T142841Z-d833d0,detailed,retrospective,0.5,2023Q4,МР Дуванский,3
v5-20261009T142841Z-d833d0,detailed,retrospective,0.5,2023Q4,МР Дюртюлинский,0
v5-20261009T142841Z-d833d0,detailed,retrospective,0.5,2023Q4,МР Ермекеевский,0
v5-20261009T142841Z-d833d0,detailed,retrospective,0.5,2023Q4,МР Зианчуринский,3
v5-20261009T142841Z-d833d0,detailed,retrospective,0.5,2023Q4,МР Зилаирский,3
v5-20261009T142841Z-d833d0,detailed,retrospective,0.5,2023Q4,МР Иглинский,1
v5-20261009T142841Z-d833d0,detailed,retrospective,0.5,2023Q4,МР Илишевский,4
v5-20261009T142841Z-d833d0,detailed,retrospective,0.5,2023Q4,МР Ишимбайский,2
v5-20261009T142841Z-d833d0,detailed,retrospective,0.5,2023Q4,МР Калтасинский,0
v5-20261009T142841Z-d833d0,detailed,retrospective,0.5,2023Q4,МР Караидельский,4
v5-20261009T142841Z-d833d0,detailed,retrospective,0.5,2023Q4,МР Кармаскалинский,1
v5-20261009T142841Z-d833d0,detailed,retrospective,0.5,2023Q4,МР Кигинский,3
v5-20261009T142841Z-d833d0,detailed,retrospective,0.5,2023Q4,МР Краснокамский,1
v5-20261009T142841Z-d833d0,detailed,retrospective,0.5,2023Q4,МР Кугарчинский,4
v5-20261009T142841Z-d833d0,detailed,retrospective,0.5,2023Q4,МР Кушнаренковский,1
v5-20261009T142841Z-d833d0,detailed,retrospective,0.5,2023Q4,МР Куюргазинский,0
v5-20261009T142841Z-d833d0,detailed,retrospective,0.5,2023Q4,МР Мелеузовский,2
v5-20261009T142841Z-d833d0,detailed,retrospective,0.5,2023Q4,МР Мечетлинский,3
v5-20261009T142841Z-d833d0,detailed,retrospective,0.5,2023Q4,МР Мишкинский,0
v5-20261009T142841Z-d833d0,detailed,retrospective,0.5,2023Q4,МР Миякинский,0
v5-20261009T142841Z-d833d0,detailed,retrospective,0.5,2023Q4,МР Нуримановский,3
v5-20261009T142841Z-d833d0,detailed,retrospective,0.5,2023Q4,МР Салаватский,4
v5-20261009T142841Z-d833d0,detailed,retrospective,0.5,2023Q4,МР Стерлибашевский,0
v5-20261009T142841Z-d833d0,detailed,retrospective,0.5,2023Q4,МР Стерлитамакский,2
v5-20261009T142841Z-d833d0,detailed,retrospective,0.5,2023Q4,МР Татышлинский,4
v5-20261009T142841Z-d833d0,detailed,retrospective,0.5,2023Q4,МР Туймазинский,2
v5-20261009T142841Z-d833d0,detailed,retrospective,0.5,2023Q4,МР Уфимский,1
v5-20261009T142841Z-d833d0,detailed,retrospective,0.5,2023Q4,МР Учалинский,2
v5-20261009T142841Z-d833d0,detailed,retrospective,0.5,2023Q4,МР Федоровский,0
v5-20261009T142841Z-d833d0,detailed,retrospective,0.5,2023Q4,МР Хайбуллинский,3
v5-20261009T142841Z-d833d0,detailed,retrospective,0.5,2023Q4,МР Чекмагушевский,0
v5-20261009T142841Z-d833d0,detailed,retrospective,0.5,2023Q4,МР Чишминский,1
v5-20261009T142841Z-d833d0,detailed,retrospective,0.5,2023Q4,МР Шаранский,0
v5-20261009T142841Z-d833d0,detailed,retrospective,0.5,2023Q4,МР Янаульский,0
v5-20261009T142841Z-d833d0,detailed,retrospective,0.5,2024Q1,ГО Агидель,0
v5-20261009T142841Z-d833d0,detailed,retrospective,0.5,2024Q1,ГО Кумертау,2
v5-20261009T142841Z-d833d0,detailed,retrospective,0.5,2024Q1,ГО Нефтекамск,2
v5-20261009T142841Z-d833d0,detailed,retrospective,0.5,2024Q1,ГО Октябрьский,2
v5-20261009T142841Z-d833d0,detailed,retrospective,0.5,2024Q1,ГО Салават,2
v5-20261009T142841Z-d833d0,detailed,retrospective,0.5,2024Q1,ГО Сибай,1
v5-20261009T142841Z-d833d0,detailed,retrospective,0.5,2024Q1,ГО Стерлитамак,2
v5-20261009T142841Z-d833d0,detailed,retrospective,0.5,2024Q1,ГО Уфа,2
v5-20261009T142841Z-d833d0,detailed,retrospective,0.5,2024Q1,МР Абзелиловский,3
v5-20261009T142841Z-d833d0,detailed,retrospective,0.5,2024Q1,МР Альшеевский,0
v5-20261009T142841Z-d833d0,detailed,retrospective,0.5,2024Q1,МР Архангельский,0
v5-20261009T142841Z-d833d0,detailed,retrospective,0.5,2024Q1,МР Аскинский,4
v5-20261009T142841Z-d833d0,detailed,retrospective,0.5,2024Q1,МР Аургазинский,0
v5-20261009T142841Z-d833d0,detailed,retrospective,0.5,2024Q1,МР Баймакский,3
v5-20261009T142841Z-d833d0,detailed,retrospective,0.5,2024Q1,МР Бакалинский,0
v5-20261009T142841Z-d833d0,detailed,retrospective,0.5,2024Q1,МР Балтачевский,0
v5-20261009T142841Z-d833d0,detailed,retrospective,0.5,2024Q1,МР Белебеевский,2
v5-20261009T142841Z-d833d0,detailed,retrospective,0.5,2024Q1,МР Белокатайский,4
v5-20261009T142841Z-d833d0,detailed,retrospective,0.5,2024Q1,МР Белорецкий,1
v5-20261009T142841Z-d833d0,detailed,retrospective,0.5,2024Q1,МР Бижбулякский,0
v5-20261009T142841Z-d833d0,detailed,retrospective,0.5,2024Q1,МР Бирский,1
v5-20261009T142841Z-d833d0,detailed,retrospective,0.5,2024Q1,МР Благоварский,1
v5-20261009T142841Z-d833d0,detailed,retrospective,0.5,2024Q1,МР Благовещенский,1
v5-20261009T142841Z-d833d0,detailed,retrospective,0.5,2024Q1,МР Буздякский,0
v5-20261009T142841Z-d833d0,detailed,retrospective,0.5,2024Q1,МР Бураевский,0
v5-20261009T142841Z-d833d0,detailed,retrospective,0.5,2024Q1,МР Бурзянский,3
v5-20261009T142841Z-d833d0,detailed,retrospective,0.5,2024Q1,МР Гафурийский,4
v5-20261009T142841Z-d833d0,detailed,retrospective,0.5,2024Q1,МР Давлекановский,0
v5-20261009T142841Z-d833d0,detailed,retrospective,0.5,2024Q1,МР Дуванский,4
v5-20261009T142841Z-d833d0,detailed,retrospective,0.5,2024Q1,МР Дюртюлинский,1
v5-20261009T142841Z-d833d0,detailed,retrospective,0.5,2024Q1,МР Ермекеевский,0
v5-20261009T142841Z-d833d0,detailed,retrospective,0.5,2024Q1,МР Зианчуринский,4
v5-20261009T142841Z-d833d0,detailed,retrospective,0.5,2024Q1,МР Зилаирский,3
v5-20261009T142841Z-d833d0,detailed,retrospective,0.5,2024Q1,МР Иглинский,1
v5-20261009T142841Z-d833d0,detailed,retrospective,0.5,2024Q1,МР Илишевский,3
v5-20261009T142841Z-d833d0,detailed,retrospective,0.5,2024Q1,МР Ишимбайский,2
v5-20261009T142841Z-d833d0,detailed,retrospective,0.5,2024Q1,МР Калтасинский,0
v5-20261009T142841Z-d833d0,detailed,retrospective,0.5,2024Q1,МР Караидельский,4
v5-20261009T142841Z-d833d0,detailed,retrospective,0.5,2024Q1,МР Кармаскалинский,1
v5-20261009T142841Z-d833d0,detailed,retrospective,0.5,2024Q1,МР Кигинский,4
v5-20261009T142841Z-d833d0,detailed,retrospective,0.5,2024Q1,МР Краснокамский,1
v5-20261009T142841Z-d833d0,detailed,retrospective,0.5,2024Q1,МР Кугарчинский,4
v5-20261009T142841Z-d833d0,detailed,retrospective,0.5,2024Q1,МР Кушнаренковский,0
v5-20261009T142841Z-d833d0,detailed,retrospective,0.5,2024Q1,МР Мелеузовский,2
v5-20261009T142841Z-d833d0,detailed,retrospective,0.5,2024Q1,МР Мечетлинский,4
v5-20261009T142841Z-d833d0,detailed,retrospective,0.5,2024Q1,МР Мишкинский,0
v5-20261009T142841Z-d833d0,detailed,retrospective,0.5,2024Q1,МР Миякинский,0
v5-20261009T142841Z-d833d0,detailed,retrospective,0.5,2024Q1,МР Нуримановский,0
v5-20261009T142841Z-d833d0,detailed,retrospective,0.5,2024Q1,МР Салаватский,4
v5-20261009T142841Z-d833d0,detailed,retrospective,0.5,2024Q1,МР Стерлибашевский,0
v5-20261009T142841Z-d833d0,detailed,retrospective,0.5,2024Q1,МР Стерлитамакский,2
v5-20261009T142841Z-d833d0,detailed,retrospective,0.5,2024Q1,МР Татышлинский,4
v5-20261009T142841Z-d833d0,detailed,retrospective,0.5,2024Q1,МР Туймазинский,2
v5-20261009T142841Z-d833d0,detailed,retrospective,0.5,2024Q1,МР Уфимский,1
v5-20261009T142841Z-d833d0,detailed,retrospective,0.5,2024Q1,МР Учалинский,1
v5-20261009T142841Z-d833d0,detailed,retrospective,0.5,2024Q1,МР Федоровский,0
v5-20261009T142841Z-d833d0,detailed,retrospective,0.5,2024Q1,МР Хайбуллинский,3
v5-20261009T142841Z-d833d0,detailed,retrospective,0.5,2024Q1,МР Чекмагушевский,0
v5-20261009T142841Z-d833d0,detailed,retrospective,0.5,2024Q1,МР Чишминский,1
v5-20261009T142841Z-d833d0,detailed,retrospective,0.5,2024Q1,МР Шаранский,0
v5-20261009T142841Z-d833d0,detailed,retrospective,0.5,2024Q1,МР Янаульский,3
v5-20261009T142841Z-d833d0,detailed,retrospective,0.5,2024Q2,ГО Агидель,0
v5-20261009T142841Z-d833d0,detailed,retrospective,0.5,2024Q2,ГО Кумертау,2
v5-20261009T142841Z-d833d0,detailed,retrospective,0.5,2024Q2,ГО Нефтекамск,2
v5-20261009T142841Z-d833d0,detailed,retrospective,0.5,2024Q2,ГО Октябрьский,2
v5-20261009T142841Z-d833d0,detailed,retrospective,0.5,2024Q2,ГО Салават,2
v5-20261009T142841Z-d833d0,detailed,retrospective,0.5,2024Q2,ГО Сибай,1
v5-20261009T142841Z-d833d0,detailed,retrospective,0.5,2024Q2,ГО Стерлитамак,2
v5-20261009T142841Z-d833d0,detailed,retrospective,0.5,2024Q2,ГО Уфа,2
v5-20261009T142841Z-d833d0,detailed,retrospective,0.5,2024Q2,МР Абзелиловский,3
v5-20261009T142841Z-d833d0,detailed,retrospective,0.5,2024Q2,МР Альшеевский,0
v5-20261009T142841Z-d833d0,detailed,retrospective,0.5,2024Q2,МР Архангельский,0
v5-20261009T142841Z-d833d0,detailed,retrospective,0.5,2024Q2,МР Аскинский,4
v5-20261009T142841Z-d833d0,detailed,retrospective,0.5,2024Q2,МР Аургазинский,0
v5-20261009T142841Z-d833d0,detailed,retrospective,0.5,2024Q2,МР Баймакский,3
v5-20261009T142841Z-d833d0,detailed,retrospective,0.5,2024Q2,МР Бакалинский,0
v5-20261009T142841Z-d833d0,detailed,retrospective,0.5,2024Q2,МР Балтачевский,0
v5-20261009T142841Z-d833d0,detailed,retrospective,0.5,2024Q2,МР Белебеевский,2
v5-20261009T142841Z-d833d0,detailed,retrospective,0.5,2024Q2,МР Белокатайский,4
v5-20261009T142841Z-d833d0,detailed,retrospective,0.5,2024Q2,МР Белорецкий,1
v5-20261009T142841Z-d833d0,detailed,retrospective,0.5,2024Q2,МР Бижбулякский,0
v5-20261009T142841Z-d833d0,detailed,retrospective,0.5,2024Q2,МР Бирский,1
v5-20261009T142841Z-d833d0,detailed,retrospective,0.5,2024Q2,МР Благоварский,0
v5-20261009T142841Z-d833d0,detailed,retrospective,0.5,2024Q2,МР Благовещенский,1
v5-20261009T142841Z-d833d0,detailed,retrospective,0.5,2024Q2,МР Буздякский,0
v5-20261009T142841Z-d833d0,detailed,retrospective,0.5,2024Q2,МР Бураевский,0
v5-20261009T142841Z-d833d0,detailed,retrospective,0.5,2024Q2,МР Бурзянский,3
v5-20261009T142841Z-d833d0,detailed,retrospective,0.5,2024Q2,МР Гафурийский,4
v5-20261009T142841Z-d833d0,detailed,retrospective,0.5,2024Q2,МР Давлекановский,0
v5-20261009T142841Z-d833d0,detailed,retrospective,0.5,2024Q2,МР Дуванский,4
v5-20261009T142841Z-d833d0,detailed,retrospective,0.5,2024Q2,МР Дюртюлинский,1
v5-20261009T142841Z-d833d0,detailed,retrospective,0.5,2024Q2,МР Ермекеевский,0
v5-20261009T142841Z-d833d0,detailed,retrospective,0.5,2024Q2,МР Зианчуринский,4
v5-20261009T142841Z-d833d0,detailed,retrospective,0.5,2024Q2,МР Зилаирский,3
v5-20261009T142841Z-d833d0,detailed,retrospective,0.5,2024Q2,МР Иглинский,1
v5-20261009T142841Z-d833d0,detailed,retrospective,0.5,2024Q2,МР Илишевский,3
v5-20261009T142841Z-d833d0,detailed,retrospective,0.5,2024Q2,МР Ишимбайский,2
v5-20261009T142841Z-d833d0,detailed,retrospective,0.5,2024Q2,МР Калтасинский,0
v5-20261009T142841Z-d833d0,detailed,retrospective,0.5,2024Q2,МР Караидельский,4
v5-20261009T142841Z-d833d0,detailed,retrospective,0.5,2024Q2,МР Кармаскалинский,1
v5-20261009T142841Z-d833d0,detailed,retrospective,0.5,2024Q2,МР Кигинский,4
v5-20261009T142841Z-d833d0,detailed,retrospective,0.5,2024Q2,МР Краснокамский,0
v5-20261009T142841Z-d833d0,detailed,retrospective,0.5,2024Q2,МР Кугарчинский,4
v5-20261009T142841Z-d833d0,detailed,retrospective,0.5,2024Q2,МР Кушнаренковский,0
v5-20261009T142841Z-d833d0,detailed,retrospective,0.5,2024Q2,МР Мелеузовский,1
v5-20261009T142841Z-d833d0,detailed,retrospective,0.5,2024Q2,МР Мечетлинский,4
v5-20261009T142841Z-d833d0,detailed,retrospective,0.5,2024Q2,МР Мишкинский,0
v5-20261009T142841Z-d833d0,detailed,retrospective,0.5,2024Q2,МР Миякинский,0
v5-20261009T142841Z-d833d0,detailed,retrospective,0.5,2024Q2,МР Нуримановский,0
v5-20261009T142841Z-d833d0,detailed,retrospective,0.5,2024Q2,МР Салаватский,3
v5-20261009T142841Z-d833d0,detailed,retrospective,0.5,2024Q2,МР Стерлибашевский,0
v5-20261009T142841Z-d833d0,detailed,retrospective,0.5,2024Q2,МР Стерлитамакский,2
v5-20261009T142841Z-d833d0,detailed,retrospective,0.5,2024Q2,МР Татышлинский,0
v5-20261009T142841Z-d833d0,detailed,retrospective,0.5,2024Q2,МР Туймазинский,1
v5-20261009T142841Z-d833d0,detailed,retrospective,0.5,2024Q2,МР Уфимский,1
v5-20261009T142841Z-d833d0,detailed,retrospective,0.5,2024Q2,МР Учалинский,1
v5-20261009T142841Z-d833d0,detailed,retrospective,0.5,2024Q2,МР Федоровский,4
v5-20261009T142841Z-d833d0,detailed,retrospective,0.5,2024Q2,МР Хайбуллинский,3
v5-20261009T142841Z-d833d0,detailed,retrospective,0.5,2024Q2,МР Чекмагушевский,0
v5-20261009T142841Z-d833d0,detailed,retrospective,0.5,2024Q2,МР Чишминский,1
v5-20261009T142841Z-d833d0,detailed,retrospective,0.5,2024Q2,МР Шаранский,0
v5-20261009T142841Z-d833d0,detailed,retrospective,0.5,2024Q2,МР Янаульский,1
v5-20261009T142841Z-d833d0,detailed,retrospective,0.5,2024Q3,ГО Агидель,1
v5-20261009T142841Z-d833d0,detailed,retrospective,0.5,2024Q3,ГО Кумертау,2
v5-20261009T142841Z-d833d0,detailed,retrospective,0.5,2024Q3,ГО Нефтекамск,2
v5-20261009T142841Z-d833d0,detailed,retrospective,0.5,2024Q3,ГО Октябрьский,2
v5-20261009T142841Z-d833d0,detailed,retrospective,0.5,2024Q3,ГО Салават,2
v5-20261009T142841Z-d833d0,detailed,retrospective,0.5,2024Q3,ГО Сибай,3
v5-20261009T142841Z-d833d0,detailed,retrospective,0.5,2024Q3,ГО Стерлитамак,2
v5-20261009T142841Z-d833d0,detailed,retrospective,0.5,2024Q3,ГО Уфа,2
v5-20261009T142841Z-d833d0,detailed,retrospective,0.5,2024Q3,МР Абзелиловский,3
v5-20261009T142841Z-d833d0,detailed,retrospective,0.5,2024Q3,МР Альшеевский,0
v5-20261009T142841Z-d833d0,detailed,retrospective,0.5,2024Q3,МР Архангельский,4
v5-20261009T142841Z-d833d0,detailed,retrospective,0.5,2024Q3,МР Аскинский,4
v5-20261009T142841Z-d833d0,detailed,retrospective,0.5,2024Q3,МР Аургазинский,0
v5-20261009T142841Z-d833d0,detailed,retrospective,0.5,2024Q3,МР Баймакский,3
v5-20261009T142841Z-d833d0,detailed,retrospective,0.5,2024Q3,МР Бакалинский,0
v5-20261009T142841Z-d833d0,detailed,retrospective,0.5,2024Q3,МР Балтачевский,4
v5-20261009T142841Z-d833d0,detailed,retrospective,0.5,2024Q3,МР Белебеевский,2
v5-20261009T142841Z-d833d0,detailed,retrospective,0.5,2024Q3,МР Белокатайский,3
v5-20261009T142841Z-d833d0,detailed,retrospective,0.5,2024Q3,МР Белорецкий,1
v5-20261009T142841Z-d833d0,detailed,retrospective,0.5,2024Q3,МР Бижбулякский,0
v5-20261009T142841Z-d833d0,detailed,retrospective,0.5,2024Q3,МР Бирский,1
v5-20261009T142841Z-d833d0,detailed,retrospective,0.5,2024Q3,МР Благоварский,1
v5-20261009T142841Z-d833d0,detailed,retrospective,0.5,2024Q3,МР Благовещенский,1
v5-20261009T142841Z-d833d0,detailed,retrospective,0.5,2024Q3,МР Буздякский,1
v5-20261009T142841Z-d833d0,detailed,retrospective,0.5,2024Q3,МР Бураевский,0
v5-20261009T142841Z-d833d0,detailed,retrospective,0.5,2024Q3,МР Бурзянский,3
v5-20261009T142841Z-d833d0,detailed,retrospective,0.5,2024Q3,МР Гафурийский,4
v5-20261009T142841Z-d833d0,detailed,retrospective,0.5,2024Q3,МР Давлекановский,0
v5-20261009T142841Z-d833d0,detailed,retrospective,0.5,2024Q3,МР Дуванский,3
v5-20261009T142841Z-d833d0,detailed,retrospective,0.5,2024Q3,МР Дюртюлинский,1
v5-20261009T142841Z-d833d0,detailed,retrospective,0.5,2024Q3,МР Ермекеевский,0
v5-20261009T142841Z-d833d0,detailed,retrospective,0.5,2024Q3,МР Зианчуринский,3
v5-20261009T142841Z-d833d0,detailed,retrospective,0.5,2024Q3,МР Зилаирский,3
v5-20261009T142841Z-d833d0,detailed,retrospective,0.5,2024Q3,МР Иглинский,1
v5-20261009T142841Z-d833d0,detailed,retrospective,0.5,2024Q3,МР Илишевский,1
v5-20261009T142841Z-d833d0,detailed,retrospective,0.5,2024Q3,МР Ишимбайский,2
v5-20261009T142841Z-d833d0,detailed,retrospective,0.5,2024Q3,МР Калтасинский,0
v5-20261009T142841Z-d833d0,detailed,retrospective,0.5,2024Q3,МР Караидельский,4
v5-20261009T142841Z-d833d0,detailed,retrospective,0.5,2024Q3,МР Кармаскалинский,1
v5-20261009T142841Z-d833d0,detailed,retrospective,0.5,2024Q3,МР Кигинский,4
v5-20261009T142841Z-d833d0,detailed,retrospective,0.5,2024Q3,МР Краснокамский,1
v5-20261009T142841Z-d833d0,detailed,retrospective,0.5,2024Q3,МР Кугарчинский,4
v5-20261009T142841Z-d833d0,detailed,retrospective,0.5,2024Q3,МР Кушнаренковский,0
v5-20261009T142841Z-d833d0,detailed,retrospective,0.5,2024Q3,МР Куюргазинский,4
v5-20261009T142841Z-d833d0,detailed,retrospective,0.5,2024Q3,МР Мелеузовский,2
v5-20261009T142841Z-d833d0,detailed,retrospective,0.5,2024Q3,МР Мечетлинский,3
v5-20261009T142841Z-d833d0,detailed,retrospective,0.5,2024Q3,МР Мишкинский,4
v5-20261009T142841Z-d833d0,detailed,retrospective,0.5,2024Q3,МР Миякинский,0
v5-20261009T142841Z-d833d0,detailed,retrospective,0.5,2024Q3,МР Нуримановский,1
v5-20261009T142841Z-d833d0,detailed,retrospective,0.5,2024Q3,МР Салаватский,3
v5-20261009T142841Z-d833d0,detailed,retrospective,0.5,2024Q3,МР Стерлибашевский,0
v5-20261009T142841Z-d833d0,detailed,retrospective,0.5,2024Q3,МР Стерлитамакский,2
v5-20261009T142841Z-d833d0,detailed,retrospective,0.5,2024Q3,МР Татышлинский,4
v5-20261009T142841Z-d833d0,detailed,retrospective,0.5,2024Q3,МР Туймазинский,1
v5-20261009T142841Z-d833d0,detailed,retrospective,0.5,2024Q3,МР Уфимский,1
v5-20261009T142841Z-d833d0,detailed,retrospective,0.5,2024Q3,МР Учалинский,1
v5-20261009T142841Z-d833d0,detailed,retrospective,0.5,2024Q3,МР Федоровский,0
v5-20261009T142841Z-d833d0,detailed,retrospective,0.5,2024Q3,МР Хайбуллинский,3
v5-20261009T142841Z-d833d0,detailed,retrospective,0.5,2024Q3,МР Чекмагушевский,0
v5-20261009T142841Z-d833d0,detailed,retrospective,0.5,2024Q3,МР Чишминский,1
v5-20261009T142841Z-d833d0,detailed,retrospective,0.5,2024Q3,МР Шаранский,0
v5-20261009T142841Z-d833d0,detailed,retrospective,0.5,2024Q3,МР Янаульский,1
v5-20261009T142841Z-d833d0,detailed,retrospective,0.5,2024Q4,ГО Агидель,1
v5-20261009T142841Z-d833d0,detailed,retrospective,0.5,2024Q4,ГО Кумертау,2
v5-20261009T142841Z-d833d0,detailed,retrospective,0.5,2024Q4,ГО Нефтекамск,2
v5-20261009T142841Z-d833d0,detailed,retrospective,0.5,2024Q4,ГО Октябрьский,2
v5-20261009T142841Z-d833d0,detailed,retrospective,0.5,2024Q4,ГО Салават,2
v5-20261009T142841Z-d833d0,detailed,retrospective,0.5,2024Q4,ГО Сибай,3
v5-20261009T142841Z-d833d0,detailed,retrospective,0.5,2024Q4,ГО Стерлитамак,2
v5-20261009T142841Z-d833d0,detailed,retrospective,0.5,2024Q4,ГО Уфа,2
v5-20261009T142841Z-d833d0,detailed,retrospective,0.5,2024Q4,МР Абзелиловский,3
v5-20261009T142841Z-d833d0,detailed,retrospective,0.5,2024Q4,МР Альшеевский,1
v5-20261009T142841Z-d833d0,detailed,retrospective,0.5,2024Q4,МР Архангельский,3
v5-20261009T142841Z-d833d0,detailed,retrospective,0.5,2024Q4,МР Аскинский,4
v5-20261009T142841Z-d833d0,detailed,retrospective,0.5,2024Q4,МР Аургазинский,0
v5-20261009T142841Z-d833d0,detailed,retrospective,0.5,2024Q4,МР Баймакский,3
v5-20261009T142841Z-d833d0,detailed,retrospective,0.5,2024Q4,МР Бакалинский,1
v5-20261009T142841Z-d833d0,detailed,retrospective,0.5,2024Q4,МР Балтачевский,1
v5-20261009T142841Z-d833d0,detailed,retrospective,0.5,2024Q4,МР Белебеевский,2
v5-20261009T142841Z-d833d0,detailed,retrospective,0.5,2024Q4,МР Белокатайский,4
v5-20261009T142841Z-d833d0,detailed,retrospective,0.5,2024Q4,МР Белорецкий,3
v5-20261009T142841Z-d833d0,detailed,retrospective,0.5,2024Q4,МР Бижбулякский,0
v5-20261009T142841Z-d833d0,detailed,retrospective,0.5,2024Q4,МР Бирский,1
v5-20261009T142841Z-d833d0,detailed,retrospective,0.5,2024Q4,МР Благоварский,3
v5-20261009T142841Z-d833d0,detailed,retrospective,0.5,2024Q4,МР Благовещенский,3
v5-20261009T142841Z-d833d0,detailed,retrospective,0.5,2024Q4,МР Буздякский,1
v5-20261009T142841Z-d833d0,detailed,retrospective,0.5,2024Q4,МР Бураевский,0
v5-20261009T142841Z-d833d0,detailed,retrospective,0.5,2024Q4,МР Бурзянский,3
v5-20261009T142841Z-d833d0,detailed,retrospective,0.5,2024Q4,МР Гафурийский,3
v5-20261009T142841Z-d833d0,detailed,retrospective,0.5,2024Q4,МР Давлекановский,0
v5-20261009T142841Z-d833d0,detailed,retrospective,0.5,2024Q4,МР Дуванский,4
v5-20261009T142841Z-d833d0,detailed,retrospective,0.5,2024Q4,МР Дюртюлинский,1
v5-20261009T142841Z-d833d0,detailed,retrospective,0.5,2024Q4,МР Ермекеевский,0
v5-20261009T142841Z-d833d0,detailed,retrospective,0.5,2024Q4,МР Зианчуринский,4
v5-20261009T142841Z-d833d0,detailed,retrospective,0.5,2024Q4,МР Зилаирский,3
v5-20261009T142841Z-d833d0,detailed,retrospective,0.5,2024Q4,МР Иглинский,3
v5-20261009T142841Z-d833d0,detailed,retrospective,0.5,2024Q4,МР Илишевский,1
v5-20261009T142841Z-d833d0,detailed,retrospective,0.5,2024Q4,МР Ишимбайский,2
v5-20261009T142841Z-d833d0,detailed,retrospective,0.5,2024Q4,МР Калтасинский,4
v5-20261009T142841Z-d833d0,detailed,retrospective,0.5,2024Q4,МР Караидельский,4
v5-20261009T142841Z-d833d0,detailed,retrospective,0.5,2024Q4,МР Кармаскалинский,1
v5-20261009T142841Z-d833d0,detailed,retrospective,0.5,2024Q4,МР Кигинский,4
v5-20261009T142841Z-d833d0,detailed,retrospective,0.5,2024Q4,МР Краснокамский,1
v5-20261009T142841Z-d833d0,detailed,retrospective,0.5,2024Q4,МР Кугарчинский,4
v5-20261009T142841Z-d833d0,detailed,retrospective,0.5,2024Q4,МР Кушнаренковский,0
v5-20261009T142841Z-d833d0,detailed,retrospective,0.5,2024Q4,МР Куюргазинский,2
v5-20261009T142841Z-d833d0,detailed,retrospective,0.5,2024Q4,МР Мелеузовский,2
v5-20261009T142841Z-d833d0,detailed,retrospective,0.5,2024Q4,МР Мечетлинский,4
v5-20261009T142841Z-d833d0,detailed,retrospective,0.5,2024Q4,МР Мишкинский,3
v5-20261009T142841Z-d833d0,detailed,retrospective,0.5,2024Q4,МР Миякинский,0
v5-20261009T142841Z-d833d0,detailed,retrospective,0.5,2024Q4,МР Нуримановский,3
v5-20261009T142841Z-d833d0,detailed,retrospective,0.5,2024Q4,МР Салаватский,3
v5-20261009T142841Z-d833d0,detailed,retrospective,0.5,2024Q4,МР Стерлибашевский,0
v5-20261009T142841Z-d833d0,detailed,retrospective,0.5,2024Q4,МР Стерлитамакский,2
v5-20261009T142841Z-d833d0,detailed,retrospective,0.5,2024Q4,МР Татышлинский,4
v5-20261009T142841Z-d833d0,detailed,retrospective,0.5,2024Q4,МР Туймазинский,1
v5-20261009T142841Z-d833d0,detailed,retrospective,0.5,2024Q4,МР Уфимский,2
v5-20261009T142841Z-d833d0,detailed,retrospective,0.5,2024Q4,МР Учалинский,2
v5-20261009T142841Z-d833d0,detailed,retrospective,0.5,2024Q4,МР Федоровский,0
v5-20261009T142841Z-d833d0,detailed,retrospective,0.5,2024Q4,МР Хайбуллинский,3
v5-20261009T142841Z-d833d0,detailed,retrospective,0.5,2024Q4,МР Чекмагушевский,0
v5-20261009T142841Z-d833d0,detailed,retrospective,0.5,2024Q4,МР Чишминский,1
v5-20261009T142841Z-d833d0,detailed,retrospective,0.5,2024Q4,МР Шаранский,0
v5-20261009T142841Z-d833d0,detailed,retrospective,0.5,2024Q4,МР Янаульский,1
