source_file;format;size_bytes;sha256;crc32;sheets;data_rows;direction;period;result;read_error;metadata_rows;metadata_crc_matches;metadata_size_matches;role;mirror_file
BASH_2023-01_00001.xlsx;XLSX;2298661;c0df5b56b1a6db4aeb63b2b674269c396013e79776820d874c05494a9a79af04;1991158221;1;1000;forward;2023-01;ok;;;not_available;not_available;primary;
BASH_2023-01_00002.xlsx;XLSX;2263914;7b521643c655a36909a6fa49c7bd881ecd6cf1ce4a4cd7a8cd0381701451baf1;127693629;1;1000;forward;2023-01;ok;;;not_available;not_available;primary;
BASH_2023-01_00003.xlsx;XLSX;2262172;cd708260e2566ab20a141eb46fe9bddb4f83e5a1b16fb58fdd8c51b79f572b11;2396367933;1;1000;forward;2023-01;ok;;;not_available;not_available;primary;
BASH_2023-01_00004.xlsx;XLSX;2206100;f057020ef39f5d30bac4fba081a07dd45d845f09848e2099e03456f4e40e10a0;1046906937;1;1000;forward;2023-01;ok;;;not_available;not_available;primary;
BASH_2023-01_00005.xlsx;XLSX;2221022;1551fd4577db44c078802bba598df67fa265af7e0f65565096ff2860ebc1b3b0;3032732118;1;1000;forward;2023-01;ok;;;not_available;not_available;primary;
BASH_2023-01_00006.xlsx;XLSX;2293740;7889289148a1e1b0b52991beb0411c15979fc9d818297abcaf29f76a17a32225;1757225174;1;1000;forward;2023-01;ok;;;not_available;not_available;primary;
BASH_2023-01_00007.xlsx;XLSX;2168740;a9e44919800f71eef4b5bfb132a2009ae37586d4153419b43d880c0754eff7ad;2753295076;1;1000;forward;2023-01;ok;;;not_available;not_available;primary;
BASH_2023-01_00008.xlsx;XLSX;2261861;6b089be7300d87f7d29de1df674c010641ac64e48df425523469ce09d884d38d;2063898867;1;1000;forward;2023-01;ok;;;not_available;not_available;primary;
BASH_2023-01_00009.xlsx;XLSX;2233627;c353a1ca0726be809dd3d3fb72b2a74a401f3493603c7e3bf3cf6d416f2ca0f4;2763834985;1;1000;forward;2023-01;ok;;;not_available;not_available;primary;
BASH_2023-01_00010.xlsx;XLSX;2216451;e86045409d50742022f04ad33e2e2fbc456a537669db12a8de6a64029e995a80;492614972;1;1000;forward;2023-01;ok;;;not_available;not_available;primary;
BASH_2023-01_00011.xlsx;XLSX;2213064;e238404080ff3165e6bd30a48d66240306de1f8042461c92b8fcc6caaa4af455;3601224566;1;1000;forward;2023-01;ok;;;not_available;not_available;primary;
BASH_2023-01_00012.xlsx;XLSX;2212907;bd26b1a32053d277316d581a11a2d0d104c3543f1782e745751d341aaee8edea;3005766177;1;1000;forward;2023-01;ok;;;not_available;not_available;primary;
BASH_2023-01_00013.xlsx;XLSX;2220541;db18ac16226f699bd48fb7d064fe66a97c12313d1aed9a0355a471a8515f33d3;2718027404;1;1000;forward;2023-01;ok;;;not_available;not_available;primary;
BASH_2023-01_00014.xlsx;XLSX;2225497;7780a9d27934a331f2452019fc3686fd449984fffe122c4aa17c1f7ced1bba5a;615555430;1;1000;forward;2023-01;ok;;;not_available;not_available;primary;
BASH_2023-01_00015.xlsx;XLSX;2371301;3f7d4116048a17eaf3fff14d8a8ebd74772151beb6a84cb95ec789ab41c3e848;2039906683;1;1000;forward;2023-01;ok;;;not_available;not_available;primary;
BASH_2023-01_00016.xlsx;XLSX;2175733;d97cf0900e5ba3e4f264303f229998290e5f8e860e04c87aecc4e7d00601466d;3065962681;1;1000;forward;2023-01;ok;;;not_available;not_available;primary;
BASH_2023-01_00017.xlsx;XLSX;1995821;f446c9843172d1b05b9cd2289c6b9cd936d16140d900197cfd1f7e5356a362c0;659404494;1;915;forward;2023-01;ok;;;not_available;not_available;primary;
BASH_2023-02_00018.xlsx;XLSX;2325121;9036a7ab236cae168cbbf08ebb268b869d612213c6d83539c704cffe7da3d1bc;525005482;1;1000;forward;2023-02;ok;;;not_available;not_available;primary;
BASH_2023-02_00019.xlsx;XLSX;2291672;cf256d77f5bd045aaccb03fb73983819ffe34e433cf4fc8e7ba164b109473ee3;2926468651;1;1000;forward;2023-02;ok;;;not_available;not_available;primary;
BASH_2023-02_00020.xlsx;XLSX;2328876;90dc7cf36ecca535bf6da74f55fc6a2abd0612b5c0c6286d1ad8c6feb3cb28d8;2583251423;1;1000;forward;2023-02;ok;;;not_available;not_available;primary;
BASH_2023-02_00021.xlsx;XLSX;2269702;5aeb677372fdad80e2a45044f83ee2b4951868182f50200042261fba606e6f53;3803064815;1;1000;forward;2023-02;ok;;;not_available;not_available;primary;
BASH_2023-02_00022.xlsx;XLSX;2290923;b0515b2af9db72a35565c260be72b3b2f7b6edcd599c60edb842c0e67c78ab2a;1700378540;1;1000;forward;2023-02;ok;;;not_available;not_available;primary;
BASH_2023-02_00023.xlsx;XLSX;2216229;80c715fe9e86543077c4d0bbda191512a7363e71c315fa13248ab97f24eb70a3;1920721248;1;1000;forward;2023-02;ok;;;not_available;not_available;primary;
BASH_2023-02_00024.xlsx;XLSX;2223316;79323b257c44eaa80b07ff6db2764994200c53fde7782573f84fbfa0758572d8;2338114786;1;1000;forward;2023-02;ok;;;not_available;not_available;primary;
BASH_2023-02_00025.xlsx;XLSX;2294605;8c7a1c9d7a756ad1eb027afd6d0a00ff0455052093323d93ebb232408670f746;1985517314;1;1000;forward;2023-02;ok;;;not_available;not_available;primary;
BASH_2023-02_00026.xlsx;XLSX;2311465;0c66b70806d63b97d4bec2ea0737401c941c1e2d04f26e13fbaa2806bd414757;1591269078;1;1000;forward;2023-02;ok;;;not_available;not_available;primary;
BASH_2023-02_00027.xlsx;XLSX;1659653;82be402b1642e9f0a209878d55dca40e53043bdfe366e78912e6b65415acea4a;2890365493;1;736;forward;2023-02;ok;;;not_available;not_available;primary;
BASH_2023-03_00028.xlsx;XLSX;2342561;7efe1d603ef855e79583e44e193b982d70d9514e80403aecf3b6e01cd9fcd6c5;1534066375;1;1000;forward;2023-03;ok;;;not_available;not_available;primary;
BASH_2023-03_00029.xlsx;XLSX;2372941;21c47508d0ed1030898366bc22f3e37699706a9a8a18dd2a5186b8fccb8cc554;1564621673;1;1000;forward;2023-03;ok;;;not_available;not_available;primary;
BASH_2023-03_00030.xlsx;XLSX;2324033;3d51a9f44b7eda12660cf309625aab63da17368faede8c30f4f1c3e5b995c6bb;2220224805;1;1000;forward;2023-03;ok;;;not_available;not_available;primary;
BASH_2023-03_00031.xlsx;XLSX;2328315;fa2f89513e277494fa1a393ded43f96e4a3c97e3cd8646e87149f57bbfedee38;782302687;1;1000;forward;2023-03;ok;;;not_available;not_available;primary;
BASH_2023-03_00032.xlsx;XLSX;2276618;e50f9df30743a7df7c1df38785c0e58fd1f160c16dd54d4769ceea7803935e55;3105102878;1;1000;forward;2023-03;ok;;;not_available;not_available;primary;
BASH_2023-03_00033.xlsx;XLSX;2289889;cd2e5303fac5a7182ed93fe8d5d631ac38da3280edbdd416c95d5b83533c2649;3296286674;1;1000;forward;2023-03;ok;;;not_available;not_available;primary;
BASH_2023-03_00034.xlsx;XLSX;2330090;837d0d75431b752382290369e070e40bbb6edd4ee9b50d5e24005c04d9edc548;4008617423;1;1000;forward;2023-03;ok;;;not_available;not_available;primary;
BASH_2023-03_00035.xlsx;XLSX;2327983;af86f0b686aa08d9f8e32e1848286247a177ab02007fbb560e44a48bf2bf75a9;3159468441;1;1000;forward;2023-03;ok;;;not_available;not_available;primary;
BASH_2023-03_00036.xlsx;XLSX;2307031;95c933c1e941bbfeda8ea5ada2fceec3573f7c605ee4ca672a6584dc6498086e;2463743521;1;1000;forward;2023-03;ok;;;not_available;not_available;primary;
BASH_2023-03_00037.xlsx;XLSX;2311497;22ea5a01f778e58b9b116d52456490e7788813f1d61f8eb1eae5992b7e88fb89;3876625365;1;1000;forward;2023-03;ok;;;not_available;not_available;primary;
BASH_2023-03_00038.xlsx;XLSX;1308279;945cf0c9f7099abf901abf28c93a0d587ed38307e42adfd658f21955856ec068;173256379;1;573;forward;2023-03;ok;;;not_available;not_available;primary;
BASH_2023-04_00039.xlsx;XLSX;2338927;4cd648051fc21d00ba6c426d2cd56f4c5eb59c3a5ddfae9eca01c4f54990b1cd;2034883111;1;1000;forward;2023-04;ok;;;not_available;not_available;primary;
BASH_2023-04_00040.xlsx;XLSX;2369311;430c7ae5dd35294b738784c7777317b39b41a2fa110e71152154846b4e78a8f1;2105124376;1;1000;forward;2023-04;ok;;;not_available;not_available;primary;
BASH_2023-04_00041.xlsx;XLSX;2380810;ef05b8088ae72d0be917c4af0c42a720ac976a5f901c40a9b8d16b2137a7fb45;2188958277;1;1000;forward;2023-04;ok;;;not_available;not_available;primary;
BASH_2023-04_00042.xlsx;XLSX;2387817;b0f3a576771a629af6a55bbc1d065773fc6c588d2d1dd22853e8e270c10e0310;1194747890;1;1000;forward;2023-04;ok;;;not_available;not_available;primary;
BASH_2023-04_00043.xlsx;XLSX;2367295;923f13235f200ea43a792b23e4adc200ba2a4bf89da48d3e5e93e2ead52cf5fd;2698856153;1;1000;forward;2023-04;ok;;;not_available;not_available;primary;
BASH_2023-04_00044.xlsx;XLSX;2360850;520887aba6bf5a6d158825804ab9d203497910a44947a4f4f2561f55612ccd12;3169564079;1;1000;forward;2023-04;ok;;;not_available;not_available;primary;
BASH_2023-04_00045.xlsx;XLSX;2338456;6d783aeaac9d2d53b70be38f80166e733a1caaae11bdb037c9142a0518fac83a;2872127283;1;1000;forward;2023-04;ok;;;not_available;not_available;primary;
BASH_2023-04_00046.xlsx;XLSX;2358583;e58859fe8a9a0f1348f9362a974c4d8bf2445e244073234bb35c2ac038bd5171;4210728444;1;1000;forward;2023-04;ok;;;not_available;not_available;primary;
BASH_2023-04_00047.xlsx;XLSX;1573865;6daaebaa98900b58f898d922a9367340eb93e291d0c81fd04b9f05179c30f741;1536722818;1;682;forward;2023-04;ok;;;not_available;not_available;primary;
BASH_2023-05_00048.xlsx;XLSX;2333835;d1067ba06088fd629022e92d4e58e7fd1affbd3d5a3fbe930c1f4dac7cbb17b4;2133920077;1;1000;forward;2023-05;ok;;;not_available;not_available;primary;
BASH_2023-05_00049.xlsx;XLSX;2343828;8273fffba96652719186a4096b59deff056a174ae1ca2386847582e57fe52e28;2364848460;1;1000;forward;2023-05;ok;;;not_available;not_available;primary;
BASH_2023-05_00050.xlsx;XLSX;2359286;17919c8318349e15f80ad6233f343ae5762178a8183a51b159761a1f4c11223b;4046253458;1;1000;forward;2023-05;ok;;;not_available;not_available;primary;
BASH_2023-05_00051.xlsx;XLSX;2339144;f9f8c39fd3b3cbcc0b089f74b54311c05cc6b3a02bebe4920731d920f723804f;4186104045;1;1000;forward;2023-05;ok;;;not_available;not_available;primary;
BASH_2023-05_00052.xlsx;XLSX;2334982;7f470fda7d63e6b7c8eeaeabe037596715c89e89990d9c587cf1436437ff830e;4162499298;1;1000;forward;2023-05;ok;;;not_available;not_available;primary;
BASH_2023-05_00053.xlsx;XLSX;2380287;a9571688549237dcdc7b4eb5cfa6a76c12888304c040d8519634e41a7b7fc8f3;1946042907;1;1000;forward;2023-05;ok;;;not_available;not_available;primary;
BASH_2023-05_00054.xlsx;XLSX;2382358;db774d75ffbd3bd91e16ad7577c24b0b1513142ac56e7529be9b725e2854b054;882000079;1;1000;forward;2023-05;ok;;;not_available;not_available;primary;
BASH_2023-05_00055.xlsx;XLSX;2201113;c919f0e451ef8c5fe64aca851f6bfa1bf117a7f59398b6aa308b2b27764564cc;39478385;1;927;forward;2023-05;ok;;;not_available;not_available;primary;
BASH_2023-06_00056.xlsx;XLSX;2323283;82c489e65cd69bb24dcfdf1824d8fc80ebb8fdb7fa98f98b7896a8dbcdfecdff;3298617055;1;1000;forward;2023-06;ok;;;not_available;not_available;primary;
BASH_2023-06_00057.xlsx;XLSX;2358391;f9fd1e6414045dc3c76c9158490f03edeccb0414aa666db7366859144a93cb0e;3706201740;1;1000;forward;2023-06;ok;;;not_available;not_available;primary;
BASH_2023-06_00058.xlsx;XLSX;2306794;a33693fbeb772968e7098ef6efb114975ba7067bd6395c8761d5fbeedca81eea;3206697821;1;1000;forward;2023-06;ok;;;not_available;not_available;primary;
BASH_2023-06_00059.xlsx;XLSX;2319672;66f1b45ea16f469f4ea0d772a73e615e6493d0d2b79a39d8a8284cec6fdf4c5b;788804383;1;1000;forward;2023-06;ok;;;not_available;not_available;primary;
BASH_2023-06_00060.xlsx;XLSX;2305528;2443eb5f6996f6a6f12f897a040da09563565119e605d11e0a2cee88a999b1dd;1048943624;1;1000;forward;2023-06;ok;;;not_available;not_available;primary;
BASH_2023-06_00061.xlsx;XLSX;2329925;71082e1ed5bc3606446bb0184137c5dc4add70115c42e2d75f78e0edadd21304;3845930156;1;1000;forward;2023-06;ok;;;not_available;not_available;primary;
BASH_2023-06_00062.xlsx;XLSX;2336628;558a1945486f6ea66df2d3d1ae0ca3c9cdbe4e3a5c1fa023a5ef36c51de11f3a;435998633;1;1000;forward;2023-06;ok;;;not_available;not_available;primary;
BASH_2023-06_00063.xlsx;XLSX;2353544;e1ae332df024d4e12ba1d179d0de19295db1b0e298175750e97895cc2d45bb15;268239430;1;1000;forward;2023-06;ok;;;not_available;not_available;primary;
BASH_2023-06_00064.xlsx;XLSX;2077624;143b24d5c91fb08399be1aeb7f4b963fcaedc22a22f530307f73124a94234f93;2777807699;1;887;forward;2023-06;ok;;;not_available;not_available;primary;
BASH_2023-07_00065.xlsx;XLSX;2390231;c4853045a718400415ea65f2312db5000390a5a728c92f5212d692372573de26;1725176147;1;1000;forward;2023-07;ok;;;not_available;not_available;primary;
BASH_2023-07_00066.xlsx;XLSX;2347329;821996d411caaab08b0ebe0f11aae4d073915373f397d2a9cb7c67b95e579b11;2950037349;1;1000;forward;2023-07;ok;;;not_available;not_available;primary;
BASH_2023-07_00067.xlsx;XLSX;2332692;a086d734aa50fbb60bd7f3ca70b2dc19de11a16b8cb28bba4df15e4effd064bf;2723165583;1;1000;forward;2023-07;ok;;;not_available;not_available;primary;
BASH_2023-07_00068.xlsx;XLSX;2361920;65b0c7eda9a241637e5cda3d983201c6b84e30e54d93297f093f90c87d19d949;3554600935;1;1000;forward;2023-07;ok;;;not_available;not_available;primary;
BASH_2023-07_00069.xlsx;XLSX;2305930;4a31dffb71508e266023e647d3442ac78d924b352106fdc82d620a49100be5b7;587305202;1;1000;forward;2023-07;ok;;;not_available;not_available;primary;
BASH_2023-07_00070.xlsx;XLSX;2316156;c312e8dbdc211b300aca2cd99a1ac38439d5aceda34aede8eed5680b4f0467e0;2724892124;1;1000;forward;2023-07;ok;;;not_available;not_available;primary;
BASH_2023-07_00071.xlsx;XLSX;2139889;58d29d643cd3cbb8cb9bd525c4c420736735f17c49fb7a3c368c1e8a1bd77bdb;2379716733;1;920;forward;2023-07;ok;;;not_available;not_available;primary;
BASH_2023-08_00072.xlsx;XLSX;2364077;ab3e4a0efdd0d141615ff0ec41d8bf0e6a8329571dd8d096f49320d54ff7d6a4;281750400;1;1000;forward;2023-08;ok;;;not_available;not_available;primary;
BASH_2023-08_00073.xlsx;XLSX;2349707;418df89535b0705c9aee90fc95333c3d3ab4372544ec5e77e2d0eb87ad07f12a;1426055828;1;1000;forward;2023-08;ok;;;not_available;not_available;primary;
BASH_2023-08_00074.xlsx;XLSX;2426528;9df99b70fb6a71c4788d9ccb8a7a5d2fbc0fe89d488950bf78985957c32ba9e5;2742130852;1;1000;forward;2023-08;ok;;;not_available;not_available;primary;
BASH_2023-08_00075.xlsx;XLSX;2340731;5569648cb7f2d03da752214cf1aea2a38f368c170289b427dac1ceeb5999c8ed;19814322;1;1000;forward;2023-08;ok;;;not_available;not_available;primary;
BASH_2023-08_00076.xlsx;XLSX;2373486;1e4916ae155f22a7c6409958031b5c86e7266ee991490dfeabe72c7be989d2f8;2203674162;1;1000;forward;2023-08;ok;;;not_available;not_available;primary;
BASH_2023-08_00077.xlsx;XLSX;2395035;cf8c6ce1a6a7af7ce592f5c999c14994a8e958e91042cf1aaaa7449a8624eefe;2341487291;1;1000;forward;2023-08;ok;;;not_available;not_available;primary;
BASH_2023-08_00078.xlsx;XLSX;2399026;73b9d110dbfc199beca0a9654b0287611fd3f8a5b78761f3486a2b8fefe0380f;2298946728;1;1000;forward;2023-08;ok;;;not_available;not_available;primary;
BASH_2023-08_00079.xlsx;XLSX;1352242;2ce71652916b7ebcf01542d827adad8a604a09d7f4a36561005cd9407a9ad3d8;339082432;1;568;forward;2023-08;ok;;;not_available;not_available;primary;
BASH_2023-09_00080.xlsx;XLSX;2360043;6771af11eedd4d15b153a4457277c323c0d50b6e65ee82687b2fe7dbae60c7aa;2431555524;1;1000;forward;2023-09;ok;;;not_available;not_available;primary;
BASH_2023-09_00081.xlsx;XLSX;2364372;b7c9c7051fe7b2e97493c6dde43aee191d0f2142d7c456829232a4569c5f3d5d;2463744218;1;1000;forward;2023-09;ok;;;not_available;not_available;primary;
BASH_2023-09_00082.xlsx;XLSX;2356205;d1986c235f779461e5375a29c6a4ac590783b1bce7970901c77a76e0c7478aaf;882023291;1;1000;forward;2023-09;ok;;;not_available;not_available;primary;
BASH_2023-09_00083.xlsx;XLSX;2324394;30ad8e6fc8812eaee6df91cfb3eedc2650dce62b5353de19367764572a7da86a;3321090013;1;1000;forward;2023-09;ok;;;not_available;not_available;primary;
BASH_2023-09_00084.xlsx;XLSX;2326766;cf4a3d3618ba16e8da362dc0fdc6673fb5fca71d17fbc415d6a0ce955259d2bc;4243506491;1;1000;forward;2023-09;ok;;;not_available;not_available;primary;
BASH_2023-09_00085.xlsx;XLSX;2371573;3cbe1b55c6041457194d5404a1443296fafa42d3fb4acfe83ba3deaf1fa20946;230018427;1;1000;forward;2023-09;ok;;;not_available;not_available;primary;
BASH_2023-09_00086.xlsx;XLSX;1403444;b98568065cd98face0368281c843b0a0ce476de2729aca9732aae94653314c74;2965331201;1;594;forward;2023-09;ok;;;not_available;not_available;primary;
BASH_2023-10_00087.xlsx;XLSX;2339207;32cee63ab2127b6ba30f6d957535496436858190e3e937539efbf659e1a3aae7;3763868841;1;1000;forward;2023-10;ok;;;not_available;not_available;primary;
BASH_2023-10_00088.xlsx;XLSX;2337290;249e3b6129c0edad615516338d3a829c0f9e735f265949b825d182cd80dfe4f8;589225160;1;1000;forward;2023-10;ok;;;not_available;not_available;primary;
BASH_2023-10_00089.xlsx;XLSX;2396897;2e49db7f0de392001e15ed7b8b72869371e5870df3b060251c3513ec52f86ae0;54976918;1;1000;forward;2023-10;ok;;;not_available;not_available;primary;
BASH_2023-10_00090.xlsx;XLSX;2336137;4e94622c118fb0ee3d681cec0cbe0cf7f0b1c3e08408ec0f1950fd9cc2487721;391146929;1;1000;forward;2023-10;ok;;;not_available;not_available;primary;
BASH_2023-10_00091.xlsx;XLSX;2354466;662fb6c3285af6776a486b6e417b20acf4ec112e97eefded4010ac84c4214474;295144106;1;1000;forward;2023-10;ok;;;not_available;not_available;primary;
BASH_2023-10_00092.xlsx;XLSX;2358603;f16965d93b8bda9ae75de5a1037b27455139df86361ed438e63d7b4fdadf28b7;3274097419;1;1000;forward;2023-10;ok;;;not_available;not_available;primary;
BASH_2023-10_00093.xlsx;XLSX;2333304;45c07926e32aa656f7186abef3b086a49e9263243f058b1e3227bc06f9f1bc3e;1671324915;1;1000;forward;2023-10;ok;;;not_available;not_available;primary;
BASH_2023-10_00094.xlsx;XLSX;2007474;f983387a7862ebf8a5f6c1212209a284c63ee6406efdb6f52a1b5a7f657f5055;2856730475;1;841;forward;2023-10;ok;;;not_available;not_available;primary;
BASH_2023-11_00095.xlsx;XLSX;2279368;8528b708e2375038a5ab146edf6d1279d27d3466b01010f0a081e8f50e514103;2704187427;1;1000;forward;2023-11;ok;;;not_available;not_available;primary;
BASH_2023-11_00096.xlsx;XLSX;2327170;85da8d5a8216d47147928fc6899d604fe71873d220a52996782da9a174a3cc26;2047693189;1;1000;forward;2023-11;ok;;;not_available;not_available;primary;
BASH_2023-11_00097.xlsx;XLSX;2445126;f6b7b1628e05bff4d4bb5a639668fa3a316b66c6eec4eefd8abf98ce3e9fa372;3126060404;1;1000;forward;2023-11;ok;;;not_available;not_available;primary;
BASH_2023-11_00098.xlsx;XLSX;2434539;8273797c7a344a468df3561cc77669925c5145aefb2171e867eb8d4ef065d246;2358064025;1;1000;forward;2023-11;ok;;;not_available;not_available;primary;
BASH_2023-11_00099.xlsx;XLSX;2391879;0acb5a044427765f9815b0e3cbb8f9d4bc9f791f8319a4a0d3e661bc8c8c802e;2456882403;1;1000;forward;2023-11;ok;;;not_available;not_available;primary;
BASH_2023-11_00100.xlsx;XLSX;2395276;eed2cf3befd06fa7481edb9f62352a2443999d6568df67932feb35b73c52826c;2091061516;1;1000;forward;2023-11;ok;;;not_available;not_available;primary;
BASH_2023-11_00101.xlsx;XLSX;2455702;4a4fa27d9f454bad421f0fba424ac46632ef660d48992d6ee52af93e040e09dc;2962209085;1;1000;forward;2023-11;ok;;;not_available;not_available;primary;
BASH_2023-11_00102.xlsx;XLSX;2339442;52444571c850544513bac6335d698cdacc215170d1cdd2261a9f4cadd0329f73;2792211369;1;1000;forward;2023-11;ok;;;not_available;not_available;primary;
BASH_2023-11_00103.xlsx;XLSX;2375561;f8a831d43cedd361eaf803996fcc1b8a1b4a942d75899da6631e7a4d4c19587e;1909823865;1;1000;forward;2023-11;ok;;;not_available;not_available;primary;
BASH_2023-11_00104.xlsx;XLSX;1680625;12676540982904625f4e6d8901938035f798b5a3927ca1735b4c415249c78695;3498738313;1;726;forward;2023-11;ok;;;not_available;not_available;primary;
BASH_2023-12_00105.xlsx;XLSX;2298135;c0383300d5a297c1b1b465a97dfa1be0cc5360460f36b7625fe2f42a739ee5d0;1391041697;1;1000;forward;2023-12;ok;;;not_available;not_available;primary;
BASH_2023-12_00106.xlsx;XLSX;2348174;ea875ebbe67d4536ff8677e94ea89f5e082d6929c297913749af914310bb2cd5;1534207657;1;1000;forward;2023-12;ok;;;not_available;not_available;primary;
BASH_2023-12_00107.xlsx;XLSX;2286439;100d0cc907642ae91cfa0130f817ae92171cd34a8a2e353a29ad6073101d406f;2733266440;1;1000;forward;2023-12;ok;;;not_available;not_available;primary;
BASH_2023-12_00108.xlsx;XLSX;2320206;86785dcbed80e083eb489c5b6e47d9c76389dc01a496a282ba5b0e790ad79fbe;2819963225;1;1000;forward;2023-12;ok;;;not_available;not_available;primary;
BASH_2023-12_00109.xlsx;XLSX;2371498;8509961e4931906304fe5176194099e87a48d41c5751de6a069477824de18d7d;991235357;1;1000;forward;2023-12;ok;;;not_available;not_available;primary;
BASH_2023-12_00110.xlsx;XLSX;2309555;1a543b34002db0e3ae2ee6309805a7dc94e796f3b33554aca34c522cacb46253;370388157;1;1000;forward;2023-12;ok;;;not_available;not_available;primary;
BASH_2023-12_00111.xlsx;XLSX;2296487;bb90cc285bece8361879d4972634f40ce2a400cbf475a407c632f619a8285fd3;411339622;1;1000;forward;2023-12;ok;;;not_available;not_available;primary;
BASH_2023-12_00112.xlsx;XLSX;2295245;bd5f1a7a933409bbbb40de32ffd5d34a7f52dc0ae2607e88290bc41b79da3992;2423800163;1;1000;forward;2023-12;ok;;;not_available;not_available;primary;
BASH_2023-12_00113.xlsx;XLSX;2336577;bb4f3b792a2284ac4bf11b2f9f979fd24cf49bf2f7a29ac769eed4b5299d36e3;3981159923;1;1000;forward;2023-12;ok;;;not_available;not_available;primary;
BASH_2023-12_00114.xlsx;XLSX;2294612;14905d0df4151d23f9dc9fb57ff1be1844bccb28849cab8656c59be4b6045c40;3428638751;1;1000;forward;2023-12;ok;;;not_available;not_available;primary;
BASH_2023-12_00115.xlsx;XLSX;2295092;e0f71e004f159881667e7b299ac683b91c32ce6a448dbb789612d9b405456d65;110864366;1;1000;forward;2023-12;ok;;;not_available;not_available;primary;
BASH_2023-12_00116.xlsx;XLSX;2373946;02beb6b0650af30e5823d9598ce34f328f971a231cabd14b4226c981500d503e;3526456101;1;1000;forward;2023-12;ok;;;not_available;not_available;primary;
BASH_2023-12_00117.xlsx;XLSX;2306880;6353a4f0a9a4e16426df3c8610950eac6a2232dabcf71ea1e2777763712db9f1;3913104625;1;1000;forward;2023-12;ok;;;not_available;not_available;primary;
BASH_2023-12_00118.xlsx;XLSX;2318650;61f7ca4f1e6a381c0626744c77c21ad975fccf88d85662a582e093c63ceb69ec;1719603310;1;1000;forward;2023-12;ok;;;not_available;not_available;primary;
BASH_2023-12_00119.xlsx;XLSX;2389958;93ec2ae0cf0b35987f6ae6b9f15631643aac567934ee92bf0e928fce5eb74d72;3213810259;1;1000;forward;2023-12;ok;;;not_available;not_available;primary;
BASH_2023-12_00120.xlsx;XLSX;1831718;35a05b935be84eba5299cc9ef231c8e2a454a7d14a49653d339298a212f49db7;1904969607;1;788;forward;2023-12;ok;;;not_available;not_available;primary;
BASH_2024-01_00121.xlsx;XLSX;2277421;b6c9eb808f00d6845489801d9ddcf89a7b81c00c9096211215dd9428e88d8962;1326840043;1;1000;forward;2024-01;ok;;;not_available;not_available;primary;
BASH_2024-01_00122.xlsx;XLSX;2341182;b721b1ce6ac6ea2864a4f7161d11fe4aec253f6ac2a52a2c2ff219d26b0478ec;4170188745;1;1000;forward;2024-01;ok;;;not_available;not_available;primary;
BASH_2024-01_00123.xlsx;XLSX;2314567;322396476246cdb1539db8b2b9a2cc39ba48de00c11e278f5621537220b0e485;2257829220;1;1000;forward;2024-01;ok;;;not_available;not_available;primary;
BASH_2024-01_00124.xlsx;XLSX;2239795;b89cb83eb83ae8bcb5bf51c1f561ed2edd89f30241f01cb67071b11b565f94ea;2211285591;1;1000;forward;2024-01;ok;;;not_available;not_available;primary;
BASH_2024-01_00125.xlsx;XLSX;2273189;2ae19de49cd6e2cb20a2850714e9ce47ce388039c52e1569c48549a95f28e08a;3370184390;1;1000;forward;2024-01;ok;;;not_available;not_available;primary;
BASH_2024-01_00126.xlsx;XLSX;2290228;da38b5a391cfb919dbd0093616688c36355a8bc193edcfc430ebd005000537cc;2090025975;1;1000;forward;2024-01;ok;;;not_available;not_available;primary;
BASH_2024-01_00127.xlsx;XLSX;2264409;4741367ba1e5913fc6ebec6b75db4b9cc07f7846dd7fc92c3bdb0a6b0f4533ab;3361280199;1;1000;forward;2024-01;ok;;;not_available;not_available;primary;
BASH_2024-01_00128.xlsx;XLSX;2245787;ca7b7959d4c29227ba32f5616afa9ee1b1c1dd2c3daffb6b0d4e4ad541a28d21;2496061301;1;1000;forward;2024-01;ok;;;not_available;not_available;primary;
BASH_2024-01_00129.xlsx;XLSX;2248584;5eabbf24b3c2bae9c6180209ab718bd22e2bdbdf8273c27f16d261943cb8a431;1513787735;1;1000;forward;2024-01;ok;;;not_available;not_available;primary;
BASH_2024-01_00130.xlsx;XLSX;2328937;0d6f6b7b681178406e2484d6f229bb69d11ced9f2f8bc78f389ce0b1eb360a38;2015633581;1;1000;forward;2024-01;ok;;;not_available;not_available;primary;
BASH_2024-01_00131.xlsx;XLSX;2246432;21d66e94678dea6a7d0cf5b9dad5aca28e59af6085d05b2013ec245904743e43;1966517052;1;1000;forward;2024-01;ok;;;not_available;not_available;primary;
BASH_2024-01_00132.xlsx;XLSX;2286108;79998af7297bfce92c0cbf55e1d6077da6bd020b082b153d22ecd3e056e16c84;1713020063;1;1000;forward;2024-01;ok;;;not_available;not_available;primary;
BASH_2024-01_00133.xlsx;XLSX;2256781;45878087a2ebb5cc5982091de6ee6de4695b63ae6537e48b9a5272780bed9235;3294392885;1;1000;forward;2024-01;ok;;;not_available;not_available;primary;
BASH_2024-01_00134.xlsx;XLSX;2332782;8e13c6fc0a2f4e90c50e4889e3978a8e6be74c9dc030df49e7e2d2afc56f59d2;3837573422;1;1000;forward;2024-01;ok;;;not_available;not_available;primary;
BASH_2024-01_00135.xlsx;XLSX;2310939;9576597c0c38b66ec4c1bd8c1ca33799fa1c2b8a20b8d18868e2e3fb3e5e9f5f;1840133754;1;1000;forward;2024-01;ok;;;not_available;not_available;primary;
BASH_2024-01_00136.xlsx;XLSX;2238472;9f69bb3a3bf77d6b3e41652a521b1c5e227179e037e59c38a0be357f108566f5;3972936416;1;1000;forward;2024-01;ok;;;not_available;not_available;primary;
BASH_2024-01_00137.xlsx;XLSX;628223;ae47f6f9e89c3d83da95b5d3b8cb0d637ebfbe45512f0ac116e54a34406f9727;750004836;1;281;forward;2024-01;ok;;;not_available;not_available;primary;
BASH_2024-02_00138.xlsx;XLSX;2301256;6193600e9d7b7c58547da4a97fabc066f140e19f27edb234ad16419dfb88761f;1350867751;1;1000;forward;2024-02;ok;;;not_available;not_available;primary;
BASH_2024-02_00139.xlsx;XLSX;2359374;cfc044f1ff22e6c56facc6936fcffffda5ae2e0cf6caa0ebd74a1440c9b232ce;735757128;1;1000;forward;2024-02;ok;;;not_available;not_available;primary;
BASH_2024-02_00140.xlsx;XLSX;2304023;93e630c6ee04cc12001bb9911cf1d14ee7e29fbb3d14f0310ac25da95fadeca5;2707571156;1;1000;forward;2024-02;ok;;;not_available;not_available;primary;
BASH_2024-02_00141.xlsx;XLSX;2332731;c9851751c996838375b6fb20f3c993a097a8e22cfafc2b190942e75eeb8b3286;1660897435;1;1000;forward;2024-02;ok;;;not_available;not_available;primary;
BASH_2024-02_00142.xlsx;XLSX;2318371;c0b00f46de706db2183ad851685d129137254d81b3088951ddc32e43f83b1309;3905880620;1;1000;forward;2024-02;ok;;;not_available;not_available;primary;
BASH_2024-02_00143.xlsx;XLSX;2291110;cc9cb3975f0cb81b94cb8e7747687032edb3e8a9aa6844a19ee1d2892823374f;3189417847;1;1000;forward;2024-02;ok;;;not_available;not_available;primary;
BASH_2024-02_00144.xlsx;XLSX;2303779;f735a0deaec58dbddfd2a4b9f075a831d77ed1e779aa5e1c1be5a5dd0094407f;2004128092;1;1000;forward;2024-02;ok;;;not_available;not_available;primary;
BASH_2024-02_00145.xlsx;XLSX;2281336;6be6db0f7991597c6ee4d4484271262e52a36812e21e5f6f3c826fef9a1c7a1d;4191503182;1;1000;forward;2024-02;ok;;;not_available;not_available;primary;
BASH_2024-02_00146.xlsx;XLSX;2291561;8854e74a86f20193f17b4319825be798b23d41a6a9f7e188cd20562e71d22ee7;1025474058;1;1000;forward;2024-02;ok;;;not_available;not_available;primary;
BASH_2024-02_00147.xlsx;XLSX;2315800;1c98f16ec09191bce2e535d62df2adbd48b120f543aab160c11b792d9eb25c5f;573256420;1;1000;forward;2024-02;ok;;;not_available;not_available;primary;
BASH_2024-02_00148.xlsx;XLSX;677274;1cbd6eb3aa40c96647a99d78a8e2c8e0c07786c91bd52c39e6e94940455aa678;3179318731;1;293;forward;2024-02;ok;;;not_available;not_available;primary;
BASH_2024-03_00149.xlsx;XLSX;2361832;d99954e4c616feaff685cce3a8dfb90a9b32f089319d6252a7de36feaa463f1d;658066370;1;1000;forward;2024-03;ok;;;not_available;not_available;primary;
BASH_2024-03_00150.xlsx;XLSX;2339365;0bbe4717df7c36833e1046e880b4c9700a6f9be91444de86772dc88a2419ee18;3346677290;1;1000;forward;2024-03;ok;;;not_available;not_available;primary;
BASH_2024-03_00151.xlsx;XLSX;2359007;b254eed6e23275e55ec629b452061222aee5e5d40ab097d96fa864c5dfc0ebfa;3216976581;1;1000;forward;2024-03;ok;;;not_available;not_available;primary;
BASH_2024-03_00152.xlsx;XLSX;2355355;c209de5d17f08566dbb2f9a9ff1bc281ed715bad9f879c7bc688d46b52b076cd;4073279414;1;1000;forward;2024-03;ok;;;not_available;not_available;primary;
BASH_2024-03_00153.xlsx;XLSX;2310325;fec0f531abba5596b9ce8cdbb918ad890b38bbed21bd297fa655d9e9f54fa022;3261884827;1;1000;forward;2024-03;ok;;;not_available;not_available;primary;
BASH_2024-03_00154.xlsx;XLSX;2320619;bd618f9deb73d34b9a6bee9396c2d10f66be12c50ef945b6b0c56aa038f3e138;20232505;1;1000;forward;2024-03;ok;;;not_available;not_available;primary;
BASH_2024-03_00155.xlsx;XLSX;2343821;fe04f7ac016b969ab71e37c652e13f12e50b698c83cbf68863ecf017e7dcdcd4;1943384703;1;1000;forward;2024-03;ok;;;not_available;not_available;primary;
BASH_2024-03_00156.xlsx;XLSX;2317436;ebcc44c2f537dc93fb0bdff718a0c9d36069d6067e8077b2b62d1deecf70b7ca;267762662;1;1000;forward;2024-03;ok;;;not_available;not_available;primary;
BASH_2024-03_00157.xlsx;XLSX;2352930;bb13d71f4a3968f43b7f3b691d21b45b35e7125531a42a0c54bd5f1a3d263677;1049553861;1;1000;forward;2024-03;ok;;;not_available;not_available;primary;
BASH_2024-03_00158.xlsx;XLSX;1059629;5b791925690e7cdf49c877effbb124eaf27d10bf43627d472ccedc296dbe3de6;700557994;1;457;forward;2024-03;ok;;;not_available;not_available;primary;
BASH_2024-04_00159.xlsx;XLSX;2329339;fc3b71fe3fbccacc65d423bb7f94b4145509a4e015e0c7768cc058346fb6c877;924728975;1;1000;forward;2024-04;ok;;;not_available;not_available;primary;
BASH_2024-04_00160.xlsx;XLSX;2333717;4ed27c3e476c44208731464c4e584ba5a828f385e0a433ec362d7d64d805cd7c;1708000196;1;1000;forward;2024-04;ok;;;not_available;not_available;primary;
BASH_2024-04_00161.xlsx;XLSX;2310282;3aea0a6f52a6a4fadfd19443afef5e8640bfca692e5881fd2be0b7304dfb53d0;3119664815;1;1000;forward;2024-04;ok;;;not_available;not_available;primary;
BASH_2024-04_00162.xlsx;XLSX;2310616;52001cfacd71b6519f8d42e82d61750305e63601fe47098da2725e47a500e074;2055911666;1;1000;forward;2024-04;ok;;;not_available;not_available;primary;
BASH_2024-04_00163.xlsx;XLSX;2326309;f931daf0d487f8a65ed74795e29b2310aefaeed3c82294bc099c1b827f2c955a;570969127;1;1000;forward;2024-04;ok;;;not_available;not_available;primary;
BASH_2024-04_00164.xlsx;XLSX;2331058;3e7b248987428e0f26798d371ab01f34e9e2678367e78a5668f610abf5596eaa;4207539354;1;1000;forward;2024-04;ok;;;not_available;not_available;primary;
BASH_2024-04_00165.xlsx;XLSX;2304354;3ed68db23da4a8741242f2c1e9e8c7e2bdc4229aff7275e7d960ded9beb6d333;2694884631;1;1000;forward;2024-04;ok;;;not_available;not_available;primary;
BASH_2024-04_00166.xlsx;XLSX;2341627;33353389ac2f83022f35fb42a7e427a0aacda39447983b89f5704c5e44ad4b5f;711911073;1;1000;forward;2024-04;ok;;;not_available;not_available;primary;
BASH_2024-04_00167.xlsx;XLSX;119541;ffb22713bf8b486cf08f4a6eb23b9a4e33882b32375336723f49cf272ee7741d;1433293220;1;43;forward;2024-04;ok;;;not_available;not_available;primary;
BASH_2024-05_00168.xlsx;XLSX;2321823;bfc7d7244513dfc5b7d841d3e981689344f1f84885715ceed60c8886a4f2a2c9;3289697222;1;1000;forward;2024-05;ok;;;not_available;not_available;primary;
BASH_2024-05_00169.xlsx;XLSX;2313189;76fc4ad14cf976eebe88ea3cc73306e8a702e79c4cf6bfb37fb3ec02bee17050;458663141;1;1000;forward;2024-05;ok;;;not_available;not_available;primary;
BASH_2024-05_00170.xlsx;XLSX;2307027;b92fcf9937eaa7f995c97374a5126597acd1d7ef927e165e8f69d641b4d06f27;125586891;1;1000;forward;2024-05;ok;;;not_available;not_available;primary;
BASH_2024-05_00171.xlsx;XLSX;2307052;e5d5bf5b7a4ab3cf6d6ccd15e6e53bd785431f79a2dead7560a405d703073ae3;1425612037;1;1000;forward;2024-05;ok;;;not_available;not_available;primary;
BASH_2024-05_00172.xlsx;XLSX;2314504;0065b11f060141778ed01cfb8fb2f9d0b72a00ac0138f4709698f9222406439e;511667360;1;1000;forward;2024-05;ok;;;not_available;not_available;primary;
BASH_2024-05_00173.xlsx;XLSX;2332520;c27603779112734c7b6763a495b2e25590863fb5d4a4c53cd47ecb4dd562453a;351873233;1;1000;forward;2024-05;ok;;;not_available;not_available;primary;
BASH_2024-05_00174.xlsx;XLSX;2349918;a55db0c0f79439dbbc9b772c713d961f74bd0ace536bf7431e76d5db6dbff389;4145327475;1;1000;forward;2024-05;ok;;;not_available;not_available;primary;
BASH_2024-05_00175.xlsx;XLSX;2318111;5bf86e6eeb26aae9710408a00aec7a2acfed838771a4721d43c545f337110a8d;3064581045;1;1000;forward;2024-05;ok;;;not_available;not_available;primary;
BASH_2024-05_00176.xlsx;XLSX;193370;ba4b0c6d519df702f932c7e28d18bd928b9a41a2dc2a85eaced9d640277e4533;2485609775;1;78;forward;2024-05;ok;;;not_available;not_available;primary;
BASH_2024-06_00177.xlsx;XLSX;2298913;402a0ada9bde0430fce5803da87ec11d4104891de0a4b13ae71084e06f7e8f7e;2206334794;1;1000;forward;2024-06;ok;;;not_available;not_available;primary;
BASH_2024-06_00178.xlsx;XLSX;2303769;a5a35cc295c1363eeb0ac5892eac7db5f5acde75999c19e66acd437c4bc9727c;4047512487;1;1000;forward;2024-06;ok;;;not_available;not_available;primary;
BASH_2024-06_00179.xlsx;XLSX;2287500;0d2bfaa910e4a58054582a5bbf56e02b51f3ebd557bf5664cf9cb7742f99fac6;2353351947;1;1000;forward;2024-06;ok;;;not_available;not_available;primary;
BASH_2024-06_00180.xlsx;XLSX;2332517;4552ab478cafd83c6f85c2f02e8986ae4cbe1192a120ff055c5ed2ef8d27258e;168949659;1;1000;forward;2024-06;ok;;;not_available;not_available;primary;
BASH_2024-06_00181.xlsx;XLSX;2286070;ea36e2d12312ef42424a112a208d356f9f2ed1af716cbbb7c18037ebb8701399;656558666;1;1000;forward;2024-06;ok;;;not_available;not_available;primary;
BASH_2024-06_00182.xlsx;XLSX;2312905;718875e415160e592a5691c65e8ee9ecf62e2902008bd65ebd3a14ecf8289f83;2658277388;1;1000;forward;2024-06;ok;;;not_available;not_available;primary;
BASH_2024-06_00183.xlsx;XLSX;2312377;5d6226303486f9a65f5b60870adbfaa9633f491ace066cae40b667792f3bf546;2785548866;1;1000;forward;2024-06;ok;;;not_available;not_available;primary;
BASH_2024-06_00184.xlsx;XLSX;91790;229033fef643eb0568d7493154ed2daa29d9d08a4120b1e55ac1ff1124fe8bf0;636384897;1;33;forward;2024-06;ok;;;not_available;not_available;primary;
BASH_2024-07_00185.xlsx;XLSX;2351339;6210eab392993844add5191d266d608ed032f48ffe3669c44e38931809c988d5;4076027931;1;1000;forward;2024-07;ok;;;not_available;not_available;primary;
BASH_2024-07_00186.xlsx;XLSX;2336747;5d1cf077eb6d7b30fc16306324b526e40c7ab9358c0cf50a030d3d34a5eec9ed;1511290524;1;1000;forward;2024-07;ok;;;not_available;not_available;primary;
BASH_2024-07_00187.xlsx;XLSX;2351499;48921e85e119690cd53b0c0b0ef4c0fbf9c69b56497c27ed52cdfcc90e7eb6a0;1160463847;1;1000;forward;2024-07;ok;;;not_available;not_available;primary;
BASH_2024-07_00188.xlsx;XLSX;2372693;52751b6220098ecc2359c0e7c826b762b94ca7f9430d7400e7c1dcd90b4e54ba;789319896;1;1000;forward;2024-07;ok;;;not_available;not_available;primary;
BASH_2024-07_00189.xlsx;XLSX;2400325;8d6e8afb08c9db6a5cfe1f5c4dcc7b963a8341208e40ebdfa6063a1d9c9afde9;2448007593;1;1000;forward;2024-07;ok;;;not_available;not_available;primary;
BASH_2024-07_00190.xlsx;XLSX;1950639;d51eb0cb2982c270b1da2dfe20e68fac233acb3911e0f045455a7f527134b0c3;3273354075;1;835;forward;2024-07;ok;;;not_available;not_available;primary;
BASH_2024-08_00191.xlsx;XLSX;2315566;5d7bce0fdb2d6a20913b3e9acd1c6cdcd06d2c9cfcc1d4682618474f7743372a;325499756;1;1000;forward;2024-08;ok;;;not_available;not_available;primary;
BASH_2024-08_00192.xlsx;XLSX;2281576;c2c92ee4c7024c6a46b0935c9e56b009923a169deaffd6c680552c5c848f64c0;1541554179;1;1000;forward;2024-08;ok;;;not_available;not_available;primary;
BASH_2024-08_00193.xlsx;XLSX;2348911;594dab6123694fc958fec78f7625e59e2ac235fc62480e6a350cc7a035ebfdcc;1811391060;1;1000;forward;2024-08;ok;;;not_available;not_available;primary;
BASH_2024-08_00194.xlsx;XLSX;2335660;f7573af182df958924fa79c8d66b42f9811824133695252b3d24f9004121daa3;1032261113;1;1000;forward;2024-08;ok;;;not_available;not_available;primary;
BASH_2024-08_00195.xlsx;XLSX;2362824;22ff20b5a0b7f4eca9fe186aa7ffcd3701dba3d41ed8994840925c2aad2c6e5c;3651059885;1;1000;forward;2024-08;ok;;;not_available;not_available;primary;
BASH_2024-08_00196.xlsx;XLSX;177139;2cd250f646fbf4217aa4d940905e737cbc5632052cb48d25660aa3e7236ff22a;661780452;1;72;forward;2024-08;ok;;;not_available;not_available;primary;
BASH_2024-09_00197.xlsx;XLSX;2359252;78d26658796969adfc37dd61953d2d6c8be5257d28af4a3932f1c754502fe5a7;47623003;1;1000;forward;2024-09;ok;;;not_available;not_available;primary;
BASH_2024-09_00198.xlsx;XLSX;2348125;0f7d41f9a850d62366d4765ed6605b24fc50b6127cb589e93263ab3da5aec623;3114901072;1;1000;forward;2024-09;ok;;;not_available;not_available;primary;
BASH_2024-09_00199.xlsx;XLSX;2376569;96c5eb14f348c6330f5a0f64685c9c05b64cc07a712d093c0aab59f7882aede9;152973337;1;1000;forward;2024-09;ok;;;not_available;not_available;primary;
BASH_2024-09_00200.xlsx;XLSX;2352845;8ce000a411f708fc10732333fc4dc21ae68448cd06f6aaebf1c22a492f2fe707;2711193474;1;1000;forward;2024-09;ok;;;not_available;not_available;primary;
BASH_2024-09_00201.xlsx;XLSX;2355052;79c4b068b26750a90dada54d08c244aedcd3dd6a94513ad761370aea099eb543;2670641617;1;1000;forward;2024-09;ok;;;not_available;not_available;primary;
BASH_2024-09_00202.xlsx;XLSX;38857;80bb09cefa2b25829fc36e89193274bde0e63c37170f02d6110a37c3f205452e;2693203606;1;12;forward;2024-09;ok;;;not_available;not_available;primary;
BASH_2024-10_00203.xlsx;XLSX;2304325;7740c678b4ee34546bf9c66e297598795f73f498efcedbec3a1d380edb0346f3;3669157426;1;1000;forward;2024-10;ok;;;not_available;not_available;primary;
BASH_2024-10_00204.xlsx;XLSX;2362309;e3fbef4a5b7ea21f63bc976fccf6568134852c2f8812e2230aa211f2544229e8;3630081418;1;1000;forward;2024-10;ok;;;not_available;not_available;primary;
BASH_2024-10_00205.xlsx;XLSX;2339638;321042e68b837c98585237a3ef4cfdb25e27f459d73143ed797a2132dff88169;3476304327;1;1000;forward;2024-10;ok;;;not_available;not_available;primary;
BASH_2024-10_00206.xlsx;XLSX;2381347;ddcfc93be5e4e22298908a82822d88b863782399a7b86d2843f265ac0f9cf8e7;3191490727;1;1000;forward;2024-10;ok;;;not_available;not_available;primary;
BASH_2024-10_00207.xlsx;XLSX;2356349;ca7cd7a43d2ffd35a5467791da7e786b2eccab1761eb67da556dca49d3f97394;3686199233;1;1000;forward;2024-10;ok;;;not_available;not_available;primary;
BASH_2024-10_00208.xlsx;XLSX;2330943;6d160f538515eadb96f67a8648eec14dd4608ab8b1bab68be6bfc71f2e52dbcc;1745748946;1;1000;forward;2024-10;ok;;;not_available;not_available;primary;
BASH_2024-10_00209.xlsx;XLSX;2355483;f1df3475f9e8291bbb8f0e304d920894dfc3d3b27d153eb9a083111f1199bb13;2417676512;1;1000;forward;2024-10;ok;;;not_available;not_available;primary;
BASH_2024-10_00210.xlsx;XLSX;1556082;14c23e60854df329cc784ed834cbbf0dd556ffc07306c5d7b7558fbc2ccbc617;1587997974;1;670;forward;2024-10;ok;;;not_available;not_available;primary;
BASH_2024-11_00211.xlsx;XLSX;2314198;48be8cf44c1bcb306a27c53170a5c66e140a39d14e5aa5c56e178154a5eae7d9;2893303034;1;1000;forward;2024-11;ok;;;not_available;not_available;primary;
BASH_2024-11_00212.xlsx;XLSX;2309083;edf1d6df37c79c825c8cdffb7617fb8b1484eb7ed3cf7b80773ab6f6db15abc4;907179097;1;1000;forward;2024-11;ok;;;not_available;not_available;primary;
BASH_2024-11_00213.xlsx;XLSX;2285130;ce64d8b02916f5bb54e95c1e871f3dcede0b62b1deac0cef1385873d99837c11;3567988472;1;1000;forward;2024-11;ok;;;not_available;not_available;primary;
BASH_2024-11_00214.xlsx;XLSX;2326314;64e6b2ad7896e9976f26e21befec4944574c4ee3e9173398f937ea483c723a1f;1827661928;1;1000;forward;2024-11;ok;;;not_available;not_available;primary;
BASH_2024-11_00215.xlsx;XLSX;2344943;bfe1da791fddd2085437bde36e97ba0c582e16632a4d9ae59cb9094c5d2c08c9;3466990429;1;1000;forward;2024-11;ok;;;not_available;not_available;primary;
BASH_2024-11_00216.xlsx;XLSX;2324359;04eefbba1ee392e32d3e6110a0ec7b522ed02d46763f64d40cb760fa0700eb64;873590886;1;1000;forward;2024-11;ok;;;not_available;not_available;primary;
BASH_2024-11_00217.xlsx;XLSX;2391602;f9fb1e1873ace96953bb77cbc631bd475887597caa5cd5061803924e69f619ae;3649541288;1;1000;forward;2024-11;ok;;;not_available;not_available;primary;
BASH_2024-11_00218.xlsx;XLSX;2389788;3de2135364d5aa70c69bbf129552bcde814864155628f29793cc96e7c1f6dda4;1089769459;1;1000;forward;2024-11;ok;;;not_available;not_available;primary;
BASH_2024-11_00219.xlsx;XLSX;1946259;c54a9584b3bc89a6058e63aaf993aa30818901d85d43731a368997b3744c6cef;2231764411;1;830;forward;2024-11;ok;;;not_available;not_available;primary;
BASH_2024-12_00220.xlsx;XLSX;2367857;fc47a6d2ab875f9a7a444cb5898226bba4b651993a2a0ed6fa8dea6da3ad4037;3291370749;1;1000;forward;2024-12;ok;;;not_available;not_available;primary;
BASH_2024-12_00221.xlsx;XLSX;2262808;9cedf298f6c05e13b3bbb01bf39e91422ccf9ab1c17066ced6e14ace8a12e029;165369843;1;1000;forward;2024-12;ok;;;not_available;not_available;primary;
BASH_2024-12_00222.xlsx;XLSX;2274348;73fae5b909eccd1d08a5cea7615fca1ce8d826c069eb3b891a7dfd5c17d9eabd;3164253438;1;1000;forward;2024-12;ok;;;not_available;not_available;primary;
BASH_2024-12_00223.xlsx;XLSX;2290948;5abd94aa88d7bfd35e77de02c6632a3703485584e53ab2f9ec11c958273c5738;4201762315;1;1000;forward;2024-12;ok;;;not_available;not_available;primary;
BASH_2024-12_00224.xlsx;XLSX;2418806;2c411cd2070705c97d9fcd79b41e33ca1e4f0e5563ee1e447073b4aa9d8e3671;3832501684;1;1000;forward;2024-12;ok;;;not_available;not_available;primary;
BASH_2024-12_00225.xlsx;XLSX;2391669;6dfd07dda3786427ba89c547040430a5d5a421f1b824ef3833a5470708cdb238;2073200726;1;1000;forward;2024-12;ok;;;not_available;not_available;primary;
BASH_2024-12_00226.xlsx;XLSX;2280055;787f6584f342d97e4a841a6d96ea03be1e7a3bfb9a77b6ad2989893de47acb6f;3019392070;1;1000;forward;2024-12;ok;;;not_available;not_available;primary;
BASH_2024-12_00227.xlsx;XLSX;2255883;b7ae439ea79bfb7ecde8a59de84fa5e82f68dbea8862877d8cb506562a1b4a0e;2204695199;1;1000;forward;2024-12;ok;;;not_available;not_available;primary;
BASH_2024-12_00228.xlsx;XLSX;2336923;5450d2c6f903abc770604476c3bd6d0e7e48df8b947db756255d85d01ed2ed06;2032876643;1;1000;forward;2024-12;ok;;;not_available;not_available;primary;
BASH_2024-12_00229.xlsx;XLSX;2384188;f6754536b24e8525ac754ac5cc3927185cdd8cc11a673a30e8f99cda3f7b5587;2334738788;1;1000;forward;2024-12;ok;;;not_available;not_available;primary;
BASH_2024-12_00230.xlsx;XLSX;2283250;36e3658834a23ade7bd2334142bcf8abc7087bd507fd0fb8321f77448eb60970;3274747575;1;1000;forward;2024-12;ok;;;not_available;not_available;primary;
BASH_2024-12_00231.xlsx;XLSX;2279900;95afbecd1b23359c6c82877b94396bf5ae0b21d39b74a6eb277f5cb0992c523b;1746078110;1;1000;forward;2024-12;ok;;;not_available;not_available;primary;
BASH_2024-12_00232.xlsx;XLSX;2308507;716a0a204e31cdb61ee33b760d7a7ab9a2041354ca5fbbc90a0eec6b11b6d96d;1052261106;1;1000;forward;2024-12;ok;;;not_available;not_available;primary;
BASH_2024-12_00233.xlsx;XLSX;2292086;5e0ec987c95f2b798b448ec40625a226d133af655de18d75fa84000b6975421f;2178475233;1;1000;forward;2024-12;ok;;;not_available;not_available;primary;
BASH_2024-12_00234.xlsx;XLSX;2283260;e4d22e57bf84752d8c8528aa5f15ec620e6538df84d280ea618d74fa1baf272c;1908640805;1;1000;forward;2024-12;ok;;;not_available;not_available;primary;
BASH_2024-12_00235.xlsx;XLSX;2362265;dc2b65bdaa778226d649daeaa463c6f2263f75d46c4f6d3fde7026968873da7f;4181081402;1;1000;forward;2024-12;ok;;;not_available;not_available;primary;
BASH_2024-12_00236.xlsx;XLSX;1826511;92b87a893f9dc314dc12c18f456075216e4996a3f5e500bad3119a4bda4def08;3676781229;1;772;forward;2024-12;ok;;;not_available;not_available;primary;
BASH_2025-01_00237.xlsx;XLSX;2366323;5af92c3a2ecef91356cb99e60e03f63d30fbf06dca8802cf1e0db3e8f1976979;2292967170;1;1000;forward;2025-01;ok;;;not_available;not_available;primary;
BASH_2025-01_00238.xlsx;XLSX;2287026;bd748e3aa19cdbc54536c4801312ce319daec1b3141daa58dd4678f5390d9af7;1999492605;1;1000;forward;2025-01;ok;;;not_available;not_available;primary;
BASH_2025-01_00239.xlsx;XLSX;2303500;dd5f9c9c2835102e41908532e962820728240ac47def25113181928cb71d8583;1917941657;1;1000;forward;2025-01;ok;;;not_available;not_available;primary;
BASH_2025-01_00240.xlsx;XLSX;2253468;ff545a7af3c147331767556d84d7ebe27db528503b07600735bc2799d29a1bf5;26325371;1;1000;forward;2025-01;ok;;;not_available;not_available;primary;
BASH_2025-01_00241.xlsx;XLSX;2250686;412feb4ee4fd8457fb11a3aa4449d8e7049e06975918466cb58472e028c0953c;535387486;1;1000;forward;2025-01;ok;;;not_available;not_available;primary;
BASH_2025-01_00242.xlsx;XLSX;2258010;a8cd39333803c5a62b718776d2ff48638f3a1b3d929169df6c6ecf4bf7e5eb6a;3860836190;1;1000;forward;2025-01;ok;;;not_available;not_available;primary;
BASH_2025-01_00243.xlsx;XLSX;2233816;49081be3a297f5da5cde195b6bda06f113f8e029cbd1084686d93912e714b4f8;2338971754;1;1000;forward;2025-01;ok;;;not_available;not_available;primary;
BASH_2025-01_00244.xlsx;XLSX;2246953;33f7b97d2043653bfcb18afbd0338543397c7c280d3f1845a5d58e2a4aa88776;3254226923;1;1000;forward;2025-01;ok;;;not_available;not_available;primary;
BASH_2025-01_00245.xlsx;XLSX;2300152;22304f187ad2cfa2ddde2299a0fe93d519737203e94ae0fa8a3014eb34189c69;3027001640;1;1000;forward;2025-01;ok;;;not_available;not_available;primary;
BASH_2025-01_00246.xlsx;XLSX;2252276;61e8fc8554493b7020c55cfb878b27c62888f3492ac115bba2f8aab507b23f61;3823602019;1;1000;forward;2025-01;ok;;;not_available;not_available;primary;
BASH_2025-01_00247.xlsx;XLSX;2352518;c9bd7d36225dcae18ff3ae2d7acc0536d6bf8aa5869aac92e5913ab15f037033;2230532111;1;1000;forward;2025-01;ok;;;not_available;not_available;primary;
BASH_2025-01_00248.xlsx;XLSX;2271623;a00bae14789f5dbf8c1cc4982febf3121f9f708d9a8e9a3bd37ecb472f28ee06;237518917;1;979;forward;2025-01;ok;;;not_available;not_available;primary;
BASH_2025-02_00249.xlsx;XLSX;2322030;905c7111e77a7ecb8f064c49e11d13fe2b6d82acdde68f1599789a85e52744bb;3980838028;1;1000;forward;2025-02;ok;;;not_available;not_available;primary;
BASH_2025-02_00250.xlsx;XLSX;2315784;6e2d0401fe0b694723ef6d1f40bb006040759bae83bac6a6c1b3e2f60603b33b;4178096869;1;1000;forward;2025-02;ok;;;not_available;not_available;primary;
BASH_2025-02_00251.xlsx;XLSX;2293875;1ded180dbd1e649c0f84fa5ef7fa74573ee78eb029f5c543e7d7ff5c2a37875c;4014426303;1;1000;forward;2025-02;ok;;;not_available;not_available;primary;
BASH_2025-02_00252.xlsx;XLSX;2289510;d7ba1328de6bdad8569d4af28e142458794752d9899dd2f4eae32a9b8cf7a0c0;3365271424;1;1000;forward;2025-02;ok;;;not_available;not_available;primary;
BASH_2025-02_00253.xlsx;XLSX;2313067;dbed0ab28f018e72f007a2127eba5a4f5771f0d20cde8dfcf8844df99d13391f;2449364179;1;1000;forward;2025-02;ok;;;not_available;not_available;primary;
BASH_2025-02_00254.xlsx;XLSX;2246149;e3c471ceb718d7e7e4be9bdf82ac2829c3edd1238c2cd13e8bdaaec20d8c5f51;3789354340;1;1000;forward;2025-02;ok;;;not_available;not_available;primary;
BASH_2025-02_00255.xlsx;XLSX;1897335;d6654b4f2816be5a69e0968f4b489a5b1cebb2375b99e6c9eab2d08385a07399;233209912;1;795;forward;2025-02;ok;;;not_available;not_available;primary;
BASH_2025-03_00256.xlsx;XLSX;2342908;43a2e87fcaa8c02371931f044fd3582a27de8309903d173b062d5e158552a324;303331182;1;1000;forward;2025-03;ok;;;not_available;not_available;primary;
BASH_2025-03_00257.xlsx;XLSX;2340100;514e2f71fcd6f932d9feece1bc3e3cd25333f55a872e54cb848d95e58e3f6be9;627447441;1;1000;forward;2025-03;ok;;;not_available;not_available;primary;
BASH_2025-03_00258.xlsx;XLSX;2359596;4048bce22e581050d39e077c4e6af9a9821c0a530106260fc5424e5269b3a922;3813314589;1;1000;forward;2025-03;ok;;;not_available;not_available;primary;
BASH_2025-03_00259.xlsx;XLSX;2377314;2a56ca53db3d148f0cb0caed7fc3d56bf36a428ef604ca346d19b1dcbdd34a1a;3891324570;1;1000;forward;2025-03;ok;;;not_available;not_available;primary;
BASH_2025-03_00260.xlsx;XLSX;2343704;afa921f09ce06a78c2fdf6f7cfca0dc3950d28abc05811768dc7d5ed233a244a;759771646;1;1000;forward;2025-03;ok;;;not_available;not_available;primary;
BASH_2025-03_00261.xlsx;XLSX;2348648;56ad37792e19de3f727d182d02f698f1891da3001d6951e09531b08e3648653b;4074498086;1;1000;forward;2025-03;ok;;;not_available;not_available;primary;
BASH_2025-03_00262.xlsx;XLSX;1395609;134550de953e735e8da031037c3335306601d7a90691e2901505d9a9bdb747e4;1687225467;1;593;forward;2025-03;ok;;;not_available;not_available;primary;
BASH_2025-04_00263.xlsx;XLSX;2372432;316375f128ef06c2873eddc1b0bdffe952ac1340fead86bb3aeacb816bf16ff9;917917433;1;1000;forward;2025-04;ok;;;not_available;not_available;primary;
BASH_2025-04_00264.xlsx;XLSX;2382263;8f0ce8330742912f1e02bd1eaade71ee92bd4d50446f42645532497252ae9515;2655700085;1;1000;forward;2025-04;ok;;;not_available;not_available;primary;
BASH_2025-04_00265.xlsx;XLSX;2361809;de87517f53385e2eb3e617771d38d959cd28bd861538ab4e4855d5869aa0a029;1983051293;1;1000;forward;2025-04;ok;;;not_available;not_available;primary;
BASH_2025-04_00266.xlsx;XLSX;2389137;576bd6175b4fbce2b8a5d8beb095a1946e958c5fafd5d82f7393e81a1bc1aa43;1912516981;1;1000;forward;2025-04;ok;;;not_available;not_available;primary;
BASH_2025-04_00267.xlsx;XLSX;2403416;909e4058b41d3a404fb5d168f482e73f0393f7a0495ef7e66c0503023f409765;17533940;1;1000;forward;2025-04;ok;;;not_available;not_available;primary;
BASH_2025-04_00268.xlsx;XLSX;2219392;f656861281f4abf4e78ecceec4568f75dc5d1208a9f9b59de2891e05ac6bd86e;3941917195;1;953;forward;2025-04;ok;;;not_available;not_available;primary;
BASH_2025-05_00269.xlsx;XLSX;2356961;b80412f333d38b96372bc9e35c4834299ce2ad3e51f44ad7217125b6f8a6deab;145226160;1;1000;forward;2025-05;ok;;;not_available;not_available;primary;
BASH_2025-05_00270.xlsx;XLSX;2355543;7ccc599d4d80d6704525400ef9c366f630eb46409bc79d7c7fe7e0a4a53b5770;1033397055;1;1000;forward;2025-05;ok;;;not_available;not_available;primary;
BASH_2025-05_00271.xlsx;XLSX;2374725;c48347914d0a8c42014fcc8e50975d789247080da6cd3e84347c18488dce95b3;528286568;1;1000;forward;2025-05;ok;;;not_available;not_available;primary;
BASH_2025-05_00272.xlsx;XLSX;2399668;2c9fdc6adfc97473f597dcaed58f04de5ca351f7c97050f083a59a0e3638e3c2;2440212189;1;1000;forward;2025-05;ok;;1000;True;True;primary;
BASH_2025-05_00273.xlsx;XLSX;352070;ded6978f70ca4281d473e6469ecd8343f1db082a5f7db965a4db875a6156479b;571132855;1;142;forward;2025-05;ok;;142;True;True;primary;BASH_2025-05_00273.csv
BASH_2025-06_00274.xlsx;XLSX;2367137;6b0508b88cb3049ac99de4c751e8b428a82ef1fa2e1d15da00e5b6f6a1f7c5f3;2775218851;1;1000;forward;2025-06;ok;;1000;True;True;primary;BASH_2025-06_00274.csv
BASH_2025-06_00275.xlsx;XLSX;2414848;adb15d2b846fec32adbfd7098775563c946957c2a53d651fdbb84aff25d245cb;1267378666;1;1000;forward;2025-06;ok;;1000;True;True;primary;BASH_2025-06_00275.csv
BASH_2025-06_00276.xlsx;XLSX;2462444;a4dad779d78f0ac740fcaf80cae8386ee22df3bcb0c78b56a79cff66aa6bd305;2097632384;1;1000;forward;2025-06;ok;;1000;True;True;primary;BASH_2025-06_00276.csv
BASH_2025-06_00277.xlsx;XLSX;2425712;87305ed2c2b97bfb7b6f41a8b8d10b936933e2158e9143c75a3cc0a230867696;4036874425;1;1000;forward;2025-06;ok;;1000;True;True;primary;BASH_2025-06_00277.csv
BASH_2025-06_00278.xlsx;XLSX;2357983;ebb27ced1f6fd0f556675c6ac858d6a9a48c85c6b0e1c3bd3e2f85009e249f4b;1347873710;1;1000;forward;2025-06;ok;;1000;True;True;primary;BASH_2025-06_00278.csv
BASH_2025-06_00279.xlsx;XLSX;484533;0ed7707115068ad86f2f740a0500fd447c8859d4cafbffc136e35ebf61d5cfb9;2352644553;1;202;forward;2025-06;ok;;202;True;True;primary;BASH_2025-06_00279.csv
BASH_2025-07_00280.xlsx;XLSX;2460746;42ad41ef0e1cc6df45c4e88e677ad7e1e65a02074619891ac6d7cbde790b8cb2;3909627636;1;1000;forward;2025-07;ok;;1000;True;True;primary;BASH_2025-07_00280.csv
BASH_2025-07_00281.xlsx;XLSX;2462981;efeb079a4da65098d6fd2f2ca02c150d11cf8d827d6584f96447e661420427f4;4282705602;1;1000;forward;2025-07;ok;;1000;True;True;primary;BASH_2025-07_00281.csv
BASH_2025-07_00282.xlsx;XLSX;2457143;f23f018a7733b4d827f1dbe8d120686ebc213dc9f8e817aa8864253fcfb611e9;4002056792;1;1000;forward;2025-07;ok;;1000;True;True;primary;BASH_2025-07_00282.csv
BASH_2025-07_00283.xlsx;XLSX;2460342;cd61664887eb5c47dca29d1fcad38dba4fccfaf7a61dbad7821255c5168c9249;3710642900;1;1000;forward;2025-07;ok;;1000;True;True;primary;BASH_2025-07_00283.csv
BASH_2025-07_00284.xlsx;XLSX;2451986;bd928a5963e75a2a3802f29cfcbf42aa064b03e09599132627805f3a7eb05c33;3259834502;1;1000;forward;2025-07;ok;;1000;True;True;primary;BASH_2025-07_00284.csv
BASH_2025-07_00285.xlsx;XLSX;2454669;84633bb35606bc43d4e4ed21f5eafa4eb7c2d3c338f57b620b433f9b0058d0a1;2856717685;1;1000;forward;2025-07;ok;;1000;True;True;primary;BASH_2025-07_00285.csv
BASH_2025-07_00286.xlsx;XLSX;896581;57ab2a6cd0dfab5cfa0d62629927e4ee079e648a8fd2f1fbb10f5ed408e7b340;129922043;1;367;forward;2025-07;ok;;367;True;True;primary;BASH_2025-07_00286.csv
BASH_2025-08_00287.xlsx;XLSX;2377442;e810c026c5b28e97e494ca8f732a53775a6a2ac11fed2fc3e4475cdb3917c3ae;1043107068;1;1000;forward;2025-08;ok;;1000;True;True;primary;BASH_2025-08_00287.csv
BASH_2025-08_00288.xlsx;XLSX;2428064;a97a38236fd133b2261a4ec785fee09a9cbee10e48f98aae6a35fd1a95240c67;5860781;1;1000;forward;2025-08;ok;;1000;True;True;primary;BASH_2025-08_00288.csv
BASH_2025-08_00289.xlsx;XLSX;2434059;4de834ba16b57090f9fe5b08a9e2a09abb56eff610311117ac86c326ee00da62;1847526740;1;1000;forward;2025-08;ok;;1000;True;True;primary;BASH_2025-08_00289.csv
BASH_2025-08_00290.xlsx;XLSX;2505015;3e74f0438141766bc414eda04f760a4fb00b53c3d10222e13705bef40e6d1813;712170275;1;1000;forward;2025-08;ok;;1000;True;True;primary;BASH_2025-08_00290.csv
BASH_2025-08_00291.xlsx;XLSX;2530270;0f5fc7eb66728bdb25084ec91fbc1bc600538899ce4f996a8ebdadf06e646ef0;893621466;1;1000;forward;2025-08;ok;;1000;True;True;primary;BASH_2025-08_00291.csv
BASH_2025-08_00292.xlsx;XLSX;430096;d97f237c8e63a01ea90cae5f7971a109f22000bf1dbd14448a4b52c06e01a1ac;684781617;1;164;forward;2025-08;ok;;164;True;True;primary;BASH_2025-08_00292.csv
BASH_2025-09_00293.xlsx;XLSX;2390943;e1088746e5bc53fefcfc0568980d3e1b3d55853a8309a41ca53b0c533a1c3a52;996602346;1;1000;forward;2025-09;ok;;1000;True;True;primary;BASH_2025-09_00293.csv
BASH_2025-09_00294.xlsx;XLSX;2380180;10235df43e241d141568970062a19ec2c861261d49e10ab40beaa4795b2cf28d;2255449664;1;1000;forward;2025-09;ok;;1000;True;True;primary;BASH_2025-09_00294.csv
BASH_2025-09_00295.xlsx;XLSX;2443805;9c7230358d7825e073976842cd4992ad28a69b3efb6c378998b96c4d8f3d1a93;2811879585;1;1000;forward;2025-09;ok;;1000;True;True;primary;BASH_2025-09_00295.csv
BASH_2025-09_00296.xlsx;XLSX;2454603;68c36dad29e0d1bbea0f5b111c5d210435915fb94c36a87949ce792958564b92;1683056522;1;1000;forward;2025-09;ok;;1000;True;True;primary;BASH_2025-09_00296.csv
BASH_2025-09_00297.xlsx;XLSX;2568071;a7a49bf136f93151c8f47792ab0e4286e5542726fc6627cd0315ba6ed62e8eb1;3228856274;1;1000;forward;2025-09;ok;;1000;True;True;primary;BASH_2025-09_00297.csv
BASH_2025-09_00298.xlsx;XLSX;870859;777016fd1951e2ffa6b0770ae541fcaa50e3271baa381aa236591b06bc126719;1069669324;1;336;forward;2025-09;ok;;336;True;True;primary;BASH_2025-09_00298.csv
BASH_2025-10_00299.xlsx;XLSX;2303987;78c2d6d09f7ff9988ae14f1da778ab1b1d146c62bb92bd57769f5b8eb63b8954;3908041767;1;1000;forward;2025-10;ok;;1000;True;True;primary;BASH_2025-10_00299.csv
BASH_2025-10_00300.xlsx;XLSX;2317989;9f8854a28fbb1375fb24f723cf09f58b3b7da87aee15819a0491c4241af89c43;2884043423;1;1000;forward;2025-10;ok;;1000;True;True;primary;BASH_2025-10_00300.csv
BASH_2025-10_00301.xlsx;XLSX;2330783;09f046483afdc93b5e11bf7c71b7cc67e04d820c4a726b2fa832745e1d462d24;133451371;1;1000;forward;2025-10;ok;;1000;True;True;primary;BASH_2025-10_00301.csv
BASH_2025-10_00302.xlsx;XLSX;2315050;925cc59a0e0202d11ebdb3c39d153620a8b8df1777ebd526b32000ff6f6b9c4e;3019237167;1;1000;forward;2025-10;ok;;1000;True;True;primary;BASH_2025-10_00302.csv
BASH_2025-10_00303.xlsx;XLSX;1800268;e0dc4ddb7a49cf6aa1c0c1e5186048ae26dc88fa75b4ad4b8206ce21be64b549;3980822656;1;767;forward;2025-10;ok;;767;True;True;primary;BASH_2025-10_00303.csv
BASH_2025-11_00304.xlsx;XLSX;2339039;6633ca2aa6591d5063095067d4645c4c1696ce79bdf51ca716287ef1842afe8b;4126211743;1;1000;forward;2025-11;ok;;1000;True;True;primary;BASH_2025-11_00304.csv
BASH_2025-11_00305.xlsx;XLSX;2316553;4a71a2b7dda959b4c7c65cc932dee82927662dc0d3d227906a9bd40595c4886a;2529015483;1;1000;forward;2025-11;ok;;1000;True;True;primary;BASH_2025-11_00305.csv
BASH_2025-11_00306.xlsx;XLSX;2309733;5beb6f8b213ac445f243bc4685ab252a71d8a4c7f659e54679b7cd34d8924b3f;2008518905;1;1000;forward;2025-11;ok;;1000;True;True;primary;BASH_2025-11_00306.csv
BASH_2025-11_00307.xlsx;XLSX;2297023;086eee2efb21f919663a3b9e3e2c15c6ed25fed2e89d884e7ed3a709657b5e34;1709987758;1;1000;forward;2025-11;ok;;1000;True;True;primary;BASH_2025-11_00307.csv
BASH_2025-11_00308.xlsx;XLSX;2354100;5eaad0aeeeab9f64d0e753996c4f36757215360284effd5bc6d69c50a6a6627a;4089075637;1;1000;forward;2025-11;ok;;1000;True;True;primary;BASH_2025-11_00308.csv
BASH_2025-11_00309.xlsx;XLSX;867793;3aad48573bef40c5a1932fc56b76ffda4ed35677f4fb28b5cab7d553342bec3c;4183683827;1;364;forward;2025-11;ok;;364;True;True;primary;BASH_2025-11_00309.csv
BASH_2025-12_00310.xlsx;XLSX;2284850;27a3e99f1a42c007587b5cb49dfea45b189ed71834d06aa1d2bdd9f52bbb8a7f;1463104263;1;1000;forward;2025-12;ok;;1000;True;True;primary;BASH_2025-12_00310.csv
BASH_2025-12_00311.xlsx;XLSX;2286520;c7a1c9508a5776f7e0d24ac9d68f803272950ae0c8dbb43470f654c401ee6c10;2213000124;1;1000;forward;2025-12;ok;;1000;True;True;primary;BASH_2025-12_00311.csv
BASH_2025-12_00312.xlsx;XLSX;2286597;80e4a526b21431b8cca7975520e673c5e1d1e86abb1d913c7be37e1832485c10;3266438641;1;1000;forward;2025-12;ok;;1000;True;True;primary;BASH_2025-12_00312.csv
BASH_2025-12_00313.xlsx;XLSX;2331127;8435e6bb7a07be9688baef628c32867788fadc6047c6867266be397bee018a3e;1793755958;1;1000;forward;2025-12;ok;;1000;True;True;primary;BASH_2025-12_00313.csv
BASH_2025-12_00314.xlsx;XLSX;2289180;0b4f3d02eb14ae8a405dbf413f8ba7c8b5cc27c9e46714adf946424343775fb8;1249748312;1;1000;forward;2025-12;ok;;1000;True;True;primary;BASH_2025-12_00314.csv
BASH_2025-12_00315.xlsx;XLSX;2278241;c8ff40a9fbeb35fb5780d8c40c59b8ebe45e7f3841f8f30ed83faafdd777a104;242663029;1;1000;forward;2025-12;ok;;1000;True;True;primary;BASH_2025-12_00315.csv
BASH_2025-12_00316.xlsx;XLSX;2323026;136a721ba70678ea144a76690375b29a9fa0cd350835ad940337bc18cec532d9;2496834395;1;1000;forward;2025-12;ok;;1000;True;True;primary;BASH_2025-12_00316.csv
BASH_2025-12_00317.xlsx;XLSX;2316640;802b4367c75e9b9e19f6ca30ac816317cb9b40293b3a130b6ed6a466550d73ac;1254413017;1;1000;forward;2025-12;ok;;1000;True;True;primary;BASH_2025-12_00317.csv
BASH_2025-12_00318.xlsx;XLSX;2287194;f2b1f928770cd0cc23bf096ab7afd5d666fdda73bba30b6ef388057eb8c8dfe5;848352457;1;1000;forward;2025-12;ok;;1000;True;True;primary;BASH_2025-12_00318.csv
BASH_2025-12_00319.xlsx;XLSX;2293656;cadf5cbfbc27665eeeed3861527b3aa4658494b95eaedcdadbcb08b75f6d1056;2320823175;1;1000;forward;2025-12;ok;;1000;True;True;primary;BASH_2025-12_00319.csv
BASH_2025-12_00320.xlsx;XLSX;1300904;afd6b0df977693e3a7d923265ed8f6eefeca28c44ee27455f24c04b4678688aa;1292932251;1;541;forward;2025-12;ok;;541;True;True;primary;BASH_2025-12_00320.csv
BASH_2026-01_00321.xlsx;XLSX;2238089;2e81440ee7522b04f48e8a4c112a9828e1e173686229745a551cab80f873af9e;594924368;1;1000;forward;2026-01;ok;;1000;True;True;primary;BASH_2026-01_00321.csv
BASH_2026-01_00322.xlsx;XLSX;2220060;c35927a05bb90510902a10a11b43998296b3f0df77b806a1554decb529d30142;2072170861;1;1000;forward;2026-01;ok;;1000;True;True;primary;BASH_2026-01_00322.csv
BASH_2026-01_00323.xlsx;XLSX;2243014;8f5af1e35590bc85210b09a010636983a1869fd7d32865343ca2a4c72f7785a2;3884167332;1;1000;forward;2026-01;ok;;1000;True;True;primary;BASH_2026-01_00323.csv
BASH_2026-01_00324.xlsx;XLSX;2277867;d4e66eeedd7455be859951db18518f592da97354c4248a7c19ca20de9c054dab;821780188;1;1000;forward;2026-01;ok;;1000;True;True;primary;BASH_2026-01_00324.csv
BASH_2026-01_00325.xlsx;XLSX;2229859;5ea2529bf88991d07563fbeee7739d8a639b939df3098840485449335b96e9f7;1945464934;1;1000;forward;2026-01;ok;;1000;True;True;primary;BASH_2026-01_00325.csv
BASH_2026-01_00326.xlsx;XLSX;2203548;58252784a27141ce9ed3a92470e7b1a2218ad85e6e48786bf9fd364f2f06af36;765156007;1;1000;forward;2026-01;ok;;1000;True;True;primary;BASH_2026-01_00326.csv
BASH_2026-01_00327.xlsx;XLSX;2209360;76565e120beef8efc62db102c0165585723c0c37e7d9f69c944c7ee62089034b;1952857035;1;1000;forward;2026-01;ok;;1000;True;True;primary;BASH_2026-01_00327.csv
BASH_2026-01_00328.xlsx;XLSX;2214290;0a1e69299a315797e282d21b3d8e74efcd40ddc12ded228c0bab3c00f9cc9c5c;719571565;1;1000;forward;2026-01;ok;;1000;True;True;primary;BASH_2026-01_00328.csv
BASH_2026-01_00329.xlsx;XLSX;2233338;4200e46ac46b02bd2ceaa6346809880fc7d62e44ec3e5be4dc021755aeb0070c;3626531865;1;1000;forward;2026-01;ok;;1000;True;True;primary;BASH_2026-01_00329.csv
BASH_2026-01_00330.xlsx;XLSX;2232822;d7097039cb61e71493a63b62592b76b15368f3276044ab0c5b30240b07a7efbe;167773405;1;1000;forward;2026-01;ok;;1000;True;True;primary;BASH_2026-01_00330.csv
BASH_2026-01_00331.xlsx;XLSX;636661;301ff475a86e90cd474fed966c49a56f677da993f7fc31887c454de64b600517;1550846909;1;291;forward;2026-01;ok;;291;True;True;primary;BASH_2026-01_00331.csv
BASH_2026-02_00332.xlsx;XLSX;2324420;4334044e0850f439e0b3c2aacb83c5a10458a7ce7bc39126f777d5bcdc21b3b8;667603746;1;1000;forward;2026-02;ok;;1000;True;True;primary;BASH_2026-02_00332.csv
BASH_2026-02_00333.xlsx;XLSX;2370245;c8a3e429733af74c29fe6d8d5831d707da51f0471357bc0d4ac5cf7f23ee89d8;52159829;1;1000;forward;2026-02;ok;;1000;True;True;primary;BASH_2026-02_00333.csv
BASH_2026-02_00334.xlsx;XLSX;2327142;a226d1e2331fd991c2fe6d830152f9ce6b991c1928435e563b0d4915a696ca4e;1121252945;1;1000;forward;2026-02;ok;;1000;True;True;primary;BASH_2026-02_00334.csv
BASH_2026-02_00335.xlsx;XLSX;2279398;62d1412bc278be94758aea238d2c8337fd686f1eac9134b43aba2898871a1db4;2859596887;1;1000;forward;2026-02;ok;;1000;True;True;primary;BASH_2026-02_00335.csv
BASH_2026-02_00336.xlsx;XLSX;2285165;e7071a6bb41c4beec9668f3d5972c1f96c6801eaf457c047a9f5fbbb385c6b4f;2245194496;1;1000;forward;2026-02;ok;;1000;True;True;primary;BASH_2026-02_00336.csv
BASH_2026-02_00337.xlsx;XLSX;2254476;38c73e5996a456880a0e3dc9d99515e3c8128138a9206ce2eb01fec2f3c8efdf;1033246618;1;1000;forward;2026-02;ok;;1000;True;True;primary;BASH_2026-02_00337.csv
BASH_2026-02_00338.xlsx;XLSX;1929186;eeb5196607523ce2b56b55f3a9082b7cda547014a5a93094c2ba4c754574f1ce;2502894036;1;849;forward;2026-02;ok;;849;True;True;primary;BASH_2026-02_00338.csv
BASH_2026-03_00339.xlsx;XLSX;2328536;d47883071754d8bb4f8bad24610a7de21a1e2d9bfd6c123fa368de6939474837;14155038;1;1000;forward;2026-03;ok;;1000;True;True;primary;BASH_2026-03_00339.csv
BASH_2026-03_00340.xlsx;XLSX;2350364;e5fd632c24d92ad8101ccbcd3e821ca1c3f32ad0f9eb4b4e5233930290a93644;1572976689;1;1000;forward;2026-03;ok;;1000;True;True;primary;BASH_2026-03_00340.csv
BASH_2026-03_00341.xlsx;XLSX;2339826;efce514a65bf28a0d5fd3fb863d4c57f01132fa3fbfd90603094d4658e120187;2994980961;1;1000;forward;2026-03;ok;;1000;True;True;primary;BASH_2026-03_00341.csv
BASH_2026-03_00342.xlsx;XLSX;2329571;15a00b28406e689d7848da2f8e0fe213c2a2e82b779ea4109c184e8297a57714;2682396898;1;1000;forward;2026-03;ok;;1000;True;True;primary;BASH_2026-03_00342.csv
BASH_2026-03_00343.xlsx;XLSX;2373908;b99fd0385eef0c687565fa8392c3a64dbeb3fdbcf80b63d95535cc533cec14ac;1581306105;1;1000;forward;2026-03;ok;;1000;True;True;primary;BASH_2026-03_00343.csv
BASH_2026-03_00344.xlsx;XLSX;2333167;ffe5cb66b1c78f474f91847f8026ddbbfa853bca0ee0bd1bdc9702d4a8c72f2d;476722624;1;1000;forward;2026-03;ok;;1000;True;True;primary;BASH_2026-03_00344.csv
BASH_2026-03_00345.xlsx;XLSX;397766;c8765c4b48eb35c19b908ede28f14ffc1efbfa2495cef60bb97ee05591ecde44;2477587556;1;166;forward;2026-03;ok;;166;True;True;primary;BASH_2026-03_00345.csv
BASH_2026-04_00346.xlsx;XLSX;2310359;08857b8fb688682e82fad1a20d54485dd689ac5b7e42427dc1d11bdf3b0f0991;2108655546;1;1000;forward;2026-04;ok;;1000;True;True;primary;BASH_2026-04_00346.csv
BASH_2026-04_00347.xlsx;XLSX;2347831;c436f94729882a115784a3b4c71d40f3084134e9e60b10bfa4b439932c848a94;2414422205;1;1000;forward;2026-04;ok;;1000;True;True;primary;BASH_2026-04_00347.csv
BASH_2026-04_00348.xlsx;XLSX;2323679;47cbe8a1fff11add005a88e3b7ad93e6c16906ff3af2db7b1d9b9d8b21c43d80;1978256501;1;1000;forward;2026-04;ok;;1000;True;True;primary;BASH_2026-04_00348.csv
BASH_2026-04_00349.xlsx;XLSX;2340006;2f09ce1de7bf97cc138fe0c3013876e58a5ca058785e4aaee93293c0a45bfbd9;1666331755;1;1000;forward;2026-04;ok;;1000;True;True;primary;BASH_2026-04_00349.csv
BASH_2026-04_00350.xlsx;XLSX;2341486;ee6bea9564094c59f948941094396a3b69207482e688cc9cc51126b01484faa5;2949509292;1;1000;forward;2026-04;ok;;1000;True;True;primary;BASH_2026-04_00350.csv
BASH_2026-04_00351.xlsx;XLSX;2383371;46b5dfa51c2569a682ce030c8befe8cbe5453347ae8118be62e9fc47408767cc;1852658395;1;1000;forward;2026-04;ok;;1000;True;True;primary;BASH_2026-04_00351.csv
BASH_2026-04_00352.xlsx;XLSX;2340050;c8f50306a231e862d117040b1436f6d17b2ccef35f8a96384490e68d254ad5ea;1870825779;1;1000;forward;2026-04;ok;;1000;True;True;primary;BASH_2026-04_00352.csv
BASH_2026-04_00353.xlsx;XLSX;2312450;48ef596da8e01bfab1255420f68750846542ba9a6edf83d2e5c4e79045d64968;3013763085;1;1000;forward;2026-04;ok;;1000;True;True;primary;BASH_2026-04_00353.csv
BASH_2026-04_00354.xlsx;XLSX;1256908;68e54b6f236acf531f632d6b6f90d1e7aac04daa62e7f43dc8e5f79b22a978f2;3506317290;1;534;forward;2026-04;ok;;534;True;True;primary;BASH_2026-04_00354.csv
BASH_2026-05_00355.xlsx;XLSX;2317699;24db78060995c17e69fbaa38a6b9c8e9bd77be25adcf8915c9a9c1de0fe07d8c;2766729589;1;1000;forward;2026-05;ok;;1000;True;True;primary;BASH_2026-05_00355.csv
BASH_2026-05_00356.xlsx;XLSX;2355684;af12263da6ea6bfea2e8a8903be407885bbb6a5323b60bcde5f8dbc3af384745;1722133882;1;1000;forward;2026-05;ok;;1000;True;True;primary;BASH_2026-05_00356.csv
BASH_2026-05_00357.xlsx;XLSX;2318959;b7bffefb2a591ba64d00938ce19131425226725ca70020779bc800edd16bad8b;3335122110;1;1000;forward;2026-05;ok;;1000;True;True;primary;BASH_2026-05_00357.csv
BASH_2026-05_00358.xlsx;XLSX;2359387;1f2c77196321632b76768bca08cde9e5e9cccdf691e5c570b7b7b3c6ae7902e8;2607039677;1;1000;forward;2026-05;ok;;1000;True;True;primary;BASH_2026-05_00358.csv
BASH_2026-05_00359.xlsx;XLSX;2346572;dfce3e70daaafce84b466eb796d53babc12b286b3fc5a277b95de71d6c483731;2291594445;1;1000;forward;2026-05;ok;;1000;True;True;primary;BASH_2026-05_00359.csv
BASH_2026-05_00360.xlsx;XLSX;2330400;ecad9a3fa07f8c9930fb6776a964b5138ae07abdc9985f4aeaa8cfa7ad0c016b;3945180885;1;1000;forward;2026-05;ok;;1000;True;True;primary;BASH_2026-05_00360.csv
BASH_2026-05_00361.xlsx;XLSX;2283759;864c179ee8e1eb62c10992526bd403cdecb1b5323daee07a2bd406c606541358;1546249548;1;974;forward;2026-05;ok;;974;True;True;primary;BASH_2026-05_00361.csv
BASH_2026-06_00362.xlsx;XLSX;2307741;ac2a228480bdc8d664bc552fa1fcbc41ec4bc6576dc6f53c03a730aad9e0c026;3524409879;1;1000;forward;2026-06;ok;;1000;True;True;primary;BASH_2026-06_00362.csv
BASH_2026-06_00363.xlsx;XLSX;2315630;dace91889902631ea98093a7f7d105fb29e7d7b11f7526bd406fb96f22b9ac66;2021434701;1;1000;forward;2026-06;ok;;1000;True;True;primary;BASH_2026-06_00363.csv
BASH_2026-06_00364.xlsx;XLSX;2298131;a5ff0de440c158e29c2bcb72a607581d04ee246cf7cb040d1371ab721abaa92d;4201573701;1;1000;forward;2026-06;ok;;1000;True;True;primary;BASH_2026-06_00364.csv
BASH_2026-06_00365.xlsx;XLSX;2322478;fb594d7322aaf770f0e3a56f749c3cfd6a00d63bbf64f4509429291286f05fb0;130292569;1;1000;forward;2026-06;ok;;1000;True;True;primary;BASH_2026-06_00365.csv
BASH_2026-06_00366.xlsx;XLSX;2314306;7c80fac80419d85362697ec86ba143d1b6fc0e62a14a7905e86b7361e7f79439;3536686837;1;1000;forward;2026-06;ok;;1000;True;True;primary;BASH_2026-06_00366.csv
BASH_2026-06_00367.xlsx;XLSX;2297009;5e56e5e861b1bdace8c17a2b6d3d9fcacbc108fdf68fed0fb5e7f483de67a8b1;3617173349;1;1000;forward;2026-06;ok;;1000;True;True;primary;BASH_2026-06_00367.csv
BASH_2026-06_00368.xlsx;XLSX;2331009;0ef65d9d1ef68b9356de11b488859cce73c7fd7cb6c9fc6568aaac7964e5af5d;1187595716;1;1000;forward;2026-06;ok;;1000;True;True;primary;BASH_2026-06_00368.csv
BASH_2026-06_00369.xlsx;XLSX;2293881;32f53ec73748792c614e1647d71946508c4008b9b1d76d9ecc7c239695dc070b;1552540290;1;1000;forward;2026-06;ok;;1000;True;True;primary;BASH_2026-06_00369.csv
BASH_2026-06_00370.xlsx;XLSX;556992;6f7bc3c050f1dce7f7eb7b57a4dbea20937888e49a2ff8fa21ae84e77cc23558;1527067918;1;234;forward;2026-06;ok;;234;True;True;primary;BASH_2026-06_00370.csv
BASH_2026-07_00371.xlsx;XLSX;2286671;633d079d07a3340c0fe62478d50707d2c625cb2f0132a06e99721879b56b5d11;3381123389;1;1000;forward;2026-07;ok;;1000;True;True;primary;BASH_2026-07_00371.csv
BASH_2026-07_00372.xlsx;XLSX;2333194;378908eae77b3cd5da08db6e5e06b7442d1dd8041b4b24ea473ea8db4c07498c;3880880130;1;1000;forward;2026-07;ok;;1000;True;True;primary;BASH_2026-07_00372.csv
BASH_2026-07_00373.xlsx;XLSX;2351683;bec029118550c72723969dbaf2ac375b66de8edff4cfa29837d1a142908ac97f;582965307;1;1000;forward;2026-07;ok;;1000;True;True;primary;BASH_2026-07_00373.csv
BASH_2026-07_00374.xlsx;XLSX;2296770;9d9b3f9b252d596b692c6e22bf055dc1fc31f39c98c66492aa2333c73bebdb5e;195370953;1;1000;forward;2026-07;ok;;1000;True;True;primary;BASH_2026-07_00374.csv
BASH_2026-07_00375.xlsx;XLSX;2316246;de54c4b1e662dff9259b83e972ac861242ba5c87da58ba79498561bfedbb7c65;1963634995;1;1000;forward;2026-07;ok;;1000;True;True;primary;BASH_2026-07_00375.csv
BASH_2026-07_00376.xlsx;XLSX;2350195;e9a737ee402de3d8c9210c928cdbc176e7bf048d9642c57b005e5f75936dc815;3679529282;1;1000;forward;2026-07;ok;;1000;True;True;primary;BASH_2026-07_00376.csv
BASH_2026-07_00377.xlsx;XLSX;928666;c07bad60ee8d0e2a7b38cd46c78558f381a77830602cdf4913f37712050eba56;3051869055;1;394;forward;2026-07;ok;;394;True;True;primary;BASH_2026-07_00377.csv
BASH_2026-08_00378.xlsx;XLSX;2286861;3b17e6ca4ced5bb6b7c18cff6f16ac47e332f60e6346e7d20a16c4feb5bbefd8;2154429452;1;1000;forward;2026-08;ok;;1000;True;True;primary;BASH_2026-08_00378.csv
BASH_2026-08_00379.xlsx;XLSX;2307566;6c776c742b5dd270159834e96a8e15dcf552c57d83a6271fefeea22922d2dafc;3224731329;1;1000;forward;2026-08;ok;;1000;True;True;primary;BASH_2026-08_00379.csv
BASH_2026-08_00380.xlsx;XLSX;2332973;afed0a4b6c942ab3c4e588ee15f2cae022db6a145ac999a1640bcda0433a8da6;529439861;1;1000;forward;2026-08;ok;;1000;True;True;primary;BASH_2026-08_00380.csv
BASH_2026-08_00381.xlsx;XLSX;2330137;de1ad2425b3164736b5c47ef5e80782c24ff38aac8010334186ff8768fd7e453;3385112688;1;1000;forward;2026-08;ok;;1000;True;True;primary;BASH_2026-08_00381.csv
BASH_2026-08_00382.xlsx;XLSX;2332801;5afcba4ef154aa97822519e01648d2a577f35319de522455d4c6168892d8f37c;1341255851;1;1000;forward;2026-08;ok;;1000;True;True;primary;BASH_2026-08_00382.csv
BASH_2026-08_00383.xlsx;XLSX;416802;609cd9599d9aae0a7366b5671ed1126f8d175ad167784141c46aa668646994da;2165134641;1;175;forward;2026-08;ok;;175;True;True;primary;BASH_2026-08_00383.csv
BASH_2026-09_00384.xlsx;XLSX;2300884;4181f6c2c1c2d6d95ebc979a4a2f04161906fad20b6b88dd957e54392f43fbee;2990849901;1;1000;forward;2026-09;ok;;1000;True;True;primary;BASH_2026-09_00384.csv
BASH_2026-09_00385.xlsx;XLSX;2317630;3805b8f470996ffb71c767b812cdafe9ddae5dd67021d3062e1f69435b2aebd0;1347450589;1;1000;forward;2026-09;ok;;1000;True;True;primary;BASH_2026-09_00385.csv
BASH_2026-09_00386.xlsx;XLSX;2315301;58dc8902bec9464e9416480a951700792b407f873f3ba9146edd29e9d30f9c8c;1815652599;1;1000;forward;2026-09;ok;;1000;True;True;primary;BASH_2026-09_00386.csv
BASH_2026-09_00387.xlsx;XLSX;2291794;0872a69cd1d4c3349d81edfa524155c94ee0ee023c4b2992f1c48088881e43bf;3803558153;1;1000;forward;2026-09;ok;;1000;True;True;primary;BASH_2026-09_00387.csv
BASH_2026-09_00388.xlsx;XLSX;1244207;44665c6391419dc68e01d0ca1321613e502c49a88f2fd2c39af20438afaddcc9;2199541285;1;547;forward;2026-09;ok;;547;True;True;primary;BASH_2026-09_00388.csv
BASH_2026-10_00389.xlsx;XLSX;1718187;ac0b7a876e19399ecab9b8445f1f83e19e6661dee17cf08c52a9782b1d81f377;2917457160;1;745;forward;2026-10;ok;;745;True;True;primary;BASH_2026-10_00389.csv
BASH_REV_2023-08_00311.xlsx;XLSX;2364077;ab3e4a0efdd0d141615ff0ec41d8bf0e6a8329571dd8d096f49320d54ff7d6a4;281750400;1;1000;reverse;2023-08;ok;;1000;True;True;exact_file_copy;BASH_REV_2023-08_00311.csv
BASH_REV_2023-09_00304.xlsx;XLSX;2360043;6771af11eedd4d15b153a4457277c323c0d50b6e65ee82687b2fe7dbae60c7aa;2431555524;1;1000;reverse;2023-09;ok;;1000;True;True;exact_file_copy;BASH_REV_2023-09_00304.csv
BASH_REV_2023-09_00305.xlsx;XLSX;2364372;b7c9c7051fe7b2e97493c6dde43aee191d0f2142d7c456829232a4569c5f3d5d;2463744218;1;1000;reverse;2023-09;ok;;1000;True;True;exact_file_copy;BASH_REV_2023-09_00305.csv
BASH_REV_2023-09_00306.xlsx;XLSX;2356205;d1986c235f779461e5375a29c6a4ac590783b1bce7970901c77a76e0c7478aaf;882023291;1;1000;reverse;2023-09;ok;;1000;True;True;exact_file_copy;BASH_REV_2023-09_00306.csv
BASH_REV_2023-09_00307.xlsx;XLSX;2324394;30ad8e6fc8812eaee6df91cfb3eedc2650dce62b5353de19367764572a7da86a;3321090013;1;1000;reverse;2023-09;ok;;1000;True;True;exact_file_copy;BASH_REV_2023-09_00307.csv
BASH_REV_2023-09_00308.xlsx;XLSX;2326766;cf4a3d3618ba16e8da362dc0fdc6673fb5fca71d17fbc415d6a0ce955259d2bc;4243506491;1;1000;reverse;2023-09;ok;;1000;True;True;exact_file_copy;BASH_REV_2023-09_00308.csv
BASH_REV_2023-09_00309.xlsx;XLSX;2371573;3cbe1b55c6041457194d5404a1443296fafa42d3fb4acfe83ba3deaf1fa20946;230018427;1;1000;reverse;2023-09;ok;;1000;True;True;exact_file_copy;BASH_REV_2023-09_00309.csv
BASH_REV_2023-09_00310.xlsx;XLSX;1403444;b98568065cd98face0368281c843b0a0ce476de2729aca9732aae94653314c74;2965331201;1;594;reverse;2023-09;ok;;594;True;True;exact_file_copy;BASH_REV_2023-09_00310.csv
BASH_REV_2023-10_00296.xlsx;XLSX;2339207;32cee63ab2127b6ba30f6d957535496436858190e3e937539efbf659e1a3aae7;3763868841;1;1000;reverse;2023-10;ok;;1000;True;True;exact_file_copy;BASH_REV_2023-10_00296.csv
BASH_REV_2023-10_00297.xlsx;XLSX;2337290;249e3b6129c0edad615516338d3a829c0f9e735f265949b825d182cd80dfe4f8;589225160;1;1000;reverse;2023-10;ok;;1000;True;True;exact_file_copy;BASH_REV_2023-10_00297.csv
BASH_REV_2023-10_00298.xlsx;XLSX;2396897;2e49db7f0de392001e15ed7b8b72869371e5870df3b060251c3513ec52f86ae0;54976918;1;1000;reverse;2023-10;ok;;1000;True;True;exact_file_copy;BASH_REV_2023-10_00298.csv
BASH_REV_2023-10_00299.xlsx;XLSX;2336137;4e94622c118fb0ee3d681cec0cbe0cf7f0b1c3e08408ec0f1950fd9cc2487721;391146929;1;1000;reverse;2023-10;ok;;1000;True;True;exact_file_copy;BASH_REV_2023-10_00299.csv
BASH_REV_2023-10_00300.xlsx;XLSX;2354466;662fb6c3285af6776a486b6e417b20acf4ec112e97eefded4010ac84c4214474;295144106;1;1000;reverse;2023-10;ok;;1000;True;True;exact_file_copy;BASH_REV_2023-10_00300.csv
BASH_REV_2023-10_00301.xlsx;XLSX;2358603;f16965d93b8bda9ae75de5a1037b27455139df86361ed438e63d7b4fdadf28b7;3274097419;1;1000;reverse;2023-10;ok;;1000;True;True;exact_file_copy;BASH_REV_2023-10_00301.csv
BASH_REV_2023-10_00302.xlsx;XLSX;2333304;45c07926e32aa656f7186abef3b086a49e9263243f058b1e3227bc06f9f1bc3e;1671324915;1;1000;reverse;2023-10;ok;;1000;True;True;exact_file_copy;BASH_REV_2023-10_00302.csv
BASH_REV_2023-10_00303.xlsx;XLSX;2007474;f983387a7862ebf8a5f6c1212209a284c63ee6406efdb6f52a1b5a7f657f5055;2856730475;1;841;reverse;2023-10;ok;;841;True;True;exact_file_copy;BASH_REV_2023-10_00303.csv
BASH_REV_2023-11_00286.xlsx;XLSX;2279368;8528b708e2375038a5ab146edf6d1279d27d3466b01010f0a081e8f50e514103;2704187427;1;1000;reverse;2023-11;ok;;1000;True;True;exact_file_copy;BASH_REV_2023-11_00286.csv
BASH_REV_2023-11_00287.xlsx;XLSX;2327170;85da8d5a8216d47147928fc6899d604fe71873d220a52996782da9a174a3cc26;2047693189;1;1000;reverse;2023-11;ok;;1000;True;True;exact_file_copy;BASH_REV_2023-11_00287.csv
BASH_REV_2023-11_00288.xlsx;XLSX;2445126;f6b7b1628e05bff4d4bb5a639668fa3a316b66c6eec4eefd8abf98ce3e9fa372;3126060404;1;1000;reverse;2023-11;ok;;1000;True;True;exact_file_copy;BASH_REV_2023-11_00288.csv
BASH_REV_2023-11_00289.xlsx;XLSX;2434539;8273797c7a344a468df3561cc77669925c5145aefb2171e867eb8d4ef065d246;2358064025;1;1000;reverse;2023-11;ok;;1000;True;True;exact_file_copy;BASH_REV_2023-11_00289.csv
BASH_REV_2023-11_00290.xlsx;XLSX;2391879;0acb5a044427765f9815b0e3cbb8f9d4bc9f791f8319a4a0d3e661bc8c8c802e;2456882403;1;1000;reverse;2023-11;ok;;1000;True;True;exact_file_copy;BASH_REV_2023-11_00290.csv
BASH_REV_2023-11_00291.xlsx;XLSX;2395276;eed2cf3befd06fa7481edb9f62352a2443999d6568df67932feb35b73c52826c;2091061516;1;1000;reverse;2023-11;ok;;1000;True;True;exact_file_copy;BASH_REV_2023-11_00291.csv
BASH_REV_2023-11_00292.xlsx;XLSX;2455702;4a4fa27d9f454bad421f0fba424ac46632ef660d48992d6ee52af93e040e09dc;2962209085;1;1000;reverse;2023-11;ok;;1000;True;True;exact_file_copy;BASH_REV_2023-11_00292.csv
BASH_REV_2023-11_00293.xlsx;XLSX;2339442;52444571c850544513bac6335d698cdacc215170d1cdd2261a9f4cadd0329f73;2792211369;1;1000;reverse;2023-11;ok;;1000;True;True;exact_file_copy;BASH_REV_2023-11_00293.csv
BASH_REV_2023-11_00294.xlsx;XLSX;2375561;f8a831d43cedd361eaf803996fcc1b8a1b4a942d75899da6631e7a4d4c19587e;1909823865;1;1000;reverse;2023-11;ok;;1000;True;True;exact_file_copy;BASH_REV_2023-11_00294.csv
BASH_REV_2023-11_00295.xlsx;XLSX;1680625;12676540982904625f4e6d8901938035f798b5a3927ca1735b4c415249c78695;3498738313;1;726;reverse;2023-11;ok;;726;True;True;exact_file_copy;BASH_REV_2023-11_00295.csv
BASH_REV_2023-12_00270.xlsx;XLSX;2298135;c0383300d5a297c1b1b465a97dfa1be0cc5360460f36b7625fe2f42a739ee5d0;1391041697;1;1000;reverse;2023-12;ok;;1000;True;True;exact_file_copy;BASH_REV_2023-12_00270.csv
BASH_REV_2023-12_00271.xlsx;XLSX;2348174;ea875ebbe67d4536ff8677e94ea89f5e082d6929c297913749af914310bb2cd5;1534207657;1;1000;reverse;2023-12;ok;;1000;True;True;exact_file_copy;BASH_REV_2023-12_00271.csv
BASH_REV_2023-12_00272.xlsx;XLSX;2286439;100d0cc907642ae91cfa0130f817ae92171cd34a8a2e353a29ad6073101d406f;2733266440;1;1000;reverse;2023-12;ok;;1000;True;True;exact_file_copy;BASH_REV_2023-12_00272.csv
BASH_REV_2023-12_00273.xlsx;XLSX;2320206;86785dcbed80e083eb489c5b6e47d9c76389dc01a496a282ba5b0e790ad79fbe;2819963225;1;1000;reverse;2023-12;ok;;1000;True;True;exact_file_copy;BASH_REV_2023-12_00273.csv
BASH_REV_2023-12_00274.xlsx;XLSX;2371498;8509961e4931906304fe5176194099e87a48d41c5751de6a069477824de18d7d;991235357;1;1000;reverse;2023-12;ok;;1000;True;True;exact_file_copy;BASH_REV_2023-12_00274.csv
BASH_REV_2023-12_00275.xlsx;XLSX;2309555;1a543b34002db0e3ae2ee6309805a7dc94e796f3b33554aca34c522cacb46253;370388157;1;1000;reverse;2023-12;ok;;1000;True;True;exact_file_copy;BASH_REV_2023-12_00275.csv
BASH_REV_2023-12_00276.xlsx;XLSX;2296487;bb90cc285bece8361879d4972634f40ce2a400cbf475a407c632f619a8285fd3;411339622;1;1000;reverse;2023-12;ok;;1000;True;True;exact_file_copy;BASH_REV_2023-12_00276.csv
BASH_REV_2023-12_00277.xlsx;XLSX;2295245;bd5f1a7a933409bbbb40de32ffd5d34a7f52dc0ae2607e88290bc41b79da3992;2423800163;1;1000;reverse;2023-12;ok;;1000;True;True;exact_file_copy;BASH_REV_2023-12_00277.csv
BASH_REV_2023-12_00278.xlsx;XLSX;2336577;bb4f3b792a2284ac4bf11b2f9f979fd24cf49bf2f7a29ac769eed4b5299d36e3;3981159923;1;1000;reverse;2023-12;ok;;1000;True;True;exact_file_copy;BASH_REV_2023-12_00278.csv
BASH_REV_2023-12_00279.xlsx;XLSX;2294612;14905d0df4151d23f9dc9fb57ff1be1844bccb28849cab8656c59be4b6045c40;3428638751;1;1000;reverse;2023-12;ok;;1000;True;True;exact_file_copy;BASH_REV_2023-12_00279.csv
BASH_REV_2023-12_00280.xlsx;XLSX;2295092;e0f71e004f159881667e7b299ac683b91c32ce6a448dbb789612d9b405456d65;110864366;1;1000;reverse;2023-12;ok;;1000;True;True;exact_file_copy;BASH_REV_2023-12_00280.csv
BASH_REV_2023-12_00281.xlsx;XLSX;2373946;02beb6b0650af30e5823d9598ce34f328f971a231cabd14b4226c981500d503e;3526456101;1;1000;reverse;2023-12;ok;;1000;True;True;exact_file_copy;BASH_REV_2023-12_00281.csv
BASH_REV_2023-12_00282.xlsx;XLSX;2306880;6353a4f0a9a4e16426df3c8610950eac6a2232dabcf71ea1e2777763712db9f1;3913104625;1;1000;reverse;2023-12;ok;;1000;True;True;exact_file_copy;BASH_REV_2023-12_00282.csv
BASH_REV_2023-12_00283.xlsx;XLSX;2318650;61f7ca4f1e6a381c0626744c77c21ad975fccf88d85662a582e093c63ceb69ec;1719603310;1;1000;reverse;2023-12;ok;;1000;True;True;exact_file_copy;BASH_REV_2023-12_00283.csv
BASH_REV_2023-12_00284.xlsx;XLSX;2389958;93ec2ae0cf0b35987f6ae6b9f15631643aac567934ee92bf0e928fce5eb74d72;3213810259;1;1000;reverse;2023-12;ok;;1000;True;True;exact_file_copy;BASH_REV_2023-12_00284.csv
BASH_REV_2023-12_00285.xlsx;XLSX;1831718;35a05b935be84eba5299cc9ef231c8e2a454a7d14a49653d339298a212f49db7;1904969607;1;788;reverse;2023-12;ok;;788;True;True;exact_file_copy;BASH_REV_2023-12_00285.csv
BASH_REV_2024-01_00253.xlsx;XLSX;2277421;b6c9eb808f00d6845489801d9ddcf89a7b81c00c9096211215dd9428e88d8962;1326840043;1;1000;reverse;2024-01;ok;;1000;True;True;exact_file_copy;BASH_REV_2024-01_00253.csv
BASH_REV_2024-01_00254.xlsx;XLSX;2341182;b721b1ce6ac6ea2864a4f7161d11fe4aec253f6ac2a52a2c2ff219d26b0478ec;4170188745;1;1000;reverse;2024-01;ok;;1000;True;True;exact_file_copy;BASH_REV_2024-01_00254.csv
BASH_REV_2024-01_00255.xlsx;XLSX;2314567;322396476246cdb1539db8b2b9a2cc39ba48de00c11e278f5621537220b0e485;2257829220;1;1000;reverse;2024-01;ok;;1000;True;True;exact_file_copy;BASH_REV_2024-01_00255.csv
BASH_REV_2024-01_00256.xlsx;XLSX;2239795;b89cb83eb83ae8bcb5bf51c1f561ed2edd89f30241f01cb67071b11b565f94ea;2211285591;1;1000;reverse;2024-01;ok;;1000;True;True;exact_file_copy;BASH_REV_2024-01_00256.csv
BASH_REV_2024-01_00257.xlsx;XLSX;2273189;2ae19de49cd6e2cb20a2850714e9ce47ce388039c52e1569c48549a95f28e08a;3370184390;1;1000;reverse;2024-01;ok;;1000;True;True;exact_file_copy;BASH_REV_2024-01_00257.csv
BASH_REV_2024-01_00258.xlsx;XLSX;2290228;da38b5a391cfb919dbd0093616688c36355a8bc193edcfc430ebd005000537cc;2090025975;1;1000;reverse;2024-01;ok;;1000;True;True;exact_file_copy;BASH_REV_2024-01_00258.csv
BASH_REV_2024-01_00259.xlsx;XLSX;2264409;4741367ba1e5913fc6ebec6b75db4b9cc07f7846dd7fc92c3bdb0a6b0f4533ab;3361280199;1;1000;reverse;2024-01;ok;;1000;True;True;exact_file_copy;BASH_REV_2024-01_00259.csv
BASH_REV_2024-01_00260.xlsx;XLSX;2245787;ca7b7959d4c29227ba32f5616afa9ee1b1c1dd2c3daffb6b0d4e4ad541a28d21;2496061301;1;1000;reverse;2024-01;ok;;1000;True;True;exact_file_copy;BASH_REV_2024-01_00260.csv
BASH_REV_2024-01_00261.xlsx;XLSX;2248584;5eabbf24b3c2bae9c6180209ab718bd22e2bdbdf8273c27f16d261943cb8a431;1513787735;1;1000;reverse;2024-01;ok;;1000;True;True;exact_file_copy;BASH_REV_2024-01_00261.csv
BASH_REV_2024-01_00262.xlsx;XLSX;2328937;0d6f6b7b681178406e2484d6f229bb69d11ced9f2f8bc78f389ce0b1eb360a38;2015633581;1;1000;reverse;2024-01;ok;;1000;True;True;exact_file_copy;BASH_REV_2024-01_00262.csv
BASH_REV_2024-01_00263.xlsx;XLSX;2246432;21d66e94678dea6a7d0cf5b9dad5aca28e59af6085d05b2013ec245904743e43;1966517052;1;1000;reverse;2024-01;ok;;1000;True;True;exact_file_copy;BASH_REV_2024-01_00263.csv
BASH_REV_2024-01_00264.xlsx;XLSX;2286108;79998af7297bfce92c0cbf55e1d6077da6bd020b082b153d22ecd3e056e16c84;1713020063;1;1000;reverse;2024-01;ok;;1000;True;True;exact_file_copy;BASH_REV_2024-01_00264.csv
BASH_REV_2024-01_00265.xlsx;XLSX;2256781;45878087a2ebb5cc5982091de6ee6de4695b63ae6537e48b9a5272780bed9235;3294392885;1;1000;reverse;2024-01;ok;;1000;True;True;exact_file_copy;BASH_REV_2024-01_00265.csv
BASH_REV_2024-01_00266.xlsx;XLSX;2332782;8e13c6fc0a2f4e90c50e4889e3978a8e6be74c9dc030df49e7e2d2afc56f59d2;3837573422;1;1000;reverse;2024-01;ok;;1000;True;True;exact_file_copy;BASH_REV_2024-01_00266.csv
BASH_REV_2024-01_00267.xlsx;XLSX;2310939;9576597c0c38b66ec4c1bd8c1ca33799fa1c2b8a20b8d18868e2e3fb3e5e9f5f;1840133754;1;1000;reverse;2024-01;ok;;1000;True;True;exact_file_copy;BASH_REV_2024-01_00267.csv
BASH_REV_2024-01_00268.xlsx;XLSX;2238472;9f69bb3a3bf77d6b3e41652a521b1c5e227179e037e59c38a0be357f108566f5;3972936416;1;1000;reverse;2024-01;ok;;1000;True;True;exact_file_copy;BASH_REV_2024-01_00268.csv
BASH_REV_2024-01_00269.xlsx;XLSX;628223;ae47f6f9e89c3d83da95b5d3b8cb0d637ebfbe45512f0ac116e54a34406f9727;750004836;1;281;reverse;2024-01;ok;;281;True;True;exact_file_copy;BASH_REV_2024-01_00269.csv
BASH_REV_2024-02_00242.xlsx;XLSX;2301256;6193600e9d7b7c58547da4a97fabc066f140e19f27edb234ad16419dfb88761f;1350867751;1;1000;reverse;2024-02;ok;;1000;True;True;exact_file_copy;BASH_REV_2024-02_00242.csv
BASH_REV_2024-02_00243.xlsx;XLSX;2359374;cfc044f1ff22e6c56facc6936fcffffda5ae2e0cf6caa0ebd74a1440c9b232ce;735757128;1;1000;reverse;2024-02;ok;;1000;True;True;exact_file_copy;BASH_REV_2024-02_00243.csv
BASH_REV_2024-02_00244.xlsx;XLSX;2304023;93e630c6ee04cc12001bb9911cf1d14ee7e29fbb3d14f0310ac25da95fadeca5;2707571156;1;1000;reverse;2024-02;ok;;1000;True;True;exact_file_copy;BASH_REV_2024-02_00244.csv
BASH_REV_2024-02_00245.xlsx;XLSX;2332731;c9851751c996838375b6fb20f3c993a097a8e22cfafc2b190942e75eeb8b3286;1660897435;1;1000;reverse;2024-02;ok;;1000;True;True;exact_file_copy;BASH_REV_2024-02_00245.csv
BASH_REV_2024-02_00246.xlsx;XLSX;2318371;c0b00f46de706db2183ad851685d129137254d81b3088951ddc32e43f83b1309;3905880620;1;1000;reverse;2024-02;ok;;1000;True;True;exact_file_copy;BASH_REV_2024-02_00246.csv
BASH_REV_2024-02_00247.xlsx;XLSX;2291110;cc9cb3975f0cb81b94cb8e7747687032edb3e8a9aa6844a19ee1d2892823374f;3189417847;1;1000;reverse;2024-02;ok;;1000;True;True;exact_file_copy;BASH_REV_2024-02_00247.csv
BASH_REV_2024-02_00248.xlsx;XLSX;2303779;f735a0deaec58dbddfd2a4b9f075a831d77ed1e779aa5e1c1be5a5dd0094407f;2004128092;1;1000;reverse;2024-02;ok;;1000;True;True;exact_file_copy;BASH_REV_2024-02_00248.csv
BASH_REV_2024-02_00249.xlsx;XLSX;2281336;6be6db0f7991597c6ee4d4484271262e52a36812e21e5f6f3c826fef9a1c7a1d;4191503182;1;1000;reverse;2024-02;ok;;1000;True;True;exact_file_copy;BASH_REV_2024-02_00249.csv
BASH_REV_2024-02_00250.xlsx;XLSX;2291561;8854e74a86f20193f17b4319825be798b23d41a6a9f7e188cd20562e71d22ee7;1025474058;1;1000;reverse;2024-02;ok;;1000;True;True;exact_file_copy;BASH_REV_2024-02_00250.csv
BASH_REV_2024-02_00251.xlsx;XLSX;2315800;1c98f16ec09191bce2e535d62df2adbd48b120f543aab160c11b792d9eb25c5f;573256420;1;1000;reverse;2024-02;ok;;1000;True;True;exact_file_copy;BASH_REV_2024-02_00251.csv
BASH_REV_2024-02_00252.xlsx;XLSX;677274;1cbd6eb3aa40c96647a99d78a8e2c8e0c07786c91bd52c39e6e94940455aa678;3179318731;1;293;reverse;2024-02;ok;;293;True;True;exact_file_copy;BASH_REV_2024-02_00252.csv
BASH_REV_2024-03_00232.xlsx;XLSX;2361832;d99954e4c616feaff685cce3a8dfb90a9b32f089319d6252a7de36feaa463f1d;658066370;1;1000;reverse;2024-03;ok;;1000;True;True;exact_file_copy;BASH_REV_2024-03_00232.csv
BASH_REV_2024-03_00233.xlsx;XLSX;2339365;0bbe4717df7c36833e1046e880b4c9700a6f9be91444de86772dc88a2419ee18;3346677290;1;1000;reverse;2024-03;ok;;1000;True;True;exact_file_copy;BASH_REV_2024-03_00233.csv
BASH_REV_2024-03_00234.xlsx;XLSX;2359007;b254eed6e23275e55ec629b452061222aee5e5d40ab097d96fa864c5dfc0ebfa;3216976581;1;1000;reverse;2024-03;ok;;1000;True;True;exact_file_copy;BASH_REV_2024-03_00234.csv
BASH_REV_2024-03_00235.xlsx;XLSX;2355355;c209de5d17f08566dbb2f9a9ff1bc281ed715bad9f879c7bc688d46b52b076cd;4073279414;1;1000;reverse;2024-03;ok;;1000;True;True;exact_file_copy;BASH_REV_2024-03_00235.csv
BASH_REV_2024-03_00236.xlsx;XLSX;2310325;fec0f531abba5596b9ce8cdbb918ad890b38bbed21bd297fa655d9e9f54fa022;3261884827;1;1000;reverse;2024-03;ok;;1000;True;True;exact_file_copy;BASH_REV_2024-03_00236.csv
BASH_REV_2024-03_00237.xlsx;XLSX;2320619;bd618f9deb73d34b9a6bee9396c2d10f66be12c50ef945b6b0c56aa038f3e138;20232505;1;1000;reverse;2024-03;ok;;1000;True;True;exact_file_copy;BASH_REV_2024-03_00237.csv
BASH_REV_2024-03_00238.xlsx;XLSX;2343821;fe04f7ac016b969ab71e37c652e13f12e50b698c83cbf68863ecf017e7dcdcd4;1943384703;1;1000;reverse;2024-03;ok;;1000;True;True;exact_file_copy;BASH_REV_2024-03_00238.csv
BASH_REV_2024-03_00239.xlsx;XLSX;2317436;ebcc44c2f537dc93fb0bdff718a0c9d36069d6067e8077b2b62d1deecf70b7ca;267762662;1;1000;reverse;2024-03;ok;;1000;True;True;exact_file_copy;BASH_REV_2024-03_00239.csv
BASH_REV_2024-03_00240.xlsx;XLSX;2352930;bb13d71f4a3968f43b7f3b691d21b45b35e7125531a42a0c54bd5f1a3d263677;1049553861;1;1000;reverse;2024-03;ok;;1000;True;True;exact_file_copy;BASH_REV_2024-03_00240.csv
BASH_REV_2024-03_00241.xlsx;XLSX;1059629;5b791925690e7cdf49c877effbb124eaf27d10bf43627d472ccedc296dbe3de6;700557994;1;457;reverse;2024-03;ok;;457;True;True;exact_file_copy;BASH_REV_2024-03_00241.csv
BASH_REV_2024-04_00223.xlsx;XLSX;2329339;fc3b71fe3fbccacc65d423bb7f94b4145509a4e015e0c7768cc058346fb6c877;924728975;1;1000;reverse;2024-04;ok;;1000;True;True;exact_file_copy;BASH_REV_2024-04_00223.csv
BASH_REV_2024-04_00224.xlsx;XLSX;2333717;4ed27c3e476c44208731464c4e584ba5a828f385e0a433ec362d7d64d805cd7c;1708000196;1;1000;reverse;2024-04;ok;;1000;True;True;exact_file_copy;BASH_REV_2024-04_00224.csv
BASH_REV_2024-04_00225.xlsx;XLSX;2310282;3aea0a6f52a6a4fadfd19443afef5e8640bfca692e5881fd2be0b7304dfb53d0;3119664815;1;1000;reverse;2024-04;ok;;1000;True;True;exact_file_copy;BASH_REV_2024-04_00225.csv
BASH_REV_2024-04_00226.xlsx;XLSX;2310616;52001cfacd71b6519f8d42e82d61750305e63601fe47098da2725e47a500e074;2055911666;1;1000;reverse;2024-04;ok;;1000;True;True;exact_file_copy;BASH_REV_2024-04_00226.csv
BASH_REV_2024-04_00227.xlsx;XLSX;2326309;f931daf0d487f8a65ed74795e29b2310aefaeed3c82294bc099c1b827f2c955a;570969127;1;1000;reverse;2024-04;ok;;1000;True;True;exact_file_copy;BASH_REV_2024-04_00227.csv
BASH_REV_2024-04_00228.xlsx;XLSX;2331058;3e7b248987428e0f26798d371ab01f34e9e2678367e78a5668f610abf5596eaa;4207539354;1;1000;reverse;2024-04;ok;;1000;True;True;exact_file_copy;BASH_REV_2024-04_00228.csv
BASH_REV_2024-04_00229.xlsx;XLSX;2304354;3ed68db23da4a8741242f2c1e9e8c7e2bdc4229aff7275e7d960ded9beb6d333;2694884631;1;1000;reverse;2024-04;ok;;1000;True;True;exact_file_copy;BASH_REV_2024-04_00229.csv
BASH_REV_2024-04_00230.xlsx;XLSX;2341627;33353389ac2f83022f35fb42a7e427a0aacda39447983b89f5704c5e44ad4b5f;711911073;1;1000;reverse;2024-04;ok;;1000;True;True;exact_file_copy;BASH_REV_2024-04_00230.csv
BASH_REV_2024-04_00231.xlsx;XLSX;119541;ffb22713bf8b486cf08f4a6eb23b9a4e33882b32375336723f49cf272ee7741d;1433293220;1;43;reverse;2024-04;ok;;43;True;True;exact_file_copy;BASH_REV_2024-04_00231.csv
BASH_REV_2024-05_00214.xlsx;XLSX;2321823;bfc7d7244513dfc5b7d841d3e981689344f1f84885715ceed60c8886a4f2a2c9;3289697222;1;1000;reverse;2024-05;ok;;1000;True;True;exact_file_copy;BASH_REV_2024-05_00214.csv
BASH_REV_2024-05_00215.xlsx;XLSX;2313189;76fc4ad14cf976eebe88ea3cc73306e8a702e79c4cf6bfb37fb3ec02bee17050;458663141;1;1000;reverse;2024-05;ok;;1000;True;True;exact_file_copy;BASH_REV_2024-05_00215.csv
BASH_REV_2024-05_00216.xlsx;XLSX;2307027;b92fcf9937eaa7f995c97374a5126597acd1d7ef927e165e8f69d641b4d06f27;125586891;1;1000;reverse;2024-05;ok;;1000;True;True;exact_file_copy;BASH_REV_2024-05_00216.csv
BASH_REV_2024-05_00217.xlsx;XLSX;2307052;e5d5bf5b7a4ab3cf6d6ccd15e6e53bd785431f79a2dead7560a405d703073ae3;1425612037;1;1000;reverse;2024-05;ok;;1000;True;True;exact_file_copy;BASH_REV_2024-05_00217.csv
BASH_REV_2024-05_00218.xlsx;XLSX;2314504;0065b11f060141778ed01cfb8fb2f9d0b72a00ac0138f4709698f9222406439e;511667360;1;1000;reverse;2024-05;ok;;1000;True;True;exact_file_copy;BASH_REV_2024-05_00218.csv
BASH_REV_2024-05_00219.xlsx;XLSX;2332520;c27603779112734c7b6763a495b2e25590863fb5d4a4c53cd47ecb4dd562453a;351873233;1;1000;reverse;2024-05;ok;;1000;True;True;exact_file_copy;BASH_REV_2024-05_00219.csv
BASH_REV_2024-05_00220.xlsx;XLSX;2349918;a55db0c0f79439dbbc9b772c713d961f74bd0ace536bf7431e76d5db6dbff389;4145327475;1;1000;reverse;2024-05;ok;;1000;True;True;exact_file_copy;BASH_REV_2024-05_00220.csv
BASH_REV_2024-05_00221.xlsx;XLSX;2318111;5bf86e6eeb26aae9710408a00aec7a2acfed838771a4721d43c545f337110a8d;3064581045;1;1000;reverse;2024-05;ok;;1000;True;True;exact_file_copy;BASH_REV_2024-05_00221.csv
BASH_REV_2024-05_00222.xlsx;XLSX;193370;ba4b0c6d519df702f932c7e28d18bd928b9a41a2dc2a85eaced9d640277e4533;2485609775;1;78;reverse;2024-05;ok;;78;True;True;exact_file_copy;BASH_REV_2024-05_00222.csv
BASH_REV_2024-06_00206.xlsx;XLSX;2298913;402a0ada9bde0430fce5803da87ec11d4104891de0a4b13ae71084e06f7e8f7e;2206334794;1;1000;reverse;2024-06;ok;;1000;True;True;exact_file_copy;BASH_REV_2024-06_00206.csv
BASH_REV_2024-06_00207.xlsx;XLSX;2303769;a5a35cc295c1363eeb0ac5892eac7db5f5acde75999c19e66acd437c4bc9727c;4047512487;1;1000;reverse;2024-06;ok;;1000;True;True;exact_file_copy;BASH_REV_2024-06_00207.csv
BASH_REV_2024-06_00208.xlsx;XLSX;2287500;0d2bfaa910e4a58054582a5bbf56e02b51f3ebd557bf5664cf9cb7742f99fac6;2353351947;1;1000;reverse;2024-06;ok;;1000;True;True;exact_file_copy;BASH_REV_2024-06_00208.csv
BASH_REV_2024-06_00209.xlsx;XLSX;2332517;4552ab478cafd83c6f85c2f02e8986ae4cbe1192a120ff055c5ed2ef8d27258e;168949659;1;1000;reverse;2024-06;ok;;1000;True;True;exact_file_copy;BASH_REV_2024-06_00209.csv
BASH_REV_2024-06_00210.xlsx;XLSX;2286070;ea36e2d12312ef42424a112a208d356f9f2ed1af716cbbb7c18037ebb8701399;656558666;1;1000;reverse;2024-06;ok;;1000;True;True;exact_file_copy;BASH_REV_2024-06_00210.csv
BASH_REV_2024-06_00211.xlsx;XLSX;2312905;718875e415160e592a5691c65e8ee9ecf62e2902008bd65ebd3a14ecf8289f83;2658277388;1;1000;reverse;2024-06;ok;;1000;True;True;exact_file_copy;BASH_REV_2024-06_00211.csv
BASH_REV_2024-06_00212.xlsx;XLSX;2312377;5d6226303486f9a65f5b60870adbfaa9633f491ace066cae40b667792f3bf546;2785548866;1;1000;reverse;2024-06;ok;;1000;True;True;exact_file_copy;BASH_REV_2024-06_00212.csv
BASH_REV_2024-06_00213.xlsx;XLSX;91790;229033fef643eb0568d7493154ed2daa29d9d08a4120b1e55ac1ff1124fe8bf0;636384897;1;33;reverse;2024-06;ok;;33;True;True;exact_file_copy;BASH_REV_2024-06_00213.csv
BASH_REV_2024-07_00200.xlsx;XLSX;2351339;6210eab392993844add5191d266d608ed032f48ffe3669c44e38931809c988d5;4076027931;1;1000;reverse;2024-07;ok;;1000;True;True;exact_file_copy;BASH_REV_2024-07_00200.csv
BASH_REV_2024-07_00201.xlsx;XLSX;2336747;5d1cf077eb6d7b30fc16306324b526e40c7ab9358c0cf50a030d3d34a5eec9ed;1511290524;1;1000;reverse;2024-07;ok;;1000;True;True;exact_file_copy;BASH_REV_2024-07_00201.csv
BASH_REV_2024-07_00202.xlsx;XLSX;2351499;48921e85e119690cd53b0c0b0ef4c0fbf9c69b56497c27ed52cdfcc90e7eb6a0;1160463847;1;1000;reverse;2024-07;ok;;1000;True;True;exact_file_copy;BASH_REV_2024-07_00202.csv
BASH_REV_2024-07_00203.xlsx;XLSX;2372693;52751b6220098ecc2359c0e7c826b762b94ca7f9430d7400e7c1dcd90b4e54ba;789319896;1;1000;reverse;2024-07;ok;;1000;True;True;exact_file_copy;BASH_REV_2024-07_00203.csv
BASH_REV_2024-07_00204.xlsx;XLSX;2400325;8d6e8afb08c9db6a5cfe1f5c4dcc7b963a8341208e40ebdfa6063a1d9c9afde9;2448007593;1;1000;reverse;2024-07;ok;;1000;True;True;exact_file_copy;BASH_REV_2024-07_00204.csv
BASH_REV_2024-07_00205.xlsx;XLSX;1950639;d51eb0cb2982c270b1da2dfe20e68fac233acb3911e0f045455a7f527134b0c3;3273354075;1;835;reverse;2024-07;ok;;835;True;True;exact_file_copy;BASH_REV_2024-07_00205.csv
BASH_REV_2024-08_00194.xlsx;XLSX;2315566;5d7bce0fdb2d6a20913b3e9acd1c6cdcd06d2c9cfcc1d4682618474f7743372a;325499756;1;1000;reverse;2024-08;ok;;1000;True;True;exact_file_copy;BASH_REV_2024-08_00194.csv
BASH_REV_2024-08_00195.xlsx;XLSX;2281576;c2c92ee4c7024c6a46b0935c9e56b009923a169deaffd6c680552c5c848f64c0;1541554179;1;1000;reverse;2024-08;ok;;1000;True;True;exact_file_copy;BASH_REV_2024-08_00195.csv
BASH_REV_2024-08_00196.xlsx;XLSX;2348911;594dab6123694fc958fec78f7625e59e2ac235fc62480e6a350cc7a035ebfdcc;1811391060;1;1000;reverse;2024-08;ok;;1000;True;True;exact_file_copy;BASH_REV_2024-08_00196.csv
BASH_REV_2024-08_00197.xlsx;XLSX;2335660;f7573af182df958924fa79c8d66b42f9811824133695252b3d24f9004121daa3;1032261113;1;1000;reverse;2024-08;ok;;1000;True;True;exact_file_copy;BASH_REV_2024-08_00197.csv
BASH_REV_2024-08_00198.xlsx;XLSX;2362824;22ff20b5a0b7f4eca9fe186aa7ffcd3701dba3d41ed8994840925c2aad2c6e5c;3651059885;1;1000;reverse;2024-08;ok;;1000;True;True;exact_file_copy;BASH_REV_2024-08_00198.csv
BASH_REV_2024-08_00199.xlsx;XLSX;177139;2cd250f646fbf4217aa4d940905e737cbc5632052cb48d25660aa3e7236ff22a;661780452;1;72;reverse;2024-08;ok;;72;True;True;exact_file_copy;BASH_REV_2024-08_00199.csv
BASH_REV_2024-09_00188.xlsx;XLSX;2359252;78d26658796969adfc37dd61953d2d6c8be5257d28af4a3932f1c754502fe5a7;47623003;1;1000;reverse;2024-09;ok;;1000;True;True;exact_file_copy;BASH_REV_2024-09_00188.csv
BASH_REV_2024-09_00189.xlsx;XLSX;2348125;0f7d41f9a850d62366d4765ed6605b24fc50b6127cb589e93263ab3da5aec623;3114901072;1;1000;reverse;2024-09;ok;;1000;True;True;exact_file_copy;BASH_REV_2024-09_00189.csv
BASH_REV_2024-09_00190.xlsx;XLSX;2376569;96c5eb14f348c6330f5a0f64685c9c05b64cc07a712d093c0aab59f7882aede9;152973337;1;1000;reverse;2024-09;ok;;1000;True;True;exact_file_copy;BASH_REV_2024-09_00190.csv
BASH_REV_2024-09_00191.xlsx;XLSX;2352845;8ce000a411f708fc10732333fc4dc21ae68448cd06f6aaebf1c22a492f2fe707;2711193474;1;1000;reverse;2024-09;ok;;1000;True;True;exact_file_copy;BASH_REV_2024-09_00191.csv
BASH_REV_2024-09_00192.xlsx;XLSX;2355052;79c4b068b26750a90dada54d08c244aedcd3dd6a94513ad761370aea099eb543;2670641617;1;1000;reverse;2024-09;ok;;1000;True;True;exact_file_copy;BASH_REV_2024-09_00192.csv
BASH_REV_2024-09_00193.xlsx;XLSX;38857;80bb09cefa2b25829fc36e89193274bde0e63c37170f02d6110a37c3f205452e;2693203606;1;12;reverse;2024-09;ok;;12;True;True;exact_file_copy;BASH_REV_2024-09_00193.csv
BASH_REV_2024-10_00180.xlsx;XLSX;2304325;7740c678b4ee34546bf9c66e297598795f73f498efcedbec3a1d380edb0346f3;3669157426;1;1000;reverse;2024-10;ok;;1000;True;True;exact_file_copy;BASH_REV_2024-10_00180.csv
BASH_REV_2024-10_00181.xlsx;XLSX;2362309;e3fbef4a5b7ea21f63bc976fccf6568134852c2f8812e2230aa211f2544229e8;3630081418;1;1000;reverse;2024-10;ok;;1000;True;True;exact_file_copy;BASH_REV_2024-10_00181.csv
BASH_REV_2024-10_00182.xlsx;XLSX;2339638;321042e68b837c98585237a3ef4cfdb25e27f459d73143ed797a2132dff88169;3476304327;1;1000;reverse;2024-10;ok;;1000;True;True;exact_file_copy;BASH_REV_2024-10_00182.csv
BASH_REV_2024-10_00183.xlsx;XLSX;2381347;ddcfc93be5e4e22298908a82822d88b863782399a7b86d2843f265ac0f9cf8e7;3191490727;1;1000;reverse;2024-10;ok;;1000;True;True;exact_file_copy;BASH_REV_2024-10_00183.csv
BASH_REV_2024-10_00184.xlsx;XLSX;2356349;ca7cd7a43d2ffd35a5467791da7e786b2eccab1761eb67da556dca49d3f97394;3686199233;1;1000;reverse;2024-10;ok;;1000;True;True;exact_file_copy;BASH_REV_2024-10_00184.csv
BASH_REV_2024-10_00185.xlsx;XLSX;2330943;6d160f538515eadb96f67a8648eec14dd4608ab8b1bab68be6bfc71f2e52dbcc;1745748946;1;1000;reverse;2024-10;ok;;1000;True;True;exact_file_copy;BASH_REV_2024-10_00185.csv
BASH_REV_2024-10_00186.xlsx;XLSX;2355483;f1df3475f9e8291bbb8f0e304d920894dfc3d3b27d153eb9a083111f1199bb13;2417676512;1;1000;reverse;2024-10;ok;;1000;True;True;exact_file_copy;BASH_REV_2024-10_00186.csv
BASH_REV_2024-10_00187.xlsx;XLSX;1556082;14c23e60854df329cc784ed834cbbf0dd556ffc07306c5d7b7558fbc2ccbc617;1587997974;1;670;reverse;2024-10;ok;;670;True;True;exact_file_copy;BASH_REV_2024-10_00187.csv
BASH_REV_2024-11_00171.xlsx;XLSX;2314198;48be8cf44c1bcb306a27c53170a5c66e140a39d14e5aa5c56e178154a5eae7d9;2893303034;1;1000;reverse;2024-11;ok;;1000;True;True;exact_file_copy;BASH_REV_2024-11_00171.csv
BASH_REV_2024-11_00172.xlsx;XLSX;2309083;edf1d6df37c79c825c8cdffb7617fb8b1484eb7ed3cf7b80773ab6f6db15abc4;907179097;1;1000;reverse;2024-11;ok;;1000;True;True;exact_file_copy;BASH_REV_2024-11_00172.csv
BASH_REV_2024-11_00173.xlsx;XLSX;2285130;ce64d8b02916f5bb54e95c1e871f3dcede0b62b1deac0cef1385873d99837c11;3567988472;1;1000;reverse;2024-11;ok;;1000;True;True;exact_file_copy;BASH_REV_2024-11_00173.csv
BASH_REV_2024-11_00174.xlsx;XLSX;2326314;64e6b2ad7896e9976f26e21befec4944574c4ee3e9173398f937ea483c723a1f;1827661928;1;1000;reverse;2024-11;ok;;1000;True;True;exact_file_copy;BASH_REV_2024-11_00174.csv
BASH_REV_2024-11_00175.xlsx;XLSX;2344943;bfe1da791fddd2085437bde36e97ba0c582e16632a4d9ae59cb9094c5d2c08c9;3466990429;1;1000;reverse;2024-11;ok;;1000;True;True;exact_file_copy;BASH_REV_2024-11_00175.csv
BASH_REV_2024-11_00176.xlsx;XLSX;2324359;04eefbba1ee392e32d3e6110a0ec7b522ed02d46763f64d40cb760fa0700eb64;873590886;1;1000;reverse;2024-11;ok;;1000;True;True;exact_file_copy;BASH_REV_2024-11_00176.csv
BASH_REV_2024-11_00177.xlsx;XLSX;2391602;f9fb1e1873ace96953bb77cbc631bd475887597caa5cd5061803924e69f619ae;3649541288;1;1000;reverse;2024-11;ok;;1000;True;True;exact_file_copy;BASH_REV_2024-11_00177.csv
BASH_REV_2024-11_00178.xlsx;XLSX;2389788;3de2135364d5aa70c69bbf129552bcde814864155628f29793cc96e7c1f6dda4;1089769459;1;1000;reverse;2024-11;ok;;1000;True;True;exact_file_copy;BASH_REV_2024-11_00178.csv
BASH_REV_2024-11_00179.xlsx;XLSX;1946259;c54a9584b3bc89a6058e63aaf993aa30818901d85d43731a368997b3744c6cef;2231764411;1;830;reverse;2024-11;ok;;830;True;True;exact_file_copy;BASH_REV_2024-11_00179.csv
BASH_REV_2024-12_00154.xlsx;XLSX;2367857;fc47a6d2ab875f9a7a444cb5898226bba4b651993a2a0ed6fa8dea6da3ad4037;3291370749;1;1000;reverse;2024-12;ok;;1000;True;True;exact_file_copy;BASH_REV_2024-12_00154.csv
BASH_REV_2024-12_00155.xlsx;XLSX;2262808;9cedf298f6c05e13b3bbb01bf39e91422ccf9ab1c17066ced6e14ace8a12e029;165369843;1;1000;reverse;2024-12;ok;;1000;True;True;exact_file_copy;BASH_REV_2024-12_00155.csv
BASH_REV_2024-12_00156.xlsx;XLSX;2274348;73fae5b909eccd1d08a5cea7615fca1ce8d826c069eb3b891a7dfd5c17d9eabd;3164253438;1;1000;reverse;2024-12;ok;;1000;True;True;exact_file_copy;BASH_REV_2024-12_00156.csv
BASH_REV_2024-12_00157.xlsx;XLSX;2290948;5abd94aa88d7bfd35e77de02c6632a3703485584e53ab2f9ec11c958273c5738;4201762315;1;1000;reverse;2024-12;ok;;1000;True;True;exact_file_copy;BASH_REV_2024-12_00157.csv
BASH_REV_2024-12_00158.xlsx;XLSX;2418806;2c411cd2070705c97d9fcd79b41e33ca1e4f0e5563ee1e447073b4aa9d8e3671;3832501684;1;1000;reverse;2024-12;ok;;1000;True;True;exact_file_copy;BASH_REV_2024-12_00158.csv
BASH_REV_2024-12_00159.xlsx;XLSX;2391669;6dfd07dda3786427ba89c547040430a5d5a421f1b824ef3833a5470708cdb238;2073200726;1;1000;reverse;2024-12;ok;;1000;True;True;exact_file_copy;BASH_REV_2024-12_00159.csv
BASH_REV_2024-12_00160.xlsx;XLSX;2280055;787f6584f342d97e4a841a6d96ea03be1e7a3bfb9a77b6ad2989893de47acb6f;3019392070;1;1000;reverse;2024-12;ok;;1000;True;True;exact_file_copy;BASH_REV_2024-12_00160.csv
BASH_REV_2024-12_00161.xlsx;XLSX;2255883;b7ae439ea79bfb7ecde8a59de84fa5e82f68dbea8862877d8cb506562a1b4a0e;2204695199;1;1000;reverse;2024-12;ok;;1000;True;True;exact_file_copy;BASH_REV_2024-12_00161.csv
BASH_REV_2024-12_00162.xlsx;XLSX;2336923;5450d2c6f903abc770604476c3bd6d0e7e48df8b947db756255d85d01ed2ed06;2032876643;1;1000;reverse;2024-12;ok;;1000;True;True;exact_file_copy;BASH_REV_2024-12_00162.csv
BASH_REV_2024-12_00163.xlsx;XLSX;2384188;f6754536b24e8525ac754ac5cc3927185cdd8cc11a673a30e8f99cda3f7b5587;2334738788;1;1000;reverse;2024-12;ok;;1000;True;True;exact_file_copy;BASH_REV_2024-12_00163.csv
BASH_REV_2024-12_00164.xlsx;XLSX;2283250;36e3658834a23ade7bd2334142bcf8abc7087bd507fd0fb8321f77448eb60970;3274747575;1;1000;reverse;2024-12;ok;;1000;True;True;exact_file_copy;BASH_REV_2024-12_00164.csv
BASH_REV_2024-12_00165.xlsx;XLSX;2279900;95afbecd1b23359c6c82877b94396bf5ae0b21d39b74a6eb277f5cb0992c523b;1746078110;1;1000;reverse;2024-12;ok;;1000;True;True;exact_file_copy;BASH_REV_2024-12_00165.csv
BASH_REV_2024-12_00166.xlsx;XLSX;2308507;716a0a204e31cdb61ee33b760d7a7ab9a2041354ca5fbbc90a0eec6b11b6d96d;1052261106;1;1000;reverse;2024-12;ok;;1000;True;True;exact_file_copy;BASH_REV_2024-12_00166.csv
BASH_REV_2024-12_00167.xlsx;XLSX;2292086;5e0ec987c95f2b798b448ec40625a226d133af655de18d75fa84000b6975421f;2178475233;1;1000;reverse;2024-12;ok;;1000;True;True;exact_file_copy;BASH_REV_2024-12_00167.csv
BASH_REV_2024-12_00168.xlsx;XLSX;2283260;e4d22e57bf84752d8c8528aa5f15ec620e6538df84d280ea618d74fa1baf272c;1908640805;1;1000;reverse;2024-12;ok;;1000;True;True;exact_file_copy;BASH_REV_2024-12_00168.csv
BASH_REV_2024-12_00169.xlsx;XLSX;2362265;dc2b65bdaa778226d649daeaa463c6f2263f75d46c4f6d3fde7026968873da7f;4181081402;1;1000;reverse;2024-12;ok;;1000;True;True;exact_file_copy;BASH_REV_2024-12_00169.csv
BASH_REV_2024-12_00170.xlsx;XLSX;1826511;92b87a893f9dc314dc12c18f456075216e4996a3f5e500bad3119a4bda4def08;3676781229;1;772;reverse;2024-12;ok;;772;True;True;exact_file_copy;BASH_REV_2024-12_00170.csv
BASH_REV_2025-01_00142.xlsx;XLSX;2366323;5af92c3a2ecef91356cb99e60e03f63d30fbf06dca8802cf1e0db3e8f1976979;2292967170;1;1000;reverse;2025-01;ok;;1000;True;True;exact_file_copy;BASH_REV_2025-01_00142.csv
BASH_REV_2025-01_00143.xlsx;XLSX;2287026;bd748e3aa19cdbc54536c4801312ce319daec1b3141daa58dd4678f5390d9af7;1999492605;1;1000;reverse;2025-01;ok;;1000;True;True;exact_file_copy;BASH_REV_2025-01_00143.csv
BASH_REV_2025-01_00144.xlsx;XLSX;2303500;dd5f9c9c2835102e41908532e962820728240ac47def25113181928cb71d8583;1917941657;1;1000;reverse;2025-01;ok;;1000;True;True;exact_file_copy;BASH_REV_2025-01_00144.csv
BASH_REV_2025-01_00145.xlsx;XLSX;2253468;ff545a7af3c147331767556d84d7ebe27db528503b07600735bc2799d29a1bf5;26325371;1;1000;reverse;2025-01;ok;;1000;True;True;exact_file_copy;BASH_REV_2025-01_00145.csv
BASH_REV_2025-01_00146.xlsx;XLSX;2250686;412feb4ee4fd8457fb11a3aa4449d8e7049e06975918466cb58472e028c0953c;535387486;1;1000;reverse;2025-01;ok;;1000;True;True;exact_file_copy;BASH_REV_2025-01_00146.csv
BASH_REV_2025-01_00147.xlsx;XLSX;2258010;a8cd39333803c5a62b718776d2ff48638f3a1b3d929169df6c6ecf4bf7e5eb6a;3860836190;1;1000;reverse;2025-01;ok;;1000;True;True;exact_file_copy;BASH_REV_2025-01_00147.csv
BASH_REV_2025-01_00148.xlsx;XLSX;2233816;49081be3a297f5da5cde195b6bda06f113f8e029cbd1084686d93912e714b4f8;2338971754;1;1000;reverse;2025-01;ok;;1000;True;True;exact_file_copy;BASH_REV_2025-01_00148.csv
BASH_REV_2025-01_00149.xlsx;XLSX;2246953;33f7b97d2043653bfcb18afbd0338543397c7c280d3f1845a5d58e2a4aa88776;3254226923;1;1000;reverse;2025-01;ok;;1000;True;True;exact_file_copy;BASH_REV_2025-01_00149.csv
BASH_REV_2025-01_00150.xlsx;XLSX;2300152;22304f187ad2cfa2ddde2299a0fe93d519737203e94ae0fa8a3014eb34189c69;3027001640;1;1000;reverse;2025-01;ok;;1000;True;True;exact_file_copy;BASH_REV_2025-01_00150.csv
BASH_REV_2025-01_00151.xlsx;XLSX;2252276;61e8fc8554493b7020c55cfb878b27c62888f3492ac115bba2f8aab507b23f61;3823602019;1;1000;reverse;2025-01;ok;;1000;True;True;exact_file_copy;BASH_REV_2025-01_00151.csv
BASH_REV_2025-01_00152.xlsx;XLSX;2352518;c9bd7d36225dcae18ff3ae2d7acc0536d6bf8aa5869aac92e5913ab15f037033;2230532111;1;1000;reverse;2025-01;ok;;1000;True;True;exact_file_copy;BASH_REV_2025-01_00152.csv
BASH_REV_2025-01_00153.xlsx;XLSX;2271623;a00bae14789f5dbf8c1cc4982febf3121f9f708d9a8e9a3bd37ecb472f28ee06;237518917;1;979;reverse;2025-01;ok;;979;True;True;exact_file_copy;BASH_REV_2025-01_00153.csv
BASH_REV_2025-02_00135.xlsx;XLSX;2322030;905c7111e77a7ecb8f064c49e11d13fe2b6d82acdde68f1599789a85e52744bb;3980838028;1;1000;reverse;2025-02;ok;;1000;True;True;exact_file_copy;BASH_REV_2025-02_00135.csv
BASH_REV_2025-02_00136.xlsx;XLSX;2315784;6e2d0401fe0b694723ef6d1f40bb006040759bae83bac6a6c1b3e2f60603b33b;4178096869;1;1000;reverse;2025-02;ok;;1000;True;True;exact_file_copy;BASH_REV_2025-02_00136.csv
BASH_REV_2025-02_00137.xlsx;XLSX;2293875;1ded180dbd1e649c0f84fa5ef7fa74573ee78eb029f5c543e7d7ff5c2a37875c;4014426303;1;1000;reverse;2025-02;ok;;1000;True;True;exact_file_copy;BASH_REV_2025-02_00137.csv
BASH_REV_2025-02_00138.xlsx;XLSX;2289510;d7ba1328de6bdad8569d4af28e142458794752d9899dd2f4eae32a9b8cf7a0c0;3365271424;1;1000;reverse;2025-02;ok;;1000;True;True;exact_file_copy;BASH_REV_2025-02_00138.csv
BASH_REV_2025-02_00139.xlsx;XLSX;2313067;dbed0ab28f018e72f007a2127eba5a4f5771f0d20cde8dfcf8844df99d13391f;2449364179;1;1000;reverse;2025-02;ok;;1000;True;True;exact_file_copy;BASH_REV_2025-02_00139.csv
BASH_REV_2025-02_00140.xlsx;XLSX;2246149;e3c471ceb718d7e7e4be9bdf82ac2829c3edd1238c2cd13e8bdaaec20d8c5f51;3789354340;1;1000;reverse;2025-02;ok;;1000;True;True;exact_file_copy;BASH_REV_2025-02_00140.csv
BASH_REV_2025-02_00141.xlsx;XLSX;1897335;d6654b4f2816be5a69e0968f4b489a5b1cebb2375b99e6c9eab2d08385a07399;233209912;1;795;reverse;2025-02;ok;;795;True;True;exact_file_copy;BASH_REV_2025-02_00141.csv
BASH_REV_2025-03_00128.xlsx;XLSX;2342908;43a2e87fcaa8c02371931f044fd3582a27de8309903d173b062d5e158552a324;303331182;1;1000;reverse;2025-03;ok;;1000;True;True;exact_file_copy;BASH_REV_2025-03_00128.csv
BASH_REV_2025-03_00129.xlsx;XLSX;2340100;514e2f71fcd6f932d9feece1bc3e3cd25333f55a872e54cb848d95e58e3f6be9;627447441;1;1000;reverse;2025-03;ok;;1000;True;True;exact_file_copy;BASH_REV_2025-03_00129.csv
BASH_REV_2025-03_00130.xlsx;XLSX;2359596;4048bce22e581050d39e077c4e6af9a9821c0a530106260fc5424e5269b3a922;3813314589;1;1000;reverse;2025-03;ok;;1000;True;True;exact_file_copy;BASH_REV_2025-03_00130.csv
BASH_REV_2025-03_00131.xlsx;XLSX;2377314;2a56ca53db3d148f0cb0caed7fc3d56bf36a428ef604ca346d19b1dcbdd34a1a;3891324570;1;1000;reverse;2025-03;ok;;1000;True;True;exact_file_copy;BASH_REV_2025-03_00131.csv
BASH_REV_2025-03_00132.xlsx;XLSX;2343704;afa921f09ce06a78c2fdf6f7cfca0dc3950d28abc05811768dc7d5ed233a244a;759771646;1;1000;reverse;2025-03;ok;;1000;True;True;exact_file_copy;BASH_REV_2025-03_00132.csv
BASH_REV_2025-03_00133.xlsx;XLSX;2348648;56ad37792e19de3f727d182d02f698f1891da3001d6951e09531b08e3648653b;4074498086;1;1000;reverse;2025-03;ok;;1000;True;True;exact_file_copy;BASH_REV_2025-03_00133.csv
BASH_REV_2025-03_00134.xlsx;XLSX;1395609;134550de953e735e8da031037c3335306601d7a90691e2901505d9a9bdb747e4;1687225467;1;593;reverse;2025-03;ok;;593;True;True;exact_file_copy;BASH_REV_2025-03_00134.csv
BASH_REV_2025-04_00122.xlsx;XLSX;2372432;316375f128ef06c2873eddc1b0bdffe952ac1340fead86bb3aeacb816bf16ff9;917917433;1;1000;reverse;2025-04;ok;;1000;True;True;exact_file_copy;BASH_REV_2025-04_00122.csv
BASH_REV_2025-04_00123.xlsx;XLSX;2382263;8f0ce8330742912f1e02bd1eaade71ee92bd4d50446f42645532497252ae9515;2655700085;1;1000;reverse;2025-04;ok;;1000;True;True;exact_file_copy;BASH_REV_2025-04_00123.csv
BASH_REV_2025-04_00124.xlsx;XLSX;2361809;de87517f53385e2eb3e617771d38d959cd28bd861538ab4e4855d5869aa0a029;1983051293;1;1000;reverse;2025-04;ok;;1000;True;True;exact_file_copy;BASH_REV_2025-04_00124.csv
BASH_REV_2025-04_00125.xlsx;XLSX;2389137;576bd6175b4fbce2b8a5d8beb095a1946e958c5fafd5d82f7393e81a1bc1aa43;1912516981;1;1000;reverse;2025-04;ok;;1000;True;True;exact_file_copy;BASH_REV_2025-04_00125.csv
BASH_REV_2025-04_00126.xlsx;XLSX;2403416;909e4058b41d3a404fb5d168f482e73f0393f7a0495ef7e66c0503023f409765;17533940;1;1000;reverse;2025-04;ok;;1000;True;True;exact_file_copy;BASH_REV_2025-04_00126.csv
BASH_REV_2025-04_00127.xlsx;XLSX;2219392;f656861281f4abf4e78ecceec4568f75dc5d1208a9f9b59de2891e05ac6bd86e;3941917195;1;953;reverse;2025-04;ok;;953;True;True;exact_file_copy;BASH_REV_2025-04_00127.csv
BASH_REV_2025-05_00117.xlsx;XLSX;2356961;b80412f333d38b96372bc9e35c4834299ce2ad3e51f44ad7217125b6f8a6deab;145226160;1;1000;reverse;2025-05;ok;;1000;True;True;exact_file_copy;BASH_REV_2025-05_00117.csv
BASH_REV_2025-05_00118.xlsx;XLSX;2355543;7ccc599d4d80d6704525400ef9c366f630eb46409bc79d7c7fe7e0a4a53b5770;1033397055;1;1000;reverse;2025-05;ok;;1000;True;True;exact_file_copy;BASH_REV_2025-05_00118.csv
BASH_REV_2025-05_00119.xlsx;XLSX;2374725;c48347914d0a8c42014fcc8e50975d789247080da6cd3e84347c18488dce95b3;528286568;1;1000;reverse;2025-05;ok;;1000;True;True;exact_file_copy;BASH_REV_2025-05_00119.csv
BASH_REV_2025-05_00120.xlsx;XLSX;2399668;2c9fdc6adfc97473f597dcaed58f04de5ca351f7c97050f083a59a0e3638e3c2;2440212189;1;1000;reverse;2025-05;ok;;1000;True;True;exact_file_copy;BASH_REV_2025-05_00120.csv
BASH_REV_2025-05_00121.xlsx;XLSX;352070;ded6978f70ca4281d473e6469ecd8343f1db082a5f7db965a4db875a6156479b;571132855;1;142;reverse;2025-05;ok;;142;True;True;exact_file_copy;BASH_REV_2025-05_00121.csv
BASH_REV_2025-06_00111.xlsx;XLSX;2367137;6b0508b88cb3049ac99de4c751e8b428a82ef1fa2e1d15da00e5b6f6a1f7c5f3;2775218851;1;1000;reverse;2025-06;ok;;1000;True;True;exact_file_copy;BASH_REV_2025-06_00111.csv
BASH_REV_2025-06_00112.xlsx;XLSX;2414848;adb15d2b846fec32adbfd7098775563c946957c2a53d651fdbb84aff25d245cb;1267378666;1;1000;reverse;2025-06;ok;;1000;True;True;exact_file_copy;BASH_REV_2025-06_00112.csv
BASH_REV_2025-06_00113.xlsx;XLSX;2462444;a4dad779d78f0ac740fcaf80cae8386ee22df3bcb0c78b56a79cff66aa6bd305;2097632384;1;1000;reverse;2025-06;ok;;1000;True;True;exact_file_copy;BASH_REV_2025-06_00113.csv
BASH_REV_2025-06_00114.xlsx;XLSX;2425712;87305ed2c2b97bfb7b6f41a8b8d10b936933e2158e9143c75a3cc0a230867696;4036874425;1;1000;reverse;2025-06;ok;;1000;True;True;exact_file_copy;BASH_REV_2025-06_00114.csv
BASH_REV_2025-06_00115.xlsx;XLSX;2357983;ebb27ced1f6fd0f556675c6ac858d6a9a48c85c6b0e1c3bd3e2f85009e249f4b;1347873710;1;1000;reverse;2025-06;ok;;1000;True;True;exact_file_copy;BASH_REV_2025-06_00115.csv
BASH_REV_2025-06_00116.xlsx;XLSX;484533;0ed7707115068ad86f2f740a0500fd447c8859d4cafbffc136e35ebf61d5cfb9;2352644553;1;202;reverse;2025-06;ok;;202;True;True;exact_file_copy;BASH_REV_2025-06_00116.csv
BASH_REV_2025-07_00104.xlsx;XLSX;2460746;42ad41ef0e1cc6df45c4e88e677ad7e1e65a02074619891ac6d7cbde790b8cb2;3909627636;1;1000;reverse;2025-07;ok;;;not_available;not_available;exact_file_copy;
BASH_REV_2025-07_00105.xlsx;XLSX;2462981;efeb079a4da65098d6fd2f2ca02c150d11cf8d827d6584f96447e661420427f4;4282705602;1;1000;reverse;2025-07;ok;;;not_available;not_available;exact_file_copy;
BASH_REV_2025-07_00106.xlsx;XLSX;2457143;f23f018a7733b4d827f1dbe8d120686ebc213dc9f8e817aa8864253fcfb611e9;4002056792;1;1000;reverse;2025-07;ok;;;not_available;not_available;exact_file_copy;
BASH_REV_2025-07_00107.xlsx;XLSX;2460342;cd61664887eb5c47dca29d1fcad38dba4fccfaf7a61dbad7821255c5168c9249;3710642900;1;1000;reverse;2025-07;ok;;;not_available;not_available;exact_file_copy;
BASH_REV_2025-07_00108.xlsx;XLSX;2451986;bd928a5963e75a2a3802f29cfcbf42aa064b03e09599132627805f3a7eb05c33;3259834502;1;1000;reverse;2025-07;ok;;;not_available;not_available;exact_file_copy;
BASH_REV_2025-07_00109.xlsx;XLSX;2454669;84633bb35606bc43d4e4ed21f5eafa4eb7c2d3c338f57b620b433f9b0058d0a1;2856717685;1;1000;reverse;2025-07;ok;;;not_available;not_available;exact_file_copy;
BASH_REV_2025-07_00110.xlsx;XLSX;896581;57ab2a6cd0dfab5cfa0d62629927e4ee079e648a8fd2f1fbb10f5ed408e7b340;129922043;1;367;reverse;2025-07;ok;;367;True;True;exact_file_copy;BASH_REV_2025-07_00110.csv
BASH_REV_2025-08_00098.xlsx;XLSX;2377442;e810c026c5b28e97e494ca8f732a53775a6a2ac11fed2fc3e4475cdb3917c3ae;1043107068;1;1000;reverse;2025-08;ok;;;not_available;not_available;exact_file_copy;
BASH_REV_2025-08_00099.xlsx;XLSX;2428064;a97a38236fd133b2261a4ec785fee09a9cbee10e48f98aae6a35fd1a95240c67;5860781;1;1000;reverse;2025-08;ok;;;not_available;not_available;exact_file_copy;
BASH_REV_2025-08_00100.xlsx;XLSX;2434059;4de834ba16b57090f9fe5b08a9e2a09abb56eff610311117ac86c326ee00da62;1847526740;1;1000;reverse;2025-08;ok;;;not_available;not_available;exact_file_copy;
BASH_REV_2025-08_00101.xlsx;XLSX;2505015;3e74f0438141766bc414eda04f760a4fb00b53c3d10222e13705bef40e6d1813;712170275;1;1000;reverse;2025-08;ok;;;not_available;not_available;exact_file_copy;
BASH_REV_2025-08_00102.xlsx;XLSX;2530270;0f5fc7eb66728bdb25084ec91fbc1bc600538899ce4f996a8ebdadf06e646ef0;893621466;1;1000;reverse;2025-08;ok;;;not_available;not_available;exact_file_copy;
BASH_REV_2025-08_00103.xlsx;XLSX;430096;d97f237c8e63a01ea90cae5f7971a109f22000bf1dbd14448a4b52c06e01a1ac;684781617;1;164;reverse;2025-08;ok;;;not_available;not_available;exact_file_copy;
BASH_REV_2025-09_00092.xlsx;XLSX;2390943;e1088746e5bc53fefcfc0568980d3e1b3d55853a8309a41ca53b0c533a1c3a52;996602346;1;1000;reverse;2025-09;ok;;;not_available;not_available;exact_file_copy;
BASH_REV_2025-09_00093.xlsx;XLSX;2380180;10235df43e241d141568970062a19ec2c861261d49e10ab40beaa4795b2cf28d;2255449664;1;1000;reverse;2025-09;ok;;;not_available;not_available;exact_file_copy;
BASH_REV_2025-09_00094.xlsx;XLSX;2443805;9c7230358d7825e073976842cd4992ad28a69b3efb6c378998b96c4d8f3d1a93;2811879585;1;1000;reverse;2025-09;ok;;;not_available;not_available;exact_file_copy;
BASH_REV_2025-09_00095.xlsx;XLSX;2454603;68c36dad29e0d1bbea0f5b111c5d210435915fb94c36a87949ce792958564b92;1683056522;1;1000;reverse;2025-09;ok;;;not_available;not_available;exact_file_copy;
BASH_REV_2025-09_00096.xlsx;XLSX;2568071;a7a49bf136f93151c8f47792ab0e4286e5542726fc6627cd0315ba6ed62e8eb1;3228856274;1;1000;reverse;2025-09;ok;;;not_available;not_available;exact_file_copy;
BASH_REV_2025-09_00097.xlsx;XLSX;870859;777016fd1951e2ffa6b0770ae541fcaa50e3271baa381aa236591b06bc126719;1069669324;1;336;reverse;2025-09;ok;;;not_available;not_available;exact_file_copy;
BASH_REV_2025-10_00087.xlsx;XLSX;2303987;78c2d6d09f7ff9988ae14f1da778ab1b1d146c62bb92bd57769f5b8eb63b8954;3908041767;1;1000;reverse;2025-10;ok;;;not_available;not_available;exact_file_copy;
BASH_REV_2025-10_00088.xlsx;XLSX;2317989;9f8854a28fbb1375fb24f723cf09f58b3b7da87aee15819a0491c4241af89c43;2884043423;1;1000;reverse;2025-10;ok;;;not_available;not_available;exact_file_copy;
BASH_REV_2025-10_00089.xlsx;XLSX;2330783;09f046483afdc93b5e11bf7c71b7cc67e04d820c4a726b2fa832745e1d462d24;133451371;1;1000;reverse;2025-10;ok;;;not_available;not_available;exact_file_copy;
BASH_REV_2025-10_00090.xlsx;XLSX;2315050;925cc59a0e0202d11ebdb3c39d153620a8b8df1777ebd526b32000ff6f6b9c4e;3019237167;1;1000;reverse;2025-10;ok;;;not_available;not_available;exact_file_copy;
BASH_REV_2025-10_00091.xlsx;XLSX;1800268;e0dc4ddb7a49cf6aa1c0c1e5186048ae26dc88fa75b4ad4b8206ce21be64b549;3980822656;1;767;reverse;2025-10;ok;;;not_available;not_available;exact_file_copy;
BASH_REV_2025-11_00081.xlsx;XLSX;2339039;6633ca2aa6591d5063095067d4645c4c1696ce79bdf51ca716287ef1842afe8b;4126211743;1;1000;reverse;2025-11;ok;;;not_available;not_available;exact_file_copy;
BASH_REV_2025-11_00082.xlsx;XLSX;2316553;4a71a2b7dda959b4c7c65cc932dee82927662dc0d3d227906a9bd40595c4886a;2529015483;1;1000;reverse;2025-11;ok;;;not_available;not_available;exact_file_copy;
BASH_REV_2025-11_00083.xlsx;XLSX;2309733;5beb6f8b213ac445f243bc4685ab252a71d8a4c7f659e54679b7cd34d8924b3f;2008518905;1;1000;reverse;2025-11;ok;;;not_available;not_available;exact_file_copy;
BASH_REV_2025-11_00084.xlsx;XLSX;2297023;086eee2efb21f919663a3b9e3e2c15c6ed25fed2e89d884e7ed3a709657b5e34;1709987758;1;1000;reverse;2025-11;ok;;;not_available;not_available;exact_file_copy;
BASH_REV_2025-11_00085.xlsx;XLSX;2354100;5eaad0aeeeab9f64d0e753996c4f36757215360284effd5bc6d69c50a6a6627a;4089075637;1;1000;reverse;2025-11;ok;;;not_available;not_available;exact_file_copy;
BASH_REV_2025-11_00086.xlsx;XLSX;867793;3aad48573bef40c5a1932fc56b76ffda4ed35677f4fb28b5cab7d553342bec3c;4183683827;1;364;reverse;2025-11;ok;;;not_available;not_available;exact_file_copy;
BASH_REV_2025-12_00070.xlsx;XLSX;2284850;27a3e99f1a42c007587b5cb49dfea45b189ed71834d06aa1d2bdd9f52bbb8a7f;1463104263;1;1000;reverse;2025-12;ok;;;not_available;not_available;exact_file_copy;
BASH_REV_2025-12_00071.xlsx;XLSX;2286520;c7a1c9508a5776f7e0d24ac9d68f803272950ae0c8dbb43470f654c401ee6c10;2213000124;1;1000;reverse;2025-12;ok;;;not_available;not_available;exact_file_copy;
BASH_REV_2025-12_00072.xlsx;XLSX;2286597;80e4a526b21431b8cca7975520e673c5e1d1e86abb1d913c7be37e1832485c10;3266438641;1;1000;reverse;2025-12;ok;;;not_available;not_available;exact_file_copy;
BASH_REV_2025-12_00073.xlsx;XLSX;2331127;8435e6bb7a07be9688baef628c32867788fadc6047c6867266be397bee018a3e;1793755958;1;1000;reverse;2025-12;ok;;;not_available;not_available;exact_file_copy;
BASH_REV_2025-12_00074.xlsx;XLSX;2289180;0b4f3d02eb14ae8a405dbf413f8ba7c8b5cc27c9e46714adf946424343775fb8;1249748312;1;1000;reverse;2025-12;ok;;;not_available;not_available;exact_file_copy;
BASH_REV_2025-12_00075.xlsx;XLSX;2278241;c8ff40a9fbeb35fb5780d8c40c59b8ebe45e7f3841f8f30ed83faafdd777a104;242663029;1;1000;reverse;2025-12;ok;;;not_available;not_available;exact_file_copy;
BASH_REV_2025-12_00076.xlsx;XLSX;2323026;136a721ba70678ea144a76690375b29a9fa0cd350835ad940337bc18cec532d9;2496834395;1;1000;reverse;2025-12;ok;;;not_available;not_available;exact_file_copy;
BASH_REV_2025-12_00077.xlsx;XLSX;2316640;802b4367c75e9b9e19f6ca30ac816317cb9b40293b3a130b6ed6a466550d73ac;1254413017;1;1000;reverse;2025-12;ok;;;not_available;not_available;exact_file_copy;
BASH_REV_2025-12_00078.xlsx;XLSX;2287194;f2b1f928770cd0cc23bf096ab7afd5d666fdda73bba30b6ef388057eb8c8dfe5;848352457;1;1000;reverse;2025-12;ok;;;not_available;not_available;exact_file_copy;
BASH_REV_2025-12_00079.xlsx;XLSX;2293656;cadf5cbfbc27665eeeed3861527b3aa4658494b95eaedcdadbcb08b75f6d1056;2320823175;1;1000;reverse;2025-12;ok;;;not_available;not_available;exact_file_copy;
BASH_REV_2025-12_00080.xlsx;XLSX;1300904;afd6b0df977693e3a7d923265ed8f6eefeca28c44ee27455f24c04b4678688aa;1292932251;1;541;reverse;2025-12;ok;;;not_available;not_available;exact_file_copy;
BASH_REV_2026-01_00059.xlsx;XLSX;2238089;2e81440ee7522b04f48e8a4c112a9828e1e173686229745a551cab80f873af9e;594924368;1;1000;reverse;2026-01;ok;;;not_available;not_available;exact_file_copy;
BASH_REV_2026-01_00060.xlsx;XLSX;2220060;c35927a05bb90510902a10a11b43998296b3f0df77b806a1554decb529d30142;2072170861;1;1000;reverse;2026-01;ok;;;not_available;not_available;exact_file_copy;
BASH_REV_2026-01_00061.xlsx;XLSX;2243014;8f5af1e35590bc85210b09a010636983a1869fd7d32865343ca2a4c72f7785a2;3884167332;1;1000;reverse;2026-01;ok;;;not_available;not_available;exact_file_copy;
BASH_REV_2026-01_00062.xlsx;XLSX;2277867;d4e66eeedd7455be859951db18518f592da97354c4248a7c19ca20de9c054dab;821780188;1;1000;reverse;2026-01;ok;;;not_available;not_available;exact_file_copy;
BASH_REV_2026-01_00063.xlsx;XLSX;2229859;5ea2529bf88991d07563fbeee7739d8a639b939df3098840485449335b96e9f7;1945464934;1;1000;reverse;2026-01;ok;;;not_available;not_available;exact_file_copy;
BASH_REV_2026-01_00064.xlsx;XLSX;2203548;58252784a27141ce9ed3a92470e7b1a2218ad85e6e48786bf9fd364f2f06af36;765156007;1;1000;reverse;2026-01;ok;;;not_available;not_available;exact_file_copy;
BASH_REV_2026-01_00065.xlsx;XLSX;2209360;76565e120beef8efc62db102c0165585723c0c37e7d9f69c944c7ee62089034b;1952857035;1;1000;reverse;2026-01;ok;;;not_available;not_available;exact_file_copy;
BASH_REV_2026-01_00066.xlsx;XLSX;2214290;0a1e69299a315797e282d21b3d8e74efcd40ddc12ded228c0bab3c00f9cc9c5c;719571565;1;1000;reverse;2026-01;ok;;;not_available;not_available;exact_file_copy;
BASH_REV_2026-01_00067.xlsx;XLSX;2233338;4200e46ac46b02bd2ceaa6346809880fc7d62e44ec3e5be4dc021755aeb0070c;3626531865;1;1000;reverse;2026-01;ok;;;not_available;not_available;exact_file_copy;
BASH_REV_2026-01_00068.xlsx;XLSX;2232822;d7097039cb61e71493a63b62592b76b15368f3276044ab0c5b30240b07a7efbe;167773405;1;1000;reverse;2026-01;ok;;;not_available;not_available;exact_file_copy;
BASH_REV_2026-01_00069.xlsx;XLSX;636661;301ff475a86e90cd474fed966c49a56f677da993f7fc31887c454de64b600517;1550846909;1;291;reverse;2026-01;ok;;;not_available;not_available;exact_file_copy;
BASH_REV_2026-02_00052.xlsx;XLSX;2324420;4334044e0850f439e0b3c2aacb83c5a10458a7ce7bc39126f777d5bcdc21b3b8;667603746;1;1000;reverse;2026-02;ok;;;not_available;not_available;exact_file_copy;
BASH_REV_2026-02_00053.xlsx;XLSX;2370245;c8a3e429733af74c29fe6d8d5831d707da51f0471357bc0d4ac5cf7f23ee89d8;52159829;1;1000;reverse;2026-02;ok;;;not_available;not_available;exact_file_copy;
BASH_REV_2026-02_00054.xlsx;XLSX;2327142;a226d1e2331fd991c2fe6d830152f9ce6b991c1928435e563b0d4915a696ca4e;1121252945;1;1000;reverse;2026-02;ok;;;not_available;not_available;exact_file_copy;
BASH_REV_2026-02_00055.xlsx;XLSX;2279398;62d1412bc278be94758aea238d2c8337fd686f1eac9134b43aba2898871a1db4;2859596887;1;1000;reverse;2026-02;ok;;;not_available;not_available;exact_file_copy;
BASH_REV_2026-02_00056.xlsx;XLSX;2285165;e7071a6bb41c4beec9668f3d5972c1f96c6801eaf457c047a9f5fbbb385c6b4f;2245194496;1;1000;reverse;2026-02;ok;;;not_available;not_available;exact_file_copy;
BASH_REV_2026-02_00057.xlsx;XLSX;2254476;38c73e5996a456880a0e3dc9d99515e3c8128138a9206ce2eb01fec2f3c8efdf;1033246618;1;1000;reverse;2026-02;ok;;;not_available;not_available;exact_file_copy;
BASH_REV_2026-02_00058.xlsx;XLSX;1929186;eeb5196607523ce2b56b55f3a9082b7cda547014a5a93094c2ba4c754574f1ce;2502894036;1;849;reverse;2026-02;ok;;;not_available;not_available;exact_file_copy;
BASH_REV_2026-03_00045.xlsx;XLSX;2328536;d47883071754d8bb4f8bad24610a7de21a1e2d9bfd6c123fa368de6939474837;14155038;1;1000;reverse;2026-03;ok;;;not_available;not_available;exact_file_copy;
BASH_REV_2026-03_00046.xlsx;XLSX;2350364;e5fd632c24d92ad8101ccbcd3e821ca1c3f32ad0f9eb4b4e5233930290a93644;1572976689;1;1000;reverse;2026-03;ok;;;not_available;not_available;exact_file_copy;
BASH_REV_2026-03_00047.xlsx;XLSX;2339826;efce514a65bf28a0d5fd3fb863d4c57f01132fa3fbfd90603094d4658e120187;2994980961;1;1000;reverse;2026-03;ok;;;not_available;not_available;exact_file_copy;
BASH_REV_2026-03_00048.xlsx;XLSX;2329571;15a00b28406e689d7848da2f8e0fe213c2a2e82b779ea4109c184e8297a57714;2682396898;1;1000;reverse;2026-03;ok;;;not_available;not_available;exact_file_copy;
BASH_REV_2026-03_00049.xlsx;XLSX;2373908;b99fd0385eef0c687565fa8392c3a64dbeb3fdbcf80b63d95535cc533cec14ac;1581306105;1;1000;reverse;2026-03;ok;;;not_available;not_available;exact_file_copy;
BASH_REV_2026-03_00050.xlsx;XLSX;2333167;ffe5cb66b1c78f474f91847f8026ddbbfa853bca0ee0bd1bdc9702d4a8c72f2d;476722624;1;1000;reverse;2026-03;ok;;;not_available;not_available;exact_file_copy;
BASH_REV_2026-03_00051.xlsx;XLSX;397766;c8765c4b48eb35c19b908ede28f14ffc1efbfa2495cef60bb97ee05591ecde44;2477587556;1;166;reverse;2026-03;ok;;;not_available;not_available;exact_file_copy;
BASH_REV_2026-04_00036.xlsx;XLSX;2310359;08857b8fb688682e82fad1a20d54485dd689ac5b7e42427dc1d11bdf3b0f0991;2108655546;1;1000;reverse;2026-04;ok;;;not_available;not_available;exact_file_copy;
BASH_REV_2026-04_00037.xlsx;XLSX;2347831;c436f94729882a115784a3b4c71d40f3084134e9e60b10bfa4b439932c848a94;2414422205;1;1000;reverse;2026-04;ok;;;not_available;not_available;exact_file_copy;
BASH_REV_2026-04_00038.xlsx;XLSX;2323679;47cbe8a1fff11add005a88e3b7ad93e6c16906ff3af2db7b1d9b9d8b21c43d80;1978256501;1;1000;reverse;2026-04;ok;;;not_available;not_available;exact_file_copy;
BASH_REV_2026-04_00039.xlsx;XLSX;2340006;2f09ce1de7bf97cc138fe0c3013876e58a5ca058785e4aaee93293c0a45bfbd9;1666331755;1;1000;reverse;2026-04;ok;;;not_available;not_available;exact_file_copy;
BASH_REV_2026-04_00040.xlsx;XLSX;2341486;ee6bea9564094c59f948941094396a3b69207482e688cc9cc51126b01484faa5;2949509292;1;1000;reverse;2026-04;ok;;;not_available;not_available;exact_file_copy;
BASH_REV_2026-04_00041.xlsx;XLSX;2383371;46b5dfa51c2569a682ce030c8befe8cbe5453347ae8118be62e9fc47408767cc;1852658395;1;1000;reverse;2026-04;ok;;;not_available;not_available;exact_file_copy;
BASH_REV_2026-04_00042.xlsx;XLSX;2340050;c8f50306a231e862d117040b1436f6d17b2ccef35f8a96384490e68d254ad5ea;1870825779;1;1000;reverse;2026-04;ok;;;not_available;not_available;exact_file_copy;
BASH_REV_2026-04_00043.xlsx;XLSX;2312450;48ef596da8e01bfab1255420f68750846542ba9a6edf83d2e5c4e79045d64968;3013763085;1;1000;reverse;2026-04;ok;;;not_available;not_available;exact_file_copy;
BASH_REV_2026-04_00044.xlsx;XLSX;1256908;68e54b6f236acf531f632d6b6f90d1e7aac04daa62e7f43dc8e5f79b22a978f2;3506317290;1;534;reverse;2026-04;ok;;;not_available;not_available;exact_file_copy;
BASH_REV_2026-05_00029.xlsx;XLSX;2317699;24db78060995c17e69fbaa38a6b9c8e9bd77be25adcf8915c9a9c1de0fe07d8c;2766729589;1;1000;reverse;2026-05;ok;;;not_available;not_available;exact_file_copy;
BASH_REV_2026-05_00030.xlsx;XLSX;2355684;af12263da6ea6bfea2e8a8903be407885bbb6a5323b60bcde5f8dbc3af384745;1722133882;1;1000;reverse;2026-05;ok;;;not_available;not_available;exact_file_copy;
BASH_REV_2026-05_00031.xlsx;XLSX;2318959;b7bffefb2a591ba64d00938ce19131425226725ca70020779bc800edd16bad8b;3335122110;1;1000;reverse;2026-05;ok;;;not_available;not_available;exact_file_copy;
BASH_REV_2026-05_00032.xlsx;XLSX;2359387;1f2c77196321632b76768bca08cde9e5e9cccdf691e5c570b7b7b3c6ae7902e8;2607039677;1;1000;reverse;2026-05;ok;;;not_available;not_available;exact_file_copy;
BASH_REV_2026-05_00033.xlsx;XLSX;2346572;dfce3e70daaafce84b466eb796d53babc12b286b3fc5a277b95de71d6c483731;2291594445;1;1000;reverse;2026-05;ok;;;not_available;not_available;exact_file_copy;
BASH_REV_2026-05_00034.xlsx;XLSX;2330400;ecad9a3fa07f8c9930fb6776a964b5138ae07abdc9985f4aeaa8cfa7ad0c016b;3945180885;1;1000;reverse;2026-05;ok;;;not_available;not_available;exact_file_copy;
BASH_REV_2026-05_00035.xlsx;XLSX;2283759;864c179ee8e1eb62c10992526bd403cdecb1b5323daee07a2bd406c606541358;1546249548;1;974;reverse;2026-05;ok;;;not_available;not_available;exact_file_copy;
BASH_REV_2026-06_00020.xlsx;XLSX;2307741;ac2a228480bdc8d664bc552fa1fcbc41ec4bc6576dc6f53c03a730aad9e0c026;3524409879;1;1000;reverse;2026-06;ok;;;not_available;not_available;exact_file_copy;
BASH_REV_2026-06_00021.xlsx;XLSX;2315630;dace91889902631ea98093a7f7d105fb29e7d7b11f7526bd406fb96f22b9ac66;2021434701;1;1000;reverse;2026-06;ok;;;not_available;not_available;exact_file_copy;
BASH_REV_2026-06_00022.xlsx;XLSX;2298131;a5ff0de440c158e29c2bcb72a607581d04ee246cf7cb040d1371ab721abaa92d;4201573701;1;1000;reverse;2026-06;ok;;;not_available;not_available;exact_file_copy;
BASH_REV_2026-06_00023.xlsx;XLSX;2322478;fb594d7322aaf770f0e3a56f749c3cfd6a00d63bbf64f4509429291286f05fb0;130292569;1;1000;reverse;2026-06;ok;;;not_available;not_available;exact_file_copy;
BASH_REV_2026-06_00024.xlsx;XLSX;2314306;7c80fac80419d85362697ec86ba143d1b6fc0e62a14a7905e86b7361e7f79439;3536686837;1;1000;reverse;2026-06;ok;;;not_available;not_available;exact_file_copy;
BASH_REV_2026-06_00025.xlsx;XLSX;2297009;5e56e5e861b1bdace8c17a2b6d3d9fcacbc108fdf68fed0fb5e7f483de67a8b1;3617173349;1;1000;reverse;2026-06;ok;;;not_available;not_available;exact_file_copy;
BASH_REV_2026-06_00026.xlsx;XLSX;2331009;0ef65d9d1ef68b9356de11b488859cce73c7fd7cb6c9fc6568aaac7964e5af5d;1187595716;1;1000;reverse;2026-06;ok;;;not_available;not_available;exact_file_copy;
BASH_REV_2026-06_00027.xlsx;XLSX;2293881;32f53ec73748792c614e1647d71946508c4008b9b1d76d9ecc7c239695dc070b;1552540290;1;1000;reverse;2026-06;ok;;;not_available;not_available;exact_file_copy;
BASH_REV_2026-06_00028.xlsx;XLSX;556992;6f7bc3c050f1dce7f7eb7b57a4dbea20937888e49a2ff8fa21ae84e77cc23558;1527067918;1;234;reverse;2026-06;ok;;;not_available;not_available;exact_file_copy;
BASH_REV_2026-07_00013.xlsx;XLSX;2286671;633d079d07a3340c0fe62478d50707d2c625cb2f0132a06e99721879b56b5d11;3381123389;1;1000;reverse;2026-07;ok;;;not_available;not_available;exact_file_copy;
BASH_REV_2026-07_00014.xlsx;XLSX;2333194;378908eae77b3cd5da08db6e5e06b7442d1dd8041b4b24ea473ea8db4c07498c;3880880130;1;1000;reverse;2026-07;ok;;;not_available;not_available;exact_file_copy;
BASH_REV_2026-07_00015.xlsx;XLSX;2351683;bec029118550c72723969dbaf2ac375b66de8edff4cfa29837d1a142908ac97f;582965307;1;1000;reverse;2026-07;ok;;;not_available;not_available;exact_file_copy;
BASH_REV_2026-07_00016.xlsx;XLSX;2296770;9d9b3f9b252d596b692c6e22bf055dc1fc31f39c98c66492aa2333c73bebdb5e;195370953;1;1000;reverse;2026-07;ok;;;not_available;not_available;exact_file_copy;
BASH_REV_2026-07_00017.xlsx;XLSX;2316246;de54c4b1e662dff9259b83e972ac861242ba5c87da58ba79498561bfedbb7c65;1963634995;1;1000;reverse;2026-07;ok;;;not_available;not_available;exact_file_copy;
BASH_REV_2026-07_00018.xlsx;XLSX;2350195;e9a737ee402de3d8c9210c928cdbc176e7bf048d9642c57b005e5f75936dc815;3679529282;1;1000;reverse;2026-07;ok;;;not_available;not_available;exact_file_copy;
BASH_REV_2026-07_00019.xlsx;XLSX;928666;c07bad60ee8d0e2a7b38cd46c78558f381a77830602cdf4913f37712050eba56;3051869055;1;394;reverse;2026-07;ok;;;not_available;not_available;exact_file_copy;
BASH_REV_2026-08_00007.xlsx;XLSX;2286861;3b17e6ca4ced5bb6b7c18cff6f16ac47e332f60e6346e7d20a16c4feb5bbefd8;2154429452;1;1000;reverse;2026-08;ok;;;not_available;not_available;exact_file_copy;
BASH_REV_2026-08_00008.xlsx;XLSX;2307566;6c776c742b5dd270159834e96a8e15dcf552c57d83a6271fefeea22922d2dafc;3224731329;1;1000;reverse;2026-08;ok;;;not_available;not_available;exact_file_copy;
BASH_REV_2026-08_00009.xlsx;XLSX;2332973;afed0a4b6c942ab3c4e588ee15f2cae022db6a145ac999a1640bcda0433a8da6;529439861;1;1000;reverse;2026-08;ok;;;not_available;not_available;exact_file_copy;
BASH_REV_2026-08_00010.xlsx;XLSX;2330137;de1ad2425b3164736b5c47ef5e80782c24ff38aac8010334186ff8768fd7e453;3385112688;1;1000;reverse;2026-08;ok;;;not_available;not_available;exact_file_copy;
BASH_REV_2026-08_00011.xlsx;XLSX;2332801;5afcba4ef154aa97822519e01648d2a577f35319de522455d4c6168892d8f37c;1341255851;1;1000;reverse;2026-08;ok;;;not_available;not_available;exact_file_copy;
BASH_REV_2026-08_00012.xlsx;XLSX;416802;609cd9599d9aae0a7366b5671ed1126f8d175ad167784141c46aa668646994da;2165134641;1;175;reverse;2026-08;ok;;;not_available;not_available;exact_file_copy;
BASH_REV_2026-09_00002.xlsx;XLSX;2300884;4181f6c2c1c2d6d95ebc979a4a2f04161906fad20b6b88dd957e54392f43fbee;2990849901;1;1000;reverse;2026-09;ok;;;not_available;not_available;exact_file_copy;
BASH_REV_2026-09_00003.xlsx;XLSX;2317630;3805b8f470996ffb71c767b812cdafe9ddae5dd67021d3062e1f69435b2aebd0;1347450589;1;1000;reverse;2026-09;ok;;;not_available;not_available;exact_file_copy;
BASH_REV_2026-09_00004.xlsx;XLSX;2315301;58dc8902bec9464e9416480a951700792b407f873f3ba9146edd29e9d30f9c8c;1815652599;1;1000;reverse;2026-09;ok;;;not_available;not_available;exact_file_copy;
BASH_REV_2026-09_00005.xlsx;XLSX;2291794;0872a69cd1d4c3349d81edfa524155c94ee0ee023c4b2992f1c48088881e43bf;3803558153;1;1000;reverse;2026-09;ok;;;not_available;not_available;exact_file_copy;
BASH_REV_2026-09_00006.xlsx;XLSX;1244207;44665c6391419dc68e01d0ca1321613e502c49a88f2fd2c39af20438afaddcc9;2199541285;1;547;reverse;2026-09;ok;;;not_available;not_available;exact_file_copy;
BASH_REV_2026-10_00001.xlsx;XLSX;1718187;ac0b7a876e19399ecab9b8445f1f83e19e6661dee17cf08c52a9782b1d81f377;2917457160;1;745;reverse;2026-10;ok;;;not_available;not_available;exact_file_copy;
BASH_2025-05_00272_ids.json;JSON;15183;0b6cdf2f3260006dc97c4b8872bc29edf32b549313b78bc6d3b0b85434f92fc6;2760310965;0;;forward;2025-05;ok;;;;;part_metadata_or_progress;
BASH_2025-05_00273.csv;CSV;134286;4bac2fd4e5fd2966f298f224a1fb673e6b7f506224a5da7c232eb173bbc578e4;1883928648;0;142;forward;2025-05;ok;;;;;mirror;
BASH_2025-05_00273_ids.json;JSON;3169;c51173f23d836eab96f03a7df51a155784b61e629dd7e71a8e637c60995ae5cb;3068441298;0;;forward;2025-05;ok;;;;;part_metadata_or_progress;
BASH_2025-06_00274.csv;CSV;891631;b1ca7c8c0ec23ac96677ea0419aaae87b8634456b7a7f6a9ec61949d3b5588fa;1697876539;0;1000;forward;2025-06;ok;;;;;mirror;
BASH_2025-06_00274_ids.json;JSON;15184;34fea4ea5d6cb38e5745d7a87d9888b715fa8a72c6df2ecc3343d6d8a1f153bc;684187121;0;;forward;2025-06;ok;;;;;part_metadata_or_progress;
BASH_2025-06_00275.csv;CSV;938734;2d6313e1fe599a189717312966c5f1c32c3942a37d2f435d1cb3ce1731cd530c;3066502255;0;1000;forward;2025-06;ok;;;;;mirror;
BASH_2025-06_00275_ids.json;JSON;15184;b42705996dd538106995a423edd83ba6e4f783d7889dadd9a5b39af21c7a6db1;1561826961;0;;forward;2025-06;ok;;;;;part_metadata_or_progress;
BASH_2025-06_00276.csv;CSV;986994;cf4fd6844266dfd4f3e666338bbd7067caf467ad53ca055a0101dde805bc773b;3120547852;0;1000;forward;2025-06;ok;;;;;mirror;
BASH_2025-06_00276_ids.json;JSON;15184;06b1312203b7b466af481850994ba9477709a8b4d2e9caa81502b95943b88a8c;4007446893;0;;forward;2025-06;ok;;;;;part_metadata_or_progress;
BASH_2025-06_00277.csv;CSV;949994;1694f291ef675085ff247707424bc0c247134bd8f6afca30f40dfb9d05147322;2134136167;0;1000;forward;2025-06;ok;;;;;mirror;
BASH_2025-06_00277_ids.json;JSON;15184;0016b9404245fa14a479aed5cfeec0f0f53ed42407088256935b2575a4c5f080;4229721354;0;;forward;2025-06;ok;;;;;part_metadata_or_progress;
BASH_2025-06_00278.csv;CSV;882321;d6334fb49dfa5b0fe17ec68fd6d1e327221cf0f33e875c0f938863f12932f805;3850451689;0;1000;forward;2025-06;ok;;;;;mirror;
BASH_2025-06_00278_ids.json;JSON;15184;950b688f5f8ba1bf50851c16a79f889eeae6f8d287b7749efd5eb49c7e43926b;2330805871;0;;forward;2025-06;ok;;;;;part_metadata_or_progress;
BASH_2025-06_00279.csv;CSV;178765;4dc408ca2e19ddc640ab939b81775e603251e9e5abfa0caf7cf28c436ab791ee;2620562459;0;202;forward;2025-06;ok;;;;;mirror;
BASH_2025-06_00279_ids.json;JSON;4010;0918761752477206c4f08bb80d564c8bee66e3421c90b55f286c7dd5dec3ec46;112532184;0;;forward;2025-06;ok;;;;;part_metadata_or_progress;
BASH_2025-07_00280.csv;CSV;986780;330b42ed31cdc34caed9ee0c8be79520124ed35b02acc2ce56bbdd2375d74bb9;3410149615;0;1000;forward;2025-07;ok;;;;;mirror;
BASH_2025-07_00280_ids.json;JSON;15184;4476e5fb8a8ece4b0fa94c5392f2bd200d92f7c6c66b392b2f9020d18a43f35d;1539452655;0;;forward;2025-07;ok;;;;;part_metadata_or_progress;
BASH_2025-07_00281.csv;CSV;988107;8d65ca5d8317d05fb29ecb6bf57d5ec5e933749c2c4ab2b44cb4e517a58328ab;3983533365;0;1000;forward;2025-07;ok;;;;;mirror;
BASH_2025-07_00281_ids.json;JSON;15184;3f77ff35ca09c2025aa856b1fa272671d9b6bf570aa974914a9c2312a1a047c4;1004369977;0;;forward;2025-07;ok;;;;;part_metadata_or_progress;
BASH_2025-07_00282.csv;CSV;982413;7461d94774303230ade8412cef31eb1cbbe845337b95d869173421b6de1e6ed0;1024154788;0;1000;forward;2025-07;ok;;;;;mirror;
BASH_2025-07_00282_ids.json;JSON;15184;d2d7409130e5200068b986da9c8c40530524a006d40caaa01a6add4e0bc8b3e3;4079278165;0;;forward;2025-07;ok;;;;;part_metadata_or_progress;
BASH_2025-07_00283.csv;CSV;985576;21f09c0cd0b78f5794aeb5d146152a2037fecad731b59eaaf037d91c792c550a;575071572;0;1000;forward;2025-07;ok;;;;;mirror;
BASH_2025-07_00283_ids.json;JSON;15183;8a7d9127245558d4a5003093d2764ac3ac5954c2fec4a88e317979a986d88614;2624224315;0;;forward;2025-07;ok;;;;;part_metadata_or_progress;
BASH_2025-07_00284.csv;CSV;976260;d942f277bd565bba39bc713f2a071730f13f04cc2d9ac3100f7fbe6a55b258ff;3846756620;0;1000;forward;2025-07;ok;;;;;mirror;
BASH_2025-07_00284_ids.json;JSON;15184;c7435f9f778f3551a76b74258422d083806fab81b760ed415200a74d4958d822;3925149306;0;;forward;2025-07;ok;;;;;part_metadata_or_progress;
BASH_2025-07_00285.csv;CSV;980435;85cd9ae412ec1f0b837896d4f755d7ca1e0379cf72b3922e96837641789d19aa;2191431119;0;1000;forward;2025-07;ok;;;;;mirror;
BASH_2025-07_00285_ids.json;JSON;15184;cad7e5f0368fb5a8c770f5d81fbbffa431f90c78d9696c4a893752c00179aafd;2260935555;0;;forward;2025-07;ok;;;;;part_metadata_or_progress;
BASH_2025-07_00286.csv;CSV;348990;0cfea6e07661d7d20ffdfc0cb04c558189106d3f4367715af6e1b2f06b4f2539;3980519632;0;367;forward;2025-07;ok;;;;;mirror;
BASH_2025-07_00286_ids.json;JSON;6319;7d70e56d682ddb18f3134d77cfe7ee1ed01497ab8e7c72269f0ba7a1666e984d;1819980056;0;;forward;2025-07;ok;;;;;part_metadata_or_progress;
BASH_2025-08_00287.csv;CSV;902960;985a582855e3fb5024f957d7076146282eb9f7ff4aaf112bae023be0f93841c6;611773875;0;1000;forward;2025-08;ok;;;;;mirror;
BASH_2025-08_00287_ids.json;JSON;15183;d784aa458b703d05c7746575e11e9b261eec47d26b1ad2dbdc15b856b25567ab;2435664735;0;;forward;2025-08;ok;;;;;part_metadata_or_progress;
BASH_2025-08_00288.csv;CSV;952978;507ddcb3c55d737b8bd481985a025808a12fe9d6122b678c701940423fbd264d;1869674212;0;1000;forward;2025-08;ok;;;;;mirror;
BASH_2025-08_00288_ids.json;JSON;15181;ab071eed30d2fb7a2581be6ebe327ae035a6264cc71c75e4ba96a238404a6042;2905260689;0;;forward;2025-08;ok;;;;;part_metadata_or_progress;
BASH_2025-08_00289.csv;CSV;958385;c611f974af9e0f4f18ea4df55479e7188cdb082dd6933af5959aafcf734a6976;1364728532;0;1000;forward;2025-08;ok;;;;;mirror;
BASH_2025-08_00289_ids.json;JSON;15184;f4c0b856d25691f102427c4ffd8172b01ec8625a55cae1f4fb56daff72759534;1958179037;0;;forward;2025-08;ok;;;;;part_metadata_or_progress;
BASH_2025-08_00290.csv;CSV;1030381;ddcd0cd04073c29069ffb58bbd0d5230a4fb5e3aa10f61723ee88d42b95c56dc;3043397396;0;1000;forward;2025-08;ok;;;;;mirror;
BASH_2025-08_00290_ids.json;JSON;15184;b1e907b0876b5d45ca515395f2b394cbc9103f0ba4a0b78b698e8594c17c15e7;3963288041;0;;forward;2025-08;ok;;;;;part_metadata_or_progress;
BASH_2025-08_00291.csv;CSV;1056376;c365d7de62b122f7ec3a2ea8a3a536195cdd21dfb9201dcbbffa75785100db37;166774646;0;1000;forward;2025-08;ok;;;;;mirror;
BASH_2025-08_00291_ids.json;JSON;15183;92bac82d0dc9c9f7aa398a7ae477ee25590fd8de2ba4f4f55475b103feaf30e6;2370087830;0;;forward;2025-08;ok;;;;;part_metadata_or_progress;
BASH_2025-08_00292.csv;CSV;180330;55a6ce76058a295ae72eeadaf886cf1567e48a048bc90ccd437b6d1caf1d11ca;3091841075;0;164;forward;2025-08;ok;;;;;mirror;
BASH_2025-08_00292_ids.json;JSON;3477;1f59ed2c60699f5d3d8f694daeaadeacf7b4e24399ed8f7d32cd4652169a930c;1499571502;0;;forward;2025-08;ok;;;;;part_metadata_or_progress;
BASH_2025-09_00293.csv;CSV;915913;402f31742fff586c273b4de1d4617ff2ba3c1aa371a3c0d928c684dd99e79db9;712338648;0;1000;forward;2025-09;ok;;;;;mirror;
BASH_2025-09_00293_ids.json;JSON;15182;9b0421e00806a17bd2df2e6bce79f0ac6862b0cdfc844dc9c7be8dac652eae60;1058515659;0;;forward;2025-09;ok;;;;;part_metadata_or_progress;
BASH_2025-09_00294.csv;CSV;905182;7bf2305c3388f676c7eee82788d4614e4b680a0492e5cf3d4b5f405c9af996a7;1619678080;0;1000;forward;2025-09;ok;;;;;mirror;
BASH_2025-09_00294_ids.json;JSON;15184;61bf087f8a7758339ccd9b3440347d011777de357aee358a32201b3098c16d4f;1990445345;0;;forward;2025-09;ok;;;;;part_metadata_or_progress;
BASH_2025-09_00295.csv;CSV;968699;34d490a1905ea30ef41bdf2c3c6f875f4ff52a4e1bb5c2d8fe9c2103b1e8c924;460673302;0;1000;forward;2025-09;ok;;;;;mirror;
BASH_2025-09_00295_ids.json;JSON;15183;20a5ed4a68ec57b6edf930f214130783fb595fc0e16edbada509e4170e402178;625174160;0;;forward;2025-09;ok;;;;;part_metadata_or_progress;
BASH_2025-09_00296.csv;CSV;979981;ad14ffc6618accf2a5ce7c381a1c456713f6654e2747c71677c6ba338e35a173;3692045523;0;1000;forward;2025-09;ok;;;;;mirror;
BASH_2025-09_00296_ids.json;JSON;15184;4a6a1dbd4cff05c60d8d05a2d4a172d592ef774a497313c0c2bbd9a81a36026f;3440910407;0;;forward;2025-09;ok;;;;;part_metadata_or_progress;
BASH_2025-09_00297.csv;CSV;1094009;4cc01c44abee608325a7f9bf1aa992a8cc1a0d7685e52b9a51bce84dc92115d2;1786642924;0;1000;forward;2025-09;ok;;;;;mirror;
BASH_2025-09_00297_ids.json;JSON;15185;51471de9f638d728a48657aa288c350551c806e500fc5aa29fe47e2ba590a68e;3424172002;0;;forward;2025-09;ok;;;;;part_metadata_or_progress;
BASH_2025-09_00298.csv;CSV;369121;4168673b6ad5ef49b0fb6a8d6a3438155822f64e549a1937764de49c4bc97992;2210773038;0;336;forward;2025-09;ok;;;;;mirror;
BASH_2025-09_00298_ids.json;JSON;5886;13de21b8f6dcf817746be9cb76fec7120a8b708440eb081dca97c94b5ad89f74;2571810988;0;;forward;2025-09;ok;;;;;part_metadata_or_progress;
BASH_2025-10_00299.csv;CSV;828759;281859b577cc181fb34d3bebba744fd8d93b57d836a236007160303538821052;2403221413;0;1000;forward;2025-10;ok;;;;;mirror;
BASH_2025-10_00299_ids.json;JSON;15184;f698c6d3471fb272cea35679844ee40f67364dca83471e5bc5286deabd1a6340;1214128397;0;;forward;2025-10;ok;;;;;part_metadata_or_progress;
BASH_2025-10_00300.csv;CSV;841943;7e34b02908ce93dabe5b44f1bdc434796a5df047c887968371d68709d70bedad;1907459327;0;1000;forward;2025-10;ok;;;;;mirror;
BASH_2025-10_00300_ids.json;JSON;15184;f98cc77c5300136d6ac910eac25a965f8d97cd5b6e1f2e75f7d7b9112c644fd2;3589851552;0;;forward;2025-10;ok;;;;;part_metadata_or_progress;
BASH_2025-10_00301.csv;CSV;856326;1fc8b747ac4fa530f20c266a96c191a8bf12fae25706cce9ebfca42c03ffbccf;1666975311;0;1000;forward;2025-10;ok;;;;;mirror;
BASH_2025-10_00301_ids.json;JSON;15183;0d1e6f2a26ae880015dd127e0fd2932e35d29336e2091bb015e4a3a5d4cade12;3267010298;0;;forward;2025-10;ok;;;;;part_metadata_or_progress;
BASH_2025-10_00302.csv;CSV;840520;232c1f9cca7765ab4f37dcfef0023981c98c5eb4338c408abb298d983582b2c5;1197838785;0;1000;forward;2025-10;ok;;;;;mirror;
BASH_2025-10_00302_ids.json;JSON;15184;14f07f7dcbe79e0cc307fe15b79bf46103173fe3a3b747e6a2fa08af6340a2ae;833037185;0;;forward;2025-10;ok;;;;;part_metadata_or_progress;
BASH_2025-10_00303.csv;CSV;666805;d7f480aec20cc23d5b7b99dda88f45d3284d54bf779e374804008bafde399317;90414977;0;767;forward;2025-10;ok;;;;;mirror;
BASH_2025-10_00303_ids.json;JSON;11919;212317bb7f0006952dd6be689c585c9d3522b933e398891f09cb8ecbb262f99b;2343736183;0;;forward;2025-10;ok;;;;;part_metadata_or_progress;
BASH_2025-11_00304.csv;CSV;862931;7e305b55017d01f2802cdb9082cf93abb445fe33b4c806483034207fd9b74470;3754790212;0;1000;forward;2025-11;ok;;;;;mirror;
BASH_2025-11_00304_ids.json;JSON;15184;db499f10c18f352add61ebf841e7309b695ce5bc02e0a4a3a421450965045aa9;1209444963;0;;forward;2025-11;ok;;;;;part_metadata_or_progress;
BASH_2025-11_00305.csv;CSV;841683;fcef600f66ed36d43bf3bd0d24274e250c734e7831b85fa9e818906c8eb86747;3867897483;0;1000;forward;2025-11;ok;;;;;mirror;
BASH_2025-11_00305_ids.json;JSON;15184;f9226117b68ff7dda96f289c0c7119449fcbdd04c70254e4c4ae34bdbf086426;2458434339;0;;forward;2025-11;ok;;;;;part_metadata_or_progress;
BASH_2025-11_00306.csv;CSV;834610;62c221177433dadc4184bf824668f3eea2d32a0569d22d267f0b4e3e5cdca433;516356256;0;1000;forward;2025-11;ok;;;;;mirror;
BASH_2025-11_00306_ids.json;JSON;15183;f2332b964b8f1a315b8ebcca391b2dcd26cf44f5053833cd05092b6e3561ca94;3197839174;0;;forward;2025-11;ok;;;;;part_metadata_or_progress;
BASH_2025-11_00307.csv;CSV;821993;5ab08cd4f59e11288ea9c79d36ac265ffcd9eb1a4af30397d19f80d94d7366fe;248873727;0;1000;forward;2025-11;ok;;;;;mirror;
BASH_2025-11_00307_ids.json;JSON;15183;9e46be59f7e7b2e03dabebc8e0a1edeb7b1cde8c01df696c716125ca3a78c6c4;3303816271;0;;forward;2025-11;ok;;;;;part_metadata_or_progress;
BASH_2025-11_00308.csv;CSV;878741;bb92d2c14c39d271442169c7265d39fa670f2adcbb6f3fcd3490ed5229675d76;271237777;0;1000;forward;2025-11;ok;;;;;mirror;
BASH_2025-11_00308_ids.json;JSON;15183;2dc3989de5a143787468ad795c35aa1b33b3bce79befe8b39eebba5321dcdfba;3874376174;0;;forward;2025-11;ok;;;;;part_metadata_or_progress;
BASH_2025-11_00309.csv;CSV;324655;a9b20a3f5b09aaa805dd1d6f8cb8aed7d9524a2d2602ab36fa92efe6b9bee9eb;2326208047;0;364;forward;2025-11;ok;;;;;mirror;
BASH_2025-11_00309_ids.json;JSON;6278;07e99008e58e2b0392106850ec1c3d5447be08ef486316e49a71b710325e632f;2188038903;0;;forward;2025-11;ok;;;;;part_metadata_or_progress;
BASH_2025-12_00310.csv;CSV;807360;3503702bd6d28e526c496516f38609bd388495315076abf1d979fe172cd48b6a;3032710238;0;1000;forward;2025-12;ok;;;;;mirror;
BASH_2025-12_00310_ids.json;JSON;15184;2d6780ab4e053bcd7db34f50fd8f8d34a0a798f3016e0d9f0ec7e8169dfeed08;787855018;0;;forward;2025-12;ok;;;;;part_metadata_or_progress;
BASH_2025-12_00311.csv;CSV;810294;1400c9d97f161492879315c4353e37406aa3998da6732194a0d1f871e2d42ae8;1719459905;0;1000;forward;2025-12;ok;;;;;mirror;
BASH_2025-12_00311_ids.json;JSON;15184;3d53a9b5c1a8f7875664041c23cbfbc6ea313327f73bead2b6b79c26430a4cf0;2296955634;0;;forward;2025-12;ok;;;;;part_metadata_or_progress;
BASH_2025-12_00312.csv;CSV;809855;96e6554177edc6c129e9e73e9f559c9d96665f2b69972135c204006030864b2f;1481515801;0;1000;forward;2025-12;ok;;;;;mirror;
BASH_2025-12_00312_ids.json;JSON;15184;870ac315f2e67f38e2b282bebdc054372dc3a3eb5b795cb240a98a9ca4addaf7;3482770442;0;;forward;2025-12;ok;;;;;part_metadata_or_progress;
BASH_2025-12_00313.csv;CSV;856013;3e6451e7991f0a4790ba3529f028c29a8cbd87dccc8e5d45abc3578e8608a872;35802472;0;1000;forward;2025-12;ok;;;;;mirror;
BASH_2025-12_00313_ids.json;JSON;15182;dc640279c6dba99c4f20fd19c91ff26fd7c0e1f27c8bb1b7b9deb3c71b61b44c;3288129802;0;;forward;2025-12;ok;;;;;part_metadata_or_progress;
BASH_2025-12_00314.csv;CSV;813178;3a5c7e2ce1a00d35e161d1374836fa10c5b6e14a9024423f1600ca2fe3499a6a;2559824187;0;1000;forward;2025-12;ok;;;;;mirror;
BASH_2025-12_00314_ids.json;JSON;15184;741646fc825688e5f10bfc05aca21278586ab975bea980c8358b34f12cce34a1;626018107;0;;forward;2025-12;ok;;;;;part_metadata_or_progress;
BASH_2025-12_00315.csv;CSV;803355;1274c34f604a2a8f5d340930599567920d8095fb5227281b119b7afaf3784e03;4283953344;0;1000;forward;2025-12;ok;;;;;mirror;
BASH_2025-12_00315_ids.json;JSON;15183;d8609a5e655e55169508c1a73fac556e045532a9c59f62aa3ce6ea1549655e00;1083981473;0;;forward;2025-12;ok;;;;;part_metadata_or_progress;
BASH_2025-12_00316.csv;CSV;847772;7fc0cb9a66136c3f616bb0c7702cec8e275c9c0e77bed2cc525dd96463ce8ea2;2799426786;0;1000;forward;2025-12;ok;;;;;mirror;
BASH_2025-12_00316_ids.json;JSON;15184;642516ec98217cbbece93282c9e98efe5404cd2fbc32a3e64938975e88726af7;2550798261;0;;forward;2025-12;ok;;;;;part_metadata_or_progress;
BASH_2025-12_00317.csv;CSV;840458;0fd185dfafd1c1361160c80f9eb5b374e3df9a754ca1c576bc0b0a16ca4530e2;3771582223;0;1000;forward;2025-12;ok;;;;;mirror;
BASH_2025-12_00317_ids.json;JSON;15184;ea21b9f2bb690b105bbe4bb10149f68f517a56d64d028d00ab314fe4e1659a0d;440360516;0;;forward;2025-12;ok;;;;;part_metadata_or_progress;
BASH_2025-12_00318.csv;CSV;811340;f6724d429ff1cc192033954d4701269c9ac3f2cf4443dc9944d9d08417a1d701;3051105634;0;1000;forward;2025-12;ok;;;;;mirror;
BASH_2025-12_00318_ids.json;JSON;15183;a98b6bce296393baabe9a1efdf59a5a04638abeb16f1027b59d3de54a91f652d;2102225242;0;;forward;2025-12;ok;;;;;part_metadata_or_progress;
BASH_2025-12_00319.csv;CSV;818422;52e66f6c09e5d6ca9fc80fa96a72b1c043db02a235fbd43f64e9bb1cf184c72d;4220864543;0;1000;forward;2025-12;ok;;;;;mirror;
BASH_2025-12_00319_ids.json;JSON;15184;3d1d44b7ee6217af8785f5415ed23a1e90d940b35e3f7fa2b1875f184e0739d5;779808258;0;;forward;2025-12;ok;;;;;part_metadata_or_progress;
BASH_2025-12_00320.csv;CSV;498971;ee28e2f5912d9e90079fb02f83960d44b62ae0cfcef5177ca6c98d3b9f3700a7;361693787;0;541;forward;2025-12;ok;;;;;mirror;
BASH_2025-12_00320_ids.json;JSON;8756;02e10b77de58555f2ab033f0d769984d7d7bb73da7d0ef685f6562b916a03be8;1862089047;0;;forward;2025-12;ok;;;;;part_metadata_or_progress;
BASH_2026-01_00321.csv;CSV;760867;cf2470c1884d7c208f476e6410fce4fec3c807a057f6d584071e1297fac8691e;1724758550;0;1000;forward;2026-01;ok;;;;;mirror;
BASH_2026-01_00321_ids.json;JSON;15183;5e56a7af0ce60e9543edd0bf7efab5da3f3e24d903273fecdea11f353ff0460b;4070091181;0;;forward;2026-01;ok;;;;;part_metadata_or_progress;
BASH_2026-01_00322.csv;CSV;741094;0d776c19f6eca563c12d19555437f203b87583b4ba5200279be20228cc6ebe8b;2523521649;0;1000;forward;2026-01;ok;;;;;mirror;
BASH_2026-01_00322_ids.json;JSON;15184;5771da25b515d9ba03e5d78b60ff20202dc5c3dff1293d9b6ec36f7a9e8d3ba5;1995174314;0;;forward;2026-01;ok;;;;;part_metadata_or_progress;
BASH_2026-01_00323.csv;CSV;766040;7bd50d9b1dda92b38ebc57a40bd2db625cd9ad6b9945fcd665914e955d337f94;85210769;0;1000;forward;2026-01;ok;;;;;mirror;
BASH_2026-01_00323_ids.json;JSON;15182;48a2cdba82cf23a72e6ab7fb6f8d55dc5c7b77f2e2e7c13364e7351a69cd360a;4063579286;0;;forward;2026-01;ok;;;;;part_metadata_or_progress;
BASH_2026-01_00324.csv;CSV;801717;4d5f4ae8eac04c4a6fdb04020abae10d8144982ed90778c93adb182d7b45e30f;1965791422;0;1000;forward;2026-01;ok;;;;;mirror;
BASH_2026-01_00324_ids.json;JSON;15183;2abe9184ebe84f19247d855e9cbba704be16e0ec09f5b7d617b5fd49636743fe;231935918;0;;forward;2026-01;ok;;;;;part_metadata_or_progress;
BASH_2026-01_00325.csv;CSV;754181;50905e68aeba5025a15386f1ed4da33e18fe826b08fa70b5cb0dd4016799b08b;1499476689;0;1000;forward;2026-01;ok;;;;;mirror;
BASH_2026-01_00325_ids.json;JSON;15184;1f4070c26395e50be2e85529f7d6889c8f32e72553cb23f7960dc94c4e0c0d86;1258038779;0;;forward;2026-01;ok;;;;;part_metadata_or_progress;
BASH_2026-01_00326.csv;CSV;726194;752147f790ec09e9f844ef31bc640ae22af7c92085aa068102a88357ae12da79;2259221743;0;1000;forward;2026-01;ok;;;;;mirror;
BASH_2026-01_00326_ids.json;JSON;15183;061268134adeb1f4b9ed69c88ff27fe23f3db99084630c7d76b42a5c3e78672e;1975334874;0;;forward;2026-01;ok;;;;;part_metadata_or_progress;
BASH_2026-01_00327.csv;CSV;733434;06e3daf76de7a99a391dcf25de5249f1e1c234babe07cb55986600157c72c027;1172580356;0;1000;forward;2026-01;ok;;;;;mirror;
BASH_2026-01_00327_ids.json;JSON;15184;fd3d6a39729cc82b4a8b203d92b6f96f7afca2bb5b248cc61664803f161cfe67;785921459;0;;forward;2026-01;ok;;;;;part_metadata_or_progress;
BASH_2026-01_00328.csv;CSV;737844;4cd418aa118dca535b9d8bc2162a343ba391ddae153983966eac040d9cebab50;352386188;0;1000;forward;2026-01;ok;;;;;mirror;
BASH_2026-01_00328_ids.json;JSON;15182;7edd556e45890c16744897fd549251884247407464b02d31a6b6a9a305dc3c88;4273760346;0;;forward;2026-01;ok;;;;;part_metadata_or_progress;
BASH_2026-01_00329.csv;CSV;754724;2afa7c0d171c92afc3ef14db90845fa87f072582c875cb9363347601f37cd9ca;3230632120;0;1000;forward;2026-01;ok;;;;;mirror;
BASH_2026-01_00329_ids.json;JSON;15184;7294aabda60b8457b02d4b1d64eb05fa2d6b796eddb5aaec788e4680b0052ae8;3117199664;0;;forward;2026-01;ok;;;;;part_metadata_or_progress;
BASH_2026-01_00330.csv;CSV;754932;e5322de12c3fab6321891ab979d91e4c0c42e25f51780ca1634f85341fd90e81;644345469;0;1000;forward;2026-01;ok;;;;;mirror;
BASH_2026-01_00330_ids.json;JSON;15182;b4c6488c3541c419a3838e4fb287bf8d23f223c976a4217ec57cbd50baabf0ec;979329290;0;;forward;2026-01;ok;;;;;part_metadata_or_progress;
BASH_2026-01_00331.csv;CSV;200630;5396c999b24ba684c71b50dd5c0c669a1e342662844eb549f9ee7f483738aefb;693276405;0;291;forward;2026-01;ok;;;;;mirror;
BASH_2026-01_00331_ids.json;JSON;5255;3bbf998b16489aa793a3aaed9116488b4b1993c4989c32256b873c419f0b0323;3123041132;0;;forward;2026-01;ok;;;;;part_metadata_or_progress;
BASH_2026-02_00332.csv;CSV;846354;86b3b813c37e05ff859d730b6e035a623ffa5addb84dfe8a7f597e7ef0afb22a;4071114501;0;1000;forward;2026-02;ok;;;;;mirror;
BASH_2026-02_00332_ids.json;JSON;15183;b6a4c14f92d81374a877bb653b11711c26c77d2294fec1fb8ef6ecceefecf29b;2564568745;0;;forward;2026-02;ok;;;;;part_metadata_or_progress;
BASH_2026-02_00333.csv;CSV;893719;ea20b3f9029bc8336a564a8245e4fd6e76f3d6fc69c55f09191a923d4f8b5a85;730709997;0;1000;forward;2026-02;ok;;;;;mirror;
BASH_2026-02_00333_ids.json;JSON;15181;ce45155c93c560ec379a8c131c3b9fd1b02ed28f7bbf297fe210bec274c322d5;2427150821;0;;forward;2026-02;ok;;;;;part_metadata_or_progress;
BASH_2026-02_00334.csv;CSV;849658;2db21269adb0559327c3ff7845f8d7e2e5b75dbef2a028444758d2e5f96cecbb;3426569138;0;1000;forward;2026-02;ok;;;;;mirror;
BASH_2026-02_00334_ids.json;JSON;15184;e4d4942e966b277b51b8656ef6f0812c4f19324c7b35c66578bdfb30919b4b42;3704392503;0;;forward;2026-02;ok;;;;;part_metadata_or_progress;
BASH_2026-02_00335.csv;CSV;801813;d0374a1a1e442a5bf142de28b34cad61019114ac3871b6f145a5563c4063b558;3884973210;0;1000;forward;2026-02;ok;;;;;mirror;
BASH_2026-02_00335_ids.json;JSON;15184;83cd6a0a2e6c442212bc6330d7389b22e4a366c5ffd73e41fb190f0eea9cdf87;1054822575;0;;forward;2026-02;ok;;;;;part_metadata_or_progress;
BASH_2026-02_00336.csv;CSV;807231;326b92742148786ccc37c023ddf411b289a05249ccf5b702aa6e4727673d7f6b;3716918581;0;1000;forward;2026-02;ok;;;;;mirror;
BASH_2026-02_00336_ids.json;JSON;15184;1f51a3230a8609ef4479635b9262c5454821e49e6c02ea433d5f27458fd29574;4097711676;0;;forward;2026-02;ok;;;;;part_metadata_or_progress;
BASH_2026-02_00337.csv;CSV;777206;ef08ceaddac54e145f56775081378c6f0a1b1f87c3ab8d3951c536c6b632adae;3343237031;0;1000;forward;2026-02;ok;;;;;mirror;
BASH_2026-02_00337_ids.json;JSON;15184;0f69fec5c95ebf63f4f77f2a9d6ce58f547846d0f72eca17d3a0a3748f55c576;1366621663;0;;forward;2026-02;ok;;;;;part_metadata_or_progress;
BASH_2026-02_00338.csv;CSV;673485;b74efa5028e1a39ff205db78756fa1a7fb54f33eca65c3705efd3c45b5e1c01c;2166868764;0;849;forward;2026-02;ok;;;;;mirror;
BASH_2026-02_00338_ids.json;JSON;13069;405b32a372c8c8a1d86ebce4e6ad77b93869642a0d0b102ac8a29d28fa29859f;2624632227;0;;forward;2026-02;ok;;;;;part_metadata_or_progress;
BASH_2026-03_00339.csv;CSV;850312;82235986b26e4af8f779feec0310746f6dab2cab8fb51c163d8e2ed51217e3fa;1607767583;0;1000;forward;2026-03;ok;;;;;mirror;
BASH_2026-03_00339_ids.json;JSON;15182;1680464713bb562fccb68f3073dc3f4985f8744f73ea450829fe893c6ea6a03f;503337616;0;;forward;2026-03;ok;;;;;part_metadata_or_progress;
BASH_2026-03_00340.csv;CSV;872962;9baa0f09874dd9ad4d83a868e0aaf390c4bef2498db18a110908492e360185e3;3806392186;0;1000;forward;2026-03;ok;;;;;mirror;
BASH_2026-03_00340_ids.json;JSON;15184;4a673dc846c8dd8fabafcec5d4395a4ea6db5202a769495888f00ec588508929;1496552255;0;;forward;2026-03;ok;;;;;part_metadata_or_progress;
BASH_2026-03_00341.csv;CSV;862088;948b8d483b51b599878b1ad4a4c4458b8ae45d2810359d73faa42dd08b2eeca5;766757015;0;1000;forward;2026-03;ok;;;;;mirror;
BASH_2026-03_00341_ids.json;JSON;15183;dbec908575e46474642a68541021018d4169790332ae199c44a047577adb0a2a;2473899300;0;;forward;2026-03;ok;;;;;part_metadata_or_progress;
BASH_2026-03_00342.csv;CSV;853115;d19b52f85f152a8e7cd64e7d23e4da40988f7e5b062b178bfab06039a4cec55a;444746823;0;1000;forward;2026-03;ok;;;;;mirror;
BASH_2026-03_00342_ids.json;JSON;15183;753a1ae1531147adc6d8819418d9652048aee59245cd6691788468ede6d60e1b;3682384397;0;;forward;2026-03;ok;;;;;part_metadata_or_progress;
BASH_2026-03_00343.csv;CSV;897128;43725e6a85a42107e414324565e94abe26ae64010ebfd72f1eb8d636a3d17794;112174954;0;1000;forward;2026-03;ok;;;;;mirror;
BASH_2026-03_00343_ids.json;JSON;15183;81d5047e2928c641fb55e651cf2f4006c708188ab19aa3adc35bab679f3c7365;2121161533;0;;forward;2026-03;ok;;;;;part_metadata_or_progress;
BASH_2026-03_00344.csv;CSV;855133;37c7f40828dc1abbf77d44d1264dd14914cd6dde899f3c4a87b0314bb6193187;1861424961;0;1000;forward;2026-03;ok;;;;;mirror;
BASH_2026-03_00344_ids.json;JSON;15183;ec6b72f23702bd247ad7461557df6bb936959b8d6ae814e7f0ca5df214d530a3;3987156247;0;;forward;2026-03;ok;;;;;part_metadata_or_progress;
BASH_2026-03_00345.csv;CSV;144294;837f96b6cc56dc6b428d637bea9f1f5eb7ec7877cfe56047f2a1a00944ecd2e2;1823168791;0;166;forward;2026-03;ok;;;;;mirror;
BASH_2026-03_00345_ids.json;JSON;3506;77e893b33934efe915ddd1b5bbd0aced687738762f94a223d8522b78d5d8cea3;2494644671;0;;forward;2026-03;ok;;;;;part_metadata_or_progress;
BASH_2026-04_00346.csv;CSV;815397;1bd81f9e0b68ebaab79b0a1c1a186de294336cd743e0785956247daa24379e5e;2033148130;0;1000;forward;2026-04;ok;;;;;mirror;
BASH_2026-04_00346_ids.json;JSON;15184;55bae32a8d0355d926a6f926cb0602dd42e79fb753fa53fcc7956de37edf74de;1718962354;0;;forward;2026-04;ok;;;;;part_metadata_or_progress;
BASH_2026-04_00347.csv;CSV;861277;8610bee23f837d09217aa9d3d18eecb2b2fe430c12504e8ad5e73f8ded17de6c;2845713588;0;1000;forward;2026-04;ok;;;;;mirror;
BASH_2026-04_00347_ids.json;JSON;15184;2f5682187be15f2e3abd6ce7bb9e7160695700a5088e46f551091b3aeed66ea6;4002629918;0;;forward;2026-04;ok;;;;;part_metadata_or_progress;
BASH_2026-04_00348.csv;CSV;832969;8d30c3e1178dfd5e37293da07b23dfe8bc6b501411fe852b9435c523d2c85aa6;342753150;0;1000;forward;2026-04;ok;;;;;mirror;
BASH_2026-04_00348_ids.json;JSON;15183;7d6dc35ceced834370f39124caf3ba1e502338043141a19d626825b3f55a51f9;1535455583;0;;forward;2026-04;ok;;;;;part_metadata_or_progress;
BASH_2026-04_00349.csv;CSV;853288;7af2cbae6ab7c4c6cb07f59746bcad0041972a442d7a2527d286215c91b0a32b;2512977834;0;1000;forward;2026-04;ok;;;;;mirror;
BASH_2026-04_00349_ids.json;JSON;15184;974b7bc0c5eaf7913a7050922efeafe4194dede7e778ec32bccc5a6eeaab9f98;2628372274;0;;forward;2026-04;ok;;;;;part_metadata_or_progress;
BASH_2026-04_00350.csv;CSV;854453;03f5e3c9368eb09372e770666329c2cb8bb5f740c48644c1fc195dc9b39136d0;2694921977;0;1000;forward;2026-04;ok;;;;;mirror;
BASH_2026-04_00350_ids.json;JSON;15184;9cb65ab400dc01548fa30fa3d56211eaf608ae157a311e7b12817e55889aa9cf;680455865;0;;forward;2026-04;ok;;;;;part_metadata_or_progress;
BASH_2026-04_00351.csv;CSV;895145;81fcf7a409a8b5de5a07ee4005912ec9314eb7934fc14339520001dba90645bd;2376462829;0;1000;forward;2026-04;ok;;;;;mirror;
BASH_2026-04_00351_ids.json;JSON;15184;3b27bc7df5e4af4c90d8e84552e6721b9771b10cb8ff985d6f29fff64269fa60;619319124;0;;forward;2026-04;ok;;;;;part_metadata_or_progress;
BASH_2026-04_00352.csv;CSV;860112;2809b8480f312e0034b7c837ae8ce96d1c0d095db9bc30332ea74520e6fea0bf;908463010;0;1000;forward;2026-04;ok;;;;;mirror;
BASH_2026-04_00352_ids.json;JSON;15183;0d91ce584e357fb73bc07887dabcbaca73f3b16a67252dce68e1c7d0de6f2bbc;4193265728;0;;forward;2026-04;ok;;;;;part_metadata_or_progress;
BASH_2026-04_00353.csv;CSV;835778;48e313a08fe9996e6a483046b8ff94570dd276452f87713e3327679f7a237c62;581608597;0;1000;forward;2026-04;ok;;;;;mirror;
BASH_2026-04_00353_ids.json;JSON;15183;fad6ec334dc03d609eeb807a1a83d2f08deed9d43c9eab9fc721f14fdff33320;501051899;0;;forward;2026-04;ok;;;;;part_metadata_or_progress;
BASH_2026-04_00354.csv;CSV;463048;ec44522463f232c9f2866f2a2302f4f06751804f264ec68f2cefb5821b3096f7;3725474568;0;534;forward;2026-04;ok;;;;;mirror;
BASH_2026-04_00354_ids.json;JSON;8659;82a64d21703720ed43dd176c4ab353217486f7d6d4c21e0c4ce352a5eccc563e;4201380228;0;;forward;2026-04;ok;;;;;part_metadata_or_progress;
BASH_2026-05_00355.csv;CSV;829997;53d49718766ad2a5aff115c7844e37f11a8b8ae3f3631cdbae60f76fcf142299;2837345852;0;1000;forward;2026-05;ok;;;;;mirror;
BASH_2026-05_00355_ids.json;JSON;15184;1a4111cc500da849587ff80841f2e99f7199d18694e359b7b57d7b2b6f1c0f16;1594520017;0;;forward;2026-05;ok;;;;;part_metadata_or_progress;
BASH_2026-05_00356.csv;CSV;872725;a084d6786e744000661bc3b32d35859f961efa6baff1215f4a979f017c5da5de;2300944745;0;1000;forward;2026-05;ok;;;;;mirror;
BASH_2026-05_00356_ids.json;JSON;15184;7b4cfb8bb09285af7f22ffea8797b763b6b83acc676c53e33d299dc82d90ae09;1998619488;0;;forward;2026-05;ok;;;;;part_metadata_or_progress;
BASH_2026-05_00357.csv;CSV;832965;e97b2ccdf7f23bb08067393deb19af825ee8d8c214d8e0fd75a691fde9a062eb;2570275491;0;1000;forward;2026-05;ok;;;;;mirror;
BASH_2026-05_00357_ids.json;JSON;15184;eddbe1fcde239a6310a123f204a3055113e495d14d00ad36ef2772b9bb5be368;4268492344;0;;forward;2026-05;ok;;;;;part_metadata_or_progress;
BASH_2026-05_00358.csv;CSV;876338;a775126b85195d8b784b3c4b23ac95756ba00490c5105d811bb16400c3afd73e;2320489143;0;1000;forward;2026-05;ok;;;;;mirror;
BASH_2026-05_00358_ids.json;JSON;15184;514ec2c0c025566b1718913ae6850c97661e688973f2cb21191dc24ad6f1435a;60853228;0;;forward;2026-05;ok;;;;;part_metadata_or_progress;
BASH_2026-05_00359.csv;CSV;861656;9e9660419a97600e1c1e1a1f529a7e255eb1c1f3034777dbdc49177613869a21;1933365455;0;1000;forward;2026-05;ok;;;;;mirror;
BASH_2026-05_00359_ids.json;JSON;15184;61ffda7dbbc17140c4624bdabe2dd9292f09e0bb0aeaa5cf3d02c51971f57a32;3887742798;0;;forward;2026-05;ok;;;;;part_metadata_or_progress;
BASH_2026-05_00360.csv;CSV;844096;43b6834b5c45df652dbb2332f325184f77e470e9e3f7f040e9ae56d660589be6;2964931825;0;1000;forward;2026-05;ok;;;;;mirror;
BASH_2026-05_00360_ids.json;JSON;15184;c8f58d5962bed5afc1e5cac54c741db3938d685485ded215f522701104351e0e;542666530;0;;forward;2026-05;ok;;;;;part_metadata_or_progress;
BASH_2026-05_00361.csv;CSV;838565;4006096c837500c9a3b020da036d8d0e564ba083c3d7f998a16e01d55c0112b7;1531835879;0;974;forward;2026-05;ok;;;;;mirror;
BASH_2026-05_00361_ids.json;JSON;14819;e0e4e9190fe6e5d127a4f0d297935f987ce764130133e974b7b683bc7b81b528;1674370491;0;;forward;2026-05;ok;;;;;part_metadata_or_progress;
BASH_2026-06_00362.csv;CSV;817487;cc85a137111bc0bdc1b1b19bd491c132d1b5a08d87f6c3dffc04406ca34d7d50;3899293532;0;1000;forward;2026-06;ok;;;;;mirror;
BASH_2026-06_00362_ids.json;JSON;15184;e6f7d0ac3d531fc41792e44bae03bd9c29dafbbf188de722b635a4054ca06526;3717212368;0;;forward;2026-06;ok;;;;;part_metadata_or_progress;
BASH_2026-06_00363.csv;CSV;832860;62f5e4bc5e569fb76928f07999b6dd4f6f487313210f113cdb70a55930d5f875;4159019970;0;1000;forward;2026-06;ok;;;;;mirror;
BASH_2026-06_00363_ids.json;JSON;15184;86cd3a3679c18d096f931e21eab69d40279d2e019a95946a6b7749d6c3c50942;231980831;0;;forward;2026-06;ok;;;;;part_metadata_or_progress;
BASH_2026-06_00364.csv;CSV;810189;b7518630a03908396bb78784228532f7f5e54098f9c112be6b5fbccb0ee283f2;796549707;0;1000;forward;2026-06;ok;;;;;mirror;
BASH_2026-06_00364_ids.json;JSON;15183;16ea9a43c647dd6b8ff092ba061afb9c13fae7a32e67672984f808b407532306;2774653936;0;;forward;2026-06;ok;;;;;part_metadata_or_progress;
BASH_2026-06_00365.csv;CSV;839588;0dcd75ba7118bb25db9c89d726745e09a9fc6dd24d3e3f9b4ba744e7c18cc3f8;2918531085;0;1000;forward;2026-06;ok;;;;;mirror;
BASH_2026-06_00365_ids.json;JSON;15183;ed3084ea8a7d5bbc549a67e4f36072784c19d30098d731811f77764da6282b31;3728365182;0;;forward;2026-06;ok;;;;;part_metadata_or_progress;
BASH_2026-06_00366.csv;CSV;826752;8c05d291ac264d11699ceec6555edc43042b4dfbe3706dcf833b84f4d02ecbdd;915317486;0;1000;forward;2026-06;ok;;;;;mirror;
BASH_2026-06_00366_ids.json;JSON;15183;4f9020b5d7f22dd5d51be7895cfadfc206f4dc6cd8db99cff86f5f64488adbde;4099680302;0;;forward;2026-06;ok;;;;;part_metadata_or_progress;
BASH_2026-06_00367.csv;CSV;811635;dd14e827723fb9801705ad7f0097d81cac9ac4da6aaf1d766a4ea9cca26aff70;1061699999;0;1000;forward;2026-06;ok;;;;;mirror;
BASH_2026-06_00367_ids.json;JSON;15184;220245dbfaf2defd374df791a361e4bcbff503ca90879dfeafda221013b15cfe;987793697;0;;forward;2026-06;ok;;;;;part_metadata_or_progress;
BASH_2026-06_00368.csv;CSV;846351;cd4fb176295530c6cdea6e68c1c8bacec1662786d2c91c125cca772ee847f336;1249927312;0;1000;forward;2026-06;ok;;;;;mirror;
BASH_2026-06_00368_ids.json;JSON;15184;6752e4a182d18089171707c5409af6e7c75c93ba7095a26186c7751da869c8c4;1614405508;0;;forward;2026-06;ok;;;;;part_metadata_or_progress;
BASH_2026-06_00369.csv;CSV;808523;71b65ef8f881eb3b2efcdc9def710f7724583d3eed75075b9ee45d686a16c5ba;460189339;0;1000;forward;2026-06;ok;;;;;mirror;
BASH_2026-06_00369_ids.json;JSON;15183;b60a1ddcd0a8f1ce029359730f6960c76fcac29924b7da7365c7d7ab98569594;2969905932;0;;forward;2026-06;ok;;;;;part_metadata_or_progress;
BASH_2026-06_00370.csv;CSV;203364;03e8a90255452aa6a9cd4be58f81629db1fda00f85bdc2c3dfa95b13c322612f;4055690120;0;234;forward;2026-06;ok;;;;;mirror;
BASH_2026-06_00370_ids.json;JSON;4458;12e990c23e995693b4c2aea4e0992fb3d9c46836e3f2e271c13e19363a15cd7f;1662887335;0;;forward;2026-06;ok;;;;;part_metadata_or_progress;
BASH_2026-07_00371.csv;CSV;797797;757d4b03b00ecafdf1f2272096a0f4510a3d455fa5300ee9f9760c71a380c403;2787543016;0;1000;forward;2026-07;ok;;;;;mirror;
BASH_2026-07_00371_ids.json;JSON;15184;1d1b293415c7b84d6406731fa2942e82edb5c9119b04a33d57c9e1f33ac38f5c;1546108812;0;;forward;2026-07;ok;;;;;part_metadata_or_progress;
BASH_2026-07_00372.csv;CSV;848360;5b3b8a9b3b6dca579f0c8443ffc52f3e53a4e1f6461550afa064e22255d3d97a;1394919292;0;1000;forward;2026-07;ok;;;;;mirror;
BASH_2026-07_00372_ids.json;JSON;15184;ea65d9bb908f4218ebbab61e682c26c81710f54d401d8dc5a0d66ffab0cb815d;896360631;0;;forward;2026-07;ok;;;;;part_metadata_or_progress;
BASH_2026-07_00373.csv;CSV;868591;3529e611ac7ddd88012d051f726dbe28b409f0535b954bfa65ec211c132fbd4d;3455624988;0;1000;forward;2026-07;ok;;;;;mirror;
BASH_2026-07_00373_ids.json;JSON;15183;fcceb5c692e991b950fd259ea4c65ed25b21767c62cd8c9a9c4f4c3d8b69b414;1753109918;0;;forward;2026-07;ok;;;;;part_metadata_or_progress;
BASH_2026-07_00374.csv;CSV;811372;e44b1d903e0645cbd14035f796e972b95897bae2dcea87326f656656f3005445;3892267845;0;1000;forward;2026-07;ok;;;;;mirror;
BASH_2026-07_00374_ids.json;JSON;15183;4b60493da19385c4575c6d055373f230658b52915cdcc85843a55762f7bde182;3519423132;0;;forward;2026-07;ok;;;;;part_metadata_or_progress;
BASH_2026-07_00375.csv;CSV;827624;d07a9b9968cb548e84cf25416070e58dae1e7db0d371ad38cb6d0517a0dd37c7;1467518686;0;1000;forward;2026-07;ok;;;;;mirror;
BASH_2026-07_00375_ids.json;JSON;15184;7f9771ea17f21ac7ed74a3c8fa13b9a6a008639c7bc639c0683c806be410f664;628694663;0;;forward;2026-07;ok;;;;;part_metadata_or_progress;
BASH_2026-07_00376.csv;CSV;865987;9de990b5364309855ac61d9b4795a141f91c3aabea18ac8e0c69e9c32960472b;1492481272;0;1000;forward;2026-07;ok;;;;;mirror;
BASH_2026-07_00376_ids.json;JSON;15184;3c067f8a47b95ca113dacc6e1f04025bf7b9a6705bce0ad9ae08c12e2a5fae75;3424277876;0;;forward;2026-07;ok;;;;;part_metadata_or_progress;
BASH_2026-07_00377.csv;CSV;333410;3fb0812d57392e4a3ac873a8370aecbfc5b8dc39ed2640b71812b2a4f21fbef5;3295429477;0;394;forward;2026-07;ok;;;;;mirror;
BASH_2026-07_00377_ids.json;JSON;6698;30fe8b94d83bd2440c4d558b1351ae5548efc8406fe79bd237fbc4c652979d2a;581895161;0;;forward;2026-07;ok;;;;;part_metadata_or_progress;
BASH_2026-08_00378.csv;CSV;806297;4bd4ee5ba59f48e467b27ebf5c8d8a75b1ae210882b2cc299f7599fe1991aaf8;2297777789;0;1000;forward;2026-08;ok;;;;;mirror;
BASH_2026-08_00378_ids.json;JSON;15184;ccd5c95bade1f231d097a486aee1d5b61e33da8ff8765d44aff36eaf275ae99e;781746519;0;;forward;2026-08;ok;;;;;part_metadata_or_progress;
BASH_2026-08_00379.csv;CSV;827334;b04e2ec0427edbf4acd4fd43b2a40b5528c5f9622079323d75ea714adfedbc48;1056890284;0;1000;forward;2026-08;ok;;;;;mirror;
BASH_2026-08_00379_ids.json;JSON;15184;58fd240b3639562b00175b6cacf4c4520d97567d9d5fb5887379277750a0d60e;2551011940;0;;forward;2026-08;ok;;;;;part_metadata_or_progress;
BASH_2026-08_00380.csv;CSV;851403;54dada194114abd54b83f88c75439ff7d0f6c08229d04691ad194b1e28cf7e79;2694674195;0;1000;forward;2026-08;ok;;;;;mirror;
BASH_2026-08_00380_ids.json;JSON;15183;07966855f4602a135081dcd2e1f3f29c71297190c6e5af94049f9dca8d86bc1a;2565856262;0;;forward;2026-08;ok;;;;;part_metadata_or_progress;
BASH_2026-08_00381.csv;CSV;846301;0450df1fbbd3f2d26721d52cf79c5752886a6a6034a526a9bd88ec2e69f58a9d;18530922;0;1000;forward;2026-08;ok;;;;;mirror;
BASH_2026-08_00381_ids.json;JSON;15182;4895d382d7a8845df99842d9c5dde56ff174beb4bce51287d6ce961821f41bd0;3292923033;0;;forward;2026-08;ok;;;;;part_metadata_or_progress;
BASH_2026-08_00382.csv;CSV;847287;48dbd6b643c1502a870992d8fa7442b14f604791ce8c6ba8283e036c01d4375e;2480273308;0;1000;forward;2026-08;ok;;;;;mirror;
BASH_2026-08_00382_ids.json;JSON;15184;2e454529ff0458998646b1580f0ee0fbc2eefa019e9b26a8fb79e95dd64e077b;3239117237;0;;forward;2026-08;ok;;;;;part_metadata_or_progress;
BASH_2026-08_00383.csv;CSV;149451;c8b04d22e0c015195d5ea2ee5fda31e45d2427bab5c2dce6d3a8caecc3cb7868;608825690;0;175;forward;2026-08;ok;;;;;mirror;
BASH_2026-08_00383_ids.json;JSON;3631;f0cbab4ece677ae13144da5902012c439b9047bce83d23acde98feb169e3995e;715210592;0;;forward;2026-08;ok;;;;;part_metadata_or_progress;
BASH_2026-09_00384.csv;CSV;820482;1a43407020b5041f88078ead419c8fc82a16856c8ffb59970b3a9489a4efbf01;3453558979;0;1000;forward;2026-09;ok;;;;;mirror;
BASH_2026-09_00384_ids.json;JSON;15184;a226e822983621455b89098b307a184573a82c17b4cdc3904bf3083723758973;1157413097;0;;forward;2026-09;ok;;;;;part_metadata_or_progress;
BASH_2026-09_00385.csv;CSV;837862;1ca092cca0a06e7ab6276fb03af69539d681e8e3e0035fc6dda302f6026c6677;2279992175;0;1000;forward;2026-09;ok;;;;;mirror;
BASH_2026-09_00385_ids.json;JSON;15184;614858130c0be37c77e01b32ed8f74eaa07506300feb13622d2dd06f81061479;2433857851;0;;forward;2026-09;ok;;;;;part_metadata_or_progress;
BASH_2026-09_00386.csv;CSV;834935;c07ae9f0ddc8447e3ad35fcdbdbe4bf42d1ae40aa436184bb9d3a169d924bf8b;2040866879;0;1000;forward;2026-09;ok;;;;;mirror;
BASH_2026-09_00386_ids.json;JSON;15184;25a148b2e2459ddeb95c12ca97e5be02ad7bfb8dda75b9c3a24c224b817aa502;3951554991;0;;forward;2026-09;ok;;;;;part_metadata_or_progress;
BASH_2026-09_00387.csv;CSV;812276;6d866fa49d4f33ee4863b35a2379e4f412af7534006980d12d13409a42a0bebe;706810927;0;1000;forward;2026-09;ok;;;;;mirror;
BASH_2026-09_00387_ids.json;JSON;15183;b3191c9d2b2c1d55be975cc06371b6e5d2e367743b4e95b7f4869af0f784638f;135830125;0;;forward;2026-09;ok;;;;;part_metadata_or_progress;
BASH_2026-09_00388.csv;CSV;431216;e616f1dc437483770d92615fae04b7849a504de17ca0b9b05fe8c5e3378fac7f;1706520198;0;547;forward;2026-09;ok;;;;;mirror;
BASH_2026-09_00388_ids.json;JSON;8841;a73affc29778c188c0754c810ff28d5b13b8666c2aacd9705a91381d5d5005b0;1628379230;0;;forward;2026-09;ok;;;;;part_metadata_or_progress;
BASH_2026-10_00389.csv;CSV;613712;022aafdfc321790055fe9f160f27609b9dcb8a3aeaf22e0bff4dd4a622f0458e;2007156056;0;745;forward;2026-10;ok;;;;;mirror;
BASH_2026-10_00389_ids.json;JSON;11613;9cfb9adf5f06ee77f20156a1a98f3d27050ee834b31b45e35bd8393221321e57;1570016415;0;;forward;2026-10;ok;;;;;part_metadata_or_progress;
BASH_REV_2023-08_00311.csv;CSV;879775;9c0ddb6a0814757f23a1cb6c0b5832a7a35ccbdacbdc78c454f66c3fff0f5ae4;1317913478;0;1000;reverse;2023-08;ok;;;;;mirror;
BASH_REV_2023-08_00311_ids.json;JSON;15217;0418ead9d06b0d74c9c765a9f953eb439fe8580d4d8e7f67da3b51aaf584b487;1131552816;0;;reverse;2023-08;ok;;;;;part_metadata_or_progress;
BASH_REV_2023-09_00304.csv;CSV;876661;c60f16db84047ec4ff43d82fba47b77c83bf4229598cb26bcdaa4d90e88db546;2557767864;0;1000;reverse;2023-09;ok;;;;;mirror;
BASH_REV_2023-09_00304_ids.json;JSON;15218;8ac967b8b4dd591d7a96bb416449645696652cda6d3ccc0ed78c5d3b8d24e09b;437262282;0;;reverse;2023-09;ok;;;;;part_metadata_or_progress;
BASH_REV_2023-09_00305.csv;CSV;881606;faed5dcdbec058dc3a638ad0fb0c3c377f25989ae67bdaf7f1e0d09525cce00c;3857013625;0;1000;reverse;2023-09;ok;;;;;mirror;
BASH_REV_2023-09_00305_ids.json;JSON;15218;96463da6204c19eda7c2e2c7af543029a3c5e2854a4fd86c37ee73da561fe147;3832187664;0;;reverse;2023-09;ok;;;;;part_metadata_or_progress;
BASH_REV_2023-09_00306.csv;CSV;870967;ce8ff92205fbd2229de6bc978fe08d8bed7ddb8cd9e259a0f900f6d977824284;489764989;0;1000;reverse;2023-09;ok;;;;;mirror;
BASH_REV_2023-09_00306_ids.json;JSON;15216;3e2a6c458e0faa4bde51a68d6b9c7723473427fc438ac4baf0b0bafcdeceb21c;1935078510;0;;reverse;2023-09;ok;;;;;part_metadata_or_progress;
BASH_REV_2023-09_00307.csv;CSV;839365;0aeef3efaf0df9a142befee5017528ac2c6eb7e79a479128a71932bbce67b798;2346856028;0;1000;reverse;2023-09;ok;;;;;mirror;
BASH_REV_2023-09_00307_ids.json;JSON;15218;be80c470a45692ca3686e21fac391b88292d88192d28c14d2bf7ffeba5890928;1806778807;0;;reverse;2023-09;ok;;;;;part_metadata_or_progress;
BASH_REV_2023-09_00308.csv;CSV;843944;574ca9fa39caa198e27499d14847181b9d8e6add810b4ed63fcfabe92bd10d24;2463016923;0;1000;reverse;2023-09;ok;;;;;mirror;
BASH_REV_2023-09_00308_ids.json;JSON;15218;244ae017dd04995ad7fd53aa6111173eb810cd859ed689c94c1e718bc4817908;360787796;0;;reverse;2023-09;ok;;;;;part_metadata_or_progress;
BASH_REV_2023-09_00309.csv;CSV;892111;bb92a65d9c2f81c1935961b73e0029c593d05f1f51f29b3913ac4209ce2ad131;4275198353;0;1000;reverse;2023-09;ok;;;;;mirror;
BASH_REV_2023-09_00309_ids.json;JSON;15217;acb7f59a67a314eec5516bc09c4c297370537045829e079c97bc82f50f08e950;1161357738;0;;reverse;2023-09;ok;;;;;part_metadata_or_progress;
BASH_REV_2023-09_00310.csv;CSV;522008;df8021d48b1a9ad73536f5bf1ea29759ab102618358bbd153ddaf475e5ab2249;3762596129;0;594;reverse;2023-09;ok;;;;;mirror;
BASH_REV_2023-09_00310_ids.json;JSON;9533;bf7355fd7e6d5da3d4c3709f97c77bd189a8b1bea78966051c84a7e4e964917e;264939101;0;;reverse;2023-09;ok;;;;;part_metadata_or_progress;
BASH_REV_2023-10_00296.csv;CSV;852531;031fc8b9e695eb0f2c7630dc37e39fecd568bb16bf83e42738cb599fb4dde4f2;966532363;0;1000;reverse;2023-10;ok;;;;;mirror;
BASH_REV_2023-10_00296_ids.json;JSON;15217;792b7b0c9ca8e31680eed486d2250f62896f22da21616d425f4186d48e5e9ab7;3466360422;0;;reverse;2023-10;ok;;;;;part_metadata_or_progress;
BASH_REV_2023-10_00297.csv;CSV;853028;6a96e80a14aa0a4564284b27e69f5608ab50bda084f68d33f778743ed31fccd6;3897601404;0;1000;reverse;2023-10;ok;;;;;mirror;
BASH_REV_2023-10_00297_ids.json;JSON;15217;434d4a89e6a379320ae41250b2d4f54cbc4e98d908d321ed766e46a791e36e08;3772808174;0;;reverse;2023-10;ok;;;;;part_metadata_or_progress;
BASH_REV_2023-10_00298.csv;CSV;914283;ee12ae959abdce6cc91d5bda02b97065d49f2a13c0b7eb9bf885324e5321bfa8;4247804665;0;1000;reverse;2023-10;ok;;;;;mirror;
BASH_REV_2023-10_00298_ids.json;JSON;15216;1852dd94fbd4827b3c0cce027656eb06e8bd0d34833aab88f602527a568155a6;2097834606;0;;reverse;2023-10;ok;;;;;part_metadata_or_progress;
BASH_REV_2023-10_00299.csv;CSV;851945;48e83857c8a2163f547490a6167be508d1fa1b60631572bf9321371cd7cb9ddf;1980420050;0;1000;reverse;2023-10;ok;;;;;mirror;
BASH_REV_2023-10_00299_ids.json;JSON;15217;7d561a55db18cff442cf6448b60042b8af707933edd0f7f694c5b0a77414961e;1533423574;0;;reverse;2023-10;ok;;;;;part_metadata_or_progress;
BASH_REV_2023-10_00300.csv;CSV;871584;4e759c626c3359038f14916b3c99ac0852b16f9052285ae2cd4f0386ddfeb19e;377562281;0;1000;reverse;2023-10;ok;;;;;mirror;
BASH_REV_2023-10_00300_ids.json;JSON;15216;1c4b772a3edacd50c10bfc01344204a52b238850b3a6dc1b393d0fc27f71fddf;4016583200;0;;reverse;2023-10;ok;;;;;part_metadata_or_progress;
BASH_REV_2023-10_00301.csv;CSV;877117;6636df2c7ac159be7a92bede7bac0082837a953d2359d82ed37a9f6b8e4394f1;1691357883;0;1000;reverse;2023-10;ok;;;;;mirror;
BASH_REV_2023-10_00301_ids.json;JSON;15218;38100457440148407157a4e18908d307247a3a5a1d04085572e70d6bb8fdcdaa;2377169073;0;;reverse;2023-10;ok;;;;;part_metadata_or_progress;
BASH_REV_2023-10_00302.csv;CSV;844860;5bf0ea925b9c6a72aef955291129196c24776f710a1fce8acf55e6323df17219;1861956827;0;1000;reverse;2023-10;ok;;;;;mirror;
BASH_REV_2023-10_00302_ids.json;JSON;15218;b439e8e8391e6d21c38fb36872077e83c8319ba8ba42b2690617996f746d4815;2806706877;0;;reverse;2023-10;ok;;;;;part_metadata_or_progress;
BASH_REV_2023-10_00303.csv;CSV;757875;138716066a4f6ca8e1422be0ced1eda4e65c73c9702802d39cf9d3ad0e0c6989;270091125;0;841;reverse;2023-10;ok;;;;;mirror;
BASH_REV_2023-10_00303_ids.json;JSON;12990;7448756aa2ee3c7c675d98cdf603916797370ffad06a6c361ab937d09226013c;1878564462;0;;reverse;2023-10;ok;;;;;part_metadata_or_progress;
BASH_REV_2023-11_00286.csv;CSV;790542;0a4581a373fbff49f0619e0a84f541d88409a8f859d43b9524c41d1ff3f43bf5;2431506954;0;1000;reverse;2023-11;ok;;;;;mirror;
BASH_REV_2023-11_00286_ids.json;JSON;15218;3cbe9e9d378acc2e06aaacecce6564cea2a4815b0971ffa37e62234f37837fde;3168183561;0;;reverse;2023-11;ok;;;;;part_metadata_or_progress;
BASH_REV_2023-11_00287.csv;CSV;844265;ac482b7b73a1a04cd50199b959203b39ea811dd889b9338faa25b9f3e40ff067;1172613630;0;1000;reverse;2023-11;ok;;;;;mirror;
BASH_REV_2023-11_00287_ids.json;JSON;15218;2b65890eb8fd0f382814c17d4c7293fc47a5d28296743610cc9e602f15cc5b89;3410555349;0;;reverse;2023-11;ok;;;;;part_metadata_or_progress;
BASH_REV_2023-11_00288.csv;CSV;964912;d1a7c6a8df45614b4ea796fa987e3606752e827bdc0de234688d0e937c654672;1698766922;0;1000;reverse;2023-11;ok;;;;;mirror;
BASH_REV_2023-11_00288_ids.json;JSON;15218;e134552943fa9eb878500ff9d559a10668f899afab3b7a5621051fc622638ef6;821999871;0;;reverse;2023-11;ok;;;;;part_metadata_or_progress;
BASH_REV_2023-11_00289.csv;CSV;953691;faf29f25936800bca1f0418659eb0580bff582b4091f48c43643e3e603af5070;4028481155;0;1000;reverse;2023-11;ok;;;;;mirror;
BASH_REV_2023-11_00289_ids.json;JSON;15218;f64097d9b7881240a6d993cfcce66ed2bc026c565979dd15945f76760a1ecdf7;3348290318;0;;reverse;2023-11;ok;;;;;part_metadata_or_progress;
BASH_REV_2023-11_00290.csv;CSV;909584;3bbafe7aad7b800a504264c1b9313bf953f160001b191ddfcfd52a9598fcc0aa;4287823888;0;1000;reverse;2023-11;ok;;;;;mirror;
BASH_REV_2023-11_00290_ids.json;JSON;15218;b66f0c875dbd7d36ff13e36491f27903ad4faa7a102fabb9d2e9446496e86f10;102788709;0;;reverse;2023-11;ok;;;;;part_metadata_or_progress;
BASH_REV_2023-11_00291.csv;CSV;912394;973ab81014ddfccb655b41ebfbc6a7666810b6945cb7bfe8f820694341cb56bb;3299202436;0;1000;reverse;2023-11;ok;;;;;mirror;
BASH_REV_2023-11_00291_ids.json;JSON;15218;367d8099e57329af9ab21a5ba2d1ccf8d8e96a007e74ce25e4bc16cfcfc93eac;1071281897;0;;reverse;2023-11;ok;;;;;part_metadata_or_progress;
BASH_REV_2023-11_00292.csv;CSV;974206;4ff131aae445b8e4bc118a7ebd17c9a97a0e4ae51d90f60c198ae0e9f4cdb2d9;2645468933;0;1000;reverse;2023-11;ok;;;;;mirror;
BASH_REV_2023-11_00292_ids.json;JSON;15218;4944a3d7a179d0333d3ffd20576ff1d95056f6f29501ddda7f7a7cadf8ee42f5;3190406711;0;;reverse;2023-11;ok;;;;;part_metadata_or_progress;
BASH_REV_2023-11_00293.csv;CSV;855460;1951d61d8faa756e1ac0c4841508e272182122613734ecfe2dacb1bf540f8f90;1123762853;0;1000;reverse;2023-11;ok;;;;;mirror;
BASH_REV_2023-11_00293_ids.json;JSON;15218;add3101bc26065d9768486d119624eb976c15acaf5cf1864f93a3b156cac948e;2313314467;0;;reverse;2023-11;ok;;;;;part_metadata_or_progress;
BASH_REV_2023-11_00294.csv;CSV;891064;b2817e78f69f8fe997437371fb00242b83a8c021f2972f93e81683cac6dd7a05;1251468696;0;1000;reverse;2023-11;ok;;;;;mirror;
BASH_REV_2023-11_00294_ids.json;JSON;15218;ae4875dfb1cfb55c1d6ebf70b31aa77423723a56ef939b7e4cbec8133697786a;347885800;0;;reverse;2023-11;ok;;;;;part_metadata_or_progress;
BASH_REV_2023-11_00295.csv;CSV;599249;c453c49851de5eaf2f9f14fab6983d5ecf4a77d6b2ed8624a2a5ddc69542d42c;2663775203;0;726;reverse;2023-11;ok;;;;;mirror;
BASH_REV_2023-11_00295_ids.json;JSON;11381;07593cb1ea98b137ac93ec75ae4316ce26211d85325118435a748df62b458266;668710993;0;;reverse;2023-11;ok;;;;;part_metadata_or_progress;
BASH_REV_2023-12_00270.csv;CSV;800781;68ffd16e99f49ae1b9f6645f7e4332e13f3641da4ef572e62b686b2b4d9a921b;469222820;0;1000;reverse;2023-12;ok;;;;;mirror;
BASH_REV_2023-12_00270_ids.json;JSON;15217;1f776770069a79469eb7b9762c401e4ff99dbcb681d098f15da712d542d47521;3393287793;0;;reverse;2023-12;ok;;;;;part_metadata_or_progress;
BASH_REV_2023-12_00271.csv;CSV;860954;39f28500280ff037decf31d4b3a9f838632d38846de9a7555978f450f23e5091;3666401809;0;1000;reverse;2023-12;ok;;;;;mirror;
BASH_REV_2023-12_00271_ids.json;JSON;15218;ce765a965824f99ac569e0546645cfc085745f0dcd3a556047e0b28802febb09;179677962;0;;reverse;2023-12;ok;;;;;part_metadata_or_progress;
BASH_REV_2023-12_00272.csv;CSV;793663;c1d54d78833fe43ba694827a35a1cc1e731b3d9a60f5f7a446ff2819e5e42779;2525735355;0;1000;reverse;2023-12;ok;;;;;mirror;
BASH_REV_2023-12_00272_ids.json;JSON;15218;6b4f0aea3ba2a4529920ef0ed5e32913d864875238ad4ec1f41b5058e2eeb1e7;1377820227;0;;reverse;2023-12;ok;;;;;part_metadata_or_progress;
BASH_REV_2023-12_00273.csv;CSV;835000;b68f6152b0ae3caaec073926507c69d98a9e04fbb024aee180180da081343172;1999590709;0;1000;reverse;2023-12;ok;;;;;mirror;
BASH_REV_2023-12_00273_ids.json;JSON;15218;40ef5f760e025d3b27fc0e73e93dd69001db47b9196dbac1f609735bd8aff348;1995983416;0;;reverse;2023-12;ok;;;;;part_metadata_or_progress;
BASH_REV_2023-12_00274.csv;CSV;889992;e0b016359185be32fda79351fcfeb5008280aa473a1e9f1cae1f20d6396db5b3;3842458156;0;1000;reverse;2023-12;ok;;;;;mirror;
BASH_REV_2023-12_00274_ids.json;JSON;15217;4cae9e1666390848e4f89fea7332fd9a99a959d2f8d7b7719924804702c0c108;1286479639;0;;reverse;2023-12;ok;;;;;part_metadata_or_progress;
BASH_REV_2023-12_00275.csv;CSV;823589;e5916dbc69531e8167f18cda7ae8644aa660e4e89b2fc47cfa1ae492a71b0d92;1933059839;0;1000;reverse;2023-12;ok;;;;;mirror;
BASH_REV_2023-12_00275_ids.json;JSON;15217;1a49bcc960071ad6451f90ddcda659ed7308d5b8dd7f390402efcc238d896f78;641322731;0;;reverse;2023-12;ok;;;;;part_metadata_or_progress;
BASH_REV_2023-12_00276.csv;CSV;813891;101d0eaa671d7f8f9dad09e6fc2e31d811547a01fe42cb1aa01699c1caf16e7e;3854602451;0;1000;reverse;2023-12;ok;;;;;mirror;
BASH_REV_2023-12_00276_ids.json;JSON;15217;f033dbeb7a9868ed01da4819c71620f151e0c3ec1ecb829be8cbaad53c085e03;308286976;0;;reverse;2023-12;ok;;;;;part_metadata_or_progress;
BASH_REV_2023-12_00277.csv;CSV;807272;de100624ebb45ea94f5d150280903e543a45c70c72849295003cd066be8390b9;3520505434;0;1000;reverse;2023-12;ok;;;;;mirror;
BASH_REV_2023-12_00277_ids.json;JSON;15218;9cb358922b3f2477ca6a5b4f0bdbec07565fb85d0f5dd470b156293abeee804e;1562181371;0;;reverse;2023-12;ok;;;;;part_metadata_or_progress;
BASH_REV_2023-12_00278.csv;CSV;856259;a17717ce7078f7b2933c680f5e126777ed6370cbb90e6ae391e8b172351c59b1;503189960;0;1000;reverse;2023-12;ok;;;;;mirror;
BASH_REV_2023-12_00278_ids.json;JSON;15217;e8de948484b809da0ad4b2ebf0b4617fca7af8b7fda780b44f5d9d73b6291517;4157274085;0;;reverse;2023-12;ok;;;;;part_metadata_or_progress;
BASH_REV_2023-12_00279.csv;CSV;807662;c1c482f72d1fae78a8d7d81a9faf1bf8ad8dc22bb130533c1d263e1875fc3ee7;1226629259;0;1000;reverse;2023-12;ok;;;;;mirror;
BASH_REV_2023-12_00279_ids.json;JSON;15218;a834cdbbd5be649522ffdccdb8a76b7f1b3e13fddce2756547f305e6f8f384b4;2794130679;0;;reverse;2023-12;ok;;;;;part_metadata_or_progress;
BASH_REV_2023-12_00280.csv;CSV;813153;8f1aeaa613fa4f47627071d99179374c3d4cf27f0b72f71c605a700aabb9b91f;4247941654;0;1000;reverse;2023-12;ok;;;;;mirror;
BASH_REV_2023-12_00280_ids.json;JSON;15217;7aeb386724285711a58c52e2204a33a65474ae54b6fa5448e9837c3336112634;1430068555;0;;reverse;2023-12;ok;;;;;part_metadata_or_progress;
BASH_REV_2023-12_00281.csv;CSV;893964;4f630e20d45e6fc68c4712085619be217d41d25fa83cafc614640298dbe674f8;4131603456;0;1000;reverse;2023-12;ok;;;;;mirror;
BASH_REV_2023-12_00281_ids.json;JSON;15218;5c75f791dbdd0e4a12fe34e2e6de8e8efc0d716f29e643cacb755bfe15295c99;2531006730;0;;reverse;2023-12;ok;;;;;part_metadata_or_progress;
BASH_REV_2023-12_00282.csv;CSV;823330;619d51bf4cf520b34e01a62fbfb7d314f6253c18aa78408ab96c047e917e6c01;2896794957;0;1000;reverse;2023-12;ok;;;;;mirror;
BASH_REV_2023-12_00282_ids.json;JSON;15218;0e8061e14d69eb53d8b4986305d9984126439f762828d1f040e5c08a4e643836;1655025607;0;;reverse;2023-12;ok;;;;;part_metadata_or_progress;
BASH_REV_2023-12_00283.csv;CSV;835455;229d50da45fe5c17e7343f269ebb8428c9d724da48354b37ee0d56416fc7bffc;545079191;0;1000;reverse;2023-12;ok;;;;;mirror;
BASH_REV_2023-12_00283_ids.json;JSON;15217;b7f4924577dd83db84bad1f03e0f4d0945b058570dccc8b94e776cffd053badc;3950996722;0;;reverse;2023-12;ok;;;;;part_metadata_or_progress;
BASH_REV_2023-12_00284.csv;CSV;910044;cb71cd6ae8920f6f8b97e463e6b4b855f88731c35dd8f31b9c3bd42dadbe52d0;2361004540;0;1000;reverse;2023-12;ok;;;;;mirror;
BASH_REV_2023-12_00284_ids.json;JSON;15218;d1d32173e2f7adf91313ffc28fc336b7716d97341b88cb18f00bc14094fcd834;2435868098;0;;reverse;2023-12;ok;;;;;part_metadata_or_progress;
BASH_REV_2023-12_00285.csv;CSV;662630;2a8ea9effa47af959d7ec398a338d3244d6359e6954c0729b1e1ffcaa242de69;440246382;0;788;reverse;2023-12;ok;;;;;mirror;
BASH_REV_2023-12_00285_ids.json;JSON;12248;33fa3f1313f7c96bbf33edeecfcc633db484d0f50ce0eac416286b9c506eb0a0;1105936024;0;;reverse;2023-12;ok;;;;;part_metadata_or_progress;
BASH_REV_2024-01_00253.csv;CSV;786731;12029be239df97ab7b72317eb6ed000bdc205b61dda39784ea3d4280c1347ea1;3418653268;0;1000;reverse;2024-01;ok;;;;;mirror;
BASH_REV_2024-01_00253_ids.json;JSON;15218;006cf3955998e47cde192d84ffbc4c7d9960bbb5293e5996e4a209823242d271;2974424493;0;;reverse;2024-01;ok;;;;;part_metadata_or_progress;
BASH_REV_2024-01_00254.csv;CSV;856084;05c53214c16b464ce2de886e2f2b27e22a705508cdbe10d368aad0d2e2d8ccdd;1716252992;0;1000;reverse;2024-01;ok;;;;;mirror;
BASH_REV_2024-01_00254_ids.json;JSON;15218;417caa9b4b6282e8fd2ca880ea0f3aa2397d729829e796a402d65a04eb26bb69;2009821183;0;;reverse;2024-01;ok;;;;;part_metadata_or_progress;
BASH_REV_2024-01_00255.csv;CSV;828985;f963ae09357cd076761dced2fe25e7d007fc8699fe0ca9d34796dca0fb7f639f;2747241125;0;1000;reverse;2024-01;ok;;;;;mirror;
BASH_REV_2024-01_00255_ids.json;JSON;15218;c50b001352d1eb031b0831b5a99206c4c1ddcea219b964198003d4f4aeb5650e;304281366;0;;reverse;2024-01;ok;;;;;part_metadata_or_progress;
BASH_REV_2024-01_00256.csv;CSV;760113;e30b1fe9c148e1cf47d61cc1b69333b1bab8a5ed59ce4c5855217dd53a88ec76;2605796786;0;1000;reverse;2024-01;ok;;;;;mirror;
BASH_REV_2024-01_00256_ids.json;JSON;15218;871bd38324f29c0415295af2a79bc0b42bf3f685753311164955fdc524bf1821;258722389;0;;reverse;2024-01;ok;;;;;part_metadata_or_progress;
BASH_REV_2024-01_00257.csv;CSV;792463;c6200870c2f7ed0c7bc840e9f2b8a0abfd7ee7b26aa8004ddc313a164ee60109;2210579817;0;1000;reverse;2024-01;ok;;;;;mirror;
BASH_REV_2024-01_00257_ids.json;JSON;15218;6cb2e1916958fbb6bfb6096419c02ad79a9a75683646eb6fee5b9ec01906222a;2177258986;0;;reverse;2024-01;ok;;;;;part_metadata_or_progress;
BASH_REV_2024-01_00258.csv;CSV;810482;30033a96554f8c9ab195934d71bf9651defb1c4087280b2d0904c51ef33538c3;3104541579;0;1000;reverse;2024-01;ok;;;;;mirror;
BASH_REV_2024-01_00258_ids.json;JSON;15218;390c9538f486711c3c575510a869f8aa4d062ebeeee342ec3f1c0d08ec7625e7;4231679848;0;;reverse;2024-01;ok;;;;;part_metadata_or_progress;
BASH_REV_2024-01_00259.csv;CSV;777491;5ee2122c2b8b3f574660af59f66ffe7671d51cdb665bc85e0cf140a9efb1e3e5;1543102514;0;1000;reverse;2024-01;ok;;;;;mirror;
BASH_REV_2024-01_00259_ids.json;JSON;15218;530593ca836d3d004f2a89d06d73b2b97014d7a6f231c9c1a0d8df0b2cebb2e8;3476256662;0;;reverse;2024-01;ok;;;;;part_metadata_or_progress;
BASH_REV_2024-01_00260.csv;CSV;764803;b533a1e75d2cb8f1a449d77137926c9b66749dbeebc86f4c23549d78b95f6cb8;477776446;0;1000;reverse;2024-01;ok;;;;;mirror;
BASH_REV_2024-01_00260_ids.json;JSON;15217;73ad1be88c1f52568dbc203e2ee3a8337d99acbf85de62f8b0f819d77e7cadce;1112502497;0;;reverse;2024-01;ok;;;;;part_metadata_or_progress;
BASH_REV_2024-01_00261.csv;CSV;769286;5e580fbed0550ad43edb09792c1706de7f112731c520ac1736d6ba7256a7d872;3517342403;0;1000;reverse;2024-01;ok;;;;;mirror;
BASH_REV_2024-01_00261_ids.json;JSON;15218;17995f8536d3caf6d5dfc4c8b3163612f0e8b7503a09a864975492704f6d9d2e;3571865400;0;;reverse;2024-01;ok;;;;;part_metadata_or_progress;
BASH_REV_2024-01_00262.csv;CSV;847263;1ce7292953a75b85c9c707f6a466d7b4e222147753ccf6145ddfdf051823eef3;1957416317;0;1000;reverse;2024-01;ok;;;;;mirror;
BASH_REV_2024-01_00262_ids.json;JSON;15218;782496a2cc573404c25422615f43b11aceba44845732e981cdd2e49b4ff640b6;3718705326;0;;reverse;2024-01;ok;;;;;part_metadata_or_progress;
BASH_REV_2024-01_00263.csv;CSV;757938;4f5f67b69b35c55a8ba870b93b7e23e58f6f57b84192cb95cd9e90688e1e7bbb;1264998363;0;1000;reverse;2024-01;ok;;;;;mirror;
BASH_REV_2024-01_00263_ids.json;JSON;15218;aeb2badc0d972c56c4027deff14e60de07499216ff90a294dee337ec98f2a5f7;4215035242;0;;reverse;2024-01;ok;;;;;part_metadata_or_progress;
BASH_REV_2024-01_00264.csv;CSV;803166;a4793e7752d913e17181464cd2a3ae7cb79fd2399a1436512560cf9a5dea9666;2159277269;0;1000;reverse;2024-01;ok;;;;;mirror;
BASH_REV_2024-01_00264_ids.json;JSON;15218;e76f5d76efec42a04201502a4abfe568be8cd5717564502af4658d9fe77030c5;2323111313;0;;reverse;2024-01;ok;;;;;part_metadata_or_progress;
BASH_REV_2024-01_00265.csv;CSV;773187;7ff72bf1d222a7ca6065adf5c5b21811db4f7844ba3d2a0bc8e066398d3a8153;2124921389;0;1000;reverse;2024-01;ok;;;;;mirror;
BASH_REV_2024-01_00265_ids.json;JSON;15218;a5fd944519862d554afd7097f5e8edc6f6a0f63a59f00c43b704bf1f56d298d7;738190973;0;;reverse;2024-01;ok;;;;;part_metadata_or_progress;
BASH_REV_2024-01_00266.csv;CSV;853068;2cee05b2816a1971fcc5ff8c8853fb9f9b87cc428b8ce2a6bad4f73bac571f76;2260054946;0;1000;reverse;2024-01;ok;;;;;mirror;
BASH_REV_2024-01_00266_ids.json;JSON;15218;f3ef1bcd87fc0e753f4f49d64ea961a8edd5de61dc848e907f4433f62b212021;103626346;0;;reverse;2024-01;ok;;;;;part_metadata_or_progress;
BASH_REV_2024-01_00267.csv;CSV;819441;71db7c938af19aa5e1c845b24065b338e5fce3b03924cf9747d46470518e7a37;3194510316;0;1000;reverse;2024-01;ok;;;;;mirror;
BASH_REV_2024-01_00267_ids.json;JSON;15218;a3601e2a2538c6ca49bd9142a778d6e68d7ad28a67455309f2f54ed65e97af64;4286802556;0;;reverse;2024-01;ok;;;;;part_metadata_or_progress;
BASH_REV_2024-01_00268.csv;CSV;749518;003238236a03574f4a9dfef4d5ddb836372ae6dfb181afd3d530ae2953855e56;2008235965;0;1000;reverse;2024-01;ok;;;;;mirror;
BASH_REV_2024-01_00268_ids.json;JSON;15218;8a6c1707621bbcc24e8ef56b4a3d2d5aa3350d25eff8485903b6c3333e30216c;4087641978;0;;reverse;2024-01;ok;;;;;part_metadata_or_progress;
BASH_REV_2024-01_00269.csv;CSV;206718;650bd45e66c7bd5b6659e93705a1f2bc8fd67c456d926af1d36cee4740030c33;211632574;0;281;reverse;2024-01;ok;;;;;mirror;
BASH_REV_2024-01_00269_ids.json;JSON;5148;e1baac3a50a0fc19a536cd93d3778eda459cdc21ecb2615c3037e1f06fd38099;1266192312;0;;reverse;2024-01;ok;;;;;part_metadata_or_progress;
BASH_REV_2024-02_00242.csv;CSV;815350;51a3ed93b097d4653d0d1e543e5527a769c2f77eba2157d3153adfa79b54dba9;1809713664;0;1000;reverse;2024-02;ok;;;;;mirror;
BASH_REV_2024-02_00242_ids.json;JSON;15218;4692a94aaa2cfbbf3012f44969616e20af1cc59197e201bcd5345182df64e0fd;3474182057;0;;reverse;2024-02;ok;;;;;part_metadata_or_progress;
BASH_REV_2024-02_00243.csv;CSV;877688;76cb151c4bfb0bbad0fd7fe553baedaafe92cd1b711fe3d33f534b0800b6ba14;3441239060;0;1000;reverse;2024-02;ok;;;;;mirror;
BASH_REV_2024-02_00243_ids.json;JSON;15217;e57a0cf2af15664ba53b708b160cc7d1fa2dda2e460237c052f4563bea555219;1135204938;0;;reverse;2024-02;ok;;;;;part_metadata_or_progress;
BASH_REV_2024-02_00244.csv;CSV;819729;2def5e2083d674102e8ea9c69e91a798ea6666bd9ab42ec3b68a38ad61d055d7;1574816761;0;1000;reverse;2024-02;ok;;;;;mirror;
BASH_REV_2024-02_00244_ids.json;JSON;15218;351699c6bd6a62475d6ca3c03b0250a12c021b8b00e6cb7e805ca0f534eab7b3;2736731093;0;;reverse;2024-02;ok;;;;;part_metadata_or_progress;
BASH_REV_2024-02_00245.csv;CSV;849885;bc175189167a86f5e5ad23cfb7754ca63f7232c88fe4ca18daf8576293360ed7;3928153204;0;1000;reverse;2024-02;ok;;;;;mirror;
BASH_REV_2024-02_00245_ids.json;JSON;15218;905e1ae9287351e9cc1c1d45b4825318061d62dbacb316940438cd2f8713b9ca;437674100;0;;reverse;2024-02;ok;;;;;part_metadata_or_progress;
BASH_REV_2024-02_00246.csv;CSV;835373;769ba9c1adc5841ee75bd9601ca214a77ebdccdc0620cee94086dc4e84376066;2791094527;0;1000;reverse;2024-02;ok;;;;;mirror;
BASH_REV_2024-02_00246_ids.json;JSON;15218;896cb9e3fe968fde7c6b282f9579c56af35ca1dae54d874e4967bd75ffd1cc2a;851849404;0;;reverse;2024-02;ok;;;;;part_metadata_or_progress;
BASH_REV_2024-02_00247.csv;CSV;806384;68104cd0fdb8bab9bef27f3d7575587413be36e44bd945257bc7400db26abb9e;2957530983;0;1000;reverse;2024-02;ok;;;;;mirror;
BASH_REV_2024-02_00247_ids.json;JSON;15218;9f1f423ce180cb0cec94b0ca47029a10eb621a1411d843259d6c0e664a44e12a;1901269286;0;;reverse;2024-02;ok;;;;;part_metadata_or_progress;
BASH_REV_2024-02_00248.csv;CSV;818149;4263d685f2f49fcb6c6286af4a727a3848aeeb10fb8f0e44faafcfda9fa826b7;1904226674;0;1000;reverse;2024-02;ok;;;;;mirror;
BASH_REV_2024-02_00248_ids.json;JSON;15218;32de2de7f7d6bf277a09f763616e578cd6bffc20d99f522fe2cfcd7b9a5ecbca;4148555722;0;;reverse;2024-02;ok;;;;;part_metadata_or_progress;
BASH_REV_2024-02_00249.csv;CSV;800478;f828ee63e295819ed52abe30d6b011551c200603b10dd0aad00b213d69fb7293;1479390333;0;1000;reverse;2024-02;ok;;;;;mirror;
BASH_REV_2024-02_00249_ids.json;JSON;15218;6350f7a23aa2ec512f4cf6777e5a121f9a9371c7708ed74a0f3a37071b6fa3c7;1995303196;0;;reverse;2024-02;ok;;;;;part_metadata_or_progress;
BASH_REV_2024-02_00250.csv;CSV;804591;6c262fbb9b308f9b1dacbc091b49f01f4b6cb2aa8e3b1f2ee9f8d06936d64371;724311172;0;1000;reverse;2024-02;ok;;;;;mirror;
BASH_REV_2024-02_00250_ids.json;JSON;15217;7fe544cb2897af52c35e39ce8ec667f330287a035494c1ce884afce73e167e15;1185141647;0;;reverse;2024-02;ok;;;;;part_metadata_or_progress;
BASH_REV_2024-02_00251.csv;CSV;828304;131d266e4caa01cd31964cf540bb41ae5c01934999d7f02652a40df611e03f75;169974412;0;1000;reverse;2024-02;ok;;;;;mirror;
BASH_REV_2024-02_00251_ids.json;JSON;15216;358fcb07890a9bcffa9cfd6c0431ebfa8a9d904b929748bdc146ef5f853ce84d;1587270856;0;;reverse;2024-02;ok;;;;;part_metadata_or_progress;
BASH_REV_2024-02_00252.csv;CSV;236813;366cccb1cfdc66443170adff4a906667957147b4a396bd9d1572b18f5d06db78;3002469486;0;293;reverse;2024-02;ok;;;;;mirror;
BASH_REV_2024-02_00252_ids.json;JSON;5318;a79dbae9dda0c889933ae829d6a49092a6e1c050c0be31c64407814f1888ba94;2311722939;0;;reverse;2024-02;ok;;;;;part_metadata_or_progress;
BASH_REV_2024-03_00232.csv;CSV;872066;2953a7d23991c48eaf16c669cf9cffa4293f26abf13127c0fa38ee91418417ba;1034529081;0;1000;reverse;2024-03;ok;;;;;mirror;
BASH_REV_2024-03_00232_ids.json;JSON;15217;8d4734077ea63afdf9bef3f4ed901dd32ad8075e87600a972495116d83ab2851;680663658;0;;reverse;2024-03;ok;;;;;part_metadata_or_progress;
BASH_REV_2024-03_00233.csv;CSV;855123;6bb165657f9fe6c1cafb1a5fea49c3dd1fb41ba6879901e947fb0e37def9ac6b;1959807388;0;1000;reverse;2024-03;ok;;;;;mirror;
BASH_REV_2024-03_00233_ids.json;JSON;15218;9346ef2f3c9965c7963d85055729de8caaae0a8fee09d9748d61c22197a75cdf;2597829403;0;;reverse;2024-03;ok;;;;;part_metadata_or_progress;
BASH_REV_2024-03_00234.csv;CSV;876198;a49e1fe6534e00b7c8997490ba2afe83690bdbce207ae007ca884b84679338bb;1315995636;0;1000;reverse;2024-03;ok;;;;;mirror;
BASH_REV_2024-03_00234_ids.json;JSON;15218;23d956479f32424616c3379712caeee2f82dd57d3124fd4e953d536735e05560;2910756959;0;;reverse;2024-03;ok;;;;;part_metadata_or_progress;
BASH_REV_2024-03_00235.csv;CSV;871953;29ea303fe6ae27c8aa2bc4cf189d92b5a9cead86d01c1eb481a301e18c5076a4;2439248816;0;1000;reverse;2024-03;ok;;;;;mirror;
BASH_REV_2024-03_00235_ids.json;JSON;15218;525ba457e488655395f76a02de333a1355c2bdde28b44f743b0a83c22c22fe44;382202625;0;;reverse;2024-03;ok;;;;;part_metadata_or_progress;
BASH_REV_2024-03_00236.csv;CSV;826291;f665c5ce36e708ca0a1dfb25ab8aa33d570ec2debdc33b84d596250ba94d75b7;4051115139;0;1000;reverse;2024-03;ok;;;;;mirror;
BASH_REV_2024-03_00236_ids.json;JSON;15218;684d3959793272c10bac726781db7dc2ca491a82e3d09b228fcabc7343e353bc;1623269132;0;;reverse;2024-03;ok;;;;;part_metadata_or_progress;
BASH_REV_2024-03_00237.csv;CSV;836363;9aca64ad0fa98dad03af524ee1f4e1d193564a6f3daf047657433110ec109423;2979092736;0;1000;reverse;2024-03;ok;;;;;mirror;
BASH_REV_2024-03_00237_ids.json;JSON;15216;b6a4768fb86be1790233af48dd4db0619e0c3c1bc1a954e877abb4327a054ae5;4130676594;0;;reverse;2024-03;ok;;;;;part_metadata_or_progress;
BASH_REV_2024-03_00238.csv;CSV;861833;cb09dbf2e638b9e6cb33517725383128f31283bb4a33633f965a9f9df51ff9b2;1101449845;0;1000;reverse;2024-03;ok;;;;;mirror;
BASH_REV_2024-03_00238_ids.json;JSON;15218;59c2c8b5d62023d444808028cd463c5b4a45c96e288aafea2748e0c5913d273e;2849317950;0;;reverse;2024-03;ok;;;;;part_metadata_or_progress;
BASH_REV_2024-03_00239.csv;CSV;835223;546fc9fc09d61713289b4a6f8327b7b773952e149daf3e73eb575124b7f49127;2832866951;0;1000;reverse;2024-03;ok;;;;;mirror;
BASH_REV_2024-03_00239_ids.json;JSON;15217;3ab50fd3ee162d11934975f890063a35379abef965921d9f1a4adc5687f778b0;2131335902;0;;reverse;2024-03;ok;;;;;part_metadata_or_progress;
BASH_REV_2024-03_00240.csv;CSV;869156;8b83dc9955fae8c6ea97623f01eefc4d005aa181d0eff8ea875896424d294504;3531076228;0;1000;reverse;2024-03;ok;;;;;mirror;
BASH_REV_2024-03_00240_ids.json;JSON;15218;d4308fdc46602c30bddc218eff89f706030baf54d082ee6411ee874511d7694a;548182232;0;;reverse;2024-03;ok;;;;;part_metadata_or_progress;
BASH_REV_2024-03_00241.csv;CSV;377816;e00320526ba692b4db981bd76f4582b480a00a24fe50566c443b5965024cf939;928902836;0;457;reverse;2024-03;ok;;;;;mirror;
BASH_REV_2024-03_00241_ids.json;JSON;7613;2ec52a9723d0dbd0f9b45be9fffa27a73f9aabd58d6e01dccea297678ba27e28;1181246441;0;;reverse;2024-03;ok;;;;;part_metadata_or_progress;
BASH_REV_2024-04_00223.csv;CSV;846545;4aa0b8edb0b916d7f0103b4e218dad6d0267ab590be8eba61009d618d4b96047;241406321;0;1000;reverse;2024-04;ok;;;;;mirror;
BASH_REV_2024-04_00223_ids.json;JSON;15216;f60d936c5b59475f943fe17d6375e02b14b5db48121ae782108bc31d986164b1;2215095480;0;;reverse;2024-04;ok;;;;;part_metadata_or_progress;
BASH_REV_2024-04_00224.csv;CSV;848288;c771543990c36587de9713fe62a05bac3ee65fd8ed7dcdea9575e9eed405080f;3741377558;0;1000;reverse;2024-04;ok;;;;;mirror;
BASH_REV_2024-04_00224_ids.json;JSON;15218;23b04ad702f7bab891aa2f9d219d41534a1481bb22d2de2c5c72f9117dc396e1;4269989342;0;;reverse;2024-04;ok;;;;;part_metadata_or_progress;
BASH_REV_2024-04_00225.csv;CSV;822062;a03f367a120fa20d66e6a5b19626fa213949cb4e5f9c8b2b5f86a605715befbe;123271788;0;1000;reverse;2024-04;ok;;;;;mirror;
BASH_REV_2024-04_00225_ids.json;JSON;15217;b58cfe30421ac917c86ff397130a21dd9feabb19468f9b83f86ad1572d96cacb;1614845251;0;;reverse;2024-04;ok;;;;;part_metadata_or_progress;
BASH_REV_2024-04_00226.csv;CSV;824750;7224686072b0d82245c9fcd001a7940be02e893279756de2075e3aed569e8af6;104446642;0;1000;reverse;2024-04;ok;;;;;mirror;
BASH_REV_2024-04_00226_ids.json;JSON;15217;2f7c2680395356ef4dbffeb4d7015769c65136df1c17f5df805775358281ab87;2146853108;0;;reverse;2024-04;ok;;;;;part_metadata_or_progress;
BASH_REV_2024-04_00227.csv;CSV;840276;860dc6431566bf8f496ea7ef513a05e56c11d5d2b31f98794d3203b6694ad7c7;1359455875;0;1000;reverse;2024-04;ok;;;;;mirror;
BASH_REV_2024-04_00227_ids.json;JSON;15217;923e90dc586f44796aa0c9f8db0d98db17238657d67b8686acfc233909bcb671;963761854;0;;reverse;2024-04;ok;;;;;part_metadata_or_progress;
BASH_REV_2024-04_00228.csv;CSV;849772;f88ee8b430085e2b3e290794ce04f334fef380e230505c020b8a822d70616519;2680769163;0;1000;reverse;2024-04;ok;;;;;mirror;
BASH_REV_2024-04_00228_ids.json;JSON;15218;5a2baa65c254d584d3b3216d36464692c0977ea3d9c2d48200ca38d8328d4780;124176230;0;;reverse;2024-04;ok;;;;;part_metadata_or_progress;
BASH_REV_2024-04_00229.csv;CSV;817776;4d947099704cf6bea35df2cb19e0c2672fc818d84264671985f2b1266a113d79;2451886361;0;1000;reverse;2024-04;ok;;;;;mirror;
BASH_REV_2024-04_00229_ids.json;JSON;15218;4733667c9d3047420451080ae1b6c8ec3822bae49a3af7c4b98f406c48603bb9;3558013815;0;;reverse;2024-04;ok;;;;;part_metadata_or_progress;
BASH_REV_2024-04_00230.csv;CSV;859229;830efee4307c6ee1d396c4b0de14fe7926f173159d7b4473dd7d1d79a1bb15d8;3620687553;0;1000;reverse;2024-04;ok;;;;;mirror;
BASH_REV_2024-04_00230_ids.json;JSON;15217;4375e850bb493f82154e886b14f4b6eac6bea59df225d0ee353a7db673e9db6e;3586841825;0;;reverse;2024-04;ok;;;;;part_metadata_or_progress;
BASH_REV_2024-04_00231.csv;CSV;45345;338ae21e0e815e29b434e55289caf7618cea7f894f00412affd8ac509215d6e1;3309456252;0;43;reverse;2024-04;ok;;;;;mirror;
BASH_REV_2024-04_00231_ids.json;JSON;1816;d00ab2846a9ff526873b147a410677e57a6d13d8dfc8e09d7a5405a534883555;1789419560;0;;reverse;2024-04;ok;;;;;part_metadata_or_progress;
BASH_REV_2024-05_00214.csv;CSV;834641;b23e15fab870f810dc34cac25bcb35f073f4118b5b0bd148db5a33a598e41374;3289038858;0;1000;reverse;2024-05;ok;;;;;mirror;
BASH_REV_2024-05_00214_ids.json;JSON;15218;b9d10da1d3777fcbac7801841a0e52f560e4f8cba3c349ee9526f85e66730ab8;3782396833;0;;reverse;2024-05;ok;;;;;part_metadata_or_progress;
BASH_REV_2024-05_00215.csv;CSV;830099;0f89d10f075a73ae19e69b103c6753daf35e4b50c16a59f9f51f560fd631a152;2716134096;0;1000;reverse;2024-05;ok;;;;;mirror;
BASH_REV_2024-05_00215_ids.json;JSON;15217;0be2315870cb3efbddb89d481f552b0cd9f26047bb1c4b1c6d053e6ac9833fce;1834133724;0;;reverse;2024-05;ok;;;;;part_metadata_or_progress;
BASH_REV_2024-05_00216.csv;CSV;819385;59fbfbe2a47e4c02380de64140313529b416fe2fa8f388a7c5bba6c1c54ea3c2;1611627608;0;1000;reverse;2024-05;ok;;;;;mirror;
BASH_REV_2024-05_00216_ids.json;JSON;15217;db9c285372cb3a0f1d3909d19906c949cf9c3a48e8ab3fcc5fafe4ed79cac0cf;3194925302;0;;reverse;2024-05;ok;;;;;part_metadata_or_progress;
BASH_REV_2024-05_00217.csv;CSV;823598;a780625a1a015747c5bdd4e02b29b137f772f5b77ad83626f89791b1ee151347;1139473598;0;1000;reverse;2024-05;ok;;;;;mirror;
BASH_REV_2024-05_00217_ids.json;JSON;15218;39c318280bbf737c2a610931bdf2e407dca8723bc3999bc5d27665b1ab9ac23c;1435541094;0;;reverse;2024-05;ok;;;;;part_metadata_or_progress;
BASH_REV_2024-05_00218.csv;CSV;830674;7abd664973d539d6e2f5731027e9b934e6f7f7ff967876e6e72b1af898258d5e;862079805;0;1000;reverse;2024-05;ok;;;;;mirror;
BASH_REV_2024-05_00218_ids.json;JSON;15216;ce533b99ec50f5a3b9dae90627e3443d5cd216067745b3a1d558a8cfd8d4f50d;737921147;0;;reverse;2024-05;ok;;;;;part_metadata_or_progress;
BASH_REV_2024-05_00219.csv;CSV;846382;a950f2257753548d3d0aed585503ed1308c45f7f9633c671fbb692b0a8b2bfb2;3410621231;0;1000;reverse;2024-05;ok;;;;;mirror;
BASH_REV_2024-05_00219_ids.json;JSON;15217;2bd93634456d71d5f6a02c460536f50b0a21268a0d06ad503f01f41b9ca8434c;3115273866;0;;reverse;2024-05;ok;;;;;part_metadata_or_progress;
BASH_REV_2024-05_00220.csv;CSV;865428;73dcdc0a2c6eb7275feae1d795326fd48f8ffcfc4c21a56e7b499af83c343a7e;2019516259;0;1000;reverse;2024-05;ok;;;;;mirror;
BASH_REV_2024-05_00220_ids.json;JSON;15218;b349505b78ea90fb40e5e83c3357858037e1a2aad480859e813d78a47ef0742a;2859589004;0;;reverse;2024-05;ok;;;;;part_metadata_or_progress;
BASH_REV_2024-05_00221.csv;CSV;832345;df3f4f5450cf76365b1db866b219b70628458cca773532ccabdbd1e4a929372d;1311928031;0;1000;reverse;2024-05;ok;;;;;mirror;
BASH_REV_2024-05_00221_ids.json;JSON;15218;87b0e1283104b30aa30bdf5e4ef97068632410ee5ef7e5ce5ac0877272389aac;3628527804;0;;reverse;2024-05;ok;;;;;part_metadata_or_progress;
BASH_REV_2024-05_00222.csv;CSV;66312;45404b5e8067ac18f63789b237984498c6019a8a06e621101d67c384d27efd28;4019054148;0;78;reverse;2024-05;ok;;;;;mirror;
BASH_REV_2024-05_00222_ids.json;JSON;2306;ddac0212a48790a04d8c18a4970b5bcc4da6714c53c13d29acffdf0f4cba2a22;386423351;0;;reverse;2024-05;ok;;;;;part_metadata_or_progress;
BASH_REV_2024-06_00206.csv;CSV;816196;281e03a5a120918b33b7108d9293f816e22fe8541f347a9422f607a977456040;659077916;0;1000;reverse;2024-06;ok;;;;;mirror;
BASH_REV_2024-06_00206_ids.json;JSON;15217;acbc52a098aada18fd947c95a2eefa9bcb82ddc6521310d3e8b435d98a6080f2;3445856652;0;;reverse;2024-06;ok;;;;;part_metadata_or_progress;
BASH_REV_2024-06_00207.csv;CSV;820247;85d8ba76a4a7b073126b49bcb65f775afe8ccf87691b19df7c10b2969b75481a;669037904;0;1000;reverse;2024-06;ok;;;;;mirror;
BASH_REV_2024-06_00207_ids.json;JSON;15217;c3db000fe6420d147aee69a7ecd4169dc20582583d888c587199a29b55b69a14;3991736151;0;;reverse;2024-06;ok;;;;;part_metadata_or_progress;
BASH_REV_2024-06_00208.csv;CSV;802994;3a5562df2207dd7f00ccda2c35659ea2e4d42eb768d4a8f6663be0fa4b19f69f;3722265452;0;1000;reverse;2024-06;ok;;;;;mirror;
BASH_REV_2024-06_00208_ids.json;JSON;15218;2078d72e7ed2cabdb4c7c0539afba61cc0c230346e0077faaf78b1f9edf7c087;223807759;0;;reverse;2024-06;ok;;;;;part_metadata_or_progress;
BASH_REV_2024-06_00209.csv;CSV;851159;7cb778d5496e95661a76126a0ac9540f7f1d4d3b29134a25567419ca2c6e719e;2874573576;0;1000;reverse;2024-06;ok;;;;;mirror;
BASH_REV_2024-06_00209_ids.json;JSON;15217;36a416e4b6886a5cc965149dae781f124715b0c7f3e7251d3b2af04b59341d27;1570289208;0;;reverse;2024-06;ok;;;;;part_metadata_or_progress;
BASH_REV_2024-06_00210.csv;CSV;801564;228eb848daed5abb9ce73767244ff0402f86f4b2362d3d93a10abc5f4d4d5db5;2260919905;0;1000;reverse;2024-06;ok;;;;;mirror;
BASH_REV_2024-06_00210_ids.json;JSON;15217;7063536dcc361f1313fdab4dca3eabaeeee05348218f7769ebd99b6b00110ea6;1201637234;0;;reverse;2024-06;ok;;;;;part_metadata_or_progress;
BASH_REV_2024-06_00211.csv;CSV;827163;2be4513ded5730ded82f21f7e4b9eca00b8deea397cd3936417c033370eb9477;177221010;0;1000;reverse;2024-06;ok;;;;;mirror;
BASH_REV_2024-06_00211_ids.json;JSON;15217;3e794231fac37772653a0e9d9197594ae746596709c764afa69440aaf7edba73;2459361285;0;;reverse;2024-06;ok;;;;;part_metadata_or_progress;
BASH_REV_2024-06_00212.csv;CSV;827587;4635cd3b972d87f9bf197ddb9eddf5e71851d82bc9e6d4bffb2f99ea97df362c;2280970154;0;1000;reverse;2024-06;ok;;;;;mirror;
BASH_REV_2024-06_00212_ids.json;JSON;15218;98daaa880cec135a8811620b7496d3771dfe4887f7fb4e7ad1fadf18c77c64be;2494545026;0;;reverse;2024-06;ok;;;;;part_metadata_or_progress;
BASH_REV_2024-06_00213.csv;CSV;31102;1e3942aef5b7182813e0b91cd0538d652facb31f43a81457f93c9bfee635b942;4186357287;0;33;reverse;2024-06;ok;;;;;mirror;
BASH_REV_2024-06_00213_ids.json;JSON;1674;1b95388fc3de0cb121d7b557d9e3eba1064257669c9998dcd134b96a700ef58a;2577453912;0;;reverse;2024-06;ok;;;;;part_metadata_or_progress;
BASH_REV_2024-07_00200.csv;CSV;874977;656712de2c45a379c6d51f2e369aedae66c95ad7a47bda65f0f9595fb1c7bb9a;1487207907;0;1000;reverse;2024-07;ok;;;;;mirror;
BASH_REV_2024-07_00200_ids.json;JSON;15218;bffac47efe654434176c1ffe4e159ae447db9ec112ddee21a3aec4d0cf97c930;1032549552;0;;reverse;2024-07;ok;;;;;part_metadata_or_progress;
BASH_REV_2024-07_00201.csv;CSV;861109;c30f4f39d0f9214da3fb5ea0f447e7dd1383267da21bfb5a37990b4ec0f853a9;3512124707;0;1000;reverse;2024-07;ok;;;;;mirror;
BASH_REV_2024-07_00201_ids.json;JSON;15218;03fd36ecedaf8f53ce91c8069b4909e76171e7cdf355756be52ffb5333a93b3e;782640974;0;;reverse;2024-07;ok;;;;;part_metadata_or_progress;
BASH_REV_2024-07_00202.csv;CSV;874601;90b3c68636d28ea5b86e4fbea3e9e38f5c42040a20d439b42d3ce0dac691a100;1819421813;0;1000;reverse;2024-07;ok;;;;;mirror;
BASH_REV_2024-07_00202_ids.json;JSON;15218;8a16db23e76177b8e40267576abc58f77b992d573efe5bbae660db5cf6d56394;290352575;0;;reverse;2024-07;ok;;;;;part_metadata_or_progress;
BASH_REV_2024-07_00203.csv;CSV;895289;a8c8ff58d377fd202f3c190f02529413d1879f323eb94437f2dd6dcc7c9b50ee;2598454562;0;1000;reverse;2024-07;ok;;;;;mirror;
BASH_REV_2024-07_00203_ids.json;JSON;15217;2c7df633c6424c1e43f040bb4082e5ad539f9e0979e081240e24dfa59a416baa;784199739;0;;reverse;2024-07;ok;;;;;part_metadata_or_progress;
BASH_REV_2024-07_00204.csv;CSV;923335;0dbf414f18abc6ac8acd36a6b56fb303d4377391f7b2025bd411115f289c7aaf;1363950597;0;1000;reverse;2024-07;ok;;;;;mirror;
BASH_REV_2024-07_00204_ids.json;JSON;15218;f5cdbfda175954f82fe80f826d0440719b8ac3a61d9013abc6fe938a5b63fd0a;1473051907;0;;reverse;2024-07;ok;;;;;part_metadata_or_progress;
BASH_REV_2024-07_00205.csv;CSV;716993;20d583158289ac1850490bc17f25b975edeb5eedd1bd7d8caa7640f09b1eaac5;1665016768;0;835;reverse;2024-07;ok;;;;;mirror;
BASH_REV_2024-07_00205_ids.json;JSON;12907;a7a2496a0df8700222efb0a9d01b736e9679de48c7812e48f06d1a19d3d2947d;2700321007;0;;reverse;2024-07;ok;;;;;part_metadata_or_progress;
BASH_REV_2024-08_00194.csv;CSV;837196;ba30d2b49b12107dab51e5b01d99d4f7a7269d7e9be5bb3cf6dbae54a6498cfc;3935342657;0;1000;reverse;2024-08;ok;;;;;mirror;
BASH_REV_2024-08_00194_ids.json;JSON;15217;01ea7adcc656fe467dc010bfe0c42d9f2c5b1200450fac38367fad3594151371;1223554290;0;;reverse;2024-08;ok;;;;;part_metadata_or_progress;
BASH_REV_2024-08_00195.csv;CSV;804955;597fd2d1fe7e54065a0ac14713dde960cdd2a91049ed1ffbd91a8946e7cc6741;3107296023;0;1000;reverse;2024-08;ok;;;;;mirror;
BASH_REV_2024-08_00195_ids.json;JSON;15218;38d030e8ca4e303934e7ce0179760d581735d81e0526e2aaf8242a8cad8c91df;2227111617;0;;reverse;2024-08;ok;;;;;part_metadata_or_progress;
BASH_REV_2024-08_00196.csv;CSV;872655;8ecc762a8477eb0a9c7e904b8882fa070c9d22634ed9fbdfd1ae2b08f082a92e;2055574840;0;1000;reverse;2024-08;ok;;;;;mirror;
BASH_REV_2024-08_00196_ids.json;JSON;15218;66d184afded1c26c6f505dd6519d965f0d423318777846dd0bfd08d7bce9a333;620551173;0;;reverse;2024-08;ok;;;;;part_metadata_or_progress;
BASH_REV_2024-08_00197.csv;CSV;860310;a07f47e33ed0f7bd3669d4154be73ccb4aee5533228c2c3a71e42f05757f1dae;1974965967;0;1000;reverse;2024-08;ok;;;;;mirror;
BASH_REV_2024-08_00197_ids.json;JSON;15218;23f56799448252e6d46b08fa43d4eeef1a0f144a10ce410774b8f5f568f10a6a;983304428;0;;reverse;2024-08;ok;;;;;part_metadata_or_progress;
BASH_REV_2024-08_00198.csv;CSV;886794;2dd39180a00a8202371bfe77f9442c60770c1296bc20a2dac2bcc757e0e75dca;203461372;0;1000;reverse;2024-08;ok;;;;;mirror;
BASH_REV_2024-08_00198_ids.json;JSON;15217;92743b8eb61f6bf76eb20959b3c2e91b544ff63f2bac878f253e0fa0acd098ed;1525337307;0;;reverse;2024-08;ok;;;;;part_metadata_or_progress;
BASH_REV_2024-08_00199.csv;CSV;61353;970b38ea34e8120f3b43b52ab9f33fc4f6063bef739e1b51135d42b264b2b522;4163228195;0;72;reverse;2024-08;ok;;;;;mirror;
BASH_REV_2024-08_00199_ids.json;JSON;2221;0b90f79fe727e24a14a8d193c0b4c75ea56675b9a3a3c255b8d6ac35c7f4aff1;1299777205;0;;reverse;2024-08;ok;;;;;part_metadata_or_progress;
BASH_REV_2024-09_00188.csv;CSV;872246;e960d6d989fcabece35d841abd39be201723f7dcead1d9ae442919556a3297b1;1549582778;0;1000;reverse;2024-09;ok;;;;;mirror;
BASH_REV_2024-09_00188_ids.json;JSON;15216;bb0529613ae174957bf4968a503df857a85e840ec20b6b13fbacf666ffc3aab0;2127326665;0;;reverse;2024-09;ok;;;;;part_metadata_or_progress;
BASH_REV_2024-09_00189.csv;CSV;870231;0506180a478d07bdc92b2d835bd8b1db546521142a2325cbdee5998c803bc99a;156762156;0;1000;reverse;2024-09;ok;;;;;mirror;
BASH_REV_2024-09_00189_ids.json;JSON;15217;34850233a6d51cdcebd6983a715d9d268a4eb4b874a396bb46245ddfa7667614;224494848;0;;reverse;2024-09;ok;;;;;part_metadata_or_progress;
BASH_REV_2024-09_00190.csv;CSV;900555;73f23c838b28d162b0c9ea4f071b613ce36bd9d374e596eba2804f6a7fd55c2d;1386905635;0;1000;reverse;2024-09;ok;;;;;mirror;
BASH_REV_2024-09_00190_ids.json;JSON;15217;6c1170bb9caa791c0c270f1bcd448b2264f5cdc7f457e76dab0520176add5132;2483093716;0;;reverse;2024-09;ok;;;;;part_metadata_or_progress;
BASH_REV_2024-09_00191.csv;CSV;875771;07e8ec9190b2aecf4942b9751a09d4d404597bdcffeb7cd43116e5ad36952518;900009848;0;1000;reverse;2024-09;ok;;;;;mirror;
BASH_REV_2024-09_00191_ids.json;JSON;15217;acb32d69cd09cea6c456b6265a2585b62e86c892d5162dce009848f0930eb362;867672384;0;;reverse;2024-09;ok;;;;;part_metadata_or_progress;
BASH_REV_2024-09_00192.csv;CSV;876304;dfb3698091ed51711b0035fe20e2285ce052771b8c1d1c4d868866d19cb6674c;1174467354;0;1000;reverse;2024-09;ok;;;;;mirror;
BASH_REV_2024-09_00192_ids.json;JSON;15218;9afb8c7c942f6c637ec7422f66e5b8c46c8125b290cd46201e5f756ac23abd44;3942088674;0;;reverse;2024-09;ok;;;;;part_metadata_or_progress;
BASH_REV_2024-09_00193.csv;CSV;9331;d1ecb6dd7b1285fdc853f93a199d805b72a590881ec87428dfc8d78d5807f32c;295414560;0;12;reverse;2024-09;ok;;;;;mirror;
BASH_REV_2024-09_00193_ids.json;JSON;1379;2116b77314e265ab6a74aa3e056e6d0de2854407328efecb184124530972ac5a;196970528;0;;reverse;2024-09;ok;;;;;part_metadata_or_progress;
BASH_REV_2024-10_00180.csv;CSV;814347;d36b02c0984782307dbfc990fee1fb30ea3a78696ffb221fa96bf56e3e809915;3706688241;0;1000;reverse;2024-10;ok;;;;;mirror;
BASH_REV_2024-10_00180_ids.json;JSON;15218;721fc02ee6c94f2c77b8cba5fd553487d4d16633f9113079f4ccb2eed9d7de8a;4253262476;0;;reverse;2024-10;ok;;;;;part_metadata_or_progress;
BASH_REV_2024-10_00181.csv;CSV;882243;869e59661bb8e765bc7ae30d6acfa0c9b7f04eb3fd02ecefa75b3d6c542513ea;1193433409;0;1000;reverse;2024-10;ok;;;;;mirror;
BASH_REV_2024-10_00181_ids.json;JSON;15218;c5ba95d65ef23a5c6804ec4a11688eae8848bfd28b8fc6a498945b86d15be3a7;11212548;0;;reverse;2024-10;ok;;;;;part_metadata_or_progress;
BASH_REV_2024-10_00182.csv;CSV;855478;149d78a537e4111f1dc82b63afd91a349a81b7239d9cb4101803e67aac40b288;1687117109;0;1000;reverse;2024-10;ok;;;;;mirror;
BASH_REV_2024-10_00182_ids.json;JSON;15218;c385d1c9b586e1bdefe57ae54cd5cf8eb6d3503f065b8b182991752110dd818c;3457719828;0;;reverse;2024-10;ok;;;;;part_metadata_or_progress;
BASH_REV_2024-10_00183.csv;CSV;897517;368f5313929d63c359548661f7cf9d9dcf02f52c977f99b150919b530d811fa8;4116234597;0;1000;reverse;2024-10;ok;;;;;mirror;
BASH_REV_2024-10_00183_ids.json;JSON;15218;e5caf8a3ed59154293a9f18aa51f0108e94537c0dea1a4ad59b50e47d5adc752;3481972613;0;;reverse;2024-10;ok;;;;;part_metadata_or_progress;
BASH_REV_2024-10_00184.csv;CSV;874747;61313af3fd69d5b7b5a9e20079ff04fddf59a7bbab7a5539aaa793ef1bc53b86;715672790;0;1000;reverse;2024-10;ok;;;;;mirror;
BASH_REV_2024-10_00184_ids.json;JSON;15217;25856ad38a1db72ac4d904e1f9f76331fa8252c2f3f05d84b0c98f4a0463aa1e;1351078424;0;;reverse;2024-10;ok;;;;;part_metadata_or_progress;
BASH_REV_2024-10_00185.csv;CSV;843197;1617c41bb71b1fd78856244cf7effd811f65f04ff46adf8d0cc9b727c6447da4;2738766743;0;1000;reverse;2024-10;ok;;;;;mirror;
BASH_REV_2024-10_00185_ids.json;JSON;15218;621aa04cd635e8492cc0076e9c093ed7520d64d322bbe031cf85afa8a94eb3ee;4144752644;0;;reverse;2024-10;ok;;;;;part_metadata_or_progress;
BASH_REV_2024-10_00186.csv;CSV;872717;05695a4a2d7f6bcd2df6be63437cd54e25baa4978fa07092f30a8ccbebfd117e;3463430929;0;1000;reverse;2024-10;ok;;;;;mirror;
BASH_REV_2024-10_00186_ids.json;JSON;15218;836cb61e9b927c1ffa98eaca422b29f732e18f8858d2e8d5c3ae04a5d833077c;2638795889;0;;reverse;2024-10;ok;;;;;part_metadata_or_progress;
BASH_REV_2024-10_00187.csv;CSV;557514;a407a30b1130a5b06cc14e80f4ad1550e0bdb62d3ab1a53e54134eae4a4f33dd;4293872684;0;670;reverse;2024-10;ok;;;;;mirror;
BASH_REV_2024-10_00187_ids.json;JSON;10597;96f0f7189c455dacf9baa38e7ecdf58b4fda6a206bed6faeff29940c422d0a1c;518222616;0;;reverse;2024-10;ok;;;;;part_metadata_or_progress;
BASH_REV_2024-11_00171.csv;CSV;830136;21ab5ec13efdf8b7f22497977b14e9d2f14367eea4cf1ed726bac5f7e9adb864;2569063746;0;1000;reverse;2024-11;ok;;;;;mirror;
BASH_REV_2024-11_00171_ids.json;JSON;15218;25044480f062fdf55deb5451ea22ecbed51e56e242a048b8cae4f18f58d8ea47;3261560044;0;;reverse;2024-11;ok;;;;;part_metadata_or_progress;
BASH_REV_2024-11_00172.csv;CSV;825497;ca2eda157f465a4561a923346fa713884ff69bc28e3037984f5b176dbd5d73ac;2217735242;0;1000;reverse;2024-11;ok;;;;;mirror;
BASH_REV_2024-11_00172_ids.json;JSON;15217;3019c9d55eb24101d614c63fb037ace439acaa9eab7cc3d176b5afc14ef29ac6;3083709392;0;;reverse;2024-11;ok;;;;;part_metadata_or_progress;
BASH_REV_2024-11_00173.csv;CSV;801192;44d87720c3f17c9bd6265f3b95dcc95256af0c81c16b5803c857b491f82a058e;3477107432;0;1000;reverse;2024-11;ok;;;;;mirror;
BASH_REV_2024-11_00173_ids.json;JSON;15218;84126425a6bf836ec60fa25d354f01322908203b3d0bc150181bd26e33f03ff7;1778909384;0;;reverse;2024-11;ok;;;;;part_metadata_or_progress;
BASH_REV_2024-11_00174.csv;CSV;843904;d8b5d400b4b5b3e3e173f7c90cc9a2e933d25ec50fc3b19dbde9fdc879e5d1c0;4221793868;0;1000;reverse;2024-11;ok;;;;;mirror;
BASH_REV_2024-11_00174_ids.json;JSON;15218;a2f2e05fbdf48450ed88f3f0e98a803106e4895905a03471b01231dcc436be84;372003851;0;;reverse;2024-11;ok;;;;;part_metadata_or_progress;
BASH_REV_2024-11_00175.csv;CSV;861754;c77dc760a3a60d5d0125c9fdadd07aa53384d6796c85b01eb65f71d71f13e0db;3225154382;0;1000;reverse;2024-11;ok;;;;;mirror;
BASH_REV_2024-11_00175_ids.json;JSON;15218;7a51abff008b6e4441a4161491a78f6565a2417e87ada33acb63d20449f064ed;2217986958;0;;reverse;2024-11;ok;;;;;part_metadata_or_progress;
BASH_REV_2024-11_00176.csv;CSV;839853;2d9899f4e265ce07b7a88a6c23c573e81eb3e7396ba72917241f64fa4e74cb7f;1557461502;0;1000;reverse;2024-11;ok;;;;;mirror;
BASH_REV_2024-11_00176_ids.json;JSON;15217;085ac4e0bc2aec216e8a08e8d567bc8f7e3d44b496fa7475fedacd75bbf7c4f0;2668615707;0;;reverse;2024-11;ok;;;;;part_metadata_or_progress;
BASH_REV_2024-11_00177.csv;CSV;913260;508ba9acb77a72a9bba71f94a94d0749f466e3b98b421ea445310c98ac9fc5af;3803450261;0;1000;reverse;2024-11;ok;;;;;mirror;
BASH_REV_2024-11_00177_ids.json;JSON;15218;456cd70d9c7d88dd2138623220e9ebd01ac6c0f4656a609804e6b359ec518ba0;2078265540;0;;reverse;2024-11;ok;;;;;part_metadata_or_progress;
BASH_REV_2024-11_00178.csv;CSV;908714;ee8e0fd6a078dd471a266d037ec6b71e30d79bb866b4a2152f6a7c1907e8dfdb;1220460885;0;1000;reverse;2024-11;ok;;;;;mirror;
BASH_REV_2024-11_00178_ids.json;JSON;15218;687860a72571f38c954355e0114087848e7b6c5fa1e13251f68b949ca17ef5b3;548623562;0;;reverse;2024-11;ok;;;;;part_metadata_or_progress;
BASH_REV_2024-11_00179.csv;CSV;714569;ba1376492556a97034c7b7359f834506bfdc2fdd59a729354b8f10296c4d15ee;616065366;0;830;reverse;2024-11;ok;;;;;mirror;
BASH_REV_2024-11_00179_ids.json;JSON;12836;655eb04f57ef078d92832715f81d0851cb771bbdb93914fdb59310d177edd1e3;4031778022;0;;reverse;2024-11;ok;;;;;part_metadata_or_progress;
BASH_REV_2024-12_00154.csv;CSV;890707;218b13a1975b18ab10c6fc642f703b35b813c0d4872c068271d5e8085bf025b7;1818433326;0;1000;reverse;2024-12;ok;;;;;mirror;
BASH_REV_2024-12_00154_ids.json;JSON;15218;0b9f8a23e876ca83f9ad12de21dcc4e98b185cf2d628e0fc8f432744a84cc5f5;3094931200;0;;reverse;2024-12;ok;;;;;part_metadata_or_progress;
BASH_REV_2024-12_00155.csv;CSV;778678;07cbf446ad907d12c7b1b3ec32529f3320dc3a55611c27c683fb70070798f620;1474389791;0;1000;reverse;2024-12;ok;;;;;mirror;
BASH_REV_2024-12_00155_ids.json;JSON;15217;bfb0aad869ae4d5feaee2372be31f92a6d5938396cf5a6d97d2ee7a345335138;850686895;0;;reverse;2024-12;ok;;;;;part_metadata_or_progress;
BASH_REV_2024-12_00156.csv;CSV;786286;411f2c2e46ccba783829f6c40e420233814fd9e8846fdb782f79d079a2e488e1;447424382;0;1000;reverse;2024-12;ok;;;;;mirror;
BASH_REV_2024-12_00156_ids.json;JSON;15217;16da587586a28f23dbc2673594e74a50bae30e2ef8dc203d49c4489e021f6994;15292875;0;;reverse;2024-12;ok;;;;;part_metadata_or_progress;
BASH_REV_2024-12_00157.csv;CSV;809234;b833ba519f41f0e9be03a2d4f68414d36e4e2bb64c2db6693b68552e137703b4;1249624299;0;1000;reverse;2024-12;ok;;;;;mirror;
BASH_REV_2024-12_00157_ids.json;JSON;15218;6e68b56af3499347d51e9da4ffb8b27c5ade5ba4d9280af56ada8b7894b46fdb;138928846;0;;reverse;2024-12;ok;;;;;part_metadata_or_progress;
BASH_REV_2024-12_00158.csv;CSV;937784;501f29033f01191630434a3f8669664fd3bf9d52f15803e2b3f9ab45a5ed21c6;4134877536;0;1000;reverse;2024-12;ok;;;;;mirror;
BASH_REV_2024-12_00158_ids.json;JSON;15218;06ad759b2a21af03928411b2d89afd8d9bbf5bcae30e3bfd9ba887cc49050d85;1550268470;0;;reverse;2024-12;ok;;;;;part_metadata_or_progress;
BASH_REV_2024-12_00159.csv;CSV;907387;f09b1235001170ce33d46e6224752a5de7a73ffb5c9afd81bd71961f7c54ea56;1583597720;0;1000;reverse;2024-12;ok;;;;;mirror;
BASH_REV_2024-12_00159_ids.json;JSON;15218;107f93dc0ba8c3cf0577d468779b0f85f2022f145406b7aa31eb0f9d7010b817;2437321395;0;;reverse;2024-12;ok;;;;;part_metadata_or_progress;
BASH_REV_2024-12_00160.csv;CSV;797733;a8f4732a8fc89ec971805fa4ffa13db108e306a4793ba7ba125dcad6e185a4b2;4090723900;0;1000;reverse;2024-12;ok;;;;;mirror;
BASH_REV_2024-12_00160_ids.json;JSON;15218;75054ca7d86f3389d718616fa2949d944fcbab2b6498f2a3836fcb82496ae0b7;2519745525;0;;reverse;2024-12;ok;;;;;part_metadata_or_progress;
BASH_REV_2024-12_00161.csv;CSV;769565;9aa43797d06965ba071d1a8db02b48af0ec7bc96eeba7046ea157d8029f4e396;159008083;0;1000;reverse;2024-12;ok;;;;;mirror;
BASH_REV_2024-12_00161_ids.json;JSON;15217;6b7f22d830b3e6b067e7dc2437185916ef72418c2daf6dee58d199885936d887;2018530920;0;;reverse;2024-12;ok;;;;;part_metadata_or_progress;
BASH_REV_2024-12_00162.csv;CSV;855202;98dce4f969d49006f3008d510674bb01aea00ed51ad4517ac36fa086665f340b;1080719633;0;1000;reverse;2024-12;ok;;;;;mirror;
BASH_REV_2024-12_00162_ids.json;JSON;15218;1e6981a05e02ff9af051e173e9a8f0d06bccd72b4d9204404e1f928f413dc3db;1929063668;0;;reverse;2024-12;ok;;;;;part_metadata_or_progress;
BASH_REV_2024-12_00163.csv;CSV;907158;93d295a662dd1863b119ab755fc9d0ef6771b4c81de4ad15880e653cf18e425b;3527614454;0;1000;reverse;2024-12;ok;;;;;mirror;
BASH_REV_2024-12_00163_ids.json;JSON;15218;900c0aa3cd49e08fab65d953ae8c234cc7d864846e854d4c20112b039985b7c8;741712463;0;;reverse;2024-12;ok;;;;;part_metadata_or_progress;
BASH_REV_2024-12_00164.csv;CSV;796383;eb6945e6887cd2e5ae82af84d9d41b1a52d085017cc703cf7ca0edbf4b60f3dc;1868984844;0;1000;reverse;2024-12;ok;;;;;mirror;
BASH_REV_2024-12_00164_ids.json;JSON;15218;5af12a27a6c87877d0833b131ffed90b960a1f43d1269d23b9540cc4773a430a;3061517411;0;;reverse;2024-12;ok;;;;;part_metadata_or_progress;
BASH_REV_2024-12_00165.csv;CSV;796734;bfc741d583c3faa2b7bd8dfdaf08c4adbeca4354cb690ac6d093057216c0214e;1890922330;0;1000;reverse;2024-12;ok;;;;;mirror;
BASH_REV_2024-12_00165_ids.json;JSON;15218;11ab4056052cfaa39294aa49d8338a48f1b23cf9099b72d49b3c2f6e84dff831;3029645474;0;;reverse;2024-12;ok;;;;;part_metadata_or_progress;
BASH_REV_2024-12_00166.csv;CSV;830723;bd2645543fa38537ab8e4166dfe9c9ef6ac6af5d73b4ddc4cfe84d9dc4ef127d;2555456752;0;1000;reverse;2024-12;ok;;;;;mirror;
BASH_REV_2024-12_00166_ids.json;JSON;15218;e0061a72e8a9b301adbc6cbb9906a7c2ae3e89f76f8c228dee4713eeb01f0dae;3029192717;0;;reverse;2024-12;ok;;;;;part_metadata_or_progress;
BASH_REV_2024-12_00167.csv;CSV;806196;ef0fe9f38208c7e06ef8940a85e341b2fb494dda58b84d21b89a1683551ef63c;3948856496;0;1000;reverse;2024-12;ok;;;;;mirror;
BASH_REV_2024-12_00167_ids.json;JSON;15218;6bd6d49fa1a1501d8dd1cd5d77c7c83bbe46a9c5ca8bd256773bda60c5e64f90;3017302756;0;;reverse;2024-12;ok;;;;;part_metadata_or_progress;
BASH_REV_2024-12_00168.csv;CSV;800922;f5f88b95ff48f847f4cf9b2746b410d6e544144791b15cf5fc30dfea1aa9b9b3;4256900472;0;1000;reverse;2024-12;ok;;;;;mirror;
BASH_REV_2024-12_00168_ids.json;JSON;15218;f5859a85645d3f420b21d4cd8c66ff2c1c64c90b2cae39fd8621cfbdafd796f3;1509935984;0;;reverse;2024-12;ok;;;;;part_metadata_or_progress;
BASH_REV_2024-12_00169.csv;CSV;883125;8b55ae28173a4d5b695edc28fc52a17fee90530a9b57442d276927d399861bc6;321424898;0;1000;reverse;2024-12;ok;;;;;mirror;
BASH_REV_2024-12_00169_ids.json;JSON;15217;2fbb4ec0a33b75e7fade8fc6e626a0b7aed68cd82e34507eb34a10c4636ba29b;2211776824;0;;reverse;2024-12;ok;;;;;part_metadata_or_progress;
BASH_REV_2024-12_00170.csv;CSV;676869;78781fb7555d3d8c5495123b1ee190942a0410828b0964e330c90d0fd26dcab0;899197499;0;772;reverse;2024-12;ok;;;;;mirror;
BASH_REV_2024-12_00170_ids.json;JSON;12024;a8d65e5257f423e9ba487cfb765b43ed191663784c7b7070d9910727e7657990;173263064;0;;reverse;2024-12;ok;;;;;part_metadata_or_progress;
BASH_REV_2025-01_00142.csv;CSV;890061;3ea71633c7c855d7aff5e977b304092c74996a72dc40028d76f75d27fcf50a23;3646314598;0;1000;reverse;2025-01;ok;;;;;mirror;
BASH_REV_2025-01_00142_ids.json;JSON;15218;204aef44c066d7a25a027c257a7af5a2e25a5389c45186b5d44407f88cea41fc;2358797096;0;;reverse;2025-01;ok;;;;;part_metadata_or_progress;
BASH_REV_2025-01_00143.csv;CSV;811280;70c50d8dbf2774737bd9f322bd8eada9ee96bdd4892aa61bbcc016de262c7067;4269223044;0;1000;reverse;2025-01;ok;;;;;mirror;
BASH_REV_2025-01_00143_ids.json;JSON;15218;828a7ce5ecc554f863116eecfd5a0a3905461e5deb45671aef46993f52f913c8;4254508452;0;;reverse;2025-01;ok;;;;;part_metadata_or_progress;
BASH_REV_2025-01_00144.csv;CSV;828070;4fd3ed26c62fd8140f98a565abec4d3197248ce2ed253331be93be35089ed786;3808195230;0;1000;reverse;2025-01;ok;;;;;mirror;
BASH_REV_2025-01_00144_ids.json;JSON;15218;c0bf0148a7cd4485898175c0a47b2f524e9b97147adbf295c6cccd9400837483;1038937226;0;;reverse;2025-01;ok;;;;;part_metadata_or_progress;
BASH_REV_2025-01_00145.csv;CSV;778383;f44738fddb0b9c663396967113a5f2b6db38fdf06fd83f84bcc3e8b56fc2bcb2;3389210896;0;1000;reverse;2025-01;ok;;;;;mirror;
BASH_REV_2025-01_00145_ids.json;JSON;15216;ab23dfdcf8a207f153e2f66add297129e9ac295915551369680833c89cd008ad;4066038903;0;;reverse;2025-01;ok;;;;;part_metadata_or_progress;
BASH_REV_2025-01_00146.csv;CSV;775212;23ad6151de729d83081ffbb14b502396e7aec3cb1eaf888ab98d3db6db3d3af1;2838789123;0;1000;reverse;2025-01;ok;;;;;mirror;
BASH_REV_2025-01_00146_ids.json;JSON;15217;fe882029748fa3a59fd159951db37db201b8ec949814c01ec377f3a5ab14844d;3927356706;0;;reverse;2025-01;ok;;;;;part_metadata_or_progress;
BASH_REV_2025-01_00147.csv;CSV;782768;0939fac327017618c2db2a9d1ea7b8294bd59d3ceed530b2b11e71d2a5eef458;3384220587;0;1000;reverse;2025-01;ok;;;;;mirror;
BASH_REV_2025-01_00147_ids.json;JSON;15218;d1e33bb9155db7d571b5b9e848cbf9908aaf510a9d701f58194ac614dd227d8d;4057043490;0;;reverse;2025-01;ok;;;;;part_metadata_or_progress;
BASH_REV_2025-01_00148.csv;CSV;758514;f126085fbacbb3a46a07721c44f041001e27f0f220947aabf3bb1c0fe8cfecf1;393635858;0;1000;reverse;2025-01;ok;;;;;mirror;
BASH_REV_2025-01_00148_ids.json;JSON;15217;8f3df4a60745b2010f36e91d7fa8d5ef1ca4149cc30a398bbbbb3bfccde34b3f;761696251;0;;reverse;2025-01;ok;;;;;part_metadata_or_progress;
BASH_REV_2025-01_00149.csv;CSV;771919;afafb65bffee3a0a0d0b92cfa0c41f82e67365336b98d96b560855b5bf574a89;3312241958;0;1000;reverse;2025-01;ok;;;;;mirror;
BASH_REV_2025-01_00149_ids.json;JSON;15218;9fbc136d422abe9a8cb32e9562f2fd1a79477cab9399ab3605b8e4d282ba08ab;310705959;0;;reverse;2025-01;ok;;;;;part_metadata_or_progress;
BASH_REV_2025-01_00150.csv;CSV;825182;5f438a36161eea6101eff33d237df70685477ff4f31c9dbfc2c20d241b672396;3542676816;0;1000;reverse;2025-01;ok;;;;;mirror;
BASH_REV_2025-01_00150_ids.json;JSON;15218;4ffed6dadba44cb3eb80eba3c4f8765d83990d84b4445b23b217428986f24076;1118683267;0;;reverse;2025-01;ok;;;;;part_metadata_or_progress;
BASH_REV_2025-01_00151.csv;CSV;776298;d7367fa377b40cb76b54dcad877ea9dcbe1456725267cc56535635f4c57d25ed;1110132256;0;1000;reverse;2025-01;ok;;;;;mirror;
BASH_REV_2025-01_00151_ids.json;JSON;15218;66419250386f26b3dbbe26ef16ba036f776f0c5e5e61b9240dc34fdafbeb9d97;2707417086;0;;reverse;2025-01;ok;;;;;part_metadata_or_progress;
BASH_REV_2025-01_00152.csv;CSV;878108;39753e7c5ed71a4a75e99ae0b026fd2fb38edd8d25d940e58c2deb8fe389bf8b;1202672573;0;1000;reverse;2025-01;ok;;;;;mirror;
BASH_REV_2025-01_00152_ids.json;JSON;15218;118f4e0d2d654b6851eafcf00475f2ce14b869f1d49229f2d107d705b95a3e7a;2587246685;0;;reverse;2025-01;ok;;;;;part_metadata_or_progress;
BASH_REV_2025-01_00153.csv;CSV;827896;a2b491799eecc61626d220d81ba4eefb833298f2d5d7bee09d359407d3b9efc2;2414989539;0;979;reverse;2025-01;ok;;;;;mirror;
BASH_REV_2025-01_00153_ids.json;JSON;14922;d95aaef310d7a43e1a494bb05cf362e6e8b00da1d9299de4f862f429e11c5abe;3289928013;0;;reverse;2025-01;ok;;;;;part_metadata_or_progress;
BASH_REV_2025-02_00135.csv;CSV;846212;bee274149c71f6bca1693056d1e36e274480d5ea5909a67222d78f81f10ea71f;2625473998;0;1000;reverse;2025-02;ok;;;;;mirror;
BASH_REV_2025-02_00135_ids.json;JSON;15218;6e126c64cc22c93879ba1c5298467d2fcc45d648679501c6c5b403131df6a832;2728338455;0;;reverse;2025-02;ok;;;;;part_metadata_or_progress;
BASH_REV_2025-02_00136.csv;CSV;840314;84dff058263153698dffacf02ba2b7bd6aff75c2f43a38daabc790490c9c486f;1087199532;0;1000;reverse;2025-02;ok;;;;;mirror;
BASH_REV_2025-02_00136_ids.json;JSON;15218;2ac420f980cae0d2e58bb641b340360656e5adb905fb268b2737ac8d34abba89;4061470522;0;;reverse;2025-02;ok;;;;;part_metadata_or_progress;
BASH_REV_2025-02_00137.csv;CSV;818449;1d8b7bfac8bf548228bb8522d4b92da32ac1d16886832a556947c031ff2f7d7a;4031946217;0;1000;reverse;2025-02;ok;;;;;mirror;
BASH_REV_2025-02_00137_ids.json;JSON;15218;5869090239d5f063f8a58b36573e5d6b0ab2a1337d9e03a05cb586c01a650ea2;1153179652;0;;reverse;2025-02;ok;;;;;part_metadata_or_progress;
BASH_REV_2025-02_00138.csv;CSV;813812;0bf59902634bd7f01cec33a3f3b300364ecd61c9fa9e085f314452cd0ac10e19;148198873;0;1000;reverse;2025-02;ok;;;;;mirror;
BASH_REV_2025-02_00138_ids.json;JSON;15217;11473899615110ed7e239d6913966d0a1c9e46d08015e5d68515d91799449445;1622024415;0;;reverse;2025-02;ok;;;;;part_metadata_or_progress;
BASH_REV_2025-02_00139.csv;CSV;837429;6f9145c9e57138b47d4684e2963ff7f92350cf38e7a70d0cfaf7efd499fc3ed3;947742350;0;1000;reverse;2025-02;ok;;;;;mirror;
BASH_REV_2025-02_00139_ids.json;JSON;15217;6be1242b206396f5f4709fef015d19a6a0a1882aa9b3071afd8a5e1a2fcee8fb;686939555;0;;reverse;2025-02;ok;;;;;part_metadata_or_progress;
BASH_REV_2025-02_00140.csv;CSV;769371;e663529ea7c4bd355a110f46809b71f5f3342da7114682f07ed864d1087db643;4015803465;0;1000;reverse;2025-02;ok;;;;;mirror;
BASH_REV_2025-02_00140_ids.json;JSON;15218;7c549cc504dc3085d43fefc3071ab0f9421f76412c9cb1c4f3734edfa9178847;462553192;0;;reverse;2025-02;ok;;;;;part_metadata_or_progress;
BASH_REV_2025-02_00141.csv;CSV;722472;80df41c7a09c5dcf5348a520493356adc0b0b55c65dd1d71478fbe4b12e9f0e8;1464478949;0;795;reverse;2025-02;ok;;;;;mirror;
BASH_REV_2025-02_00141_ids.json;JSON;12346;4cc5b923ca66a8d7d68a612457d1b66d4fc119ca4d463f7770e1d7e7328b6786;994594411;0;;reverse;2025-02;ok;;;;;part_metadata_or_progress;
BASH_REV_2025-03_00128.csv;CSV;866862;d49ca9770d130089101ce513ce622a0b9afa79ef87e537d7ac7d5f12ec87ec5f;21572140;0;1000;reverse;2025-03;ok;;;;;mirror;
BASH_REV_2025-03_00128_ids.json;JSON;15215;1f70afbc11b2a3f28053917d9d37233d82f2b02d7627eb48af2a6041ded0e9b2;703614984;0;;reverse;2025-03;ok;;;;;part_metadata_or_progress;
BASH_REV_2025-03_00129.csv;CSV;864354;def1f12b915d38559623f558c3f4eb38c9f6c9b5c0f465b9cab1dc302fbbdd50;3206775997;0;1000;reverse;2025-03;ok;;;;;mirror;
BASH_REV_2025-03_00129_ids.json;JSON;15217;660b6449d32f96bdd6864fc0954dfaea1bb63625d53189fe45e3c2053d98671e;3759086041;0;;reverse;2025-03;ok;;;;;part_metadata_or_progress;
BASH_REV_2025-03_00130.csv;CSV;882542;6a34492fede0ce1c87b82a03f7a034d75d1a5639fbd6be9b579f88ac38ad37fa;1972499897;0;1000;reverse;2025-03;ok;;;;;mirror;
BASH_REV_2025-03_00130_ids.json;JSON;15218;638bfca63ebe9442ea12936a503e4fdf2f04176ef47c7b8aae6513081b299b79;2374855554;0;;reverse;2025-03;ok;;;;;part_metadata_or_progress;
BASH_REV_2025-03_00131.csv;CSV;901828;d4fb174a4a9a93a17c080b845a9ba7db199203f1ab7a6bad0d73b0be6dbd3a4f;541312281;0;1000;reverse;2025-03;ok;;;;;mirror;
BASH_REV_2025-03_00131_ids.json;JSON;15217;21d99487e1f0517efc33552f2791181d1df249910edbfef8fc4d2c20ee88caab;2851400387;0;;reverse;2025-03;ok;;;;;part_metadata_or_progress;
BASH_REV_2025-03_00132.csv;CSV;868278;ebe83d8a6a930d772716b47ad43393b36c10891a3cf4045eac3e534c22a0a74e;2567310907;0;1000;reverse;2025-03;ok;;;;;mirror;
BASH_REV_2025-03_00132_ids.json;JSON;15217;725d4443841e3cec3361dac8b5030e5832e67a9fb2c6aea03a1808c9ca089bb0;4258071083;0;;reverse;2025-03;ok;;;;;part_metadata_or_progress;
BASH_REV_2025-03_00133.csv;CSV;873122;f9486dfa1443d48387c75d2d9ece290d743ba39a2c342894279e94747f4cf7d7;3888695954;0;1000;reverse;2025-03;ok;;;;;mirror;
BASH_REV_2025-03_00133_ids.json;JSON;15218;8149a115a64de31f24692760f6b2a9407a298b1a59751458fe4d5044b5d76f18;3425150602;0;;reverse;2025-03;ok;;;;;part_metadata_or_progress;
BASH_REV_2025-03_00134.csv;CSV;516648;0c682f8fb451af9fd235132bdfed36061aee9130a11b59acbca82c9a70254533;3986647113;0;593;reverse;2025-03;ok;;;;;mirror;
BASH_REV_2025-03_00134_ids.json;JSON;9519;524caf8e8c48ac30fd1eaa348ddc16ad5d8281bf8fbb4cd21281d803985967c2;2935155549;0;;reverse;2025-03;ok;;;;;part_metadata_or_progress;
BASH_REV_2025-04_00122.csv;CSV;897378;37b39291bd42c2351eb980c3c359e5d868ba3ea11870aff684439e4826e6f279;1305727709;0;1000;reverse;2025-04;ok;;;;;mirror;
BASH_REV_2025-04_00122_ids.json;JSON;15217;89ebedae398ebf8ad777ba75cfd6ef4592a1911ed9c9e71f8cf7e7df4ffc03a2;2563389647;0;;reverse;2025-04;ok;;;;;part_metadata_or_progress;
BASH_REV_2025-04_00123.csv;CSV;906529;1e96323fef4d87012d325c2e28cf86ca29a45e260379405df549770372586f93;1642220289;0;1000;reverse;2025-04;ok;;;;;mirror;
BASH_REV_2025-04_00123_ids.json;JSON;15218;4117105e748391d868938cba646e4a5ddb3323ccf77fa0ca8b88ddfe5160f948;4107685678;0;;reverse;2025-04;ok;;;;;part_metadata_or_progress;
BASH_REV_2025-04_00124.csv;CSV;885847;681764f1ea7a1f5dd3dcdb8e49716de7796c1b8791eb3b863a6c6483982e91c3;1387399591;0;1000;reverse;2025-04;ok;;;;;mirror;
BASH_REV_2025-04_00124_ids.json;JSON;15218;d9b637b7fd50e68eb9ce176cac4985949db60fcd4c6449008098f4ed96edd351;370414740;0;;reverse;2025-04;ok;;;;;part_metadata_or_progress;
BASH_REV_2025-04_00125.csv;CSV;912963;bceabdf0d5029dd0397837989904d929120b14aee93b7f6432b9a89911b1dcde;2056373157;0;1000;reverse;2025-04;ok;;;;;mirror;
BASH_REV_2025-04_00125_ids.json;JSON;15218;77825fadf24605726da913b646ef972c53f89d34cbd40e920feec8020d9dfa7f;4000653911;0;;reverse;2025-04;ok;;;;;part_metadata_or_progress;
BASH_REV_2025-04_00126.csv;CSV;927994;557720931d056bb6d47b1520cf398c899f1135198a41882148aa1b4575a97ef7;2653127845;0;1000;reverse;2025-04;ok;;;;;mirror;
BASH_REV_2025-04_00126_ids.json;JSON;15216;176fa9ca98a1036ccc50d8469b5dbc38c81313f66bc3f8b351a1310690184a0b;2223881414;0;;reverse;2025-04;ok;;;;;part_metadata_or_progress;
BASH_REV_2025-04_00127.csv;CSV;809919;3e36395f87cac55683115851e06e2b47447efefdf012443f23adbb32c78f0530;3547259480;0;953;reverse;2025-04;ok;;;;;mirror;
BASH_REV_2025-04_00127_ids.json;JSON;14559;c7b2471bd3d25683c0798ed894750f014d7a9c914a32a213db259403d87b1923;582767562;0;;reverse;2025-04;ok;;;;;part_metadata_or_progress;
BASH_REV_2025-05_00117.csv;CSV;881127;97ea88089f76d57909b3178745f26345c7658d349b43777ae4467b509f951f2b;3274295856;0;1000;reverse;2025-05;ok;;;;;mirror;
BASH_REV_2025-05_00117_ids.json;JSON;15217;a44701dc79a5bb32b379bd7f50aa71a0b58c09185f333872bb4b489084f6bc1e;4292858324;0;;reverse;2025-05;ok;;;;;part_metadata_or_progress;
BASH_REV_2025-05_00118.csv;CSV;878663;f829aa3ae84eb247d1281f627bf3dee4fc663b0b81fccc9ac157a506040dbf94;453276240;0;1000;reverse;2025-05;ok;;;;;mirror;
BASH_REV_2025-05_00118_ids.json;JSON;15217;d422dfb6fddae6edba5f9638d81767576f565c88dba7930c558ae1849826f88c;3376109929;0;;reverse;2025-05;ok;;;;;part_metadata_or_progress;
BASH_REV_2025-05_00119.csv;CSV;899445;da159d44cffd9085fbb1c36d1671a33da13757c4b395290eb7940a4a8b41148d;3548530070;0;1000;reverse;2025-05;ok;;;;;mirror;
BASH_REV_2025-05_00119_ids.json;JSON;15217;c25990d3e874f08d44828495844fbaf32a0abd40d22d304745d718dd5ab8ae6e;906647839;0;;reverse;2025-05;ok;;;;;part_metadata_or_progress;
BASH_REV_2025-05_00120.csv;CSV;924670;f0a2ade47aff1438da605dc59347336bdac2d238b293a9ea235f21dcbfe21532;834495992;0;1000;reverse;2025-05;ok;;;;;mirror;
BASH_REV_2025-05_00120_ids.json;JSON;15217;ef57a118a373e06620671e6ab6b8c565dd1a35ed831e88cfeb0b3c334a716ed5;1628128633;0;;reverse;2025-05;ok;;;;;part_metadata_or_progress;
BASH_REV_2025-05_00121.csv;CSV;134286;4bac2fd4e5fd2966f298f224a1fb673e6b7f506224a5da7c232eb173bbc578e4;1883928648;0;142;reverse;2025-05;ok;;;;;mirror;
BASH_REV_2025-05_00121_ids.json;JSON;3203;e5890be93a1fd4c78b616f62e9319b4eca14c1e4643450fb5ba8aa5dfa3fc56b;46089983;0;;reverse;2025-05;ok;;;;;part_metadata_or_progress;
BASH_REV_2025-06_00111.csv;CSV;891631;b1ca7c8c0ec23ac96677ea0419aaae87b8634456b7a7f6a9ec61949d3b5588fa;1697876539;0;1000;reverse;2025-06;ok;;;;;mirror;
BASH_REV_2025-06_00111_ids.json;JSON;15218;7a6aad5d7a5a351da4141cea5a2d1c6645fd09cfd32de248684af43a25a88560;4094078125;0;;reverse;2025-06;ok;;;;;part_metadata_or_progress;
BASH_REV_2025-06_00112.csv;CSV;938734;2d6313e1fe599a189717312966c5f1c32c3942a37d2f435d1cb3ce1731cd530c;3066502255;0;1000;reverse;2025-06;ok;;;;;mirror;
BASH_REV_2025-06_00112_ids.json;JSON;15218;9d4cb6c11c01d9601d70530399bbcb805155c78798b218a882961c887d68f6fb;707906265;0;;reverse;2025-06;ok;;;;;part_metadata_or_progress;
BASH_REV_2025-06_00113.csv;CSV;986994;cf4fd6844266dfd4f3e666338bbd7067caf467ad53ca055a0101dde805bc773b;3120547852;0;1000;reverse;2025-06;ok;;;;;mirror;
BASH_REV_2025-06_00113_ids.json;JSON;15218;0324e7eee8cc24be1103d0865b5ecabb767009e0b55709b190d516f739265b8d;3318169009;0;;reverse;2025-06;ok;;;;;part_metadata_or_progress;
BASH_REV_2025-06_00114.csv;CSV;949994;1694f291ef675085ff247707424bc0c247134bd8f6afca30f40dfb9d05147322;2134136167;0;1000;reverse;2025-06;ok;;;;;mirror;
BASH_REV_2025-06_00114_ids.json;JSON;15218;32bd6cd641fef0f122cc933a9b894e2892402c1514dcc4a246001f4914f9a853;3866008728;0;;reverse;2025-06;ok;;;;;part_metadata_or_progress;
BASH_REV_2025-06_00115.csv;CSV;882321;d6334fb49dfa5b0fe17ec68fd6d1e327221cf0f33e875c0f938863f12932f805;3850451689;0;1000;reverse;2025-06;ok;;;;;mirror;
BASH_REV_2025-06_00115_ids.json;JSON;15218;852ea93433bef705068dcd9db74381152774a88d6d9ccecf35e49e75b8e73914;3388952527;0;;reverse;2025-06;ok;;;;;part_metadata_or_progress;
BASH_REV_2025-06_00116.csv;CSV;178765;4dc408ca2e19ddc640ab939b81775e603251e9e5abfa0caf7cf28c436ab791ee;2620562459;0;202;reverse;2025-06;ok;;;;;mirror;
BASH_REV_2025-06_00116_ids.json;JSON;4044;31b22b7322fae1a0dcf7f34f6dd4accabf23f0ccf5d6cd5bbd984fb3a4e389d7;64169933;0;;reverse;2025-06;ok;;;;;part_metadata_or_progress;
BASH_REV_2025-07_00110.csv;CSV;348990;0cfea6e07661d7d20ffdfc0cb04c558189106d3f4367715af6e1b2f06b4f2539;3980519632;0;367;reverse;2025-07;ok;;;;;mirror;
BASH_REV_2025-07_00110_ids.json;JSON;6353;34eeb8248b9f635106d4ab2378997065cabd3ca3ffe492c1aa56923e3a9f609c;2020721558;0;;reverse;2025-07;ok;;;;;part_metadata_or_progress;
REV_progress_101448_18_0.json;JSON;97751;b5f9311d8961a20fca03fa35e26ffcf1b03bc60cb41f3851029d9057140d4819;18559156;0;;reverse;;ok;;;;;part_metadata_or_progress;
REV_progress_106650_19_0.json;JSON;103052;91e8d81a3856c48755e8de6a6ad76e68819ace177d6088b124dc8d43b4ca1eb2;784728175;0;;reverse;;ok;;;;;part_metadata_or_progress;
REV_progress_110792_20_0.json;JSON;107481;7f403deb78e9aed312c3ea8960521700cab40a4365999e6e55d71f02ca0c6495;1838216622;0;;reverse;;ok;;;;;part_metadata_or_progress;
REV_progress_116745_21_0.json;JSON;112782;e4b97bb6aea87ad16e40efed3a2ef04162a449044a75c8e55ba95d7f63afeee7;2763671167;0;;reverse;;ok;;;;;part_metadata_or_progress;
REV_progress_123338_22_0.json;JSON;118949;f1e6d79ca497f8666baf701a290ca681d0cc99ba1b6ec6b7ee867fb0d4789e07;2517644696;0;;reverse;;ok;;;;;part_metadata_or_progress;
REV_progress_130133_23_0.json;JSON;125117;f8e2e28a49c153c8958a3cc796a21f0bb3836f62d6f5d9bcb097e2b37999d4a4;3070207077;0;;reverse;;ok;;;;;part_metadata_or_progress;
REV_progress_142112_24_0.json;JSON;135618;c72b89a5694eef15994522d8564c6995a95bd43b93c4f43d7cc8e3468f3b5880;3338316763;0;;reverse;;ok;;;;;part_metadata_or_progress;
REV_progress_158884_25_0.json;JSON;150451;215a8a2112121c514393d63e75a54f04b8673459eaa653bce3eced0407eabb94;3682523137;0;;reverse;;ok;;;;;part_metadata_or_progress;
REV_progress_167714_26_0.json;JSON;158351;dee0ee581f166f376a3a4d24435718ed6d4678874b4eb6e9ec80521ef813ac73;3085231994;0;;reverse;;ok;;;;;part_metadata_or_progress;
REV_progress_175384_27_0.json;JSON;165389;bb706e571c23a7f04c61760c1c49e63e83ea42739a0cdc530a5292fbfc3362a1;1675203241;0;;reverse;;ok;;;;;part_metadata_or_progress;
REV_progress_180396_28_0.json;JSON;170680;7d58ed219670cdc50acc99692a2120a627132802527c0f6d1da71142db519379;3836461089;0;;reverse;;ok;;;;;part_metadata_or_progress;
REV_progress_185468_29_0.json;JSON;175977;100fa36cdf52f0499bb4b4f0b61d5b7d26efad1250158078c2765772b44ad76e;191173152;0;;reverse;;ok;;;;;part_metadata_or_progress;
REV_progress_191303_30_0.json;JSON;181282;97f5242b2739b8e50cb02487fb055f79b52aa2e499601eb3127ef95f064ca7a9;1436900686;0;;reverse;;ok;;;;;part_metadata_or_progress;
REV_progress_198336_31_0.json;JSON;188308;00c1663009d269d41c37551ee3c852f27ace57bb93ff273eb697591dcec18bee;2608614941;0;;reverse;;ok;;;;;part_metadata_or_progress;
REV_progress_206414_32_0.json;JSON;196206;cbbd79ce544df3e8c774e7ee6a71a177592b90edc9f0b36a765b14fdabde9e05;715452651;0;;reverse;;ok;;;;;part_metadata_or_progress;
REV_progress_214457_33_0.json;JSON;204100;c655e25de17b2359d90fe0eaf42f982366280755a324c4d0d931e83573f8afc2;1653313881;0;;reverse;;ok;;;;;part_metadata_or_progress;
REV_progress_223914_34_0.json;JSON;212864;7b136b7776fcb8c81129f052aee244ffc5d90ca93ba129dba57e029b340426b2;2605524719;0;;reverse;;ok;;;;;part_metadata_or_progress;
REV_progress_234207_35_0.json;JSON;222494;8162ba9cbbb043a7a9f466fdd1a7f36e3512a827c94efc548a687d00ca6cf812;1201448725;0;;reverse;;ok;;;;;part_metadata_or_progress;
REV_progress_250488_36_0.json;JSON;237327;32a35c8f07d6ca3425f94c84dd1b07604e4c8f67e8419fbd7294b2894002241c;3979066898;0;;reverse;;ok;;;;;part_metadata_or_progress;
REV_progress_266276_37_0.json;JSON;251292;2285abcc7f2da04055d19b59eb9b8394defc1be8c57f58d2c8d7855a5420f89e;2527811468;0;;reverse;;ok;;;;;part_metadata_or_progress;
REV_progress_276002_38_0.json;JSON;260062;091936ce2aa571285361be2edca555f0ec27c287324f7060fa4e1686af638cd9;2454704651;0;;reverse;;ok;;;;;part_metadata_or_progress;
REV_progress_283843_39_0.json;JSON;267093;0c96a49a5ee63a4d57e04ab56ed467bfa12d7cc68abd2147ad3d7b43a0d3055d;3891062655;0;;reverse;;ok;;;;;part_metadata_or_progress;
REV_progress_290437_40_0.json;JSON;273261;465b09678acf2ceb501af3a34d440ebabf1b1a07bc062c025089b759af30e1e9;2161541916;0;;reverse;;ok;;;;;part_metadata_or_progress;
progress_260995_29_0.json;JSON;235687;7dc30c8e9b43855284be41425474d9a1bb6a031330dea7a69d7ad5a45a103f1a;520816125;0;;forward;;ok;;;;;part_metadata_or_progress;
progress_266197_30_0.json;JSON;240892;aba400b30030aa123e1fb7b351a3f0882101242735815eecd959b65761e8147d;1260822898;0;;forward;;ok;;;;;part_metadata_or_progress;
progress_272564_31_0.json;JSON;246949;95e553dc0b918046a881bd256e9aae6e24d8bd1137ed39ff58d51f97150d0c52;3113415404;0;;forward;;ok;;;;;part_metadata_or_progress;
progress_277728_32_0.json;JSON;252148;e07d9c7bf67ea2fca6decc544a6d543f692d1d7a613990acb7a227c6c3bac044;1931461639;0;;forward;;ok;;;;;part_metadata_or_progress;
progress_283064_33_0.json;JSON;257354;457e0973c1c74999a71a65b39ab9a0cd46f0de0b6eb9dc117d42044c38351678;2301896319;0;;forward;;ok;;;;;part_metadata_or_progress;
progress_287831_34_0.json;JSON;261707;2e464f4d44bb9f9e49adde94deb4a55c359d6de83b45b9f1e678e87adb9f299c;1625650657;0;;forward;;ok;;;;;part_metadata_or_progress;
progress_293195_35_0.json;JSON;266914;a4391e6a7d3447742ae27b668265ce909caff9855c3396b0e7bda323359fa0a4;3627927344;0;;forward;;ok;;;;;part_metadata_or_progress;
progress_303736_36_0.json;JSON;276372;f64ce5ab2c0402a0bbfa1bcb783f4a7136d68262e8041986b773225cac1ef7bd;3183742015;0;;forward;;ok;;;;;part_metadata_or_progress;
progress_314027_37_0.json;JSON;285822;32dd3f34094aa4255e8b508644bd220a01f293121b5ae1c086234db1f1c66825;3852080278;0;;forward;;ok;;;;;part_metadata_or_progress;
progress_320876_38_0.json;JSON;291876;b50a2830f91b91e0b11cc4f74436352225d744cfcf3c34ba82c85bf8ce8dc9f9;3057739776;0;;forward;;ok;;;;;part_metadata_or_progress;
progress_327042_39_0.json;JSON;297925;a52d808b0b57e70f717dcdb5be4a6106bf779706dc702c53e9133e97d6c5c585;1869145735;0;;forward;;ok;;;;;part_metadata_or_progress;
progress_335576_40_0.json;JSON;305683;9916a8003e05be15394d472866be3bd300da6170a3752b5128a40d5037041277;4066439188;0;;forward;;ok;;;;;part_metadata_or_progress;
progress_342550_41_0.json;JSON;311741;aa7120b7e2c4d4a9cc51d6577682f046fdfa89e4287010d05bc83f6e4fa3c396;3502986363;0;;forward;;ok;;;;;part_metadata_or_progress;
progress_350784_42_0.json;JSON;319497;65e179a6edd68858e891e5aefcaf5acaa9276690c4f8f2ad3601fa05ceb93b64;1399299304;0;;forward;;ok;;;;;part_metadata_or_progress;
progress_357178_43_0.json;JSON;325552;9808d3ae0efd4d682c978e56a9c0182c61361cf3a8fa39099c611fb32207332b;1811079583;0;;forward;;ok;;;;;part_metadata_or_progress;
progress_362353_44_0.json;JSON;330754;a260a1146f6211e2cf0aa7c6cdf7d2565abdfa9990e85e3b1005c1a1451ff4ec;1811307835;0;;forward;;ok;;;;;part_metadata_or_progress;
progress_366900_45_0.json;JSON;335108;f84c98b9efb8802a5ce9831d8316249e06f0b04f955aeb9cb294524d97fd611a;803444317;0;;forward;;ok;;;;;part_metadata_or_progress;
progress_367645_46_0.json;JSON;336060;f8045c9eab9cc1ad72f65ffb072bda245965c4c21073b52fa3ad33ddaf7105bc;694044315;0;;forward;;ok;;;;;part_metadata_or_progress;
progress_367645_46_0_copy1.json;JSON;336059;6ae281288f38c68066f45ad568a45a462d7c7a1f973d7cf8e493214f23e68ca4;2812137938;0;;forward;;ok;;;;;part_metadata_or_progress;
